v -0.42 0 0.15
v -0.42 -0.08551 0.14095
v -0.42 -0.1607 0.11491
v -0.42 -0.21651 0.075
v -0.42 -0.2462 0.02605
v -0.42 -0.2462 -0.02605
v -0.42 -0.21651 -0.075
v -0.42 -0.1607 -0.11491
v -0.42 -0.08551 -0.14095
v -0.42 0 -0.15
v -0.42 0.08551 -0.14095
v -0.42 0.1607 -0.11491
v -0.42 0.21651 -0.075
v -0.42 0.2462 -0.02605
v -0.42 0.2462 0.02605
v -0.42 0.21651 0.075
v -0.42 0.1607 0.11491
v -0.42 0.08551 0.14095
v -0.28 0 0.24
v -0.28 -0.11629 0.22734
v -0.28 -0.21855 0.19087
v -0.28 -0.29445 0.135
v -0.28 -0.33483 0.06647
v -0.28 -0.33483 -0.00647
v -0.28 -0.29445 -0.075
v -0.28 -0.21855 -0.13087
v -0.28 -0.11629 -0.16734
v -0.28 0 -0.18
v -0.28 0.11629 -0.16734
v -0.28 0.21855 -0.13087
v -0.28 0.29445 -0.075
v -0.28 0.33483 -0.00647
v -0.28 0.33483 0.06647
v -0.28 0.29445 0.135
v -0.28 0.21855 0.19087
v -0.28 0.11629 0.22734
v -0.14 0 0.33
v -0.14 -0.14023 0.31432
v -0.14 -0.26354 0.26917
v -0.14 -0.35507 0.2
v -0.14 -0.40377 0.11515
v -0.14 -0.40377 0.02485
v -0.14 -0.35507 -0.06
v -0.14 -0.26354 -0.12917
v -0.14 -0.14023 -0.17432
v -0.14 0 -0.19
v -0.14 0.14023 -0.17432
v -0.14 0.26354 -0.12917
v -0.14 0.35507 -0.06
v -0.14 0.40377 0.02485
v -0.14 0.40377 0.11515
v -0.14 0.35507 0.2
v -0.14 0.26354 0.26917
v -0.14 0.14023 0.31432
v 0 0 0.39
v 0 -0.15733 0.37251
v 0 -0.29568 0.32215
v 0 -0.39837 0.245
v 0 -0.45301 0.15036
v 0 -0.45301 0.04964
v 0 -0.39837 -0.045
v 0 -0.29568 -0.12215
v 0 -0.15733 -0.17251
v 0 0 -0.19
v 0 0.15733 -0.17251
v 0 0.29568 -0.12215
v 0 0.39837 -0.045
v 0 0.45301 0.04964
v 0 0.45301 0.15036
v 0 0.39837 0.245
v 0 0.29568 0.32215
v 0 0.15733 0.37251
v 0.14 0 0.33
v 0.14 -0.14023 0.31432
v 0.14 -0.26354 0.26917
v 0.14 -0.35507 0.2
v 0.14 -0.40377 0.11515
v 0.14 -0.40377 0.02485
v 0.14 -0.35507 -0.06
v 0.14 -0.26354 -0.12917
v 0.14 -0.14023 -0.17432
v 0.14 0 -0.19
v 0.14 0.14023 -0.17432
v 0.14 0.26354 -0.12917
v 0.14 0.35507 -0.06
v 0.14 0.40377 0.02485
v 0.14 0.40377 0.11515
v 0.14 0.35507 0.2
v 0.14 0.26354 0.26917
v 0.14 0.14023 0.31432
v 0.28 0 0.24
v 0.28 -0.11629 0.22734
v 0.28 -0.21855 0.19087
v 0.28 -0.29445 0.135
v 0.28 -0.33483 0.06647
v 0.28 -0.33483 -0.00647
v 0.28 -0.29445 -0.075
v 0.28 -0.21855 -0.13087
v 0.28 -0.11629 -0.16734
v 0.28 0 -0.18
v 0.28 0.11629 -0.16734
v 0.28 0.21855 -0.13087
v 0.28 0.29445 -0.075
v 0.28 0.33483 -0.00647
v 0.28 0.33483 0.06647
v 0.28 0.29445 0.135
v 0.28 0.21855 0.19087
v 0.28 0.11629 0.22734
v 0.42 0 0.15
v 0.42 -0.08551 0.14095
v 0.42 -0.1607 0.11491
v 0.42 -0.21651 0.075
v 0.42 -0.2462 0.02605
v 0.42 -0.2462 -0.02605
v 0.42 -0.21651 -0.075
v 0.42 -0.1607 -0.11491
v 0.42 -0.08551 -0.14095
v 0.42 0 -0.15
v 0.42 0.08551 -0.14095
v 0.42 0.1607 -0.11491
v 0.42 0.21651 -0.075
v 0.42 0.2462 -0.02605
v 0.42 0.2462 0.02605
v 0.42 0.21651 0.075
v 0.42 0.1607 0.11491
v 0.42 0.08551 0.14095
v -0.35 0 0.22
v -0.35 -0.08036 0.21163
v -0.35 -0.14849 0.18778
v -0.35 -0.19401 0.1521
v -0.35 -0.21 0.11
v -0.35 -0.19401 0.0679
v -0.35 -0.14849 0.03222
v -0.35 -0.08036 0.00837
v -0.35 0 0
v -0.35 0.08036 0.00837
v -0.35 0.14849 0.03222
v -0.35 0.19401 0.0679
v -0.35 0.21 0.11
v -0.35 0.19401 0.1521
v -0.35 0.14849 0.18778
v -0.35 0.08036 0.21163
v -0.23 0 0.31
v -0.23 -0.11098 0.29782
v -0.23 -0.20506 0.26314
v -0.23 -0.26793 0.21123
v -0.23 -0.29 0.15
v -0.23 -0.26793 0.08877
v -0.23 -0.20506 0.03686
v -0.23 -0.11098 0.00218
v -0.23 0 -0.01
v -0.23 0.11098 0.00218
v -0.23 0.20506 0.03686
v -0.23 0.26793 0.08877
v -0.23 0.29 0.15
v -0.23 0.26793 0.21123
v -0.23 0.20506 0.26314
v -0.23 0.11098 0.29782
v -0.1 0 0.41
v -0.1 -0.13394 0.39401
v -0.1 -0.24749 0.34849
v -0.1 -0.32336 0.28036
v -0.1 -0.35 0.2
v -0.1 -0.32336 0.11964
v -0.1 -0.24749 0.05151
v -0.1 -0.13394 0.00599
v -0.1 0 -0.01
v -0.1 0.13394 0.00599
v -0.1 0.24749 0.05151
v -0.1 0.32336 0.11964
v -0.1 0.35 0.2
v -0.1 0.32336 0.28036
v -0.1 0.24749 0.34849
v -0.1 0.13394 0.39401
v 0.04 0 0.46
v 0.04 -0.14542 0.44249
v 0.04 -0.2687 0.39263
v 0.04 -0.35107 0.31802
v 0.04 -0.38 0.23
v 0.04 -0.35107 0.14198
v 0.04 -0.2687 0.06737
v 0.04 -0.14542 0.01751
v 0.04 0 0
v 0.04 0.14542 0.01751
v 0.04 0.2687 0.06737
v 0.04 0.35107 0.14198
v 0.04 0.38 0.23
v 0.04 0.35107 0.31802
v 0.04 0.2687 0.39263
v 0.04 0.14542 0.44249
v 0.19 0 0.36
v 0.19 -0.12246 0.3463
v 0.19 -0.22627 0.30728
v 0.19 -0.29564 0.24888
v 0.19 -0.32 0.18
v 0.19 -0.29564 0.11112
v 0.19 -0.22627 0.05272
v 0.19 -0.12246 0.0137
v 0.19 0 0
v 0.19 0.12246 0.0137
v 0.19 0.22627 0.05272
v 0.19 0.29564 0.11112
v 0.19 0.32 0.18
v 0.19 0.29564 0.24888
v 0.19 0.22627 0.30728
v 0.19 0.12246 0.3463
v 0.33 0 0.23
v 0.33 -0.08419 0.22087
v 0.33 -0.15556 0.19485
v 0.33 -0.20325 0.15592
v 0.33 -0.22 0.11
v 0.33 -0.20325 0.06408
v 0.33 -0.15556 0.02515
v 0.33 -0.08419 -0.00087
v 0.33 0 -0.01
v 0.33 0.08419 -0.00087
v 0.33 0.15556 0.02515
v 0.33 0.20325 0.06408
v 0.33 0.22 0.11
v 0.33 0.20325 0.15592
v 0.33 0.15556 0.19485
v 0.33 0.08419 0.22087
v -0.3 0 0.04
v -0.3 -0.08419 0.03087
v -0.3 -0.15556 0.00485
v -0.3 -0.20325 -0.03408
v -0.3 -0.22 -0.08
v -0.3 -0.20325 -0.12592
v -0.3 -0.15556 -0.16485
v -0.3 -0.08419 -0.19087
v -0.3 0 -0.2
v -0.3 0.08419 -0.19087
v -0.3 0.15556 -0.16485
v -0.3 0.20325 -0.12592
v -0.3 0.22 -0.08
v -0.3 0.20325 -0.03408
v -0.3 0.15556 0.00485
v -0.3 0.08419 0.03087
v -0.15 0 0.06
v -0.15 -0.11481 0.04706
v -0.15 -0.21213 0.01021
v -0.15 -0.27716 -0.04494
v -0.15 -0.3 -0.11
v -0.15 -0.27716 -0.17506
v -0.15 -0.21213 -0.23021
v -0.15 -0.11481 -0.26706
v -0.15 0 -0.28
v -0.15 0.11481 -0.26706
v -0.15 0.21213 -0.23021
v -0.15 0.27716 -0.17506
v -0.15 0.3 -0.11
v -0.15 0.27716 -0.04494
v -0.15 0.21213 0.01021
v -0.15 0.11481 0.04706
v 0.01 0 0.07
v 0.01 -0.13394 0.05401
v 0.01 -0.24749 0.00849
v 0.01 -0.32336 -0.05964
v 0.01 -0.35 -0.14
v 0.01 -0.32336 -0.22036
v 0.01 -0.24749 -0.28849
v 0.01 -0.13394 -0.33401
v 0.01 0 -0.35
v 0.01 0.13394 -0.33401
v 0.01 0.24749 -0.28849
v 0.01 0.32336 -0.22036
v 0.01 0.35 -0.14
v 0.01 0.32336 -0.05964
v 0.01 0.24749 0.00849
v 0.01 0.13394 0.05401
v 0.17 0 0.06
v 0.17 -0.11481 0.04706
v 0.17 -0.21213 0.01021
v 0.17 -0.27716 -0.04494
v 0.17 -0.3 -0.11
v 0.17 -0.27716 -0.17506
v 0.17 -0.21213 -0.23021
v 0.17 -0.11481 -0.26706
v 0.17 0 -0.28
v 0.17 0.11481 -0.26706
v 0.17 0.21213 -0.23021
v 0.17 0.27716 -0.17506
v 0.17 0.3 -0.11
v 0.17 0.27716 -0.04494
v 0.17 0.21213 0.01021
v 0.17 0.11481 0.04706
v 0.32 0 0.04
v 0.32 -0.08419 0.03087
v 0.32 -0.15556 0.00485
v 0.32 -0.20325 -0.03408
v 0.32 -0.22 -0.08
v 0.32 -0.20325 -0.12592
v 0.32 -0.15556 -0.16485
v 0.32 -0.08419 -0.19087
v 0.32 0 -0.2
v 0.32 0.08419 -0.19087
v 0.32 0.15556 -0.16485
v 0.32 0.20325 -0.12592
v 0.32 0.22 -0.08
v 0.32 0.20325 -0.03408
v 0.32 0.15556 0.00485
v 0.32 0.08419 0.03087
v -0.27 -0.21 0.12
v -0.27 -0.29 0.1066
v -0.27 -0.34856 0.07
v -0.27 -0.37 0.02
v -0.27 -0.34856 -0.03
v -0.27 -0.29 -0.0666
v -0.27 -0.21 -0.08
v -0.27 -0.13 -0.0666
v -0.27 -0.07144 -0.03
v -0.27 -0.05 0.02
v -0.27 -0.07144 0.07
v -0.27 -0.13 0.1066
v -0.18 -0.3 0.19
v -0.18 -0.41 0.17124
v -0.18 -0.49053 0.12
v -0.18 -0.52 0.05
v -0.18 -0.49053 -0.02
v -0.18 -0.41 -0.07124
v -0.18 -0.3 -0.09
v -0.18 -0.19 -0.07124
v -0.18 -0.10947 -0.02
v -0.18 -0.08 0.05
v -0.18 -0.10947 0.12
v -0.18 -0.19 0.17124
v -0.07 -0.39 0.25
v -0.07 -0.51 0.22856
v -0.07 -0.59785 0.17
v -0.07 -0.63 0.09
v -0.07 -0.59785 0.01
v -0.07 -0.51 -0.04856
v -0.07 -0.39 -0.07
v -0.07 -0.27 -0.04856
v -0.07 -0.18215 0.01
v -0.07 -0.15 0.09
v -0.07 -0.18215 0.17
v -0.07 -0.27 0.22856
v 0.08 -0.49 0.18
v 0.08 -0.585 0.16392
v 0.08 -0.65454 0.12
v 0.08 -0.68 0.06
v 0.08 -0.65454 0
v 0.08 -0.585 -0.04392
v 0.08 -0.49 -0.06
v 0.08 -0.395 -0.04392
v 0.08 -0.32546 0
v 0.08 -0.3 0.06
v 0.08 -0.32546 0.12
v 0.08 -0.395 0.16392
v 0.22 -0.57 0.09
v 0.22 -0.615 0.08062
v 0.22 -0.64794 0.055
v 0.22 -0.66 0.02
v 0.22 -0.64794 -0.015
v 0.22 -0.615 -0.04062
v 0.22 -0.57 -0.05
v 0.22 -0.525 -0.04062
v 0.22 -0.49206 -0.015
v 0.22 -0.48 0.02
v 0.22 -0.49206 0.055
v 0.22 -0.525 0.08062
v -0.27 0.21 -0.08
v -0.27 0.29 -0.0666
v -0.27 0.34856 -0.03
v -0.27 0.37 0.02
v -0.27 0.34856 0.07
v -0.27 0.29 0.1066
v -0.27 0.21 0.12
v -0.27 0.13 0.1066
v -0.27 0.07144 0.07
v -0.27 0.05 0.02
v -0.27 0.07144 -0.03
v -0.27 0.13 -0.0666
v -0.18 0.3 -0.09
v -0.18 0.41 -0.07124
v -0.18 0.49053 -0.02
v -0.18 0.52 0.05
v -0.18 0.49053 0.12
v -0.18 0.41 0.17124
v -0.18 0.3 0.19
v -0.18 0.19 0.17124
v -0.18 0.10947 0.12
v -0.18 0.08 0.05
v -0.18 0.10947 -0.02
v -0.18 0.19 -0.07124
v -0.07 0.39 -0.07
v -0.07 0.51 -0.04856
v -0.07 0.59785 0.01
v -0.07 0.63 0.09
v -0.07 0.59785 0.17
v -0.07 0.51 0.22856
v -0.07 0.39 0.25
v -0.07 0.27 0.22856
v -0.07 0.18215 0.17
v -0.07 0.15 0.09
v -0.07 0.18215 0.01
v -0.07 0.27 -0.04856
v 0.08 0.49 -0.06
v 0.08 0.585 -0.04392
v 0.08 0.65454 0
v 0.08 0.68 0.06
v 0.08 0.65454 0.12
v 0.08 0.585 0.16392
v 0.08 0.49 0.18
v 0.08 0.395 0.16392
v 0.08 0.32546 0.12
v 0.08 0.3 0.06
v 0.08 0.32546 0
v 0.08 0.395 -0.04392
v 0.22 0.57 -0.05
v 0.22 0.615 -0.04062
v 0.22 0.64794 -0.015
v 0.22 0.66 0.02
v 0.22 0.64794 0.055
v 0.22 0.615 0.08062
v 0.22 0.57 0.09
v 0.22 0.525 0.08062
v 0.22 0.49206 0.055
v 0.22 0.48 0.02
v 0.22 0.49206 -0.015
v 0.22 0.525 -0.04062
v -0.24 -0.18 0.18
v -0.24 -0.25053 0.16472
v -0.24 -0.29413 0.12472
v -0.24 -0.29413 0.07528
v -0.24 -0.25053 0.03528
v -0.24 -0.18 0.02
v -0.24 -0.10947 0.03528
v -0.24 -0.06587 0.07528
v -0.24 -0.06587 0.12472
v -0.24 -0.10947 0.16472
v -0.13 -0.25 0.25
v -0.13 -0.34992 0.22899
v -0.13 -0.41168 0.17399
v -0.13 -0.41168 0.10601
v -0.13 -0.34992 0.05101
v -0.13 -0.25 0.03
v -0.13 -0.15008 0.05101
v -0.13 -0.08832 0.10601
v -0.13 -0.08832 0.17399
v -0.13 -0.15008 0.22899
v 0 -0.32 0.28
v 0 -0.41405 0.2609
v 0 -0.47217 0.2109
v 0 -0.47217 0.1491
v 0 -0.41405 0.0991
v 0 -0.32 0.08
v 0 -0.22595 0.0991
v 0 -0.16783 0.1491
v 0 -0.16783 0.2109
v 0 -0.22595 0.2609
v 0.13 -0.39 0.18
v 0.13 -0.43114 0.17045
v 0.13 -0.45657 0.14545
v 0.13 -0.45657 0.11455
v 0.13 -0.43114 0.08955
v 0.13 -0.39 0.08
v 0.13 -0.34886 0.08955
v 0.13 -0.32343 0.11455
v 0.13 -0.32343 0.14545
v 0.13 -0.34886 0.17045
v -0.24 0.18 0.02
v -0.24 0.25053 0.03528
v -0.24 0.29413 0.07528
v -0.24 0.29413 0.12472
v -0.24 0.25053 0.16472
v -0.24 0.18 0.18
v -0.24 0.10947 0.16472
v -0.24 0.06587 0.12472
v -0.24 0.06587 0.07528
v -0.24 0.10947 0.03528
v -0.13 0.25 0.03
v -0.13 0.34992 0.05101
v -0.13 0.41168 0.10601
v -0.13 0.41168 0.17399
v -0.13 0.34992 0.22899
v -0.13 0.25 0.25
v -0.13 0.15008 0.22899
v -0.13 0.08832 0.17399
v -0.13 0.08832 0.10601
v -0.13 0.15008 0.05101
v 0 0.32 0.08
v 0 0.41405 0.0991
v 0 0.47217 0.1491
v 0 0.47217 0.2109
v 0 0.41405 0.2609
v 0 0.32 0.28
v 0 0.22595 0.2609
v 0 0.16783 0.2109
v 0 0.16783 0.1491
v 0 0.22595 0.0991
v 0.13 0.39 0.08
v 0.13 0.43114 0.08955
v 0.13 0.45657 0.11455
v 0.13 0.45657 0.14545
v 0.13 0.43114 0.17045
v 0.13 0.39 0.18
v 0.13 0.34886 0.17045
v 0.13 0.32343 0.14545
v 0.13 0.32343 0.11455
v 0.13 0.34886 0.08955
v -0.14 -0.18 0.01
v -0.14 -0.24466 -0.00337
v -0.14 -0.28462 -0.03837
v -0.14 -0.28462 -0.08163
v -0.14 -0.24466 -0.11663
v -0.14 -0.18 -0.13
v -0.14 -0.11534 -0.11663
v -0.14 -0.07538 -0.08163
v -0.14 -0.07538 -0.03837
v -0.14 -0.11534 -0.00337
v -0.03 -0.25 0.01
v -0.03 -0.33817 -0.0091
v -0.03 -0.39266 -0.0591
v -0.03 -0.39266 -0.1209
v -0.03 -0.33817 -0.1709
v -0.03 -0.25 -0.19
v -0.03 -0.16183 -0.1709
v -0.03 -0.10734 -0.1209
v -0.03 -0.10734 -0.0591
v -0.03 -0.16183 -0.0091
v 0.1 -0.32 -0.02
v 0.1 -0.40229 -0.03719
v 0.1 -0.45315 -0.08219
v 0.1 -0.45315 -0.13781
v 0.1 -0.40229 -0.18281
v 0.1 -0.32 -0.2
v 0.1 -0.23771 -0.18281
v 0.1 -0.18685 -0.13781
v 0.1 -0.18685 -0.08219
v 0.1 -0.23771 -0.03719
v 0.23 -0.38 -0.03
v 0.23 -0.41527 -0.03764
v 0.23 -0.43706 -0.05764
v 0.23 -0.43706 -0.08236
v 0.23 -0.41527 -0.10236
v 0.23 -0.38 -0.11
v 0.23 -0.34473 -0.10236
v 0.23 -0.32294 -0.08236
v 0.23 -0.32294 -0.05764
v 0.23 -0.34473 -0.03764
v -0.14 0.18 -0.13
v -0.14 0.24466 -0.11663
v -0.14 0.28462 -0.08163
v -0.14 0.28462 -0.03837
v -0.14 0.24466 -0.00337
v -0.14 0.18 0.01
v -0.14 0.11534 -0.00337
v -0.14 0.07538 -0.03837
v -0.14 0.07538 -0.08163
v -0.14 0.11534 -0.11663
v -0.03 0.25 -0.19
v -0.03 0.33817 -0.1709
v -0.03 0.39266 -0.1209
v -0.03 0.39266 -0.0591
v -0.03 0.33817 -0.0091
v -0.03 0.25 0.01
v -0.03 0.16183 -0.0091
v -0.03 0.10734 -0.0591
v -0.03 0.10734 -0.1209
v -0.03 0.16183 -0.1709
v 0.1 0.32 -0.2
v 0.1 0.40229 -0.18281
v 0.1 0.45315 -0.13781
v 0.1 0.45315 -0.08219
v 0.1 0.40229 -0.03719
v 0.1 0.32 -0.02
v 0.1 0.23771 -0.03719
v 0.1 0.18685 -0.08219
v 0.1 0.18685 -0.13781
v 0.1 0.23771 -0.18281
v 0.23 0.38 -0.11
v 0.23 0.41527 -0.10236
v 0.23 0.43706 -0.08236
v 0.23 0.43706 -0.05764
v 0.23 0.41527 -0.03764
v 0.23 0.38 -0.03
v 0.23 0.34473 -0.03764
v 0.23 0.32294 -0.05764
v 0.23 0.32294 -0.08236
v 0.23 0.34473 -0.10236
v -0.27 0.21 0.12
v -0.27 0.13 0.1066
v -0.27 0.07144 0.07
v -0.27 0.05 0.02
v -0.27 0.07144 -0.03
v -0.27 0.13 -0.0666
v -0.27 0.21 -0.08
v -0.27 0.29 -0.0666
v -0.27 0.34856 -0.03
v -0.27 0.37 0.02
v -0.27 0.34856 0.07
v -0.27 0.29 0.1066
v -0.18 0.3 0.19
v -0.18 0.19 0.17124
v -0.18 0.10947 0.12
v -0.18 0.08 0.05
v -0.18 0.10947 -0.02
v -0.18 0.19 -0.07124
v -0.18 0.3 -0.09
v -0.18 0.41 -0.07124
v -0.18 0.49053 -0.02
v -0.18 0.52 0.05
v -0.18 0.49053 0.12
v -0.18 0.41 0.17124
v -0.07 0.39 0.25
v -0.07 0.27 0.22856
v -0.07 0.18215 0.17
v -0.07 0.15 0.09
v -0.07 0.18215 0.01
v -0.07 0.27 -0.04856
v -0.07 0.39 -0.07
v -0.07 0.51 -0.04856
v -0.07 0.59785 0.01
v -0.07 0.63 0.09
v -0.07 0.59785 0.17
v -0.07 0.51 0.22856
v 0.08 0.49 0.18
v 0.08 0.395 0.16392
v 0.08 0.32546 0.12
v 0.08 0.3 0.06
v 0.08 0.32546 0
v 0.08 0.395 -0.04392
v 0.08 0.49 -0.06
v 0.08 0.585 -0.04392
v 0.08 0.65454 0
v 0.08 0.68 0.06
v 0.08 0.65454 0.12
v 0.08 0.585 0.16392
v 0.22 0.57 0.09
v 0.22 0.525 0.08062
v 0.22 0.49206 0.055
v 0.22 0.48 0.02
v 0.22 0.49206 -0.015
v 0.22 0.525 -0.04062
v 0.22 0.57 -0.05
v 0.22 0.615 -0.04062
v 0.22 0.64794 -0.015
v 0.22 0.66 0.02
v 0.22 0.64794 0.055
v 0.22 0.615 0.08062
v -0.27 -0.21 -0.08
v -0.27 -0.13 -0.0666
v -0.27 -0.07144 -0.03
v -0.27 -0.05 0.02
v -0.27 -0.07144 0.07
v -0.27 -0.13 0.1066
v -0.27 -0.21 0.12
v -0.27 -0.29 0.1066
v -0.27 -0.34856 0.07
v -0.27 -0.37 0.02
v -0.27 -0.34856 -0.03
v -0.27 -0.29 -0.0666
v -0.18 -0.3 -0.09
v -0.18 -0.19 -0.07124
v -0.18 -0.10947 -0.02
v -0.18 -0.08 0.05
v -0.18 -0.10947 0.12
v -0.18 -0.19 0.17124
v -0.18 -0.3 0.19
v -0.18 -0.41 0.17124
v -0.18 -0.49053 0.12
v -0.18 -0.52 0.05
v -0.18 -0.49053 -0.02
v -0.18 -0.41 -0.07124
v -0.07 -0.39 -0.07
v -0.07 -0.27 -0.04856
v -0.07 -0.18215 0.01
v -0.07 -0.15 0.09
v -0.07 -0.18215 0.17
v -0.07 -0.27 0.22856
v -0.07 -0.39 0.25
v -0.07 -0.51 0.22856
v -0.07 -0.59785 0.17
v -0.07 -0.63 0.09
v -0.07 -0.59785 0.01
v -0.07 -0.51 -0.04856
v 0.08 -0.49 -0.06
v 0.08 -0.395 -0.04392
v 0.08 -0.32546 0
v 0.08 -0.3 0.06
v 0.08 -0.32546 0.12
v 0.08 -0.395 0.16392
v 0.08 -0.49 0.18
v 0.08 -0.585 0.16392
v 0.08 -0.65454 0.12
v 0.08 -0.68 0.06
v 0.08 -0.65454 0
v 0.08 -0.585 -0.04392
v 0.22 -0.57 -0.05
v 0.22 -0.525 -0.04062
v 0.22 -0.49206 -0.015
v 0.22 -0.48 0.02
v 0.22 -0.49206 0.055
v 0.22 -0.525 0.08062
v 0.22 -0.57 0.09
v 0.22 -0.615 0.08062
v 0.22 -0.64794 0.055
v 0.22 -0.66 0.02
v 0.22 -0.64794 -0.015
v 0.22 -0.615 -0.04062
v -0.24 0.18 0.18
v -0.24 0.10947 0.16472
v -0.24 0.06587 0.12472
v -0.24 0.06587 0.07528
v -0.24 0.10947 0.03528
v -0.24 0.18 0.02
v -0.24 0.25053 0.03528
v -0.24 0.29413 0.07528
v -0.24 0.29413 0.12472
v -0.24 0.25053 0.16472
v -0.13 0.25 0.25
v -0.13 0.15008 0.22899
v -0.13 0.08832 0.17399
v -0.13 0.08832 0.10601
v -0.13 0.15008 0.05101
v -0.13 0.25 0.03
v -0.13 0.34992 0.05101
v -0.13 0.41168 0.10601
v -0.13 0.41168 0.17399
v -0.13 0.34992 0.22899
v 0 0.32 0.28
v 0 0.22595 0.2609
v 0 0.16783 0.2109
v 0 0.16783 0.1491
v 0 0.22595 0.0991
v 0 0.32 0.08
v 0 0.41405 0.0991
v 0 0.47217 0.1491
v 0 0.47217 0.2109
v 0 0.41405 0.2609
v 0.13 0.39 0.18
v 0.13 0.34886 0.17045
v 0.13 0.32343 0.14545
v 0.13 0.32343 0.11455
v 0.13 0.34886 0.08955
v 0.13 0.39 0.08
v 0.13 0.43114 0.08955
v 0.13 0.45657 0.11455
v 0.13 0.45657 0.14545
v 0.13 0.43114 0.17045
v -0.24 -0.18 0.02
v -0.24 -0.10947 0.03528
v -0.24 -0.06587 0.07528
v -0.24 -0.06587 0.12472
v -0.24 -0.10947 0.16472
v -0.24 -0.18 0.18
v -0.24 -0.25053 0.16472
v -0.24 -0.29413 0.12472
v -0.24 -0.29413 0.07528
v -0.24 -0.25053 0.03528
v -0.13 -0.25 0.03
v -0.13 -0.15008 0.05101
v -0.13 -0.08832 0.10601
v -0.13 -0.08832 0.17399
v -0.13 -0.15008 0.22899
v -0.13 -0.25 0.25
v -0.13 -0.34992 0.22899
v -0.13 -0.41168 0.17399
v -0.13 -0.41168 0.10601
v -0.13 -0.34992 0.05101
v 0 -0.32 0.08
v 0 -0.22595 0.0991
v 0 -0.16783 0.1491
v 0 -0.16783 0.2109
v 0 -0.22595 0.2609
v 0 -0.32 0.28
v 0 -0.41405 0.2609
v 0 -0.47217 0.2109
v 0 -0.47217 0.1491
v 0 -0.41405 0.0991
v 0.13 -0.39 0.08
v 0.13 -0.34886 0.08955
v 0.13 -0.32343 0.11455
v 0.13 -0.32343 0.14545
v 0.13 -0.34886 0.17045
v 0.13 -0.39 0.18
v 0.13 -0.43114 0.17045
v 0.13 -0.45657 0.14545
v 0.13 -0.45657 0.11455
v 0.13 -0.43114 0.08955
v -0.14 0.18 0.01
v -0.14 0.11534 -0.00337
v -0.14 0.07538 -0.03837
v -0.14 0.07538 -0.08163
v -0.14 0.11534 -0.11663
v -0.14 0.18 -0.13
v -0.14 0.24466 -0.11663
v -0.14 0.28462 -0.08163
v -0.14 0.28462 -0.03837
v -0.14 0.24466 -0.00337
v -0.03 0.25 0.01
v -0.03 0.16183 -0.0091
v -0.03 0.10734 -0.0591
v -0.03 0.10734 -0.1209
v -0.03 0.16183 -0.1709
v -0.03 0.25 -0.19
v -0.03 0.33817 -0.1709
v -0.03 0.39266 -0.1209
v -0.03 0.39266 -0.0591
v -0.03 0.33817 -0.0091
v 0.1 0.32 -0.02
v 0.1 0.23771 -0.03719
v 0.1 0.18685 -0.08219
v 0.1 0.18685 -0.13781
v 0.1 0.23771 -0.18281
v 0.1 0.32 -0.2
v 0.1 0.40229 -0.18281
v 0.1 0.45315 -0.13781
v 0.1 0.45315 -0.08219
v 0.1 0.40229 -0.03719
v 0.23 0.38 -0.03
v 0.23 0.34473 -0.03764
v 0.23 0.32294 -0.05764
v 0.23 0.32294 -0.08236
v 0.23 0.34473 -0.10236
v 0.23 0.38 -0.11
v 0.23 0.41527 -0.10236
v 0.23 0.43706 -0.08236
v 0.23 0.43706 -0.05764
v 0.23 0.41527 -0.03764
v -0.14 -0.18 -0.13
v -0.14 -0.11534 -0.11663
v -0.14 -0.07538 -0.08163
v -0.14 -0.07538 -0.03837
v -0.14 -0.11534 -0.00337
v -0.14 -0.18 0.01
v -0.14 -0.24466 -0.00337
v -0.14 -0.28462 -0.03837
v -0.14 -0.28462 -0.08163
v -0.14 -0.24466 -0.11663
v -0.03 -0.25 -0.19
v -0.03 -0.16183 -0.1709
v -0.03 -0.10734 -0.1209
v -0.03 -0.10734 -0.0591
v -0.03 -0.16183 -0.0091
v -0.03 -0.25 0.01
v -0.03 -0.33817 -0.0091
v -0.03 -0.39266 -0.0591
v -0.03 -0.39266 -0.1209
v -0.03 -0.33817 -0.1709
v 0.1 -0.32 -0.2
v 0.1 -0.23771 -0.18281
v 0.1 -0.18685 -0.13781
v 0.1 -0.18685 -0.08219
v 0.1 -0.23771 -0.03719
v 0.1 -0.32 -0.02
v 0.1 -0.40229 -0.03719
v 0.1 -0.45315 -0.08219
v 0.1 -0.45315 -0.13781
v 0.1 -0.40229 -0.18281
v 0.23 -0.38 -0.11
v 0.23 -0.34473 -0.10236
v 0.23 -0.32294 -0.08236
v 0.23 -0.32294 -0.05764
v 0.23 -0.34473 -0.03764
v 0.23 -0.38 -0.03
v 0.23 -0.41527 -0.03764
v 0.23 -0.43706 -0.05764
v 0.23 -0.43706 -0.08236
v 0.23 -0.41527 -0.10236
v -0.39 0 0.13
v -0.39 -0.09112 0.11812
v -0.39 -0.16418 0.08482
v -0.39 -0.20473 0.0367
v -0.39 -0.20473 -0.0167
v -0.39 -0.16418 -0.06482
v -0.39 -0.09112 -0.09812
v -0.39 0 -0.11
v -0.39 0.09112 -0.09812
v -0.39 0.16418 -0.06482
v -0.39 0.20473 -0.0167
v -0.39 0.20473 0.0367
v -0.39 0.16418 0.08482
v -0.39 0.09112 0.11812
v -0.45 0 0.13
v -0.45 -0.0781 0.1201
v -0.45 -0.14073 0.09235
v -0.45 -0.17549 0.05225
v -0.45 -0.17549 0.00775
v -0.45 -0.14073 -0.03235
v -0.45 -0.0781 -0.0601
v -0.45 0 -0.07
v -0.45 0.0781 -0.0601
v -0.45 0.14073 -0.03235
v -0.45 0.17549 0.00775
v -0.45 0.17549 0.05225
v -0.45 0.14073 0.09235
v -0.45 0.0781 0.1201
v -0.51 0 0.12
v -0.51 -0.06074 0.11208
v -0.51 -0.10946 0.08988
v -0.51 -0.13649 0.0578
v -0.51 -0.13649 0.0222
v -0.51 -0.10946 -0.00988
v -0.51 -0.06074 -0.03208
v -0.51 0 -0.04
v -0.51 0.06074 -0.03208
v -0.51 0.10946 -0.00988
v -0.51 0.13649 0.0222
v -0.51 0.13649 0.0578
v -0.51 0.10946 0.08988
v -0.51 0.06074 0.11208
v -0.56 0 0.09
v -0.56 -0.04339 0.08406
v -0.56 -0.07818 0.06741
v -0.56 -0.09749 0.04335
v -0.56 -0.09749 0.01665
v -0.56 -0.07818 -0.00741
v -0.56 -0.04339 -0.02406
v -0.56 0 -0.03
v -0.56 0.04339 -0.02406
v -0.56 0.07818 -0.00741
v -0.56 0.09749 0.01665
v -0.56 0.09749 0.04335
v -0.56 0.07818 0.06741
v -0.56 0.04339 0.08406
v -0.6 0 0.05
v -0.6 -0.02603 0.04604
v -0.6 -0.04691 0.03494
v -0.6 -0.0585 0.0189
v -0.6 -0.0585 0.0011
v -0.6 -0.04691 -0.01494
v -0.6 -0.02603 -0.02604
v -0.6 0 -0.03
v -0.6 0.02603 -0.02604
v -0.6 0.04691 -0.01494
v -0.6 0.0585 0.0011
v -0.6 0.0585 0.0189
v -0.6 0.04691 0.03494
v -0.6 0.02603 0.04604
v 0.39 0 0.13
v 0.39 -0.09112 0.11812
v 0.39 -0.16418 0.08482
v 0.39 -0.20473 0.0367
v 0.39 -0.20473 -0.0167
v 0.39 -0.16418 -0.06482
v 0.39 -0.09112 -0.09812
v 0.39 0 -0.11
v 0.39 0.09112 -0.09812
v 0.39 0.16418 -0.06482
v 0.39 0.20473 -0.0167
v 0.39 0.20473 0.0367
v 0.39 0.16418 0.08482
v 0.39 0.09112 0.11812
v 0.45 0 0.13
v 0.45 -0.0781 0.1201
v 0.45 -0.14073 0.09235
v 0.45 -0.17549 0.05225
v 0.45 -0.17549 0.00775
v 0.45 -0.14073 -0.03235
v 0.45 -0.0781 -0.0601
v 0.45 0 -0.07
v 0.45 0.0781 -0.0601
v 0.45 0.14073 -0.03235
v 0.45 0.17549 0.00775
v 0.45 0.17549 0.05225
v 0.45 0.14073 0.09235
v 0.45 0.0781 0.1201
v 0.51 0 0.12
v 0.51 -0.06074 0.11208
v 0.51 -0.10946 0.08988
v 0.51 -0.13649 0.0578
v 0.51 -0.13649 0.0222
v 0.51 -0.10946 -0.00988
v 0.51 -0.06074 -0.03208
v 0.51 0 -0.04
v 0.51 0.06074 -0.03208
v 0.51 0.10946 -0.00988
v 0.51 0.13649 0.0222
v 0.51 0.13649 0.0578
v 0.51 0.10946 0.08988
v 0.51 0.06074 0.11208
v 0.56 0 0.09
v 0.56 -0.04339 0.08406
v 0.56 -0.07818 0.06741
v 0.56 -0.09749 0.04335
v 0.56 -0.09749 0.01665
v 0.56 -0.07818 -0.00741
v 0.56 -0.04339 -0.02406
v 0.56 0 -0.03
v 0.56 0.04339 -0.02406
v 0.56 0.07818 -0.00741
v 0.56 0.09749 0.01665
v 0.56 0.09749 0.04335
v 0.56 0.07818 0.06741
v 0.56 0.04339 0.08406
v 0.6 0 0.05
v 0.6 -0.02603 0.04604
v 0.6 -0.04691 0.03494
v 0.6 -0.0585 0.0189
v 0.6 -0.0585 0.0011
v 0.6 -0.04691 -0.01494
v 0.6 -0.02603 -0.02604
v 0.6 0 -0.03
v 0.6 0.02603 -0.02604
v 0.6 0.04691 -0.01494
v 0.6 0.0585 0.0011
v 0.6 0.0585 0.0189
v 0.6 0.04691 0.03494
v 0.6 0.02603 0.04604
v -0.05 -0.34 0.13
v -0.05 -0.39785 0.11128
v -0.05 -0.42863 0.06389
v -0.05 -0.41794 0.01
v -0.05 -0.37078 -0.02518
v -0.05 -0.30922 -0.02518
v -0.05 -0.26206 0.01
v -0.05 -0.25137 0.06389
v -0.05 -0.28215 0.11128
v -0.03 -0.41 0.23
v -0.03 -0.48713 0.2066
v -0.03 -0.52818 0.14736
v -0.03 -0.51392 0.08
v -0.03 -0.45104 0.03603
v -0.03 -0.36896 0.03603
v -0.03 -0.30608 0.08
v -0.03 -0.29182 0.14736
v -0.03 -0.33287 0.2066
v 0.03 -0.47 0.3
v 0.03 -0.53428 0.27894
v 0.03 -0.56848 0.22563
v 0.03 -0.5566 0.165
v 0.03 -0.5042 0.12543
v 0.03 -0.4358 0.12543
v 0.03 -0.3834 0.165
v 0.03 -0.37152 0.22563
v 0.03 -0.40572 0.27894
v 0.1 -0.53 0.35
v 0.1 -0.575 0.33596
v 0.1 -0.59894 0.30042
v 0.1 -0.59062 0.26
v 0.1 -0.55394 0.23362
v 0.1 -0.50606 0.23362
v 0.1 -0.46938 0.26
v 0.1 -0.46106 0.30042
v 0.1 -0.485 0.33596
v 0.17 -0.58 0.4
v 0.17 -0.60571 0.39064
v 0.17 -0.61939 0.36695
v 0.17 -0.61464 0.34
v 0.17 -0.59368 0.32241
v 0.17 -0.56632 0.32241
v 0.17 -0.54536 0.34
v 0.17 -0.54061 0.36695
v 0.17 -0.55429 0.39064
v -0.05 0.34 -0.03
v -0.05 0.39785 -0.01128
v -0.05 0.42863 0.03611
v -0.05 0.41794 0.09
v -0.05 0.37078 0.12518
v -0.05 0.30922 0.12518
v -0.05 0.26206 0.09
v -0.05 0.25137 0.03611
v -0.05 0.28215 -0.01128
v -0.03 0.41 0.03
v -0.03 0.48713 0.0534
v -0.03 0.52818 0.11264
v -0.03 0.51392 0.18
v -0.03 0.45104 0.22397
v -0.03 0.36896 0.22397
v -0.03 0.30608 0.18
v -0.03 0.29182 0.11264
v -0.03 0.33287 0.0534
v 0.03 0.47 0.12
v 0.03 0.53428 0.14106
v 0.03 0.56848 0.19437
v 0.03 0.5566 0.255
v 0.03 0.5042 0.29457
v 0.03 0.4358 0.29457
v 0.03 0.3834 0.255
v 0.03 0.37152 0.19437
v 0.03 0.40572 0.14106
v 0.1 0.53 0.23
v 0.1 0.575 0.24404
v 0.1 0.59894 0.27958
v 0.1 0.59062 0.32
v 0.1 0.55394 0.34638
v 0.1 0.50606 0.34638
v 0.1 0.46938 0.32
v 0.1 0.46106 0.27958
v 0.1 0.485 0.24404
v 0.17 0.58 0.32
v 0.17 0.60571 0.32936
v 0.17 0.61939 0.35305
v 0.17 0.61464 0.38
v 0.17 0.59368 0.39759
v 0.17 0.56632 0.39759
v 0.17 0.54536 0.38
v 0.17 0.54061 0.35305
v 0.17 0.55429 0.32936
v 0.17 -0.55 0.37
v 0.17 -0.58182 0.35828
v 0.17 -0.595 0.33
v 0.17 -0.58182 0.30172
v 0.17 -0.55 0.29
v 0.17 -0.51818 0.30172
v 0.17 -0.505 0.33
v 0.17 -0.51818 0.35828
v 0.25 -0.58 0.43
v 0.25 -0.60475 0.42121
v 0.25 -0.615 0.4
v 0.25 -0.60475 0.37879
v 0.25 -0.58 0.37
v 0.25 -0.55525 0.37879
v 0.25 -0.545 0.4
v 0.25 -0.55525 0.42121
v 0.33 -0.6 0.465
v 0.33 -0.61414 0.46061
v 0.33 -0.62 0.45
v 0.33 -0.61414 0.43939
v 0.33 -0.6 0.435
v 0.33 -0.58586 0.43939
v 0.33 -0.58 0.45
v 0.33 -0.58586 0.46061
v 0.17 0.55 0.29
v 0.17 0.58182 0.30172
v 0.17 0.595 0.33
v 0.17 0.58182 0.35828
v 0.17 0.55 0.37
v 0.17 0.51818 0.35828
v 0.17 0.505 0.33
v 0.17 0.51818 0.30172
v 0.25 0.58 0.37
v 0.25 0.60475 0.37879
v 0.25 0.615 0.4
v 0.25 0.60475 0.42121
v 0.25 0.58 0.43
v 0.25 0.55525 0.42121
v 0.25 0.545 0.4
v 0.25 0.55525 0.37879
v 0.33 0.6 0.435
v 0.33 0.61414 0.43939
v 0.33 0.62 0.45
v 0.33 0.61414 0.46061
v 0.33 0.6 0.465
v 0.33 0.58586 0.46061
v 0.33 0.58 0.45
v 0.33 0.58586 0.43939
v -0.05 0.34 0.13
v -0.05 0.28215 0.11128
v -0.05 0.25137 0.06389
v -0.05 0.26206 0.01
v -0.05 0.30922 -0.02518
v -0.05 0.37078 -0.02518
v -0.05 0.41794 0.01
v -0.05 0.42863 0.06389
v -0.05 0.39785 0.11128
v -0.03 0.41 0.23
v -0.03 0.33287 0.2066
v -0.03 0.29182 0.14736
v -0.03 0.30608 0.08
v -0.03 0.36896 0.03603
v -0.03 0.45104 0.03603
v -0.03 0.51392 0.08
v -0.03 0.52818 0.14736
v -0.03 0.48713 0.2066
v 0.03 0.47 0.3
v 0.03 0.40572 0.27894
v 0.03 0.37152 0.22563
v 0.03 0.3834 0.165
v 0.03 0.4358 0.12543
v 0.03 0.5042 0.12543
v 0.03 0.5566 0.165
v 0.03 0.56848 0.22563
v 0.03 0.53428 0.27894
v 0.1 0.53 0.35
v 0.1 0.485 0.33596
v 0.1 0.46106 0.30042
v 0.1 0.46938 0.26
v 0.1 0.50606 0.23362
v 0.1 0.55394 0.23362
v 0.1 0.59062 0.26
v 0.1 0.59894 0.30042
v 0.1 0.575 0.33596
v 0.17 0.58 0.4
v 0.17 0.55429 0.39064
v 0.17 0.54061 0.36695
v 0.17 0.54536 0.34
v 0.17 0.56632 0.32241
v 0.17 0.59368 0.32241
v 0.17 0.61464 0.34
v 0.17 0.61939 0.36695
v 0.17 0.60571 0.39064
v -0.05 -0.34 -0.03
v -0.05 -0.28215 -0.01128
v -0.05 -0.25137 0.03611
v -0.05 -0.26206 0.09
v -0.05 -0.30922 0.12518
v -0.05 -0.37078 0.12518
v -0.05 -0.41794 0.09
v -0.05 -0.42863 0.03611
v -0.05 -0.39785 -0.01128
v -0.03 -0.41 0.03
v -0.03 -0.33287 0.0534
v -0.03 -0.29182 0.11264
v -0.03 -0.30608 0.18
v -0.03 -0.36896 0.22397
v -0.03 -0.45104 0.22397
v -0.03 -0.51392 0.18
v -0.03 -0.52818 0.11264
v -0.03 -0.48713 0.0534
v 0.03 -0.47 0.12
v 0.03 -0.40572 0.14106
v 0.03 -0.37152 0.19437
v 0.03 -0.3834 0.255
v 0.03 -0.4358 0.29457
v 0.03 -0.5042 0.29457
v 0.03 -0.5566 0.255
v 0.03 -0.56848 0.19437
v 0.03 -0.53428 0.14106
v 0.1 -0.53 0.23
v 0.1 -0.485 0.24404
v 0.1 -0.46106 0.27958
v 0.1 -0.46938 0.32
v 0.1 -0.50606 0.34638
v 0.1 -0.55394 0.34638
v 0.1 -0.59062 0.32
v 0.1 -0.59894 0.27958
v 0.1 -0.575 0.24404
v 0.17 -0.58 0.32
v 0.17 -0.55429 0.32936
v 0.17 -0.54061 0.35305
v 0.17 -0.54536 0.38
v 0.17 -0.56632 0.39759
v 0.17 -0.59368 0.39759
v 0.17 -0.61464 0.38
v 0.17 -0.61939 0.35305
v 0.17 -0.60571 0.32936
v 0.17 0.55 0.37
v 0.17 0.51818 0.35828
v 0.17 0.505 0.33
v 0.17 0.51818 0.30172
v 0.17 0.55 0.29
v 0.17 0.58182 0.30172
v 0.17 0.595 0.33
v 0.17 0.58182 0.35828
v 0.25 0.58 0.43
v 0.25 0.55525 0.42121
v 0.25 0.545 0.4
v 0.25 0.55525 0.37879
v 0.25 0.58 0.37
v 0.25 0.60475 0.37879
v 0.25 0.615 0.4
v 0.25 0.60475 0.42121
v 0.33 0.6 0.465
v 0.33 0.58586 0.46061
v 0.33 0.58 0.45
v 0.33 0.58586 0.43939
v 0.33 0.6 0.435
v 0.33 0.61414 0.43939
v 0.33 0.62 0.45
v 0.33 0.61414 0.46061
v 0.17 -0.55 0.29
v 0.17 -0.51818 0.30172
v 0.17 -0.505 0.33
v 0.17 -0.51818 0.35828
v 0.17 -0.55 0.37
v 0.17 -0.58182 0.35828
v 0.17 -0.595 0.33
v 0.17 -0.58182 0.30172
v 0.25 -0.58 0.37
v 0.25 -0.55525 0.37879
v 0.25 -0.545 0.4
v 0.25 -0.55525 0.42121
v 0.25 -0.58 0.43
v 0.25 -0.60475 0.42121
v 0.25 -0.615 0.4
v 0.25 -0.60475 0.37879
v 0.33 -0.6 0.435
v 0.33 -0.58586 0.43939
v 0.33 -0.58 0.45
v 0.33 -0.58586 0.46061
v 0.33 -0.6 0.465
v 0.33 -0.61414 0.46061
v 0.33 -0.62 0.45
v 0.33 -0.61414 0.43939
v -0.28 -0.17 0.23
v -0.28 -0.20536 0.21828
v -0.28 -0.22 0.19
v -0.28 -0.20536 0.16172
v -0.28 -0.17 0.15
v -0.28 -0.13464 0.16172
v -0.28 -0.12 0.19
v -0.28 -0.13464 0.21828
v -0.28 -0.11 0.27
v -0.28 -0.15243 0.25536
v -0.28 -0.17 0.22
v -0.28 -0.15243 0.18464
v -0.28 -0.11 0.17
v -0.28 -0.06757 0.18464
v -0.28 -0.05 0.22
v -0.28 -0.06757 0.25536
v -0.28 -0.05 0.31
v -0.28 -0.0995 0.29243
v -0.28 -0.12 0.25
v -0.28 -0.0995 0.20757
v -0.28 -0.05 0.19
v -0.28 -0.0005 0.20757
v -0.28 0.02 0.25
v -0.28 -0.0005 0.29243
v -0.28 0 0.35
v -0.28 -0.05657 0.3295
v -0.28 -0.08 0.28
v -0.28 -0.05657 0.2305
v -0.28 0 0.21
v -0.28 0.05657 0.2305
v -0.28 0.08 0.28
v -0.28 0.05657 0.3295
v -0.28 0.05 0.31
v -0.28 0.0005 0.29243
v -0.28 -0.02 0.25
v -0.28 0.0005 0.20757
v -0.28 0.05 0.19
v -0.28 0.0995 0.20757
v -0.28 0.12 0.25
v -0.28 0.0995 0.29243
v -0.28 0.11 0.27
v -0.28 0.06757 0.25536
v -0.28 0.05 0.22
v -0.28 0.06757 0.18464
v -0.28 0.11 0.17
v -0.28 0.15243 0.18464
v -0.28 0.17 0.22
v -0.28 0.15243 0.25536
v -0.28 0.17 0.23
v -0.28 0.13464 0.21828
v -0.28 0.12 0.19
v -0.28 0.13464 0.16172
v -0.28 0.17 0.15
v -0.28 0.20536 0.16172
v -0.28 0.22 0.19
v -0.28 0.20536 0.21828
v -0.16 -0.17 0.23
v -0.16 -0.20536 0.21828
v -0.16 -0.22 0.19
v -0.16 -0.20536 0.16172
v -0.16 -0.17 0.15
v -0.16 -0.13464 0.16172
v -0.16 -0.12 0.19
v -0.16 -0.13464 0.21828
v -0.16 -0.11 0.27
v -0.16 -0.15243 0.25536
v -0.16 -0.17 0.22
v -0.16 -0.15243 0.18464
v -0.16 -0.11 0.17
v -0.16 -0.06757 0.18464
v -0.16 -0.05 0.22
v -0.16 -0.06757 0.25536
v -0.16 -0.05 0.31
v -0.16 -0.0995 0.29243
v -0.16 -0.12 0.25
v -0.16 -0.0995 0.20757
v -0.16 -0.05 0.19
v -0.16 -0.0005 0.20757
v -0.16 0.02 0.25
v -0.16 -0.0005 0.29243
v -0.16 0 0.35
v -0.16 -0.05657 0.3295
v -0.16 -0.08 0.28
v -0.16 -0.05657 0.2305
v -0.16 0 0.21
v -0.16 0.05657 0.2305
v -0.16 0.08 0.28
v -0.16 0.05657 0.3295
v -0.16 0.05 0.31
v -0.16 0.0005 0.29243
v -0.16 -0.02 0.25
v -0.16 0.0005 0.20757
v -0.16 0.05 0.19
v -0.16 0.0995 0.20757
v -0.16 0.12 0.25
v -0.16 0.0995 0.29243
v -0.16 0.11 0.27
v -0.16 0.06757 0.25536
v -0.16 0.05 0.22
v -0.16 0.06757 0.18464
v -0.16 0.11 0.17
v -0.16 0.15243 0.18464
v -0.16 0.17 0.22
v -0.16 0.15243 0.25536
v -0.16 0.17 0.23
v -0.16 0.13464 0.21828
v -0.16 0.12 0.19
v -0.16 0.13464 0.16172
v -0.16 0.17 0.15
v -0.16 0.20536 0.16172
v -0.16 0.22 0.19
v -0.16 0.20536 0.21828
v -0.04 -0.17 0.23
v -0.04 -0.20536 0.21828
v -0.04 -0.22 0.19
v -0.04 -0.20536 0.16172
v -0.04 -0.17 0.15
v -0.04 -0.13464 0.16172
v -0.04 -0.12 0.19
v -0.04 -0.13464 0.21828
v -0.04 -0.11 0.27
v -0.04 -0.15243 0.25536
v -0.04 -0.17 0.22
v -0.04 -0.15243 0.18464
v -0.04 -0.11 0.17
v -0.04 -0.06757 0.18464
v -0.04 -0.05 0.22
v -0.04 -0.06757 0.25536
v -0.04 -0.05 0.31
v -0.04 -0.0995 0.29243
v -0.04 -0.12 0.25
v -0.04 -0.0995 0.20757
v -0.04 -0.05 0.19
v -0.04 -0.0005 0.20757
v -0.04 0.02 0.25
v -0.04 -0.0005 0.29243
v -0.04 0 0.35
v -0.04 -0.05657 0.3295
v -0.04 -0.08 0.28
v -0.04 -0.05657 0.2305
v -0.04 0 0.21
v -0.04 0.05657 0.2305
v -0.04 0.08 0.28
v -0.04 0.05657 0.3295
v -0.04 0.05 0.31
v -0.04 0.0005 0.29243
v -0.04 -0.02 0.25
v -0.04 0.0005 0.20757
v -0.04 0.05 0.19
v -0.04 0.0995 0.20757
v -0.04 0.12 0.25
v -0.04 0.0995 0.29243
v -0.04 0.11 0.27
v -0.04 0.06757 0.25536
v -0.04 0.05 0.22
v -0.04 0.06757 0.18464
v -0.04 0.11 0.17
v -0.04 0.15243 0.18464
v -0.04 0.17 0.22
v -0.04 0.15243 0.25536
v -0.04 0.17 0.23
v -0.04 0.13464 0.21828
v -0.04 0.12 0.19
v -0.04 0.13464 0.16172
v -0.04 0.17 0.15
v -0.04 0.20536 0.16172
v -0.04 0.22 0.19
v -0.04 0.20536 0.21828
v 0.08 -0.17 0.23
v 0.08 -0.20536 0.21828
v 0.08 -0.22 0.19
v 0.08 -0.20536 0.16172
v 0.08 -0.17 0.15
v 0.08 -0.13464 0.16172
v 0.08 -0.12 0.19
v 0.08 -0.13464 0.21828
v 0.08 -0.11 0.27
v 0.08 -0.15243 0.25536
v 0.08 -0.17 0.22
v 0.08 -0.15243 0.18464
v 0.08 -0.11 0.17
v 0.08 -0.06757 0.18464
v 0.08 -0.05 0.22
v 0.08 -0.06757 0.25536
v 0.08 -0.05 0.31
v 0.08 -0.0995 0.29243
v 0.08 -0.12 0.25
v 0.08 -0.0995 0.20757
v 0.08 -0.05 0.19
v 0.08 -0.0005 0.20757
v 0.08 0.02 0.25
v 0.08 -0.0005 0.29243
v 0.08 0 0.35
v 0.08 -0.05657 0.3295
v 0.08 -0.08 0.28
v 0.08 -0.05657 0.2305
v 0.08 0 0.21
v 0.08 0.05657 0.2305
v 0.08 0.08 0.28
v 0.08 0.05657 0.3295
v 0.08 0.05 0.31
v 0.08 0.0005 0.29243
v 0.08 -0.02 0.25
v 0.08 0.0005 0.20757
v 0.08 0.05 0.19
v 0.08 0.0995 0.20757
v 0.08 0.12 0.25
v 0.08 0.0995 0.29243
v 0.08 0.11 0.27
v 0.08 0.06757 0.25536
v 0.08 0.05 0.22
v 0.08 0.06757 0.18464
v 0.08 0.11 0.17
v 0.08 0.15243 0.18464
v 0.08 0.17 0.22
v 0.08 0.15243 0.25536
v 0.08 0.17 0.23
v 0.08 0.13464 0.21828
v 0.08 0.12 0.19
v 0.08 0.13464 0.16172
v 0.08 0.17 0.15
v 0.08 0.20536 0.16172
v 0.08 0.22 0.19
v 0.08 0.20536 0.21828
v 0.2 -0.17 0.23
v 0.2 -0.20536 0.21828
v 0.2 -0.22 0.19
v 0.2 -0.20536 0.16172
v 0.2 -0.17 0.15
v 0.2 -0.13464 0.16172
v 0.2 -0.12 0.19
v 0.2 -0.13464 0.21828
v 0.2 -0.11 0.27
v 0.2 -0.15243 0.25536
v 0.2 -0.17 0.22
v 0.2 -0.15243 0.18464
v 0.2 -0.11 0.17
v 0.2 -0.06757 0.18464
v 0.2 -0.05 0.22
v 0.2 -0.06757 0.25536
v 0.2 -0.05 0.31
v 0.2 -0.0995 0.29243
v 0.2 -0.12 0.25
v 0.2 -0.0995 0.20757
v 0.2 -0.05 0.19
v 0.2 -0.0005 0.20757
v 0.2 0.02 0.25
v 0.2 -0.0005 0.29243
v 0.2 0 0.35
v 0.2 -0.05657 0.3295
v 0.2 -0.08 0.28
v 0.2 -0.05657 0.2305
v 0.2 0 0.21
v 0.2 0.05657 0.2305
v 0.2 0.08 0.28
v 0.2 0.05657 0.3295
v 0.2 0.05 0.31
v 0.2 0.0005 0.29243
v 0.2 -0.02 0.25
v 0.2 0.0005 0.20757
v 0.2 0.05 0.19
v 0.2 0.0995 0.20757
v 0.2 0.12 0.25
v 0.2 0.0995 0.29243
v 0.2 0.11 0.27
v 0.2 0.06757 0.25536
v 0.2 0.05 0.22
v 0.2 0.06757 0.18464
v 0.2 0.11 0.17
v 0.2 0.15243 0.18464
v 0.2 0.17 0.22
v 0.2 0.15243 0.25536
v 0.2 0.17 0.23
v 0.2 0.13464 0.21828
v 0.2 0.12 0.19
v 0.2 0.13464 0.16172
v 0.2 0.17 0.15
v 0.2 0.20536 0.16172
v 0.2 0.22 0.19
v 0.2 0.20536 0.21828
v 0.31 -0.17 0.23
v 0.31 -0.20536 0.21828
v 0.31 -0.22 0.19
v 0.31 -0.20536 0.16172
v 0.31 -0.17 0.15
v 0.31 -0.13464 0.16172
v 0.31 -0.12 0.19
v 0.31 -0.13464 0.21828
v 0.31 -0.11 0.27
v 0.31 -0.15243 0.25536
v 0.31 -0.17 0.22
v 0.31 -0.15243 0.18464
v 0.31 -0.11 0.17
v 0.31 -0.06757 0.18464
v 0.31 -0.05 0.22
v 0.31 -0.06757 0.25536
v 0.31 -0.05 0.31
v 0.31 -0.0995 0.29243
v 0.31 -0.12 0.25
v 0.31 -0.0995 0.20757
v 0.31 -0.05 0.19
v 0.31 -0.0005 0.20757
v 0.31 0.02 0.25
v 0.31 -0.0005 0.29243
v 0.31 0 0.35
v 0.31 -0.05657 0.3295
v 0.31 -0.08 0.28
v 0.31 -0.05657 0.2305
v 0.31 0 0.21
v 0.31 0.05657 0.2305
v 0.31 0.08 0.28
v 0.31 0.05657 0.3295
v 0.31 0.05 0.31
v 0.31 0.0005 0.29243
v 0.31 -0.02 0.25
v 0.31 0.0005 0.20757
v 0.31 0.05 0.19
v 0.31 0.0995 0.20757
v 0.31 0.12 0.25
v 0.31 0.0995 0.29243
v 0.31 0.11 0.27
v 0.31 0.06757 0.25536
v 0.31 0.05 0.22
v 0.31 0.06757 0.18464
v 0.31 0.11 0.17
v 0.31 0.15243 0.18464
v 0.31 0.17 0.22
v 0.31 0.15243 0.25536
v 0.31 0.17 0.23
v 0.31 0.13464 0.21828
v 0.31 0.12 0.19
v 0.31 0.13464 0.16172
v 0.31 0.17 0.15
v 0.31 0.20536 0.16172
v 0.31 0.22 0.19
v 0.31 0.20536 0.21828
v -0.3 0 0.27
v -0.3 -0.03536 0.25536
v -0.3 -0.05 0.22
v -0.3 -0.03536 0.18464
v -0.3 0 0.17
v -0.3 0.03536 0.18464
v -0.3 0.05 0.22
v -0.3 0.03536 0.25536
v -0.2 0 0.31
v -0.2 -0.04243 0.29243
v -0.2 -0.06 0.25
v -0.2 -0.04243 0.20757
v -0.2 0 0.19
v -0.2 0.04243 0.20757
v -0.2 0.06 0.25
v -0.2 0.04243 0.29243
v -0.1 0 0.34
v -0.1 -0.0495 0.3195
v -0.1 -0.07 0.27
v -0.1 -0.0495 0.2205
v -0.1 0 0.2
v -0.1 0.0495 0.2205
v -0.1 0.07 0.27
v -0.1 0.0495 0.3195
v 0 0 0.37
v 0 -0.05657 0.34657
v 0 -0.08 0.29
v 0 -0.05657 0.23343
v 0 0 0.21
v 0 0.05657 0.23343
v 0 0.08 0.29
v 0 0.05657 0.34657
v 0.1 0 0.34
v 0.1 -0.0495 0.3195
v 0.1 -0.07 0.27
v 0.1 -0.0495 0.2205
v 0.1 0 0.2
v 0.1 0.0495 0.2205
v 0.1 0.07 0.27
v 0.1 0.0495 0.3195
v 0.2 0 0.31
v 0.2 -0.04243 0.29243
v 0.2 -0.06 0.25
v 0.2 -0.04243 0.20757
v 0.2 0 0.19
v 0.2 0.04243 0.20757
v 0.2 0.06 0.25
v 0.2 0.04243 0.29243
v 0.3 0 0.27
v 0.3 -0.03536 0.25536
v 0.3 -0.05 0.22
v 0.3 -0.03536 0.18464
v 0.3 0 0.17
v 0.3 0.03536 0.18464
v 0.3 0.05 0.22
v 0.3 0.03536 0.25536
v -0.25 -0.27 0.12
v -0.25 -0.30536 0.10828
v -0.25 -0.32 0.08
v -0.25 -0.30536 0.05172
v -0.25 -0.27 0.04
v -0.25 -0.23464 0.05172
v -0.25 -0.22 0.08
v -0.25 -0.23464 0.10828
v -0.24 -0.33 0.16
v -0.24 -0.37243 0.14536
v -0.24 -0.39 0.11
v -0.24 -0.37243 0.07464
v -0.24 -0.33 0.06
v -0.24 -0.28757 0.07464
v -0.24 -0.27 0.11
v -0.24 -0.28757 0.14536
v -0.22 -0.38 0.19
v -0.22 -0.41536 0.17828
v -0.22 -0.43 0.15
v -0.22 -0.41536 0.12172
v -0.22 -0.38 0.11
v -0.22 -0.34464 0.12172
v -0.22 -0.33 0.15
v -0.22 -0.34464 0.17828
v -0.19 -0.43 0.145
v -0.19 -0.45121 0.13768
v -0.19 -0.46 0.12
v -0.19 -0.45121 0.10232
v -0.19 -0.43 0.095
v -0.19 -0.40879 0.10232
v -0.19 -0.4 0.12
v -0.19 -0.40879 0.13768
v -0.25 0.27 0.04
v -0.25 0.30536 0.05172
v -0.25 0.32 0.08
v -0.25 0.30536 0.10828
v -0.25 0.27 0.12
v -0.25 0.23464 0.10828
v -0.25 0.22 0.08
v -0.25 0.23464 0.05172
v -0.24 0.33 0.06
v -0.24 0.37243 0.07464
v -0.24 0.39 0.11
v -0.24 0.37243 0.14536
v -0.24 0.33 0.16
v -0.24 0.28757 0.14536
v -0.24 0.27 0.11
v -0.24 0.28757 0.07464
v -0.22 0.38 0.11
v -0.22 0.41536 0.12172
v -0.22 0.43 0.15
v -0.22 0.41536 0.17828
v -0.22 0.38 0.19
v -0.22 0.34464 0.17828
v -0.22 0.33 0.15
v -0.22 0.34464 0.12172
v -0.19 0.43 0.095
v -0.19 0.45121 0.10232
v -0.19 0.46 0.12
v -0.19 0.45121 0.13768
v -0.19 0.43 0.145
v -0.19 0.40879 0.13768
v -0.19 0.4 0.12
v -0.19 0.40879 0.10232
v -0.12 -0.27 0.12
v -0.12 -0.30536 0.10828
v -0.12 -0.32 0.08
v -0.12 -0.30536 0.05172
v -0.12 -0.27 0.04
v -0.12 -0.23464 0.05172
v -0.12 -0.22 0.08
v -0.12 -0.23464 0.10828
v -0.11 -0.33 0.16
v -0.11 -0.37243 0.14536
v -0.11 -0.39 0.11
v -0.11 -0.37243 0.07464
v -0.11 -0.33 0.06
v -0.11 -0.28757 0.07464
v -0.11 -0.27 0.11
v -0.11 -0.28757 0.14536
v -0.09 -0.38 0.19
v -0.09 -0.41536 0.17828
v -0.09 -0.43 0.15
v -0.09 -0.41536 0.12172
v -0.09 -0.38 0.11
v -0.09 -0.34464 0.12172
v -0.09 -0.33 0.15
v -0.09 -0.34464 0.17828
v -0.06 -0.43 0.145
v -0.06 -0.45121 0.13768
v -0.06 -0.46 0.12
v -0.06 -0.45121 0.10232
v -0.06 -0.43 0.095
v -0.06 -0.40879 0.10232
v -0.06 -0.4 0.12
v -0.06 -0.40879 0.13768
v -0.12 0.27 0.04
v -0.12 0.30536 0.05172
v -0.12 0.32 0.08
v -0.12 0.30536 0.10828
v -0.12 0.27 0.12
v -0.12 0.23464 0.10828
v -0.12 0.22 0.08
v -0.12 0.23464 0.05172
v -0.11 0.33 0.06
v -0.11 0.37243 0.07464
v -0.11 0.39 0.11
v -0.11 0.37243 0.14536
v -0.11 0.33 0.16
v -0.11 0.28757 0.14536
v -0.11 0.27 0.11
v -0.11 0.28757 0.07464
v -0.09 0.38 0.11
v -0.09 0.41536 0.12172
v -0.09 0.43 0.15
v -0.09 0.41536 0.17828
v -0.09 0.38 0.19
v -0.09 0.34464 0.17828
v -0.09 0.33 0.15
v -0.09 0.34464 0.12172
v -0.06 0.43 0.095
v -0.06 0.45121 0.10232
v -0.06 0.46 0.12
v -0.06 0.45121 0.13768
v -0.06 0.43 0.145
v -0.06 0.40879 0.13768
v -0.06 0.4 0.12
v -0.06 0.40879 0.10232
v 0.01 -0.27 0.12
v 0.01 -0.30536 0.10828
v 0.01 -0.32 0.08
v 0.01 -0.30536 0.05172
v 0.01 -0.27 0.04
v 0.01 -0.23464 0.05172
v 0.01 -0.22 0.08
v 0.01 -0.23464 0.10828
v 0.02 -0.33 0.16
v 0.02 -0.37243 0.14536
v 0.02 -0.39 0.11
v 0.02 -0.37243 0.07464
v 0.02 -0.33 0.06
v 0.02 -0.28757 0.07464
v 0.02 -0.27 0.11
v 0.02 -0.28757 0.14536
v 0.04 -0.38 0.19
v 0.04 -0.41536 0.17828
v 0.04 -0.43 0.15
v 0.04 -0.41536 0.12172
v 0.04 -0.38 0.11
v 0.04 -0.34464 0.12172
v 0.04 -0.33 0.15
v 0.04 -0.34464 0.17828
v 0.07 -0.43 0.145
v 0.07 -0.45121 0.13768
v 0.07 -0.46 0.12
v 0.07 -0.45121 0.10232
v 0.07 -0.43 0.095
v 0.07 -0.40879 0.10232
v 0.07 -0.4 0.12
v 0.07 -0.40879 0.13768
v 0.01 0.27 0.04
v 0.01 0.30536 0.05172
v 0.01 0.32 0.08
v 0.01 0.30536 0.10828
v 0.01 0.27 0.12
v 0.01 0.23464 0.10828
v 0.01 0.22 0.08
v 0.01 0.23464 0.05172
v 0.02 0.33 0.06
v 0.02 0.37243 0.07464
v 0.02 0.39 0.11
v 0.02 0.37243 0.14536
v 0.02 0.33 0.16
v 0.02 0.28757 0.14536
v 0.02 0.27 0.11
v 0.02 0.28757 0.07464
v 0.04 0.38 0.11
v 0.04 0.41536 0.12172
v 0.04 0.43 0.15
v 0.04 0.41536 0.17828
v 0.04 0.38 0.19
v 0.04 0.34464 0.17828
v 0.04 0.33 0.15
v 0.04 0.34464 0.12172
v 0.07 0.43 0.095
v 0.07 0.45121 0.10232
v 0.07 0.46 0.12
v 0.07 0.45121 0.13768
v 0.07 0.43 0.145
v 0.07 0.40879 0.13768
v 0.07 0.4 0.12
v 0.07 0.40879 0.10232
v 0.14 -0.27 0.12
v 0.14 -0.30536 0.10828
v 0.14 -0.32 0.08
v 0.14 -0.30536 0.05172
v 0.14 -0.27 0.04
v 0.14 -0.23464 0.05172
v 0.14 -0.22 0.08
v 0.14 -0.23464 0.10828
v 0.15 -0.33 0.16
v 0.15 -0.37243 0.14536
v 0.15 -0.39 0.11
v 0.15 -0.37243 0.07464
v 0.15 -0.33 0.06
v 0.15 -0.28757 0.07464
v 0.15 -0.27 0.11
v 0.15 -0.28757 0.14536
v 0.17 -0.38 0.19
v 0.17 -0.41536 0.17828
v 0.17 -0.43 0.15
v 0.17 -0.41536 0.12172
v 0.17 -0.38 0.11
v 0.17 -0.34464 0.12172
v 0.17 -0.33 0.15
v 0.17 -0.34464 0.17828
v 0.2 -0.43 0.145
v 0.2 -0.45121 0.13768
v 0.2 -0.46 0.12
v 0.2 -0.45121 0.10232
v 0.2 -0.43 0.095
v 0.2 -0.40879 0.10232
v 0.2 -0.4 0.12
v 0.2 -0.40879 0.13768
v 0.14 0.27 0.04
v 0.14 0.30536 0.05172
v 0.14 0.32 0.08
v 0.14 0.30536 0.10828
v 0.14 0.27 0.12
v 0.14 0.23464 0.10828
v 0.14 0.22 0.08
v 0.14 0.23464 0.05172
v 0.15 0.33 0.06
v 0.15 0.37243 0.07464
v 0.15 0.39 0.11
v 0.15 0.37243 0.14536
v 0.15 0.33 0.16
v 0.15 0.28757 0.14536
v 0.15 0.27 0.11
v 0.15 0.28757 0.07464
v 0.17 0.38 0.11
v 0.17 0.41536 0.12172
v 0.17 0.43 0.15
v 0.17 0.41536 0.17828
v 0.17 0.38 0.19
v 0.17 0.34464 0.17828
v 0.17 0.33 0.15
v 0.17 0.34464 0.12172
v 0.2 0.43 0.095
v 0.2 0.45121 0.10232
v 0.2 0.46 0.12
v 0.2 0.45121 0.13768
v 0.2 0.43 0.145
v 0.2 0.40879 0.13768
v 0.2 0.4 0.12
v 0.2 0.40879 0.10232
v 0.27 -0.27 0.12
v 0.27 -0.30536 0.10828
v 0.27 -0.32 0.08
v 0.27 -0.30536 0.05172
v 0.27 -0.27 0.04
v 0.27 -0.23464 0.05172
v 0.27 -0.22 0.08
v 0.27 -0.23464 0.10828
v 0.28 -0.33 0.16
v 0.28 -0.37243 0.14536
v 0.28 -0.39 0.11
v 0.28 -0.37243 0.07464
v 0.28 -0.33 0.06
v 0.28 -0.28757 0.07464
v 0.28 -0.27 0.11
v 0.28 -0.28757 0.14536
v 0.3 -0.38 0.19
v 0.3 -0.41536 0.17828
v 0.3 -0.43 0.15
v 0.3 -0.41536 0.12172
v 0.3 -0.38 0.11
v 0.3 -0.34464 0.12172
v 0.3 -0.33 0.15
v 0.3 -0.34464 0.17828
v 0.33 -0.43 0.145
v 0.33 -0.45121 0.13768
v 0.33 -0.46 0.12
v 0.33 -0.45121 0.10232
v 0.33 -0.43 0.095
v 0.33 -0.40879 0.10232
v 0.33 -0.4 0.12
v 0.33 -0.40879 0.13768
v 0.27 0.27 0.04
v 0.27 0.30536 0.05172
v 0.27 0.32 0.08
v 0.27 0.30536 0.10828
v 0.27 0.27 0.12
v 0.27 0.23464 0.10828
v 0.27 0.22 0.08
v 0.27 0.23464 0.05172
v 0.28 0.33 0.06
v 0.28 0.37243 0.07464
v 0.28 0.39 0.11
v 0.28 0.37243 0.14536
v 0.28 0.33 0.16
v 0.28 0.28757 0.14536
v 0.28 0.27 0.11
v 0.28 0.28757 0.07464
v 0.3 0.38 0.11
v 0.3 0.41536 0.12172
v 0.3 0.43 0.15
v 0.3 0.41536 0.17828
v 0.3 0.38 0.19
v 0.3 0.34464 0.17828
v 0.3 0.33 0.15
v 0.3 0.34464 0.12172
v 0.33 0.43 0.095
v 0.33 0.45121 0.10232
v 0.33 0.46 0.12
v 0.33 0.45121 0.13768
v 0.33 0.43 0.145
v 0.33 0.40879 0.13768
v 0.33 0.4 0.12
v 0.33 0.40879 0.10232
v -0.25 0.27 0.12
v -0.25 0.23464 0.10828
v -0.25 0.22 0.08
v -0.25 0.23464 0.05172
v -0.25 0.27 0.04
v -0.25 0.30536 0.05172
v -0.25 0.32 0.08
v -0.25 0.30536 0.10828
v -0.24 0.33 0.16
v -0.24 0.28757 0.14536
v -0.24 0.27 0.11
v -0.24 0.28757 0.07464
v -0.24 0.33 0.06
v -0.24 0.37243 0.07464
v -0.24 0.39 0.11
v -0.24 0.37243 0.14536
v -0.22 0.38 0.19
v -0.22 0.34464 0.17828
v -0.22 0.33 0.15
v -0.22 0.34464 0.12172
v -0.22 0.38 0.11
v -0.22 0.41536 0.12172
v -0.22 0.43 0.15
v -0.22 0.41536 0.17828
v -0.19 0.43 0.145
v -0.19 0.40879 0.13768
v -0.19 0.4 0.12
v -0.19 0.40879 0.10232
v -0.19 0.43 0.095
v -0.19 0.45121 0.10232
v -0.19 0.46 0.12
v -0.19 0.45121 0.13768
v -0.25 -0.27 0.04
v -0.25 -0.23464 0.05172
v -0.25 -0.22 0.08
v -0.25 -0.23464 0.10828
v -0.25 -0.27 0.12
v -0.25 -0.30536 0.10828
v -0.25 -0.32 0.08
v -0.25 -0.30536 0.05172
v -0.24 -0.33 0.06
v -0.24 -0.28757 0.07464
v -0.24 -0.27 0.11
v -0.24 -0.28757 0.14536
v -0.24 -0.33 0.16
v -0.24 -0.37243 0.14536
v -0.24 -0.39 0.11
v -0.24 -0.37243 0.07464
v -0.22 -0.38 0.11
v -0.22 -0.34464 0.12172
v -0.22 -0.33 0.15
v -0.22 -0.34464 0.17828
v -0.22 -0.38 0.19
v -0.22 -0.41536 0.17828
v -0.22 -0.43 0.15
v -0.22 -0.41536 0.12172
v -0.19 -0.43 0.095
v -0.19 -0.40879 0.10232
v -0.19 -0.4 0.12
v -0.19 -0.40879 0.13768
v -0.19 -0.43 0.145
v -0.19 -0.45121 0.13768
v -0.19 -0.46 0.12
v -0.19 -0.45121 0.10232
v -0.12 0.27 0.12
v -0.12 0.23464 0.10828
v -0.12 0.22 0.08
v -0.12 0.23464 0.05172
v -0.12 0.27 0.04
v -0.12 0.30536 0.05172
v -0.12 0.32 0.08
v -0.12 0.30536 0.10828
v -0.11 0.33 0.16
v -0.11 0.28757 0.14536
v -0.11 0.27 0.11
v -0.11 0.28757 0.07464
v -0.11 0.33 0.06
v -0.11 0.37243 0.07464
v -0.11 0.39 0.11
v -0.11 0.37243 0.14536
v -0.09 0.38 0.19
v -0.09 0.34464 0.17828
v -0.09 0.33 0.15
v -0.09 0.34464 0.12172
v -0.09 0.38 0.11
v -0.09 0.41536 0.12172
v -0.09 0.43 0.15
v -0.09 0.41536 0.17828
v -0.06 0.43 0.145
v -0.06 0.40879 0.13768
v -0.06 0.4 0.12
v -0.06 0.40879 0.10232
v -0.06 0.43 0.095
v -0.06 0.45121 0.10232
v -0.06 0.46 0.12
v -0.06 0.45121 0.13768
v -0.12 -0.27 0.04
v -0.12 -0.23464 0.05172
v -0.12 -0.22 0.08
v -0.12 -0.23464 0.10828
v -0.12 -0.27 0.12
v -0.12 -0.30536 0.10828
v -0.12 -0.32 0.08
v -0.12 -0.30536 0.05172
v -0.11 -0.33 0.06
v -0.11 -0.28757 0.07464
v -0.11 -0.27 0.11
v -0.11 -0.28757 0.14536
v -0.11 -0.33 0.16
v -0.11 -0.37243 0.14536
v -0.11 -0.39 0.11
v -0.11 -0.37243 0.07464
v -0.09 -0.38 0.11
v -0.09 -0.34464 0.12172
v -0.09 -0.33 0.15
v -0.09 -0.34464 0.17828
v -0.09 -0.38 0.19
v -0.09 -0.41536 0.17828
v -0.09 -0.43 0.15
v -0.09 -0.41536 0.12172
v -0.06 -0.43 0.095
v -0.06 -0.40879 0.10232
v -0.06 -0.4 0.12
v -0.06 -0.40879 0.13768
v -0.06 -0.43 0.145
v -0.06 -0.45121 0.13768
v -0.06 -0.46 0.12
v -0.06 -0.45121 0.10232
v 0.01 0.27 0.12
v 0.01 0.23464 0.10828
v 0.01 0.22 0.08
v 0.01 0.23464 0.05172
v 0.01 0.27 0.04
v 0.01 0.30536 0.05172
v 0.01 0.32 0.08
v 0.01 0.30536 0.10828
v 0.02 0.33 0.16
v 0.02 0.28757 0.14536
v 0.02 0.27 0.11
v 0.02 0.28757 0.07464
v 0.02 0.33 0.06
v 0.02 0.37243 0.07464
v 0.02 0.39 0.11
v 0.02 0.37243 0.14536
v 0.04 0.38 0.19
v 0.04 0.34464 0.17828
v 0.04 0.33 0.15
v 0.04 0.34464 0.12172
v 0.04 0.38 0.11
v 0.04 0.41536 0.12172
v 0.04 0.43 0.15
v 0.04 0.41536 0.17828
v 0.07 0.43 0.145
v 0.07 0.40879 0.13768
v 0.07 0.4 0.12
v 0.07 0.40879 0.10232
v 0.07 0.43 0.095
v 0.07 0.45121 0.10232
v 0.07 0.46 0.12
v 0.07 0.45121 0.13768
v 0.01 -0.27 0.04
v 0.01 -0.23464 0.05172
v 0.01 -0.22 0.08
v 0.01 -0.23464 0.10828
v 0.01 -0.27 0.12
v 0.01 -0.30536 0.10828
v 0.01 -0.32 0.08
v 0.01 -0.30536 0.05172
v 0.02 -0.33 0.06
v 0.02 -0.28757 0.07464
v 0.02 -0.27 0.11
v 0.02 -0.28757 0.14536
v 0.02 -0.33 0.16
v 0.02 -0.37243 0.14536
v 0.02 -0.39 0.11
v 0.02 -0.37243 0.07464
v 0.04 -0.38 0.11
v 0.04 -0.34464 0.12172
v 0.04 -0.33 0.15
v 0.04 -0.34464 0.17828
v 0.04 -0.38 0.19
v 0.04 -0.41536 0.17828
v 0.04 -0.43 0.15
v 0.04 -0.41536 0.12172
v 0.07 -0.43 0.095
v 0.07 -0.40879 0.10232
v 0.07 -0.4 0.12
v 0.07 -0.40879 0.13768
v 0.07 -0.43 0.145
v 0.07 -0.45121 0.13768
v 0.07 -0.46 0.12
v 0.07 -0.45121 0.10232
v 0.14 0.27 0.12
v 0.14 0.23464 0.10828
v 0.14 0.22 0.08
v 0.14 0.23464 0.05172
v 0.14 0.27 0.04
v 0.14 0.30536 0.05172
v 0.14 0.32 0.08
v 0.14 0.30536 0.10828
v 0.15 0.33 0.16
v 0.15 0.28757 0.14536
v 0.15 0.27 0.11
v 0.15 0.28757 0.07464
v 0.15 0.33 0.06
v 0.15 0.37243 0.07464
v 0.15 0.39 0.11
v 0.15 0.37243 0.14536
v 0.17 0.38 0.19
v 0.17 0.34464 0.17828
v 0.17 0.33 0.15
v 0.17 0.34464 0.12172
v 0.17 0.38 0.11
v 0.17 0.41536 0.12172
v 0.17 0.43 0.15
v 0.17 0.41536 0.17828
v 0.2 0.43 0.145
v 0.2 0.40879 0.13768
v 0.2 0.4 0.12
v 0.2 0.40879 0.10232
v 0.2 0.43 0.095
v 0.2 0.45121 0.10232
v 0.2 0.46 0.12
v 0.2 0.45121 0.13768
v 0.14 -0.27 0.04
v 0.14 -0.23464 0.05172
v 0.14 -0.22 0.08
v 0.14 -0.23464 0.10828
v 0.14 -0.27 0.12
v 0.14 -0.30536 0.10828
v 0.14 -0.32 0.08
v 0.14 -0.30536 0.05172
v 0.15 -0.33 0.06
v 0.15 -0.28757 0.07464
v 0.15 -0.27 0.11
v 0.15 -0.28757 0.14536
v 0.15 -0.33 0.16
v 0.15 -0.37243 0.14536
v 0.15 -0.39 0.11
v 0.15 -0.37243 0.07464
v 0.17 -0.38 0.11
v 0.17 -0.34464 0.12172
v 0.17 -0.33 0.15
v 0.17 -0.34464 0.17828
v 0.17 -0.38 0.19
v 0.17 -0.41536 0.17828
v 0.17 -0.43 0.15
v 0.17 -0.41536 0.12172
v 0.2 -0.43 0.095
v 0.2 -0.40879 0.10232
v 0.2 -0.4 0.12
v 0.2 -0.40879 0.13768
v 0.2 -0.43 0.145
v 0.2 -0.45121 0.13768
v 0.2 -0.46 0.12
v 0.2 -0.45121 0.10232
v 0.27 0.27 0.12
v 0.27 0.23464 0.10828
v 0.27 0.22 0.08
v 0.27 0.23464 0.05172
v 0.27 0.27 0.04
v 0.27 0.30536 0.05172
v 0.27 0.32 0.08
v 0.27 0.30536 0.10828
v 0.28 0.33 0.16
v 0.28 0.28757 0.14536
v 0.28 0.27 0.11
v 0.28 0.28757 0.07464
v 0.28 0.33 0.06
v 0.28 0.37243 0.07464
v 0.28 0.39 0.11
v 0.28 0.37243 0.14536
v 0.3 0.38 0.19
v 0.3 0.34464 0.17828
v 0.3 0.33 0.15
v 0.3 0.34464 0.12172
v 0.3 0.38 0.11
v 0.3 0.41536 0.12172
v 0.3 0.43 0.15
v 0.3 0.41536 0.17828
v 0.33 0.43 0.145
v 0.33 0.40879 0.13768
v 0.33 0.4 0.12
v 0.33 0.40879 0.10232
v 0.33 0.43 0.095
v 0.33 0.45121 0.10232
v 0.33 0.46 0.12
v 0.33 0.45121 0.13768
v 0.27 -0.27 0.04
v 0.27 -0.23464 0.05172
v 0.27 -0.22 0.08
v 0.27 -0.23464 0.10828
v 0.27 -0.27 0.12
v 0.27 -0.30536 0.10828
v 0.27 -0.32 0.08
v 0.27 -0.30536 0.05172
v 0.28 -0.33 0.06
v 0.28 -0.28757 0.07464
v 0.28 -0.27 0.11
v 0.28 -0.28757 0.14536
v 0.28 -0.33 0.16
v 0.28 -0.37243 0.14536
v 0.28 -0.39 0.11
v 0.28 -0.37243 0.07464
v 0.3 -0.38 0.11
v 0.3 -0.34464 0.12172
v 0.3 -0.33 0.15
v 0.3 -0.34464 0.17828
v 0.3 -0.38 0.19
v 0.3 -0.41536 0.17828
v 0.3 -0.43 0.15
v 0.3 -0.41536 0.12172
v 0.33 -0.43 0.095
v 0.33 -0.40879 0.10232
v 0.33 -0.4 0.12
v 0.33 -0.40879 0.13768
v 0.33 -0.43 0.145
v 0.33 -0.45121 0.13768
v 0.33 -0.46 0.12
v 0.33 -0.45121 0.10232
v -0.25 -0.31 0.065
v -0.25 -0.34889 0.05475
v -0.25 -0.365 0.03
v -0.25 -0.34889 0.00525
v -0.25 -0.31 -0.005
v -0.25 -0.27111 0.00525
v -0.25 -0.255 0.03
v -0.25 -0.27111 0.05475
v -0.21 -0.34 0.095
v -0.21 -0.38596 0.08182
v -0.21 -0.405 0.05
v -0.21 -0.38596 0.01818
v -0.21 -0.34 0.005
v -0.21 -0.29404 0.01818
v -0.21 -0.275 0.05
v -0.21 -0.29404 0.08182
v -0.16 -0.37 0.055
v -0.16 -0.39828 0.04768
v -0.16 -0.41 0.03
v -0.16 -0.39828 0.01232
v -0.16 -0.37 0.005
v -0.16 -0.34172 0.01232
v -0.16 -0.33 0.03
v -0.16 -0.34172 0.04768
v -0.25 0.31 -0.005
v -0.25 0.34889 0.00525
v -0.25 0.365 0.03
v -0.25 0.34889 0.05475
v -0.25 0.31 0.065
v -0.25 0.27111 0.05475
v -0.25 0.255 0.03
v -0.25 0.27111 0.00525
v -0.21 0.34 0.005
v -0.21 0.38596 0.01818
v -0.21 0.405 0.05
v -0.21 0.38596 0.08182
v -0.21 0.34 0.095
v -0.21 0.29404 0.08182
v -0.21 0.275 0.05
v -0.21 0.29404 0.01818
v -0.16 0.37 0.005
v -0.16 0.39828 0.01232
v -0.16 0.41 0.03
v -0.16 0.39828 0.04768
v -0.16 0.37 0.055
v -0.16 0.34172 0.04768
v -0.16 0.33 0.03
v -0.16 0.34172 0.01232
v -0.11 -0.31 0.065
v -0.11 -0.34889 0.05475
v -0.11 -0.365 0.03
v -0.11 -0.34889 0.00525
v -0.11 -0.31 -0.005
v -0.11 -0.27111 0.00525
v -0.11 -0.255 0.03
v -0.11 -0.27111 0.05475
v -0.07 -0.34 0.095
v -0.07 -0.38596 0.08182
v -0.07 -0.405 0.05
v -0.07 -0.38596 0.01818
v -0.07 -0.34 0.005
v -0.07 -0.29404 0.01818
v -0.07 -0.275 0.05
v -0.07 -0.29404 0.08182
v -0.02 -0.37 0.055
v -0.02 -0.39828 0.04768
v -0.02 -0.41 0.03
v -0.02 -0.39828 0.01232
v -0.02 -0.37 0.005
v -0.02 -0.34172 0.01232
v -0.02 -0.33 0.03
v -0.02 -0.34172 0.04768
v -0.11 0.31 -0.005
v -0.11 0.34889 0.00525
v -0.11 0.365 0.03
v -0.11 0.34889 0.05475
v -0.11 0.31 0.065
v -0.11 0.27111 0.05475
v -0.11 0.255 0.03
v -0.11 0.27111 0.00525
v -0.07 0.34 0.005
v -0.07 0.38596 0.01818
v -0.07 0.405 0.05
v -0.07 0.38596 0.08182
v -0.07 0.34 0.095
v -0.07 0.29404 0.08182
v -0.07 0.275 0.05
v -0.07 0.29404 0.01818
v -0.02 0.37 0.005
v -0.02 0.39828 0.01232
v -0.02 0.41 0.03
v -0.02 0.39828 0.04768
v -0.02 0.37 0.055
v -0.02 0.34172 0.04768
v -0.02 0.33 0.03
v -0.02 0.34172 0.01232
v 0.03 -0.31 0.065
v 0.03 -0.34889 0.05475
v 0.03 -0.365 0.03
v 0.03 -0.34889 0.00525
v 0.03 -0.31 -0.005
v 0.03 -0.27111 0.00525
v 0.03 -0.255 0.03
v 0.03 -0.27111 0.05475
v 0.07 -0.34 0.095
v 0.07 -0.38596 0.08182
v 0.07 -0.405 0.05
v 0.07 -0.38596 0.01818
v 0.07 -0.34 0.005
v 0.07 -0.29404 0.01818
v 0.07 -0.275 0.05
v 0.07 -0.29404 0.08182
v 0.12 -0.37 0.055
v 0.12 -0.39828 0.04768
v 0.12 -0.41 0.03
v 0.12 -0.39828 0.01232
v 0.12 -0.37 0.005
v 0.12 -0.34172 0.01232
v 0.12 -0.33 0.03
v 0.12 -0.34172 0.04768
v 0.03 0.31 -0.005
v 0.03 0.34889 0.00525
v 0.03 0.365 0.03
v 0.03 0.34889 0.05475
v 0.03 0.31 0.065
v 0.03 0.27111 0.05475
v 0.03 0.255 0.03
v 0.03 0.27111 0.00525
v 0.07 0.34 0.005
v 0.07 0.38596 0.01818
v 0.07 0.405 0.05
v 0.07 0.38596 0.08182
v 0.07 0.34 0.095
v 0.07 0.29404 0.08182
v 0.07 0.275 0.05
v 0.07 0.29404 0.01818
v 0.12 0.37 0.005
v 0.12 0.39828 0.01232
v 0.12 0.41 0.03
v 0.12 0.39828 0.04768
v 0.12 0.37 0.055
v 0.12 0.34172 0.04768
v 0.12 0.33 0.03
v 0.12 0.34172 0.01232
v 0.17 -0.31 0.065
v 0.17 -0.34889 0.05475
v 0.17 -0.365 0.03
v 0.17 -0.34889 0.00525
v 0.17 -0.31 -0.005
v 0.17 -0.27111 0.00525
v 0.17 -0.255 0.03
v 0.17 -0.27111 0.05475
v 0.21 -0.34 0.095
v 0.21 -0.38596 0.08182
v 0.21 -0.405 0.05
v 0.21 -0.38596 0.01818
v 0.21 -0.34 0.005
v 0.21 -0.29404 0.01818
v 0.21 -0.275 0.05
v 0.21 -0.29404 0.08182
v 0.26 -0.37 0.055
v 0.26 -0.39828 0.04768
v 0.26 -0.41 0.03
v 0.26 -0.39828 0.01232
v 0.26 -0.37 0.005
v 0.26 -0.34172 0.01232
v 0.26 -0.33 0.03
v 0.26 -0.34172 0.04768
v 0.17 0.31 -0.005
v 0.17 0.34889 0.00525
v 0.17 0.365 0.03
v 0.17 0.34889 0.05475
v 0.17 0.31 0.065
v 0.17 0.27111 0.05475
v 0.17 0.255 0.03
v 0.17 0.27111 0.00525
v 0.21 0.34 0.005
v 0.21 0.38596 0.01818
v 0.21 0.405 0.05
v 0.21 0.38596 0.08182
v 0.21 0.34 0.095
v 0.21 0.29404 0.08182
v 0.21 0.275 0.05
v 0.21 0.29404 0.01818
v 0.26 0.37 0.005
v 0.26 0.39828 0.01232
v 0.26 0.41 0.03
v 0.26 0.39828 0.04768
v 0.26 0.37 0.055
v 0.26 0.34172 0.04768
v 0.26 0.33 0.03
v 0.26 0.34172 0.01232
v -0.25 0.31 0.065
v -0.25 0.27111 0.05475
v -0.25 0.255 0.03
v -0.25 0.27111 0.00525
v -0.25 0.31 -0.005
v -0.25 0.34889 0.00525
v -0.25 0.365 0.03
v -0.25 0.34889 0.05475
v -0.21 0.34 0.095
v -0.21 0.29404 0.08182
v -0.21 0.275 0.05
v -0.21 0.29404 0.01818
v -0.21 0.34 0.005
v -0.21 0.38596 0.01818
v -0.21 0.405 0.05
v -0.21 0.38596 0.08182
v -0.16 0.37 0.055
v -0.16 0.34172 0.04768
v -0.16 0.33 0.03
v -0.16 0.34172 0.01232
v -0.16 0.37 0.005
v -0.16 0.39828 0.01232
v -0.16 0.41 0.03
v -0.16 0.39828 0.04768
v -0.25 -0.31 -0.005
v -0.25 -0.27111 0.00525
v -0.25 -0.255 0.03
v -0.25 -0.27111 0.05475
v -0.25 -0.31 0.065
v -0.25 -0.34889 0.05475
v -0.25 -0.365 0.03
v -0.25 -0.34889 0.00525
v -0.21 -0.34 0.005
v -0.21 -0.29404 0.01818
v -0.21 -0.275 0.05
v -0.21 -0.29404 0.08182
v -0.21 -0.34 0.095
v -0.21 -0.38596 0.08182
v -0.21 -0.405 0.05
v -0.21 -0.38596 0.01818
v -0.16 -0.37 0.005
v -0.16 -0.34172 0.01232
v -0.16 -0.33 0.03
v -0.16 -0.34172 0.04768
v -0.16 -0.37 0.055
v -0.16 -0.39828 0.04768
v -0.16 -0.41 0.03
v -0.16 -0.39828 0.01232
v -0.11 0.31 0.065
v -0.11 0.27111 0.05475
v -0.11 0.255 0.03
v -0.11 0.27111 0.00525
v -0.11 0.31 -0.005
v -0.11 0.34889 0.00525
v -0.11 0.365 0.03
v -0.11 0.34889 0.05475
v -0.07 0.34 0.095
v -0.07 0.29404 0.08182
v -0.07 0.275 0.05
v -0.07 0.29404 0.01818
v -0.07 0.34 0.005
v -0.07 0.38596 0.01818
v -0.07 0.405 0.05
v -0.07 0.38596 0.08182
v -0.02 0.37 0.055
v -0.02 0.34172 0.04768
v -0.02 0.33 0.03
v -0.02 0.34172 0.01232
v -0.02 0.37 0.005
v -0.02 0.39828 0.01232
v -0.02 0.41 0.03
v -0.02 0.39828 0.04768
v -0.11 -0.31 -0.005
v -0.11 -0.27111 0.00525
v -0.11 -0.255 0.03
v -0.11 -0.27111 0.05475
v -0.11 -0.31 0.065
v -0.11 -0.34889 0.05475
v -0.11 -0.365 0.03
v -0.11 -0.34889 0.00525
v -0.07 -0.34 0.005
v -0.07 -0.29404 0.01818
v -0.07 -0.275 0.05
v -0.07 -0.29404 0.08182
v -0.07 -0.34 0.095
v -0.07 -0.38596 0.08182
v -0.07 -0.405 0.05
v -0.07 -0.38596 0.01818
v -0.02 -0.37 0.005
v -0.02 -0.34172 0.01232
v -0.02 -0.33 0.03
v -0.02 -0.34172 0.04768
v -0.02 -0.37 0.055
v -0.02 -0.39828 0.04768
v -0.02 -0.41 0.03
v -0.02 -0.39828 0.01232
v 0.03 0.31 0.065
v 0.03 0.27111 0.05475
v 0.03 0.255 0.03
v 0.03 0.27111 0.00525
v 0.03 0.31 -0.005
v 0.03 0.34889 0.00525
v 0.03 0.365 0.03
v 0.03 0.34889 0.05475
v 0.07 0.34 0.095
v 0.07 0.29404 0.08182
v 0.07 0.275 0.05
v 0.07 0.29404 0.01818
v 0.07 0.34 0.005
v 0.07 0.38596 0.01818
v 0.07 0.405 0.05
v 0.07 0.38596 0.08182
v 0.12 0.37 0.055
v 0.12 0.34172 0.04768
v 0.12 0.33 0.03
v 0.12 0.34172 0.01232
v 0.12 0.37 0.005
v 0.12 0.39828 0.01232
v 0.12 0.41 0.03
v 0.12 0.39828 0.04768
v 0.03 -0.31 -0.005
v 0.03 -0.27111 0.00525
v 0.03 -0.255 0.03
v 0.03 -0.27111 0.05475
v 0.03 -0.31 0.065
v 0.03 -0.34889 0.05475
v 0.03 -0.365 0.03
v 0.03 -0.34889 0.00525
v 0.07 -0.34 0.005
v 0.07 -0.29404 0.01818
v 0.07 -0.275 0.05
v 0.07 -0.29404 0.08182
v 0.07 -0.34 0.095
v 0.07 -0.38596 0.08182
v 0.07 -0.405 0.05
v 0.07 -0.38596 0.01818
v 0.12 -0.37 0.005
v 0.12 -0.34172 0.01232
v 0.12 -0.33 0.03
v 0.12 -0.34172 0.04768
v 0.12 -0.37 0.055
v 0.12 -0.39828 0.04768
v 0.12 -0.41 0.03
v 0.12 -0.39828 0.01232
v 0.17 0.31 0.065
v 0.17 0.27111 0.05475
v 0.17 0.255 0.03
v 0.17 0.27111 0.00525
v 0.17 0.31 -0.005
v 0.17 0.34889 0.00525
v 0.17 0.365 0.03
v 0.17 0.34889 0.05475
v 0.21 0.34 0.095
v 0.21 0.29404 0.08182
v 0.21 0.275 0.05
v 0.21 0.29404 0.01818
v 0.21 0.34 0.005
v 0.21 0.38596 0.01818
v 0.21 0.405 0.05
v 0.21 0.38596 0.08182
v 0.26 0.37 0.055
v 0.26 0.34172 0.04768
v 0.26 0.33 0.03
v 0.26 0.34172 0.01232
v 0.26 0.37 0.005
v 0.26 0.39828 0.01232
v 0.26 0.41 0.03
v 0.26 0.39828 0.04768
v 0.17 -0.31 -0.005
v 0.17 -0.27111 0.00525
v 0.17 -0.255 0.03
v 0.17 -0.27111 0.05475
v 0.17 -0.31 0.065
v 0.17 -0.34889 0.05475
v 0.17 -0.365 0.03
v 0.17 -0.34889 0.00525
v 0.21 -0.34 0.005
v 0.21 -0.29404 0.01818
v 0.21 -0.275 0.05
v 0.21 -0.29404 0.08182
v 0.21 -0.34 0.095
v 0.21 -0.38596 0.08182
v 0.21 -0.405 0.05
v 0.21 -0.38596 0.01818
v 0.26 -0.37 0.005
v 0.26 -0.34172 0.01232
v 0.26 -0.33 0.03
v 0.26 -0.34172 0.04768
v 0.26 -0.37 0.055
v 0.26 -0.39828 0.04768
v 0.26 -0.41 0.03
v 0.26 -0.39828 0.01232
v -0.32 -0.18 0.191
v -0.32 -0.20345 0.18309
v -0.32 -0.20925 0.16533
v -0.32 -0.19302 0.15108
v -0.32 -0.16698 0.15108
v -0.32 -0.15075 0.16533
v -0.32 -0.15655 0.18309
v -0.3 -0.18 0.221
v -0.3 -0.21284 0.20933
v -0.3 -0.22095 0.1831
v -0.3 -0.19822 0.16207
v -0.3 -0.16178 0.16207
v -0.3 -0.13905 0.1831
v -0.3 -0.14716 0.20933
v -0.28 -0.18 0.191
v -0.28 -0.20345 0.18309
v -0.28 -0.20925 0.16533
v -0.28 -0.19302 0.15108
v -0.28 -0.16698 0.15108
v -0.28 -0.15075 0.16533
v -0.28 -0.15655 0.18309
v -0.32 0.18 0.149
v -0.32 0.20345 0.15691
v -0.32 0.20925 0.17467
v -0.32 0.19302 0.18892
v -0.32 0.16698 0.18892
v -0.32 0.15075 0.17467
v -0.32 0.15655 0.15691
v -0.3 0.18 0.159
v -0.3 0.21284 0.17067
v -0.3 0.22095 0.1969
v -0.3 0.19822 0.21793
v -0.3 0.16178 0.21793
v -0.3 0.13905 0.1969
v -0.3 0.14716 0.17067
v -0.28 0.18 0.149
v -0.28 0.20345 0.15691
v -0.28 0.20925 0.17467
v -0.28 0.19302 0.18892
v -0.28 0.16698 0.18892
v -0.28 0.15075 0.17467
v -0.28 0.15655 0.15691
v -0.32 -0.09 0.211
v -0.32 -0.11345 0.20309
v -0.32 -0.11925 0.18533
v -0.32 -0.10302 0.17108
v -0.32 -0.07698 0.17108
v -0.32 -0.06075 0.18533
v -0.32 -0.06655 0.20309
v -0.3 -0.09 0.241
v -0.3 -0.12284 0.22933
v -0.3 -0.13095 0.2031
v -0.3 -0.10822 0.18207
v -0.3 -0.07178 0.18207
v -0.3 -0.04905 0.2031
v -0.3 -0.05716 0.22933
v -0.28 -0.09 0.211
v -0.28 -0.11345 0.20309
v -0.28 -0.11925 0.18533
v -0.28 -0.10302 0.17108
v -0.28 -0.07698 0.17108
v -0.28 -0.06075 0.18533
v -0.28 -0.06655 0.20309
v -0.32 0.09 0.169
v -0.32 0.11345 0.17691
v -0.32 0.11925 0.19467
v -0.32 0.10302 0.20892
v -0.32 0.07698 0.20892
v -0.32 0.06075 0.19467
v -0.32 0.06655 0.17691
v -0.3 0.09 0.179
v -0.3 0.12284 0.19067
v -0.3 0.13095 0.2169
v -0.3 0.10822 0.23793
v -0.3 0.07178 0.23793
v -0.3 0.04905 0.2169
v -0.3 0.05716 0.19067
v -0.28 0.09 0.169
v -0.28 0.11345 0.17691
v -0.28 0.11925 0.19467
v -0.28 0.10302 0.20892
v -0.28 0.07698 0.20892
v -0.28 0.06075 0.19467
v -0.28 0.06655 0.17691
v -0.32 0.09 0.211
v -0.32 0.06655 0.20309
v -0.32 0.06075 0.18533
v -0.32 0.07698 0.17108
v -0.32 0.10302 0.17108
v -0.32 0.11925 0.18533
v -0.32 0.11345 0.20309
v -0.3 0.09 0.241
v -0.3 0.05716 0.22933
v -0.3 0.04905 0.2031
v -0.3 0.07178 0.18207
v -0.3 0.10822 0.18207
v -0.3 0.13095 0.2031
v -0.3 0.12284 0.22933
v -0.28 0.09 0.211
v -0.28 0.06655 0.20309
v -0.28 0.06075 0.18533
v -0.28 0.07698 0.17108
v -0.28 0.10302 0.17108
v -0.28 0.11925 0.18533
v -0.28 0.11345 0.20309
v -0.32 -0.09 0.169
v -0.32 -0.06655 0.17691
v -0.32 -0.06075 0.19467
v -0.32 -0.07698 0.20892
v -0.32 -0.10302 0.20892
v -0.32 -0.11925 0.19467
v -0.32 -0.11345 0.17691
v -0.3 -0.09 0.179
v -0.3 -0.05716 0.19067
v -0.3 -0.04905 0.2169
v -0.3 -0.07178 0.23793
v -0.3 -0.10822 0.23793
v -0.3 -0.13095 0.2169
v -0.3 -0.12284 0.19067
v -0.28 -0.09 0.169
v -0.28 -0.06655 0.17691
v -0.28 -0.06075 0.19467
v -0.28 -0.07698 0.20892
v -0.28 -0.10302 0.20892
v -0.28 -0.11925 0.19467
v -0.28 -0.11345 0.17691
v -0.32 0.18 0.191
v -0.32 0.15655 0.18309
v -0.32 0.15075 0.16533
v -0.32 0.16698 0.15108
v -0.32 0.19302 0.15108
v -0.32 0.20925 0.16533
v -0.32 0.20345 0.18309
v -0.3 0.18 0.221
v -0.3 0.14716 0.20933
v -0.3 0.13905 0.1831
v -0.3 0.16178 0.16207
v -0.3 0.19822 0.16207
v -0.3 0.22095 0.1831
v -0.3 0.21284 0.20933
v -0.28 0.18 0.191
v -0.28 0.15655 0.18309
v -0.28 0.15075 0.16533
v -0.28 0.16698 0.15108
v -0.28 0.19302 0.15108
v -0.28 0.20925 0.16533
v -0.28 0.20345 0.18309
v -0.32 -0.18 0.149
v -0.32 -0.15655 0.15691
v -0.32 -0.15075 0.17467
v -0.32 -0.16698 0.18892
v -0.32 -0.19302 0.18892
v -0.32 -0.20925 0.17467
v -0.32 -0.20345 0.15691
v -0.3 -0.18 0.159
v -0.3 -0.14716 0.17067
v -0.3 -0.13905 0.1969
v -0.3 -0.16178 0.21793
v -0.3 -0.19822 0.21793
v -0.3 -0.22095 0.1969
v -0.3 -0.21284 0.17067
v -0.28 -0.18 0.149
v -0.28 -0.15655 0.15691
v -0.28 -0.15075 0.17467
v -0.28 -0.16698 0.18892
v -0.28 -0.19302 0.18892
v -0.28 -0.20925 0.17467
v -0.28 -0.20345 0.15691
v -0.22 -0.18 0.191
v -0.22 -0.20345 0.18309
v -0.22 -0.20925 0.16533
v -0.22 -0.19302 0.15108
v -0.22 -0.16698 0.15108
v -0.22 -0.15075 0.16533
v -0.22 -0.15655 0.18309
v -0.2 -0.18 0.221
v -0.2 -0.21284 0.20933
v -0.2 -0.22095 0.1831
v -0.2 -0.19822 0.16207
v -0.2 -0.16178 0.16207
v -0.2 -0.13905 0.1831
v -0.2 -0.14716 0.20933
v -0.18 -0.18 0.191
v -0.18 -0.20345 0.18309
v -0.18 -0.20925 0.16533
v -0.18 -0.19302 0.15108
v -0.18 -0.16698 0.15108
v -0.18 -0.15075 0.16533
v -0.18 -0.15655 0.18309
v -0.22 0.18 0.149
v -0.22 0.20345 0.15691
v -0.22 0.20925 0.17467
v -0.22 0.19302 0.18892
v -0.22 0.16698 0.18892
v -0.22 0.15075 0.17467
v -0.22 0.15655 0.15691
v -0.2 0.18 0.159
v -0.2 0.21284 0.17067
v -0.2 0.22095 0.1969
v -0.2 0.19822 0.21793
v -0.2 0.16178 0.21793
v -0.2 0.13905 0.1969
v -0.2 0.14716 0.17067
v -0.18 0.18 0.149
v -0.18 0.20345 0.15691
v -0.18 0.20925 0.17467
v -0.18 0.19302 0.18892
v -0.18 0.16698 0.18892
v -0.18 0.15075 0.17467
v -0.18 0.15655 0.15691
v -0.22 -0.09 0.211
v -0.22 -0.11345 0.20309
v -0.22 -0.11925 0.18533
v -0.22 -0.10302 0.17108
v -0.22 -0.07698 0.17108
v -0.22 -0.06075 0.18533
v -0.22 -0.06655 0.20309
v -0.2 -0.09 0.241
v -0.2 -0.12284 0.22933
v -0.2 -0.13095 0.2031
v -0.2 -0.10822 0.18207
v -0.2 -0.07178 0.18207
v -0.2 -0.04905 0.2031
v -0.2 -0.05716 0.22933
v -0.18 -0.09 0.211
v -0.18 -0.11345 0.20309
v -0.18 -0.11925 0.18533
v -0.18 -0.10302 0.17108
v -0.18 -0.07698 0.17108
v -0.18 -0.06075 0.18533
v -0.18 -0.06655 0.20309
v -0.22 0.09 0.169
v -0.22 0.11345 0.17691
v -0.22 0.11925 0.19467
v -0.22 0.10302 0.20892
v -0.22 0.07698 0.20892
v -0.22 0.06075 0.19467
v -0.22 0.06655 0.17691
v -0.2 0.09 0.179
v -0.2 0.12284 0.19067
v -0.2 0.13095 0.2169
v -0.2 0.10822 0.23793
v -0.2 0.07178 0.23793
v -0.2 0.04905 0.2169
v -0.2 0.05716 0.19067
v -0.18 0.09 0.169
v -0.18 0.11345 0.17691
v -0.18 0.11925 0.19467
v -0.18 0.10302 0.20892
v -0.18 0.07698 0.20892
v -0.18 0.06075 0.19467
v -0.18 0.06655 0.17691
v -0.22 0.09 0.211
v -0.22 0.06655 0.20309
v -0.22 0.06075 0.18533
v -0.22 0.07698 0.17108
v -0.22 0.10302 0.17108
v -0.22 0.11925 0.18533
v -0.22 0.11345 0.20309
v -0.2 0.09 0.241
v -0.2 0.05716 0.22933
v -0.2 0.04905 0.2031
v -0.2 0.07178 0.18207
v -0.2 0.10822 0.18207
v -0.2 0.13095 0.2031
v -0.2 0.12284 0.22933
v -0.18 0.09 0.211
v -0.18 0.06655 0.20309
v -0.18 0.06075 0.18533
v -0.18 0.07698 0.17108
v -0.18 0.10302 0.17108
v -0.18 0.11925 0.18533
v -0.18 0.11345 0.20309
v -0.22 -0.09 0.169
v -0.22 -0.06655 0.17691
v -0.22 -0.06075 0.19467
v -0.22 -0.07698 0.20892
v -0.22 -0.10302 0.20892
v -0.22 -0.11925 0.19467
v -0.22 -0.11345 0.17691
v -0.2 -0.09 0.179
v -0.2 -0.05716 0.19067
v -0.2 -0.04905 0.2169
v -0.2 -0.07178 0.23793
v -0.2 -0.10822 0.23793
v -0.2 -0.13095 0.2169
v -0.2 -0.12284 0.19067
v -0.18 -0.09 0.169
v -0.18 -0.06655 0.17691
v -0.18 -0.06075 0.19467
v -0.18 -0.07698 0.20892
v -0.18 -0.10302 0.20892
v -0.18 -0.11925 0.19467
v -0.18 -0.11345 0.17691
v -0.22 0.18 0.191
v -0.22 0.15655 0.18309
v -0.22 0.15075 0.16533
v -0.22 0.16698 0.15108
v -0.22 0.19302 0.15108
v -0.22 0.20925 0.16533
v -0.22 0.20345 0.18309
v -0.2 0.18 0.221
v -0.2 0.14716 0.20933
v -0.2 0.13905 0.1831
v -0.2 0.16178 0.16207
v -0.2 0.19822 0.16207
v -0.2 0.22095 0.1831
v -0.2 0.21284 0.20933
v -0.18 0.18 0.191
v -0.18 0.15655 0.18309
v -0.18 0.15075 0.16533
v -0.18 0.16698 0.15108
v -0.18 0.19302 0.15108
v -0.18 0.20925 0.16533
v -0.18 0.20345 0.18309
v -0.22 -0.18 0.149
v -0.22 -0.15655 0.15691
v -0.22 -0.15075 0.17467
v -0.22 -0.16698 0.18892
v -0.22 -0.19302 0.18892
v -0.22 -0.20925 0.17467
v -0.22 -0.20345 0.15691
v -0.2 -0.18 0.159
v -0.2 -0.14716 0.17067
v -0.2 -0.13905 0.1969
v -0.2 -0.16178 0.21793
v -0.2 -0.19822 0.21793
v -0.2 -0.22095 0.1969
v -0.2 -0.21284 0.17067
v -0.18 -0.18 0.149
v -0.18 -0.15655 0.15691
v -0.18 -0.15075 0.17467
v -0.18 -0.16698 0.18892
v -0.18 -0.19302 0.18892
v -0.18 -0.20925 0.17467
v -0.18 -0.20345 0.15691
v -0.12 -0.18 0.191
v -0.12 -0.20345 0.18309
v -0.12 -0.20925 0.16533
v -0.12 -0.19302 0.15108
v -0.12 -0.16698 0.15108
v -0.12 -0.15075 0.16533
v -0.12 -0.15655 0.18309
v -0.1 -0.18 0.221
v -0.1 -0.21284 0.20933
v -0.1 -0.22095 0.1831
v -0.1 -0.19822 0.16207
v -0.1 -0.16178 0.16207
v -0.1 -0.13905 0.1831
v -0.1 -0.14716 0.20933
v -0.08 -0.18 0.191
v -0.08 -0.20345 0.18309
v -0.08 -0.20925 0.16533
v -0.08 -0.19302 0.15108
v -0.08 -0.16698 0.15108
v -0.08 -0.15075 0.16533
v -0.08 -0.15655 0.18309
v -0.12 0.18 0.149
v -0.12 0.20345 0.15691
v -0.12 0.20925 0.17467
v -0.12 0.19302 0.18892
v -0.12 0.16698 0.18892
v -0.12 0.15075 0.17467
v -0.12 0.15655 0.15691
v -0.1 0.18 0.159
v -0.1 0.21284 0.17067
v -0.1 0.22095 0.1969
v -0.1 0.19822 0.21793
v -0.1 0.16178 0.21793
v -0.1 0.13905 0.1969
v -0.1 0.14716 0.17067
v -0.08 0.18 0.149
v -0.08 0.20345 0.15691
v -0.08 0.20925 0.17467
v -0.08 0.19302 0.18892
v -0.08 0.16698 0.18892
v -0.08 0.15075 0.17467
v -0.08 0.15655 0.15691
v -0.12 -0.09 0.211
v -0.12 -0.11345 0.20309
v -0.12 -0.11925 0.18533
v -0.12 -0.10302 0.17108
v -0.12 -0.07698 0.17108
v -0.12 -0.06075 0.18533
v -0.12 -0.06655 0.20309
v -0.1 -0.09 0.241
v -0.1 -0.12284 0.22933
v -0.1 -0.13095 0.2031
v -0.1 -0.10822 0.18207
v -0.1 -0.07178 0.18207
v -0.1 -0.04905 0.2031
v -0.1 -0.05716 0.22933
v -0.08 -0.09 0.211
v -0.08 -0.11345 0.20309
v -0.08 -0.11925 0.18533
v -0.08 -0.10302 0.17108
v -0.08 -0.07698 0.17108
v -0.08 -0.06075 0.18533
v -0.08 -0.06655 0.20309
v -0.12 0.09 0.169
v -0.12 0.11345 0.17691
v -0.12 0.11925 0.19467
v -0.12 0.10302 0.20892
v -0.12 0.07698 0.20892
v -0.12 0.06075 0.19467
v -0.12 0.06655 0.17691
v -0.1 0.09 0.179
v -0.1 0.12284 0.19067
v -0.1 0.13095 0.2169
v -0.1 0.10822 0.23793
v -0.1 0.07178 0.23793
v -0.1 0.04905 0.2169
v -0.1 0.05716 0.19067
v -0.08 0.09 0.169
v -0.08 0.11345 0.17691
v -0.08 0.11925 0.19467
v -0.08 0.10302 0.20892
v -0.08 0.07698 0.20892
v -0.08 0.06075 0.19467
v -0.08 0.06655 0.17691
v -0.12 0.09 0.211
v -0.12 0.06655 0.20309
v -0.12 0.06075 0.18533
v -0.12 0.07698 0.17108
v -0.12 0.10302 0.17108
v -0.12 0.11925 0.18533
v -0.12 0.11345 0.20309
v -0.1 0.09 0.241
v -0.1 0.05716 0.22933
v -0.1 0.04905 0.2031
v -0.1 0.07178 0.18207
v -0.1 0.10822 0.18207
v -0.1 0.13095 0.2031
v -0.1 0.12284 0.22933
v -0.08 0.09 0.211
v -0.08 0.06655 0.20309
v -0.08 0.06075 0.18533
v -0.08 0.07698 0.17108
v -0.08 0.10302 0.17108
v -0.08 0.11925 0.18533
v -0.08 0.11345 0.20309
v -0.12 -0.09 0.169
v -0.12 -0.06655 0.17691
v -0.12 -0.06075 0.19467
v -0.12 -0.07698 0.20892
v -0.12 -0.10302 0.20892
v -0.12 -0.11925 0.19467
v -0.12 -0.11345 0.17691
v -0.1 -0.09 0.179
v -0.1 -0.05716 0.19067
v -0.1 -0.04905 0.2169
v -0.1 -0.07178 0.23793
v -0.1 -0.10822 0.23793
v -0.1 -0.13095 0.2169
v -0.1 -0.12284 0.19067
v -0.08 -0.09 0.169
v -0.08 -0.06655 0.17691
v -0.08 -0.06075 0.19467
v -0.08 -0.07698 0.20892
v -0.08 -0.10302 0.20892
v -0.08 -0.11925 0.19467
v -0.08 -0.11345 0.17691
v -0.12 0.18 0.191
v -0.12 0.15655 0.18309
v -0.12 0.15075 0.16533
v -0.12 0.16698 0.15108
v -0.12 0.19302 0.15108
v -0.12 0.20925 0.16533
v -0.12 0.20345 0.18309
v -0.1 0.18 0.221
v -0.1 0.14716 0.20933
v -0.1 0.13905 0.1831
v -0.1 0.16178 0.16207
v -0.1 0.19822 0.16207
v -0.1 0.22095 0.1831
v -0.1 0.21284 0.20933
v -0.08 0.18 0.191
v -0.08 0.15655 0.18309
v -0.08 0.15075 0.16533
v -0.08 0.16698 0.15108
v -0.08 0.19302 0.15108
v -0.08 0.20925 0.16533
v -0.08 0.20345 0.18309
v -0.12 -0.18 0.149
v -0.12 -0.15655 0.15691
v -0.12 -0.15075 0.17467
v -0.12 -0.16698 0.18892
v -0.12 -0.19302 0.18892
v -0.12 -0.20925 0.17467
v -0.12 -0.20345 0.15691
v -0.1 -0.18 0.159
v -0.1 -0.14716 0.17067
v -0.1 -0.13905 0.1969
v -0.1 -0.16178 0.21793
v -0.1 -0.19822 0.21793
v -0.1 -0.22095 0.1969
v -0.1 -0.21284 0.17067
v -0.08 -0.18 0.149
v -0.08 -0.15655 0.15691
v -0.08 -0.15075 0.17467
v -0.08 -0.16698 0.18892
v -0.08 -0.19302 0.18892
v -0.08 -0.20925 0.17467
v -0.08 -0.20345 0.15691
v -0.02 -0.18 0.191
v -0.02 -0.20345 0.18309
v -0.02 -0.20925 0.16533
v -0.02 -0.19302 0.15108
v -0.02 -0.16698 0.15108
v -0.02 -0.15075 0.16533
v -0.02 -0.15655 0.18309
v 0 -0.18 0.221
v 0 -0.21284 0.20933
v 0 -0.22095 0.1831
v 0 -0.19822 0.16207
v 0 -0.16178 0.16207
v 0 -0.13905 0.1831
v 0 -0.14716 0.20933
v 0.02 -0.18 0.191
v 0.02 -0.20345 0.18309
v 0.02 -0.20925 0.16533
v 0.02 -0.19302 0.15108
v 0.02 -0.16698 0.15108
v 0.02 -0.15075 0.16533
v 0.02 -0.15655 0.18309
v -0.02 0.18 0.149
v -0.02 0.20345 0.15691
v -0.02 0.20925 0.17467
v -0.02 0.19302 0.18892
v -0.02 0.16698 0.18892
v -0.02 0.15075 0.17467
v -0.02 0.15655 0.15691
v 0 0.18 0.159
v 0 0.21284 0.17067
v 0 0.22095 0.1969
v 0 0.19822 0.21793
v 0 0.16178 0.21793
v 0 0.13905 0.1969
v 0 0.14716 0.17067
v 0.02 0.18 0.149
v 0.02 0.20345 0.15691
v 0.02 0.20925 0.17467
v 0.02 0.19302 0.18892
v 0.02 0.16698 0.18892
v 0.02 0.15075 0.17467
v 0.02 0.15655 0.15691
v -0.02 -0.09 0.211
v -0.02 -0.11345 0.20309
v -0.02 -0.11925 0.18533
v -0.02 -0.10302 0.17108
v -0.02 -0.07698 0.17108
v -0.02 -0.06075 0.18533
v -0.02 -0.06655 0.20309
v 0 -0.09 0.241
v 0 -0.12284 0.22933
v 0 -0.13095 0.2031
v 0 -0.10822 0.18207
v 0 -0.07178 0.18207
v 0 -0.04905 0.2031
v 0 -0.05716 0.22933
v 0.02 -0.09 0.211
v 0.02 -0.11345 0.20309
v 0.02 -0.11925 0.18533
v 0.02 -0.10302 0.17108
v 0.02 -0.07698 0.17108
v 0.02 -0.06075 0.18533
v 0.02 -0.06655 0.20309
v -0.02 0.09 0.169
v -0.02 0.11345 0.17691
v -0.02 0.11925 0.19467
v -0.02 0.10302 0.20892
v -0.02 0.07698 0.20892
v -0.02 0.06075 0.19467
v -0.02 0.06655 0.17691
v 0 0.09 0.179
v 0 0.12284 0.19067
v 0 0.13095 0.2169
v 0 0.10822 0.23793
v 0 0.07178 0.23793
v 0 0.04905 0.2169
v 0 0.05716 0.19067
v 0.02 0.09 0.169
v 0.02 0.11345 0.17691
v 0.02 0.11925 0.19467
v 0.02 0.10302 0.20892
v 0.02 0.07698 0.20892
v 0.02 0.06075 0.19467
v 0.02 0.06655 0.17691
v -0.02 0.09 0.211
v -0.02 0.06655 0.20309
v -0.02 0.06075 0.18533
v -0.02 0.07698 0.17108
v -0.02 0.10302 0.17108
v -0.02 0.11925 0.18533
v -0.02 0.11345 0.20309
v 0 0.09 0.241
v 0 0.05716 0.22933
v 0 0.04905 0.2031
v 0 0.07178 0.18207
v 0 0.10822 0.18207
v 0 0.13095 0.2031
v 0 0.12284 0.22933
v 0.02 0.09 0.211
v 0.02 0.06655 0.20309
v 0.02 0.06075 0.18533
v 0.02 0.07698 0.17108
v 0.02 0.10302 0.17108
v 0.02 0.11925 0.18533
v 0.02 0.11345 0.20309
v -0.02 -0.09 0.169
v -0.02 -0.06655 0.17691
v -0.02 -0.06075 0.19467
v -0.02 -0.07698 0.20892
v -0.02 -0.10302 0.20892
v -0.02 -0.11925 0.19467
v -0.02 -0.11345 0.17691
v 0 -0.09 0.179
v 0 -0.05716 0.19067
v 0 -0.04905 0.2169
v 0 -0.07178 0.23793
v 0 -0.10822 0.23793
v 0 -0.13095 0.2169
v 0 -0.12284 0.19067
v 0.02 -0.09 0.169
v 0.02 -0.06655 0.17691
v 0.02 -0.06075 0.19467
v 0.02 -0.07698 0.20892
v 0.02 -0.10302 0.20892
v 0.02 -0.11925 0.19467
v 0.02 -0.11345 0.17691
v -0.02 0.18 0.191
v -0.02 0.15655 0.18309
v -0.02 0.15075 0.16533
v -0.02 0.16698 0.15108
v -0.02 0.19302 0.15108
v -0.02 0.20925 0.16533
v -0.02 0.20345 0.18309
v 0 0.18 0.221
v 0 0.14716 0.20933
v 0 0.13905 0.1831
v 0 0.16178 0.16207
v 0 0.19822 0.16207
v 0 0.22095 0.1831
v 0 0.21284 0.20933
v 0.02 0.18 0.191
v 0.02 0.15655 0.18309
v 0.02 0.15075 0.16533
v 0.02 0.16698 0.15108
v 0.02 0.19302 0.15108
v 0.02 0.20925 0.16533
v 0.02 0.20345 0.18309
v -0.02 -0.18 0.149
v -0.02 -0.15655 0.15691
v -0.02 -0.15075 0.17467
v -0.02 -0.16698 0.18892
v -0.02 -0.19302 0.18892
v -0.02 -0.20925 0.17467
v -0.02 -0.20345 0.15691
v 0 -0.18 0.159
v 0 -0.14716 0.17067
v 0 -0.13905 0.1969
v 0 -0.16178 0.21793
v 0 -0.19822 0.21793
v 0 -0.22095 0.1969
v 0 -0.21284 0.17067
v 0.02 -0.18 0.149
v 0.02 -0.15655 0.15691
v 0.02 -0.15075 0.17467
v 0.02 -0.16698 0.18892
v 0.02 -0.19302 0.18892
v 0.02 -0.20925 0.17467
v 0.02 -0.20345 0.15691
v 0.08 -0.18 0.191
v 0.08 -0.20345 0.18309
v 0.08 -0.20925 0.16533
v 0.08 -0.19302 0.15108
v 0.08 -0.16698 0.15108
v 0.08 -0.15075 0.16533
v 0.08 -0.15655 0.18309
v 0.1 -0.18 0.221
v 0.1 -0.21284 0.20933
v 0.1 -0.22095 0.1831
v 0.1 -0.19822 0.16207
v 0.1 -0.16178 0.16207
v 0.1 -0.13905 0.1831
v 0.1 -0.14716 0.20933
v 0.12 -0.18 0.191
v 0.12 -0.20345 0.18309
v 0.12 -0.20925 0.16533
v 0.12 -0.19302 0.15108
v 0.12 -0.16698 0.15108
v 0.12 -0.15075 0.16533
v 0.12 -0.15655 0.18309
v 0.08 0.18 0.149
v 0.08 0.20345 0.15691
v 0.08 0.20925 0.17467
v 0.08 0.19302 0.18892
v 0.08 0.16698 0.18892
v 0.08 0.15075 0.17467
v 0.08 0.15655 0.15691
v 0.1 0.18 0.159
v 0.1 0.21284 0.17067
v 0.1 0.22095 0.1969
v 0.1 0.19822 0.21793
v 0.1 0.16178 0.21793
v 0.1 0.13905 0.1969
v 0.1 0.14716 0.17067
v 0.12 0.18 0.149
v 0.12 0.20345 0.15691
v 0.12 0.20925 0.17467
v 0.12 0.19302 0.18892
v 0.12 0.16698 0.18892
v 0.12 0.15075 0.17467
v 0.12 0.15655 0.15691
v 0.08 -0.09 0.211
v 0.08 -0.11345 0.20309
v 0.08 -0.11925 0.18533
v 0.08 -0.10302 0.17108
v 0.08 -0.07698 0.17108
v 0.08 -0.06075 0.18533
v 0.08 -0.06655 0.20309
v 0.1 -0.09 0.241
v 0.1 -0.12284 0.22933
v 0.1 -0.13095 0.2031
v 0.1 -0.10822 0.18207
v 0.1 -0.07178 0.18207
v 0.1 -0.04905 0.2031
v 0.1 -0.05716 0.22933
v 0.12 -0.09 0.211
v 0.12 -0.11345 0.20309
v 0.12 -0.11925 0.18533
v 0.12 -0.10302 0.17108
v 0.12 -0.07698 0.17108
v 0.12 -0.06075 0.18533
v 0.12 -0.06655 0.20309
v 0.08 0.09 0.169
v 0.08 0.11345 0.17691
v 0.08 0.11925 0.19467
v 0.08 0.10302 0.20892
v 0.08 0.07698 0.20892
v 0.08 0.06075 0.19467
v 0.08 0.06655 0.17691
v 0.1 0.09 0.179
v 0.1 0.12284 0.19067
v 0.1 0.13095 0.2169
v 0.1 0.10822 0.23793
v 0.1 0.07178 0.23793
v 0.1 0.04905 0.2169
v 0.1 0.05716 0.19067
v 0.12 0.09 0.169
v 0.12 0.11345 0.17691
v 0.12 0.11925 0.19467
v 0.12 0.10302 0.20892
v 0.12 0.07698 0.20892
v 0.12 0.06075 0.19467
v 0.12 0.06655 0.17691
v 0.08 0.09 0.211
v 0.08 0.06655 0.20309
v 0.08 0.06075 0.18533
v 0.08 0.07698 0.17108
v 0.08 0.10302 0.17108
v 0.08 0.11925 0.18533
v 0.08 0.11345 0.20309
v 0.1 0.09 0.241
v 0.1 0.05716 0.22933
v 0.1 0.04905 0.2031
v 0.1 0.07178 0.18207
v 0.1 0.10822 0.18207
v 0.1 0.13095 0.2031
v 0.1 0.12284 0.22933
v 0.12 0.09 0.211
v 0.12 0.06655 0.20309
v 0.12 0.06075 0.18533
v 0.12 0.07698 0.17108
v 0.12 0.10302 0.17108
v 0.12 0.11925 0.18533
v 0.12 0.11345 0.20309
v 0.08 -0.09 0.169
v 0.08 -0.06655 0.17691
v 0.08 -0.06075 0.19467
v 0.08 -0.07698 0.20892
v 0.08 -0.10302 0.20892
v 0.08 -0.11925 0.19467
v 0.08 -0.11345 0.17691
v 0.1 -0.09 0.179
v 0.1 -0.05716 0.19067
v 0.1 -0.04905 0.2169
v 0.1 -0.07178 0.23793
v 0.1 -0.10822 0.23793
v 0.1 -0.13095 0.2169
v 0.1 -0.12284 0.19067
v 0.12 -0.09 0.169
v 0.12 -0.06655 0.17691
v 0.12 -0.06075 0.19467
v 0.12 -0.07698 0.20892
v 0.12 -0.10302 0.20892
v 0.12 -0.11925 0.19467
v 0.12 -0.11345 0.17691
v 0.08 0.18 0.191
v 0.08 0.15655 0.18309
v 0.08 0.15075 0.16533
v 0.08 0.16698 0.15108
v 0.08 0.19302 0.15108
v 0.08 0.20925 0.16533
v 0.08 0.20345 0.18309
v 0.1 0.18 0.221
v 0.1 0.14716 0.20933
v 0.1 0.13905 0.1831
v 0.1 0.16178 0.16207
v 0.1 0.19822 0.16207
v 0.1 0.22095 0.1831
v 0.1 0.21284 0.20933
v 0.12 0.18 0.191
v 0.12 0.15655 0.18309
v 0.12 0.15075 0.16533
v 0.12 0.16698 0.15108
v 0.12 0.19302 0.15108
v 0.12 0.20925 0.16533
v 0.12 0.20345 0.18309
v 0.08 -0.18 0.149
v 0.08 -0.15655 0.15691
v 0.08 -0.15075 0.17467
v 0.08 -0.16698 0.18892
v 0.08 -0.19302 0.18892
v 0.08 -0.20925 0.17467
v 0.08 -0.20345 0.15691
v 0.1 -0.18 0.159
v 0.1 -0.14716 0.17067
v 0.1 -0.13905 0.1969
v 0.1 -0.16178 0.21793
v 0.1 -0.19822 0.21793
v 0.1 -0.22095 0.1969
v 0.1 -0.21284 0.17067
v 0.12 -0.18 0.149
v 0.12 -0.15655 0.15691
v 0.12 -0.15075 0.17467
v 0.12 -0.16698 0.18892
v 0.12 -0.19302 0.18892
v 0.12 -0.20925 0.17467
v 0.12 -0.20345 0.15691
v 0.18 -0.18 0.191
v 0.18 -0.20345 0.18309
v 0.18 -0.20925 0.16533
v 0.18 -0.19302 0.15108
v 0.18 -0.16698 0.15108
v 0.18 -0.15075 0.16533
v 0.18 -0.15655 0.18309
v 0.2 -0.18 0.221
v 0.2 -0.21284 0.20933
v 0.2 -0.22095 0.1831
v 0.2 -0.19822 0.16207
v 0.2 -0.16178 0.16207
v 0.2 -0.13905 0.1831
v 0.2 -0.14716 0.20933
v 0.22 -0.18 0.191
v 0.22 -0.20345 0.18309
v 0.22 -0.20925 0.16533
v 0.22 -0.19302 0.15108
v 0.22 -0.16698 0.15108
v 0.22 -0.15075 0.16533
v 0.22 -0.15655 0.18309
v 0.18 0.18 0.149
v 0.18 0.20345 0.15691
v 0.18 0.20925 0.17467
v 0.18 0.19302 0.18892
v 0.18 0.16698 0.18892
v 0.18 0.15075 0.17467
v 0.18 0.15655 0.15691
v 0.2 0.18 0.159
v 0.2 0.21284 0.17067
v 0.2 0.22095 0.1969
v 0.2 0.19822 0.21793
v 0.2 0.16178 0.21793
v 0.2 0.13905 0.1969
v 0.2 0.14716 0.17067
v 0.22 0.18 0.149
v 0.22 0.20345 0.15691
v 0.22 0.20925 0.17467
v 0.22 0.19302 0.18892
v 0.22 0.16698 0.18892
v 0.22 0.15075 0.17467
v 0.22 0.15655 0.15691
v 0.18 -0.09 0.211
v 0.18 -0.11345 0.20309
v 0.18 -0.11925 0.18533
v 0.18 -0.10302 0.17108
v 0.18 -0.07698 0.17108
v 0.18 -0.06075 0.18533
v 0.18 -0.06655 0.20309
v 0.2 -0.09 0.241
v 0.2 -0.12284 0.22933
v 0.2 -0.13095 0.2031
v 0.2 -0.10822 0.18207
v 0.2 -0.07178 0.18207
v 0.2 -0.04905 0.2031
v 0.2 -0.05716 0.22933
v 0.22 -0.09 0.211
v 0.22 -0.11345 0.20309
v 0.22 -0.11925 0.18533
v 0.22 -0.10302 0.17108
v 0.22 -0.07698 0.17108
v 0.22 -0.06075 0.18533
v 0.22 -0.06655 0.20309
v 0.18 0.09 0.169
v 0.18 0.11345 0.17691
v 0.18 0.11925 0.19467
v 0.18 0.10302 0.20892
v 0.18 0.07698 0.20892
v 0.18 0.06075 0.19467
v 0.18 0.06655 0.17691
v 0.2 0.09 0.179
v 0.2 0.12284 0.19067
v 0.2 0.13095 0.2169
v 0.2 0.10822 0.23793
v 0.2 0.07178 0.23793
v 0.2 0.04905 0.2169
v 0.2 0.05716 0.19067
v 0.22 0.09 0.169
v 0.22 0.11345 0.17691
v 0.22 0.11925 0.19467
v 0.22 0.10302 0.20892
v 0.22 0.07698 0.20892
v 0.22 0.06075 0.19467
v 0.22 0.06655 0.17691
v 0.18 0.09 0.211
v 0.18 0.06655 0.20309
v 0.18 0.06075 0.18533
v 0.18 0.07698 0.17108
v 0.18 0.10302 0.17108
v 0.18 0.11925 0.18533
v 0.18 0.11345 0.20309
v 0.2 0.09 0.241
v 0.2 0.05716 0.22933
v 0.2 0.04905 0.2031
v 0.2 0.07178 0.18207
v 0.2 0.10822 0.18207
v 0.2 0.13095 0.2031
v 0.2 0.12284 0.22933
v 0.22 0.09 0.211
v 0.22 0.06655 0.20309
v 0.22 0.06075 0.18533
v 0.22 0.07698 0.17108
v 0.22 0.10302 0.17108
v 0.22 0.11925 0.18533
v 0.22 0.11345 0.20309
v 0.18 -0.09 0.169
v 0.18 -0.06655 0.17691
v 0.18 -0.06075 0.19467
v 0.18 -0.07698 0.20892
v 0.18 -0.10302 0.20892
v 0.18 -0.11925 0.19467
v 0.18 -0.11345 0.17691
v 0.2 -0.09 0.179
v 0.2 -0.05716 0.19067
v 0.2 -0.04905 0.2169
v 0.2 -0.07178 0.23793
v 0.2 -0.10822 0.23793
v 0.2 -0.13095 0.2169
v 0.2 -0.12284 0.19067
v 0.22 -0.09 0.169
v 0.22 -0.06655 0.17691
v 0.22 -0.06075 0.19467
v 0.22 -0.07698 0.20892
v 0.22 -0.10302 0.20892
v 0.22 -0.11925 0.19467
v 0.22 -0.11345 0.17691
v 0.18 0.18 0.191
v 0.18 0.15655 0.18309
v 0.18 0.15075 0.16533
v 0.18 0.16698 0.15108
v 0.18 0.19302 0.15108
v 0.18 0.20925 0.16533
v 0.18 0.20345 0.18309
v 0.2 0.18 0.221
v 0.2 0.14716 0.20933
v 0.2 0.13905 0.1831
v 0.2 0.16178 0.16207
v 0.2 0.19822 0.16207
v 0.2 0.22095 0.1831
v 0.2 0.21284 0.20933
v 0.22 0.18 0.191
v 0.22 0.15655 0.18309
v 0.22 0.15075 0.16533
v 0.22 0.16698 0.15108
v 0.22 0.19302 0.15108
v 0.22 0.20925 0.16533
v 0.22 0.20345 0.18309
v 0.18 -0.18 0.149
v 0.18 -0.15655 0.15691
v 0.18 -0.15075 0.17467
v 0.18 -0.16698 0.18892
v 0.18 -0.19302 0.18892
v 0.18 -0.20925 0.17467
v 0.18 -0.20345 0.15691
v 0.2 -0.18 0.159
v 0.2 -0.14716 0.17067
v 0.2 -0.13905 0.1969
v 0.2 -0.16178 0.21793
v 0.2 -0.19822 0.21793
v 0.2 -0.22095 0.1969
v 0.2 -0.21284 0.17067
v 0.22 -0.18 0.149
v 0.22 -0.15655 0.15691
v 0.22 -0.15075 0.17467
v 0.22 -0.16698 0.18892
v 0.22 -0.19302 0.18892
v 0.22 -0.20925 0.17467
v 0.22 -0.20345 0.15691
v 0.28 -0.18 0.191
v 0.28 -0.20345 0.18309
v 0.28 -0.20925 0.16533
v 0.28 -0.19302 0.15108
v 0.28 -0.16698 0.15108
v 0.28 -0.15075 0.16533
v 0.28 -0.15655 0.18309
v 0.3 -0.18 0.221
v 0.3 -0.21284 0.20933
v 0.3 -0.22095 0.1831
v 0.3 -0.19822 0.16207
v 0.3 -0.16178 0.16207
v 0.3 -0.13905 0.1831
v 0.3 -0.14716 0.20933
v 0.32 -0.18 0.191
v 0.32 -0.20345 0.18309
v 0.32 -0.20925 0.16533
v 0.32 -0.19302 0.15108
v 0.32 -0.16698 0.15108
v 0.32 -0.15075 0.16533
v 0.32 -0.15655 0.18309
v 0.28 0.18 0.149
v 0.28 0.20345 0.15691
v 0.28 0.20925 0.17467
v 0.28 0.19302 0.18892
v 0.28 0.16698 0.18892
v 0.28 0.15075 0.17467
v 0.28 0.15655 0.15691
v 0.3 0.18 0.159
v 0.3 0.21284 0.17067
v 0.3 0.22095 0.1969
v 0.3 0.19822 0.21793
v 0.3 0.16178 0.21793
v 0.3 0.13905 0.1969
v 0.3 0.14716 0.17067
v 0.32 0.18 0.149
v 0.32 0.20345 0.15691
v 0.32 0.20925 0.17467
v 0.32 0.19302 0.18892
v 0.32 0.16698 0.18892
v 0.32 0.15075 0.17467
v 0.32 0.15655 0.15691
v 0.28 -0.09 0.211
v 0.28 -0.11345 0.20309
v 0.28 -0.11925 0.18533
v 0.28 -0.10302 0.17108
v 0.28 -0.07698 0.17108
v 0.28 -0.06075 0.18533
v 0.28 -0.06655 0.20309
v 0.3 -0.09 0.241
v 0.3 -0.12284 0.22933
v 0.3 -0.13095 0.2031
v 0.3 -0.10822 0.18207
v 0.3 -0.07178 0.18207
v 0.3 -0.04905 0.2031
v 0.3 -0.05716 0.22933
v 0.32 -0.09 0.211
v 0.32 -0.11345 0.20309
v 0.32 -0.11925 0.18533
v 0.32 -0.10302 0.17108
v 0.32 -0.07698 0.17108
v 0.32 -0.06075 0.18533
v 0.32 -0.06655 0.20309
v 0.28 0.09 0.169
v 0.28 0.11345 0.17691
v 0.28 0.11925 0.19467
v 0.28 0.10302 0.20892
v 0.28 0.07698 0.20892
v 0.28 0.06075 0.19467
v 0.28 0.06655 0.17691
v 0.3 0.09 0.179
v 0.3 0.12284 0.19067
v 0.3 0.13095 0.2169
v 0.3 0.10822 0.23793
v 0.3 0.07178 0.23793
v 0.3 0.04905 0.2169
v 0.3 0.05716 0.19067
v 0.32 0.09 0.169
v 0.32 0.11345 0.17691
v 0.32 0.11925 0.19467
v 0.32 0.10302 0.20892
v 0.32 0.07698 0.20892
v 0.32 0.06075 0.19467
v 0.32 0.06655 0.17691
v 0.28 0.09 0.211
v 0.28 0.06655 0.20309
v 0.28 0.06075 0.18533
v 0.28 0.07698 0.17108
v 0.28 0.10302 0.17108
v 0.28 0.11925 0.18533
v 0.28 0.11345 0.20309
v 0.3 0.09 0.241
v 0.3 0.05716 0.22933
v 0.3 0.04905 0.2031
v 0.3 0.07178 0.18207
v 0.3 0.10822 0.18207
v 0.3 0.13095 0.2031
v 0.3 0.12284 0.22933
v 0.32 0.09 0.211
v 0.32 0.06655 0.20309
v 0.32 0.06075 0.18533
v 0.32 0.07698 0.17108
v 0.32 0.10302 0.17108
v 0.32 0.11925 0.18533
v 0.32 0.11345 0.20309
v 0.28 -0.09 0.169
v 0.28 -0.06655 0.17691
v 0.28 -0.06075 0.19467
v 0.28 -0.07698 0.20892
v 0.28 -0.10302 0.20892
v 0.28 -0.11925 0.19467
v 0.28 -0.11345 0.17691
v 0.3 -0.09 0.179
v 0.3 -0.05716 0.19067
v 0.3 -0.04905 0.2169
v 0.3 -0.07178 0.23793
v 0.3 -0.10822 0.23793
v 0.3 -0.13095 0.2169
v 0.3 -0.12284 0.19067
v 0.32 -0.09 0.169
v 0.32 -0.06655 0.17691
v 0.32 -0.06075 0.19467
v 0.32 -0.07698 0.20892
v 0.32 -0.10302 0.20892
v 0.32 -0.11925 0.19467
v 0.32 -0.11345 0.17691
v 0.28 0.18 0.191
v 0.28 0.15655 0.18309
v 0.28 0.15075 0.16533
v 0.28 0.16698 0.15108
v 0.28 0.19302 0.15108
v 0.28 0.20925 0.16533
v 0.28 0.20345 0.18309
v 0.3 0.18 0.221
v 0.3 0.14716 0.20933
v 0.3 0.13905 0.1831
v 0.3 0.16178 0.16207
v 0.3 0.19822 0.16207
v 0.3 0.22095 0.1831
v 0.3 0.21284 0.20933
v 0.32 0.18 0.191
v 0.32 0.15655 0.18309
v 0.32 0.15075 0.16533
v 0.32 0.16698 0.15108
v 0.32 0.19302 0.15108
v 0.32 0.20925 0.16533
v 0.32 0.20345 0.18309
v 0.28 -0.18 0.149
v 0.28 -0.15655 0.15691
v 0.28 -0.15075 0.17467
v 0.28 -0.16698 0.18892
v 0.28 -0.19302 0.18892
v 0.28 -0.20925 0.17467
v 0.28 -0.20345 0.15691
v 0.3 -0.18 0.159
v 0.3 -0.14716 0.17067
v 0.3 -0.13905 0.1969
v 0.3 -0.16178 0.21793
v 0.3 -0.19822 0.21793
v 0.3 -0.22095 0.1969
v 0.3 -0.21284 0.17067
v 0.32 -0.18 0.149
v 0.32 -0.15655 0.15691
v 0.32 -0.15075 0.17467
v 0.32 -0.16698 0.18892
v 0.32 -0.19302 0.18892
v 0.32 -0.20925 0.17467
v 0.32 -0.20345 0.15691
v -0.26 -0.27 0.091
v -0.26 -0.29345 0.08309
v -0.26 -0.29925 0.06533
v -0.26 -0.28302 0.05108
v -0.26 -0.25698 0.05108
v -0.26 -0.24075 0.06533
v -0.26 -0.24655 0.08309
v -0.24 -0.27 0.121
v -0.24 -0.30284 0.10933
v -0.24 -0.31095 0.0831
v -0.24 -0.28822 0.06207
v -0.24 -0.25178 0.06207
v -0.24 -0.22905 0.0831
v -0.24 -0.23716 0.10933
v -0.22 -0.27 0.091
v -0.22 -0.29345 0.08309
v -0.22 -0.29925 0.06533
v -0.22 -0.28302 0.05108
v -0.22 -0.25698 0.05108
v -0.22 -0.24075 0.06533
v -0.22 -0.24655 0.08309
v -0.26 0.27 0.049
v -0.26 0.29345 0.05691
v -0.26 0.29925 0.07467
v -0.26 0.28302 0.08892
v -0.26 0.25698 0.08892
v -0.26 0.24075 0.07467
v -0.26 0.24655 0.05691
v -0.24 0.27 0.059
v -0.24 0.30284 0.07067
v -0.24 0.31095 0.0969
v -0.24 0.28822 0.11793
v -0.24 0.25178 0.11793
v -0.24 0.22905 0.0969
v -0.24 0.23716 0.07067
v -0.22 0.27 0.049
v -0.22 0.29345 0.05691
v -0.22 0.29925 0.07467
v -0.22 0.28302 0.08892
v -0.22 0.25698 0.08892
v -0.22 0.24075 0.07467
v -0.22 0.24655 0.05691
v -0.26 0.27 0.091
v -0.26 0.24655 0.08309
v -0.26 0.24075 0.06533
v -0.26 0.25698 0.05108
v -0.26 0.28302 0.05108
v -0.26 0.29925 0.06533
v -0.26 0.29345 0.08309
v -0.24 0.27 0.121
v -0.24 0.23716 0.10933
v -0.24 0.22905 0.0831
v -0.24 0.25178 0.06207
v -0.24 0.28822 0.06207
v -0.24 0.31095 0.0831
v -0.24 0.30284 0.10933
v -0.22 0.27 0.091
v -0.22 0.24655 0.08309
v -0.22 0.24075 0.06533
v -0.22 0.25698 0.05108
v -0.22 0.28302 0.05108
v -0.22 0.29925 0.06533
v -0.22 0.29345 0.08309
v -0.26 -0.27 0.049
v -0.26 -0.24655 0.05691
v -0.26 -0.24075 0.07467
v -0.26 -0.25698 0.08892
v -0.26 -0.28302 0.08892
v -0.26 -0.29925 0.07467
v -0.26 -0.29345 0.05691
v -0.24 -0.27 0.059
v -0.24 -0.23716 0.07067
v -0.24 -0.22905 0.0969
v -0.24 -0.25178 0.11793
v -0.24 -0.28822 0.11793
v -0.24 -0.31095 0.0969
v -0.24 -0.30284 0.07067
v -0.22 -0.27 0.049
v -0.22 -0.24655 0.05691
v -0.22 -0.24075 0.07467
v -0.22 -0.25698 0.08892
v -0.22 -0.28302 0.08892
v -0.22 -0.29925 0.07467
v -0.22 -0.29345 0.05691
v -0.1 -0.27 0.091
v -0.1 -0.29345 0.08309
v -0.1 -0.29925 0.06533
v -0.1 -0.28302 0.05108
v -0.1 -0.25698 0.05108
v -0.1 -0.24075 0.06533
v -0.1 -0.24655 0.08309
v -0.08 -0.27 0.121
v -0.08 -0.30284 0.10933
v -0.08 -0.31095 0.0831
v -0.08 -0.28822 0.06207
v -0.08 -0.25178 0.06207
v -0.08 -0.22905 0.0831
v -0.08 -0.23716 0.10933
v -0.06 -0.27 0.091
v -0.06 -0.29345 0.08309
v -0.06 -0.29925 0.06533
v -0.06 -0.28302 0.05108
v -0.06 -0.25698 0.05108
v -0.06 -0.24075 0.06533
v -0.06 -0.24655 0.08309
v -0.1 0.27 0.049
v -0.1 0.29345 0.05691
v -0.1 0.29925 0.07467
v -0.1 0.28302 0.08892
v -0.1 0.25698 0.08892
v -0.1 0.24075 0.07467
v -0.1 0.24655 0.05691
v -0.08 0.27 0.059
v -0.08 0.30284 0.07067
v -0.08 0.31095 0.0969
v -0.08 0.28822 0.11793
v -0.08 0.25178 0.11793
v -0.08 0.22905 0.0969
v -0.08 0.23716 0.07067
v -0.06 0.27 0.049
v -0.06 0.29345 0.05691
v -0.06 0.29925 0.07467
v -0.06 0.28302 0.08892
v -0.06 0.25698 0.08892
v -0.06 0.24075 0.07467
v -0.06 0.24655 0.05691
v -0.1 0.27 0.091
v -0.1 0.24655 0.08309
v -0.1 0.24075 0.06533
v -0.1 0.25698 0.05108
v -0.1 0.28302 0.05108
v -0.1 0.29925 0.06533
v -0.1 0.29345 0.08309
v -0.08 0.27 0.121
v -0.08 0.23716 0.10933
v -0.08 0.22905 0.0831
v -0.08 0.25178 0.06207
v -0.08 0.28822 0.06207
v -0.08 0.31095 0.0831
v -0.08 0.30284 0.10933
v -0.06 0.27 0.091
v -0.06 0.24655 0.08309
v -0.06 0.24075 0.06533
v -0.06 0.25698 0.05108
v -0.06 0.28302 0.05108
v -0.06 0.29925 0.06533
v -0.06 0.29345 0.08309
v -0.1 -0.27 0.049
v -0.1 -0.24655 0.05691
v -0.1 -0.24075 0.07467
v -0.1 -0.25698 0.08892
v -0.1 -0.28302 0.08892
v -0.1 -0.29925 0.07467
v -0.1 -0.29345 0.05691
v -0.08 -0.27 0.059
v -0.08 -0.23716 0.07067
v -0.08 -0.22905 0.0969
v -0.08 -0.25178 0.11793
v -0.08 -0.28822 0.11793
v -0.08 -0.31095 0.0969
v -0.08 -0.30284 0.07067
v -0.06 -0.27 0.049
v -0.06 -0.24655 0.05691
v -0.06 -0.24075 0.07467
v -0.06 -0.25698 0.08892
v -0.06 -0.28302 0.08892
v -0.06 -0.29925 0.07467
v -0.06 -0.29345 0.05691
v 0.06 -0.27 0.091
v 0.06 -0.29345 0.08309
v 0.06 -0.29925 0.06533
v 0.06 -0.28302 0.05108
v 0.06 -0.25698 0.05108
v 0.06 -0.24075 0.06533
v 0.06 -0.24655 0.08309
v 0.08 -0.27 0.121
v 0.08 -0.30284 0.10933
v 0.08 -0.31095 0.0831
v 0.08 -0.28822 0.06207
v 0.08 -0.25178 0.06207
v 0.08 -0.22905 0.0831
v 0.08 -0.23716 0.10933
v 0.1 -0.27 0.091
v 0.1 -0.29345 0.08309
v 0.1 -0.29925 0.06533
v 0.1 -0.28302 0.05108
v 0.1 -0.25698 0.05108
v 0.1 -0.24075 0.06533
v 0.1 -0.24655 0.08309
v 0.06 0.27 0.049
v 0.06 0.29345 0.05691
v 0.06 0.29925 0.07467
v 0.06 0.28302 0.08892
v 0.06 0.25698 0.08892
v 0.06 0.24075 0.07467
v 0.06 0.24655 0.05691
v 0.08 0.27 0.059
v 0.08 0.30284 0.07067
v 0.08 0.31095 0.0969
v 0.08 0.28822 0.11793
v 0.08 0.25178 0.11793
v 0.08 0.22905 0.0969
v 0.08 0.23716 0.07067
v 0.1 0.27 0.049
v 0.1 0.29345 0.05691
v 0.1 0.29925 0.07467
v 0.1 0.28302 0.08892
v 0.1 0.25698 0.08892
v 0.1 0.24075 0.07467
v 0.1 0.24655 0.05691
v 0.06 0.27 0.091
v 0.06 0.24655 0.08309
v 0.06 0.24075 0.06533
v 0.06 0.25698 0.05108
v 0.06 0.28302 0.05108
v 0.06 0.29925 0.06533
v 0.06 0.29345 0.08309
v 0.08 0.27 0.121
v 0.08 0.23716 0.10933
v 0.08 0.22905 0.0831
v 0.08 0.25178 0.06207
v 0.08 0.28822 0.06207
v 0.08 0.31095 0.0831
v 0.08 0.30284 0.10933
v 0.1 0.27 0.091
v 0.1 0.24655 0.08309
v 0.1 0.24075 0.06533
v 0.1 0.25698 0.05108
v 0.1 0.28302 0.05108
v 0.1 0.29925 0.06533
v 0.1 0.29345 0.08309
v 0.06 -0.27 0.049
v 0.06 -0.24655 0.05691
v 0.06 -0.24075 0.07467
v 0.06 -0.25698 0.08892
v 0.06 -0.28302 0.08892
v 0.06 -0.29925 0.07467
v 0.06 -0.29345 0.05691
v 0.08 -0.27 0.059
v 0.08 -0.23716 0.07067
v 0.08 -0.22905 0.0969
v 0.08 -0.25178 0.11793
v 0.08 -0.28822 0.11793
v 0.08 -0.31095 0.0969
v 0.08 -0.30284 0.07067
v 0.1 -0.27 0.049
v 0.1 -0.24655 0.05691
v 0.1 -0.24075 0.07467
v 0.1 -0.25698 0.08892
v 0.1 -0.28302 0.08892
v 0.1 -0.29925 0.07467
v 0.1 -0.29345 0.05691
v 0.22 -0.27 0.091
v 0.22 -0.29345 0.08309
v 0.22 -0.29925 0.06533
v 0.22 -0.28302 0.05108
v 0.22 -0.25698 0.05108
v 0.22 -0.24075 0.06533
v 0.22 -0.24655 0.08309
v 0.24 -0.27 0.121
v 0.24 -0.30284 0.10933
v 0.24 -0.31095 0.0831
v 0.24 -0.28822 0.06207
v 0.24 -0.25178 0.06207
v 0.24 -0.22905 0.0831
v 0.24 -0.23716 0.10933
v 0.26 -0.27 0.091
v 0.26 -0.29345 0.08309
v 0.26 -0.29925 0.06533
v 0.26 -0.28302 0.05108
v 0.26 -0.25698 0.05108
v 0.26 -0.24075 0.06533
v 0.26 -0.24655 0.08309
v 0.22 0.27 0.049
v 0.22 0.29345 0.05691
v 0.22 0.29925 0.07467
v 0.22 0.28302 0.08892
v 0.22 0.25698 0.08892
v 0.22 0.24075 0.07467
v 0.22 0.24655 0.05691
v 0.24 0.27 0.059
v 0.24 0.30284 0.07067
v 0.24 0.31095 0.0969
v 0.24 0.28822 0.11793
v 0.24 0.25178 0.11793
v 0.24 0.22905 0.0969
v 0.24 0.23716 0.07067
v 0.26 0.27 0.049
v 0.26 0.29345 0.05691
v 0.26 0.29925 0.07467
v 0.26 0.28302 0.08892
v 0.26 0.25698 0.08892
v 0.26 0.24075 0.07467
v 0.26 0.24655 0.05691
v 0.22 0.27 0.091
v 0.22 0.24655 0.08309
v 0.22 0.24075 0.06533
v 0.22 0.25698 0.05108
v 0.22 0.28302 0.05108
v 0.22 0.29925 0.06533
v 0.22 0.29345 0.08309
v 0.24 0.27 0.121
v 0.24 0.23716 0.10933
v 0.24 0.22905 0.0831
v 0.24 0.25178 0.06207
v 0.24 0.28822 0.06207
v 0.24 0.31095 0.0831
v 0.24 0.30284 0.10933
v 0.26 0.27 0.091
v 0.26 0.24655 0.08309
v 0.26 0.24075 0.06533
v 0.26 0.25698 0.05108
v 0.26 0.28302 0.05108
v 0.26 0.29925 0.06533
v 0.26 0.29345 0.08309
v 0.22 -0.27 0.049
v 0.22 -0.24655 0.05691
v 0.22 -0.24075 0.07467
v 0.22 -0.25698 0.08892
v 0.22 -0.28302 0.08892
v 0.22 -0.29925 0.07467
v 0.22 -0.29345 0.05691
v 0.24 -0.27 0.059
v 0.24 -0.23716 0.07067
v 0.24 -0.22905 0.0969
v 0.24 -0.25178 0.11793
v 0.24 -0.28822 0.11793
v 0.24 -0.31095 0.0969
v 0.24 -0.30284 0.07067
v 0.26 -0.27 0.049
v 0.26 -0.24655 0.05691
v 0.26 -0.24075 0.07467
v 0.26 -0.25698 0.08892
v 0.26 -0.28302 0.08892
v 0.26 -0.29925 0.07467
v 0.26 -0.29345 0.05691
v -0.33 0 0.282
v -0.33 -0.03182 0.27263
v -0.33 -0.045 0.25
v -0.33 -0.03182 0.22737
v -0.33 0 0.218
v -0.33 0.03182 0.22737
v -0.33 0.045 0.25
v -0.33 0.03182 0.27263
v -0.31 0 0.322
v -0.31 -0.04101 0.3097
v -0.31 -0.058 0.28
v -0.31 -0.04101 0.2503
v -0.31 0 0.238
v -0.31 0.04101 0.2503
v -0.31 0.058 0.28
v -0.31 0.04101 0.3097
v -0.29 0 0.28
v -0.29 -0.02828 0.27121
v -0.29 -0.04 0.25
v -0.29 -0.02828 0.22879
v -0.29 0 0.22
v -0.29 0.02828 0.22879
v -0.29 0.04 0.25
v -0.29 0.02828 0.27121
v -0.23 0 0.282
v -0.23 -0.03182 0.27263
v -0.23 -0.045 0.25
v -0.23 -0.03182 0.22737
v -0.23 0 0.218
v -0.23 0.03182 0.22737
v -0.23 0.045 0.25
v -0.23 0.03182 0.27263
v -0.21 0 0.322
v -0.21 -0.04101 0.3097
v -0.21 -0.058 0.28
v -0.21 -0.04101 0.2503
v -0.21 0 0.238
v -0.21 0.04101 0.2503
v -0.21 0.058 0.28
v -0.21 0.04101 0.3097
v -0.19 0 0.28
v -0.19 -0.02828 0.27121
v -0.19 -0.04 0.25
v -0.19 -0.02828 0.22879
v -0.19 0 0.22
v -0.19 0.02828 0.22879
v -0.19 0.04 0.25
v -0.19 0.02828 0.27121
v -0.13 0 0.282
v -0.13 -0.03182 0.27263
v -0.13 -0.045 0.25
v -0.13 -0.03182 0.22737
v -0.13 0 0.218
v -0.13 0.03182 0.22737
v -0.13 0.045 0.25
v -0.13 0.03182 0.27263
v -0.11 0 0.322
v -0.11 -0.04101 0.3097
v -0.11 -0.058 0.28
v -0.11 -0.04101 0.2503
v -0.11 0 0.238
v -0.11 0.04101 0.2503
v -0.11 0.058 0.28
v -0.11 0.04101 0.3097
v -0.09 0 0.28
v -0.09 -0.02828 0.27121
v -0.09 -0.04 0.25
v -0.09 -0.02828 0.22879
v -0.09 0 0.22
v -0.09 0.02828 0.22879
v -0.09 0.04 0.25
v -0.09 0.02828 0.27121
v -0.03 0 0.282
v -0.03 -0.03182 0.27263
v -0.03 -0.045 0.25
v -0.03 -0.03182 0.22737
v -0.03 0 0.218
v -0.03 0.03182 0.22737
v -0.03 0.045 0.25
v -0.03 0.03182 0.27263
v -0.01 0 0.322
v -0.01 -0.04101 0.3097
v -0.01 -0.058 0.28
v -0.01 -0.04101 0.2503
v -0.01 0 0.238
v -0.01 0.04101 0.2503
v -0.01 0.058 0.28
v -0.01 0.04101 0.3097
v 0.01 0 0.28
v 0.01 -0.02828 0.27121
v 0.01 -0.04 0.25
v 0.01 -0.02828 0.22879
v 0.01 0 0.22
v 0.01 0.02828 0.22879
v 0.01 0.04 0.25
v 0.01 0.02828 0.27121
v 0.07 0 0.282
v 0.07 -0.03182 0.27263
v 0.07 -0.045 0.25
v 0.07 -0.03182 0.22737
v 0.07 0 0.218
v 0.07 0.03182 0.22737
v 0.07 0.045 0.25
v 0.07 0.03182 0.27263
v 0.09 0 0.322
v 0.09 -0.04101 0.3097
v 0.09 -0.058 0.28
v 0.09 -0.04101 0.2503
v 0.09 0 0.238
v 0.09 0.04101 0.2503
v 0.09 0.058 0.28
v 0.09 0.04101 0.3097
v 0.11 0 0.28
v 0.11 -0.02828 0.27121
v 0.11 -0.04 0.25
v 0.11 -0.02828 0.22879
v 0.11 0 0.22
v 0.11 0.02828 0.22879
v 0.11 0.04 0.25
v 0.11 0.02828 0.27121
v 0.17 0 0.282
v 0.17 -0.03182 0.27263
v 0.17 -0.045 0.25
v 0.17 -0.03182 0.22737
v 0.17 0 0.218
v 0.17 0.03182 0.22737
v 0.17 0.045 0.25
v 0.17 0.03182 0.27263
v 0.19 0 0.322
v 0.19 -0.04101 0.3097
v 0.19 -0.058 0.28
v 0.19 -0.04101 0.2503
v 0.19 0 0.238
v 0.19 0.04101 0.2503
v 0.19 0.058 0.28
v 0.19 0.04101 0.3097
v 0.21 0 0.28
v 0.21 -0.02828 0.27121
v 0.21 -0.04 0.25
v 0.21 -0.02828 0.22879
v 0.21 0 0.22
v 0.21 0.02828 0.22879
v 0.21 0.04 0.25
v 0.21 0.02828 0.27121
v 0.27 0 0.282
v 0.27 -0.03182 0.27263
v 0.27 -0.045 0.25
v 0.27 -0.03182 0.22737
v 0.27 0 0.218
v 0.27 0.03182 0.22737
v 0.27 0.045 0.25
v 0.27 0.03182 0.27263
v 0.29 0 0.322
v 0.29 -0.04101 0.3097
v 0.29 -0.058 0.28
v 0.29 -0.04101 0.2503
v 0.29 0 0.238
v 0.29 0.04101 0.2503
v 0.29 0.058 0.28
v 0.29 0.04101 0.3097
v 0.31 0 0.28
v 0.31 -0.02828 0.27121
v 0.31 -0.04 0.25
v 0.31 -0.02828 0.22879
v 0.31 0 0.22
v 0.31 0.02828 0.22879
v 0.31 0.04 0.25
v 0.31 0.02828 0.27121
v 0.28 -0.2 0.16
v 0.28 -0.2495 0.14536
v 0.28 -0.27 0.11
v 0.28 -0.2495 0.07464
v 0.28 -0.2 0.06
v 0.28 -0.1505 0.07464
v 0.28 -0.13 0.11
v 0.28 -0.1505 0.14536
v 0.34 -0.27 0.21
v 0.34 -0.33364 0.19243
v 0.34 -0.36 0.15
v 0.34 -0.33364 0.10757
v 0.34 -0.27 0.09
v 0.34 -0.20636 0.10757
v 0.34 -0.18 0.15
v 0.34 -0.20636 0.19243
v 0.41 -0.32 0.24
v 0.41 -0.3695 0.22536
v 0.41 -0.39 0.19
v 0.41 -0.3695 0.15464
v 0.41 -0.32 0.14
v 0.41 -0.2705 0.15464
v 0.41 -0.25 0.19
v 0.41 -0.2705 0.22536
v 0.48 -0.36 0.17
v 0.48 -0.38121 0.16414
v 0.48 -0.39 0.15
v 0.48 -0.38121 0.13586
v 0.48 -0.36 0.13
v 0.48 -0.33879 0.13586
v 0.48 -0.33 0.15
v 0.48 -0.33879 0.16414
v 0.28 0.2 0.06
v 0.28 0.2495 0.07464
v 0.28 0.27 0.11
v 0.28 0.2495 0.14536
v 0.28 0.2 0.16
v 0.28 0.1505 0.14536
v 0.28 0.13 0.11
v 0.28 0.1505 0.07464
v 0.34 0.27 0.09
v 0.34 0.33364 0.10757
v 0.34 0.36 0.15
v 0.34 0.33364 0.19243
v 0.34 0.27 0.21
v 0.34 0.20636 0.19243
v 0.34 0.18 0.15
v 0.34 0.20636 0.10757
v 0.41 0.32 0.14
v 0.41 0.3695 0.15464
v 0.41 0.39 0.19
v 0.41 0.3695 0.22536
v 0.41 0.32 0.24
v 0.41 0.2705 0.22536
v 0.41 0.25 0.19
v 0.41 0.2705 0.15464
v 0.48 0.36 0.13
v 0.48 0.38121 0.13586
v 0.48 0.39 0.15
v 0.48 0.38121 0.16414
v 0.48 0.36 0.17
v 0.48 0.33879 0.16414
v 0.48 0.33 0.15
v 0.48 0.33879 0.13586
v 0.28 0.2 0.16
v 0.28 0.1505 0.14536
v 0.28 0.13 0.11
v 0.28 0.1505 0.07464
v 0.28 0.2 0.06
v 0.28 0.2495 0.07464
v 0.28 0.27 0.11
v 0.28 0.2495 0.14536
v 0.34 0.27 0.21
v 0.34 0.20636 0.19243
v 0.34 0.18 0.15
v 0.34 0.20636 0.10757
v 0.34 0.27 0.09
v 0.34 0.33364 0.10757
v 0.34 0.36 0.15
v 0.34 0.33364 0.19243
v 0.41 0.32 0.24
v 0.41 0.2705 0.22536
v 0.41 0.25 0.19
v 0.41 0.2705 0.15464
v 0.41 0.32 0.14
v 0.41 0.3695 0.15464
v 0.41 0.39 0.19
v 0.41 0.3695 0.22536
v 0.48 0.36 0.17
v 0.48 0.33879 0.16414
v 0.48 0.33 0.15
v 0.48 0.33879 0.13586
v 0.48 0.36 0.13
v 0.48 0.38121 0.13586
v 0.48 0.39 0.15
v 0.48 0.38121 0.16414
v 0.28 -0.2 0.06
v 0.28 -0.1505 0.07464
v 0.28 -0.13 0.11
v 0.28 -0.1505 0.14536
v 0.28 -0.2 0.16
v 0.28 -0.2495 0.14536
v 0.28 -0.27 0.11
v 0.28 -0.2495 0.07464
v 0.34 -0.27 0.09
v 0.34 -0.20636 0.10757
v 0.34 -0.18 0.15
v 0.34 -0.20636 0.19243
v 0.34 -0.27 0.21
v 0.34 -0.33364 0.19243
v 0.34 -0.36 0.15
v 0.34 -0.33364 0.10757
v 0.41 -0.32 0.14
v 0.41 -0.2705 0.15464
v 0.41 -0.25 0.19
v 0.41 -0.2705 0.22536
v 0.41 -0.32 0.24
v 0.41 -0.3695 0.22536
v 0.41 -0.39 0.19
v 0.41 -0.3695 0.15464
v 0.48 -0.36 0.13
v 0.48 -0.33879 0.13586
v 0.48 -0.33 0.15
v 0.48 -0.33879 0.16414
v 0.48 -0.36 0.17
v 0.48 -0.38121 0.16414
v 0.48 -0.39 0.15
v 0.48 -0.38121 0.13586
v -0.3 -0.18 0.15
v -0.3 -0.23657 0.13243
v -0.3 -0.26 0.09
v -0.3 -0.23657 0.04757
v -0.3 -0.18 0.03
v -0.3 -0.12343 0.04757
v -0.3 -0.1 0.09
v -0.3 -0.12343 0.13243
v -0.34 -0.24 0.19
v -0.34 -0.31071 0.1695
v -0.34 -0.34 0.12
v -0.34 -0.31071 0.0705
v -0.34 -0.24 0.05
v -0.34 -0.16929 0.0705
v -0.34 -0.14 0.12
v -0.34 -0.16929 0.1695
v -0.38 -0.3 0.2
v -0.38 -0.35657 0.18243
v -0.38 -0.38 0.14
v -0.38 -0.35657 0.09757
v -0.38 -0.3 0.08
v -0.38 -0.24343 0.09757
v -0.38 -0.22 0.14
v -0.38 -0.24343 0.18243
v -0.42 -0.33 0.13
v -0.42 -0.35828 0.12121
v -0.42 -0.37 0.1
v -0.42 -0.35828 0.07879
v -0.42 -0.33 0.07
v -0.42 -0.30172 0.07879
v -0.42 -0.29 0.1
v -0.42 -0.30172 0.12121
v -0.3 0.18 0.03
v -0.3 0.23657 0.04757
v -0.3 0.26 0.09
v -0.3 0.23657 0.13243
v -0.3 0.18 0.15
v -0.3 0.12343 0.13243
v -0.3 0.1 0.09
v -0.3 0.12343 0.04757
v -0.34 0.24 0.05
v -0.34 0.31071 0.0705
v -0.34 0.34 0.12
v -0.34 0.31071 0.1695
v -0.34 0.24 0.19
v -0.34 0.16929 0.1695
v -0.34 0.14 0.12
v -0.34 0.16929 0.0705
v -0.38 0.3 0.08
v -0.38 0.35657 0.09757
v -0.38 0.38 0.14
v -0.38 0.35657 0.18243
v -0.38 0.3 0.2
v -0.38 0.24343 0.18243
v -0.38 0.22 0.14
v -0.38 0.24343 0.09757
v -0.42 0.33 0.07
v -0.42 0.35828 0.07879
v -0.42 0.37 0.1
v -0.42 0.35828 0.12121
v -0.42 0.33 0.13
v -0.42 0.30172 0.12121
v -0.42 0.29 0.1
v -0.42 0.30172 0.07879
v -0.3 0.18 0.15
v -0.3 0.12343 0.13243
v -0.3 0.1 0.09
v -0.3 0.12343 0.04757
v -0.3 0.18 0.03
v -0.3 0.23657 0.04757
v -0.3 0.26 0.09
v -0.3 0.23657 0.13243
v -0.34 0.24 0.19
v -0.34 0.16929 0.1695
v -0.34 0.14 0.12
v -0.34 0.16929 0.0705
v -0.34 0.24 0.05
v -0.34 0.31071 0.0705
v -0.34 0.34 0.12
v -0.34 0.31071 0.1695
v -0.38 0.3 0.2
v -0.38 0.24343 0.18243
v -0.38 0.22 0.14
v -0.38 0.24343 0.09757
v -0.38 0.3 0.08
v -0.38 0.35657 0.09757
v -0.38 0.38 0.14
v -0.38 0.35657 0.18243
v -0.42 0.33 0.13
v -0.42 0.30172 0.12121
v -0.42 0.29 0.1
v -0.42 0.30172 0.07879
v -0.42 0.33 0.07
v -0.42 0.35828 0.07879
v -0.42 0.37 0.1
v -0.42 0.35828 0.12121
v -0.3 -0.18 0.03
v -0.3 -0.12343 0.04757
v -0.3 -0.1 0.09
v -0.3 -0.12343 0.13243
v -0.3 -0.18 0.15
v -0.3 -0.23657 0.13243
v -0.3 -0.26 0.09
v -0.3 -0.23657 0.04757
v -0.34 -0.24 0.05
v -0.34 -0.16929 0.0705
v -0.34 -0.14 0.12
v -0.34 -0.16929 0.1695
v -0.34 -0.24 0.19
v -0.34 -0.31071 0.1695
v -0.34 -0.34 0.12
v -0.34 -0.31071 0.0705
v -0.38 -0.3 0.08
v -0.38 -0.24343 0.09757
v -0.38 -0.22 0.14
v -0.38 -0.24343 0.18243
v -0.38 -0.3 0.2
v -0.38 -0.35657 0.18243
v -0.38 -0.38 0.14
v -0.38 -0.35657 0.09757
v -0.42 -0.33 0.07
v -0.42 -0.30172 0.07879
v -0.42 -0.29 0.1
v -0.42 -0.30172 0.12121
v -0.42 -0.33 0.13
v -0.42 -0.35828 0.12121
v -0.42 -0.37 0.1
v -0.42 -0.35828 0.07879

vt 0.87625 0.025
vt 0.87625 0.225
vt 0.87625 0.225
vt 0.87625 0.025
vt 0.87625 0.025
vt 0.87625 0.225
vt 0.87625 0.025
vt 0.87625 0.225
vt 0.87625 0.225
vt 0.87625 0.025
vt 0.87625 0.025
vt 0.87625 0.225
vt 0.87625 0.025
vt 0.87625 0.225
vt 0.87625 0.225
vt 0.87625 0.025
vt 0.87625 0.025
vt 0.87625 0.225
vt 0.87625 0.025
vt 0.87625 0.225
vt 0.87625 0.225
vt 0.87625 0.025
vt 0.87625 0.025
vt 0.87625 0.225
vt 0.87625 0.025
vt 0.87625 0.225
vt 0.87625 0.225
vt 0.87625 0.025
vt 0.87625 0.025
vt 0.87625 0.225
vt 0.87625 0.025
vt 0.87625 0.225
vt 0.87625 0.225
vt 0.87625 0.025
vt 0.87625 0.025
vt 0.87625 0.225
vt 0.87625 0.025
vt 0.87625 0.225
vt 0.87625 0.225
vt 0.87625 0.025
vt 0.87625 0.025
vt 0.87625 0.225
vt 0.87625 0.025
vt 0.87625 0.225
vt 0.87625 0.225
vt 0.87625 0.025
vt 0.87625 0.025
vt 0.87625 0.225
vt 0.87625 0.025
vt 0.87625 0.225
vt 0.87625 0.225
vt 0.87625 0.025
vt 0.87625 0.025
vt 0.87625 0.225
vt 0.87625 0.025
vt 0.87625 0.225
vt 0.87625 0.025
vt 0.87625 0.225
vt 0.87625 0.225
vt 0.87625 0.025
vt 0.87625 0.025
vt 0.87625 0.225
vt 0.87625 0.025
vt 0.87625 0.225
vt 0.87625 0.225
vt 0.87625 0.025
vt 0.87625 0.025
vt 0.87625 0.225
vt 0.87625 0.025
vt 0.87625 0.225
vt 0.87625 0.225
vt 0.87625 0.025
vt 0.87625 0.025
vt 0.87625 0.225
vt 0.87625 0.025
vt 0.87625 0.225
vt 0.87625 0.225
vt 0.87625 0.025
vt 0.87625 0.025
vt 0.87625 0.225
vt 0.87625 0.025
vt 0.87625 0.225
vt 0.87625 0.225
vt 0.87625 0.025
vt 0.87625 0.025
vt 0.87625 0.225
vt 0.87625 0.025
vt 0.87625 0.225
vt 0.87625 0.225
vt 0.87625 0.025
vt 0.87625 0.025
vt 0.87625 0.225
vt 0.87625 0.025
vt 0.87625 0.225
vt 0.87625 0.225
vt 0.87625 0.025
vt 0.87625 0.025
vt 0.87625 0.225
vt 0.87625 0.025
vt 0.87625 0.225
vt 0.87625 0.225
vt 0.87625 0.025
vt 0.87625 0.025
vt 0.87625 0.225
vt 0.87625 0.025
vt 0.87625 0.225
vt 0.87625 0.225
vt 0.87625 0.025
vt 0.87625 0.025
vt 0.87625 0.225
vt 0.87625 0.225
vt 0.87625 0.025
vt 0.87625 0.025
vt 0.87625 0.225
vt 0.87625 0.025
vt 0.87625 0.225
vt 0.87625 0.225
vt 0.87625 0.025
vt 0.87625 0.025
vt 0.87625 0.225
vt 0.87625 0.025
vt 0.87625 0.225
vt 0.87625 0.225
vt 0.87625 0.025
vt 0.87625 0.025
vt 0.87625 0.225
vt 0.87625 0.025
vt 0.87625 0.225
vt 0.87625 0.225
vt 0.87625 0.025
vt 0.87625 0.025
vt 0.87625 0.225
vt 0.87625 0.025
vt 0.87625 0.225
vt 0.87625 0.225
vt 0.87625 0.025
vt 0.87625 0.025
vt 0.87625 0.225
vt 0.87625 0.025
vt 0.87625 0.225
vt 0.87625 0.225
vt 0.87625 0.025
vt 0.87625 0.025
vt 0.87625 0.225
vt 0.87625 0.025
vt 0.87625 0.225
vt 0.87625 0.225
vt 0.87625 0.025
vt 0.87625 0.025
vt 0.87625 0.225
vt 0.87625 0.025
vt 0.87625 0.225
vt 0.87625 0.225
vt 0.87625 0.025
vt 0.87625 0.025
vt 0.87625 0.225
vt 0.87625 0.025
vt 0.87625 0.225
vt 0.87625 0.225
vt 0.87625 0.025
vt 0.87625 0.025
vt 0.87625 0.225
vt 0.87625 0.025
vt 0.87625 0.225
vt 0.87625 0.025
vt 0.87625 0.225
vt 0.87625 0.225
vt 0.87625 0.025
vt 0.87625 0.025
vt 0.87625 0.225
vt 0.87625 0.025
vt 0.87625 0.225
vt 0.87625 0.225
vt 0.87625 0.025
vt 0.87625 0.025
vt 0.87625 0.225
vt 0.87625 0.025
vt 0.87625 0.225
vt 0.87625 0.225
vt 0.87625 0.025
vt 0.87625 0.025
vt 0.87625 0.225
vt 0.87625 0.025
vt 0.87625 0.225
vt 0.87625 0.225
vt 0.87625 0.025
vt 0.87625 0.025
vt 0.87625 0.225
vt 0.87625 0.025
vt 0.87625 0.225
vt 0.87625 0.225
vt 0.87625 0.025
vt 0.87625 0.025
vt 0.87625 0.225
vt 0.87625 0.025
vt 0.87625 0.225
vt 0.87625 0.225
vt 0.87625 0.025
vt 0.87625 0.025
vt 0.87625 0.225
vt 0.87625 0.025
vt 0.87625 0.225
vt 0.87625 0.225
vt 0.87625 0.025
vt 0.87625 0.025
vt 0.87625 0.225
vt 0.87625 0.025
vt 0.87625 0.225
vt 0.87625 0.225
vt 0.87625 0.025
vt 0.87625 0.025
vt 0.87625 0.225
vt 0.87625 0.025
vt 0.87625 0.225
vt 0.87625 0.225
vt 0.87625 0.025
vt 0.87625 0.025
vt 0.87625 0.225
vt 0.87625 0.225
vt 0.87625 0.025
vt 0.87625 0.025
vt 0.87625 0.225
vt 0.87625 0.025
vt 0.87625 0.225
vt 0.87625 0.225
vt 0.87625 0.025
vt 0.87625 0.025
vt 0.87625 0.225
vt 0.87625 0.025
vt 0.87625 0.225
vt 0.87625 0.225
vt 0.87625 0.025
vt 0.87625 0.025
vt 0.87625 0.225
vt 0.87625 0.025
vt 0.87625 0.225
vt 0.87625 0.225
vt 0.87625 0.025
vt 0.87625 0.025
vt 0.87625 0.225
vt 0.87625 0.025
vt 0.87625 0.225
vt 0.87625 0.225
vt 0.87625 0.025
vt 0.87625 0.025
vt 0.87625 0.225
vt 0.87625 0.025
vt 0.87625 0.225
vt 0.87625 0.225
vt 0.87625 0.025
vt 0.87625 0.025
vt 0.87625 0.225
vt 0.87625 0.025
vt 0.87625 0.225
vt 0.87625 0.225
vt 0.87625 0.025
vt 0.87625 0.025
vt 0.87625 0.225
vt 0.87625 0.025
vt 0.87625 0.225
vt 0.87625 0.225
vt 0.87625 0.025
vt 0.87625 0.025
vt 0.87625 0.225
vt 0.87625 0.025
vt 0.87625 0.225
vt 0.87625 0.225
vt 0.87625 0.025
vt 0.87625 0.025
vt 0.87625 0.225
vt 0.87625 0.025
vt 0.87625 0.225
vt 0.87625 0.025
vt 0.87625 0.225
vt 0.87625 0.225
vt 0.87625 0.025
vt 0.87625 0.025
vt 0.87625 0.225
vt 0.87625 0.025
vt 0.87625 0.225
vt 0.87625 0.225
vt 0.87625 0.025
vt 0.87625 0.025
vt 0.87625 0.225
vt 0.87625 0.025
vt 0.87625 0.225
vt 0.87625 0.225
vt 0.87625 0.025
vt 0.87625 0.025
vt 0.87625 0.225
vt 0.87625 0.025
vt 0.87625 0.225
vt 0.87625 0.225
vt 0.87625 0.025
vt 0.87625 0.025
vt 0.87625 0.225
vt 0.87625 0.025
vt 0.87625 0.225
vt 0.87625 0.225
vt 0.87625 0.025
vt 0.87625 0.025
vt 0.87625 0.225
vt 0.87625 0.025
vt 0.87625 0.225
vt 0.87625 0.225
vt 0.87625 0.025
vt 0.87625 0.025
vt 0.87625 0.225
vt 0.87625 0.025
vt 0.87625 0.225
vt 0.87625 0.225
vt 0.87625 0.025
vt 0.87625 0.025
vt 0.87625 0.225
vt 0.87625 0.025
vt 0.87625 0.225
vt 0.87625 0.225
vt 0.87625 0.025
vt 0.87625 0.025
vt 0.87625 0.225
vt 0.87625 0.025
vt 0.87625 0.225
vt 0.87625 0.225
vt 0.87625 0.025
vt 0.87625 0.025
vt 0.87625 0.225
vt 0.87625 0.225
vt 0.87625 0.025
vt 0.87625 0.025
vt 0.87625 0.225
vt 0.87625 0.025
vt 0.87625 0.225
vt 0.87625 0.225
vt 0.87625 0.025
vt 0.87625 0.025
vt 0.87625 0.225
vt 0.87625 0.025
vt 0.87625 0.225
vt 0.87625 0.225
vt 0.87625 0.025
vt 0.87625 0.025
vt 0.87625 0.225
vt 0.87625 0.025
vt 0.87625 0.225
vt 0.87625 0.225
vt 0.87625 0.025
vt 0.87625 0.025
vt 0.87625 0.225
vt 0.87625 0.025
vt 0.87625 0.225
vt 0.87625 0.225
vt 0.87625 0.025
vt 0.87625 0.025
vt 0.87625 0.225
vt 0.87625 0.025
vt 0.87625 0.225
vt 0.87625 0.225
vt 0.87625 0.025
vt 0.87625 0.025
vt 0.87625 0.225
vt 0.87625 0.025
vt 0.87625 0.225
vt 0.87625 0.225
vt 0.87625 0.025
vt 0.87625 0.025
vt 0.87625 0.225
vt 0.87625 0.025
vt 0.87625 0.225
vt 0.87625 0.225
vt 0.87625 0.025
vt 0.87625 0.025
vt 0.87625 0.225
vt 0.87625 0.025
vt 0.87625 0.225
vt 0.87625 0.225
vt 0.87625 0.025
vt 0.87625 0.025
vt 0.87625 0.225
vt 0.87625 0.025
vt 0.87625 0.225
vt 0.87625 0.025
vt 0.87625 0.225
vt 0.87625 0.225
vt 0.87625 0.025
vt 0.87625 0.025
vt 0.87625 0.225
vt 0.87625 0.025
vt 0.87625 0.225
vt 0.87625 0.225
vt 0.87625 0.025
vt 0.87625 0.025
vt 0.87625 0.225
vt 0.87625 0.025
vt 0.87625 0.225
vt 0.87625 0.225
vt 0.87625 0.025
vt 0.87625 0.025
vt 0.87625 0.225
vt 0.87625 0.025
vt 0.87625 0.225
vt 0.87625 0.225
vt 0.87625 0.025
vt 0.87625 0.025
vt 0.87625 0.225
vt 0.87625 0.025
vt 0.87625 0.225
vt 0.87625 0.225
vt 0.87625 0.025
vt 0.87625 0.025
vt 0.87625 0.225
vt 0.87625 0.025
vt 0.87625 0.225
vt 0.87625 0.225
vt 0.87625 0.025
vt 0.87625 0.025
vt 0.87625 0.225
vt 0.87625 0.025
vt 0.87625 0.225
vt 0.87625 0.225
vt 0.87625 0.025
vt 0.87625 0.025
vt 0.87625 0.225
vt 0.87625 0.025
vt 0.87625 0.225
vt 0.87625 0.225
vt 0.87625 0.025
vt 0.87625 0.025
vt 0.87625 0.225
vt 0.87625 0.025
vt 0.87625 0.225
vt 0.87625 0.225
vt 0.87625 0.025
vt 0.87625 0.025
vt 0.87625 0.225
vt 0.87625 0.225
vt 0.87625 0.025
vt 0.87625 0.025
vt 0.87625 0.225
vt 0.87625 0.025
vt 0.87625 0.225
vt 0.87625 0.225
vt 0.87625 0.025
vt 0.87625 0.025
vt 0.87625 0.225
vt 0.87625 0.025
vt 0.87625 0.225
vt 0.87625 0.225
vt 0.87625 0.025
vt 0.87625 0.025
vt 0.87625 0.225
vt 0.87625 0.025
vt 0.87625 0.225
vt 0.87625 0.225
vt 0.87625 0.025
vt 0.87625 0.025
vt 0.87625 0.225
vt 0.87625 0.025
vt 0.87625 0.225
vt 0.87625 0.225
vt 0.87625 0.025
vt 0.87625 0.025
vt 0.87625 0.225
vt 0.87625 0.025
vt 0.87625 0.225
vt 0.87625 0.225
vt 0.87625 0.025
vt 0.87625 0.025
vt 0.87625 0.225
vt 0.87625 0.025
vt 0.87625 0.225
vt 0.87625 0.225
vt 0.87625 0.025
vt 0.87625 0.025
vt 0.87625 0.225
vt 0.87625 0.025
vt 0.87625 0.225
vt 0.87625 0.225
vt 0.87625 0.025
vt 0.87625 0.025
vt 0.87625 0.225
vt 0.87625 0.025
vt 0.87625 0.225
vt 0.87625 0.225
vt 0.87625 0.025
vt 0.87625 0.025
vt 0.87625 0.225
vt 0.87625 0.025
vt 0.87625 0.225
vt 0.87625 0.025
vt 0.87625 0.225
vt 0.87625 0.225
vt 0.87625 0.025
vt 0.87625 0.025
vt 0.87625 0.225
vt 0.87625 0.025
vt 0.87625 0.225
vt 0.87625 0.225
vt 0.87625 0.025
vt 0.87625 0.025
vt 0.87625 0.225
vt 0.87625 0.025
vt 0.87625 0.225
vt 0.87625 0.225
vt 0.87625 0.025
vt 0.87625 0.025
vt 0.87625 0.225
vt 0.87625 0.025
vt 0.87625 0.225
vt 0.87625 0.225
vt 0.87625 0.025
vt 0.87625 0.025
vt 0.87625 0.225
vt 0.87625 0.025
vt 0.87625 0.225
vt 0.87625 0.225
vt 0.87625 0.025
vt 0.87625 0.025
vt 0.87625 0.225
vt 0.87625 0.025
vt 0.87625 0.225
vt 0.87625 0.225
vt 0.87625 0.025
vt 0.87625 0.025
vt 0.87625 0.225
vt 0.87625 0.025
vt 0.87625 0.225
vt 0.87625 0.225
vt 0.87625 0.025
vt 0.87625 0.025
vt 0.87625 0.225
vt 0.87625 0.025
vt 0.87625 0.225
vt 0.87625 0.225
vt 0.87625 0.025
vt 0.87625 0.025
vt 0.87625 0.225
vt 0.87625 0.025
vt 0.87625 0.225
vt 0.87625 0.225
vt 0.87625 0.025
vt 0.87625 0.025
vt 0.87625 0.225
vt 0.87625 0.225
vt 0.87625 0.025
vt 0.87625 0.025
vt 0.87625 0.225
vt 0.87625 0.025
vt 0.87625 0.225
vt 0.87625 0.225
vt 0.87625 0.025
vt 0.87625 0.025
vt 0.87625 0.225
vt 0.87625 0.025
vt 0.87625 0.225
vt 0.87625 0.225
vt 0.87625 0.025
vt 0.87625 0.025
vt 0.87625 0.225
vt 0.87625 0.025
vt 0.87625 0.225
vt 0.87625 0.225
vt 0.87625 0.025
vt 0.87625 0.025
vt 0.87625 0.225
vt 0.87625 0.025
vt 0.87625 0.225
vt 0.87625 0.225
vt 0.87625 0.025
vt 0.87625 0.025
vt 0.87625 0.225
vt 0.87625 0.025
vt 0.87625 0.225
vt 0.87625 0.225
vt 0.87625 0.025
vt 0.87625 0.025
vt 0.87625 0.225
vt 0.87625 0.025
vt 0.87625 0.225
vt 0.87625 0.225
vt 0.87625 0.025
vt 0.87625 0.025
vt 0.87625 0.225
vt 0.87625 0.025
vt 0.87625 0.225
vt 0.87625 0.225
vt 0.87625 0.025
vt 0.87625 0.025
vt 0.87625 0.225
vt 0.87625 0.025
vt 0.87625 0.225
vt 0.87625 0.225
vt 0.87625 0.025
vt 0.87625 0.025
vt 0.87625 0.225
vt 0.87625 0.025
vt 0.87625 0.225
vt 0.87625 0.025
vt 0.87625 0.225
vt 0.87625 0.225
vt 0.87625 0.025
vt 0.87625 0.025
vt 0.87625 0.225
vt 0.87625 0.025
vt 0.87625 0.225
vt 0.87625 0.225
vt 0.87625 0.025
vt 0.87625 0.025
vt 0.87625 0.225
vt 0.87625 0.025
vt 0.87625 0.225
vt 0.87625 0.225
vt 0.87625 0.025
vt 0.87625 0.025
vt 0.87625 0.225
vt 0.87625 0.025
vt 0.87625 0.225
vt 0.87625 0.225
vt 0.87625 0.025
vt 0.87625 0.025
vt 0.87625 0.225
vt 0.87625 0.025
vt 0.87625 0.225
vt 0.87625 0.225
vt 0.87625 0.025
vt 0.87625 0.025
vt 0.87625 0.225
vt 0.87625 0.025
vt 0.87625 0.225
vt 0.87625 0.225
vt 0.87625 0.025
vt 0.87625 0.025
vt 0.87625 0.225
vt 0.87625 0.025
vt 0.87625 0.225
vt 0.87625 0.225
vt 0.87625 0.025
vt 0.87625 0.025
vt 0.87625 0.225
vt 0.87625 0.025
vt 0.87625 0.225
vt 0.87625 0.225
vt 0.87625 0.025
vt 0.87625 0.025
vt 0.87625 0.225
vt 0.87625 0.025
vt 0.87625 0.225
vt 0.87625 0.225
vt 0.87625 0.025
vt 0.87625 0.025
vt 0.87625 0.225
vt 0.87625 0.225
vt 0.87625 0.025
vt 0.87625 0.025
vt 0.87625 0.225
vt 0.87625 0.025
vt 0.87625 0.225
vt 0.87625 0.225
vt 0.87625 0.025
vt 0.87625 0.025
vt 0.87625 0.225
vt 0.87625 0.025
vt 0.87625 0.225
vt 0.87625 0.225
vt 0.87625 0.025
vt 0.87625 0.025
vt 0.87625 0.225
vt 0.87625 0.025
vt 0.87625 0.225
vt 0.87625 0.225
vt 0.87625 0.025
vt 0.87625 0.025
vt 0.87625 0.225
vt 0.87625 0.025
vt 0.87625 0.225
vt 0.87625 0.225
vt 0.87625 0.025
vt 0.87625 0.025
vt 0.87625 0.225
vt 0.87625 0.025
vt 0.87625 0.225
vt 0.87625 0.225
vt 0.87625 0.025
vt 0.87625 0.025
vt 0.87625 0.225
vt 0.87625 0.025
vt 0.87625 0.225
vt 0.87625 0.225
vt 0.87625 0.025
vt 0.87625 0.025
vt 0.87625 0.225
vt 0.87625 0.025
vt 0.87625 0.225
vt 0.87625 0.225
vt 0.87625 0.025
vt 0.87625 0.025
vt 0.87625 0.225
vt 0.87625 0.025
vt 0.87625 0.225
vt 0.87625 0.025
vt 0.87625 0.225
vt 0.87625 0.225
vt 0.87625 0.025
vt 0.87625 0.025
vt 0.87625 0.225
vt 0.87625 0.025
vt 0.87625 0.225
vt 0.87625 0.225
vt 0.87625 0.025
vt 0.87625 0.025
vt 0.87625 0.225
vt 0.87625 0.025
vt 0.87625 0.225
vt 0.87625 0.225
vt 0.87625 0.025
vt 0.87625 0.025
vt 0.87625 0.225
vt 0.87625 0.025
vt 0.87625 0.225
vt 0.87625 0.225
vt 0.87625 0.025
vt 0.87625 0.025
vt 0.87625 0.225
vt 0.87625 0.025
vt 0.87625 0.225
vt 0.87625 0.225
vt 0.87625 0.025
vt 0.87625 0.025
vt 0.87625 0.225
vt 0.87625 0.025
vt 0.87625 0.225
vt 0.87625 0.225
vt 0.87625 0.025
vt 0.87625 0.025
vt 0.87625 0.225
vt 0.87625 0.025
vt 0.87625 0.225
vt 0.87625 0.225
vt 0.87625 0.025
vt 0.87625 0.025
vt 0.87625 0.225
vt 0.87625 0.025
vt 0.87625 0.225
vt 0.87625 0.225
vt 0.87625 0.025
vt 0.87625 0.025
vt 0.87625 0.225
vt 0.87625 0.225
vt 0.87625 0.025
vt 0.87625 0.025
vt 0.87625 0.225
vt 0.87625 0.025
vt 0.87625 0.225
vt 0.87625 0.225
vt 0.87625 0.025
vt 0.87625 0.025
vt 0.87625 0.225
vt 0.87625 0.025
vt 0.87625 0.225
vt 0.87625 0.225
vt 0.87625 0.025
vt 0.87625 0.025
vt 0.87625 0.225
vt 0.87625 0.025
vt 0.87625 0.225
vt 0.87625 0.225
vt 0.87625 0.025
vt 0.87625 0.025
vt 0.87625 0.225
vt 0.87625 0.025
vt 0.87625 0.225
vt 0.87625 0.225
vt 0.87625 0.025
vt 0.87625 0.025
vt 0.87625 0.225
vt 0.87625 0.025
vt 0.87625 0.225
vt 0.87625 0.225
vt 0.87625 0.025
vt 0.87625 0.025
vt 0.87625 0.225
vt 0.87625 0.025
vt 0.87625 0.225
vt 0.87625 0.225
vt 0.87625 0.025
vt 0.87625 0.025
vt 0.87625 0.225
vt 0.87625 0.025
vt 0.87625 0.225
vt 0.87625 0.225
vt 0.87625 0.025
vt 0.87625 0.025
vt 0.87625 0.225
vt 0.87625 0.025
vt 0.87625 0.225
vt 0.87625 0.025
vt 0.87625 0.225
vt 0.87625 0.225
vt 0.87625 0.025
vt 0.87625 0.025
vt 0.87625 0.225
vt 0.87625 0.025
vt 0.87625 0.225
vt 0.87625 0.225
vt 0.87625 0.025
vt 0.87625 0.025
vt 0.87625 0.225
vt 0.87625 0.025
vt 0.87625 0.225
vt 0.87625 0.225
vt 0.87625 0.025
vt 0.87625 0.025
vt 0.87625 0.225
vt 0.87625 0.025
vt 0.87625 0.225
vt 0.87625 0.225
vt 0.87625 0.025
vt 0.87625 0.025
vt 0.87625 0.225
vt 0.87625 0.025
vt 0.87625 0.225
vt 0.87625 0.225
vt 0.87625 0.025
vt 0.87625 0.025
vt 0.87625 0.225
vt 0.87625 0.025
vt 0.87625 0.225
vt 0.87625 0.225
vt 0.87625 0.025
vt 0.87625 0.025
vt 0.87625 0.225
vt 0.87625 0.025
vt 0.87625 0.225
vt 0.87625 0.225
vt 0.87625 0.025
vt 0.87625 0.025
vt 0.87625 0.225
vt 0.87625 0.025
vt 0.87625 0.225
vt 0.87625 0.225
vt 0.87625 0.025
vt 0.87625 0.025
vt 0.87625 0.225
vt 0.87625 0.225
vt 0.87625 0.025
vt 0.87625 0.025
vt 0.87625 0.225
vt 0.87625 0.025
vt 0.87625 0.225
vt 0.87625 0.225
vt 0.87625 0.025
vt 0.87625 0.025
vt 0.87625 0.225
vt 0.87625 0.025
vt 0.87625 0.225
vt 0.87625 0.225
vt 0.87625 0.025
vt 0.87625 0.025
vt 0.87625 0.225
vt 0.87625 0.025
vt 0.87625 0.225
vt 0.87625 0.225
vt 0.87625 0.025
vt 0.87625 0.025
vt 0.87625 0.225
vt 0.87625 0.025
vt 0.87625 0.225
vt 0.87625 0.225
vt 0.87625 0.025
vt 0.87625 0.025
vt 0.87625 0.225
vt 0.87625 0.025
vt 0.87625 0.225
vt 0.87625 0.225
vt 0.87625 0.025
vt 0.87625 0.025
vt 0.87625 0.225
vt 0.87625 0.025
vt 0.87625 0.225
vt 0.87625 0.225
vt 0.87625 0.025
vt 0.87625 0.025
vt 0.87625 0.225
vt 0.87625 0.025
vt 0.87625 0.225
vt 0.87625 0.225
vt 0.87625 0.025
vt 0.87625 0.025
vt 0.87625 0.225
vt 0.87625 0.025
vt 0.87625 0.225
vt 0.87625 0.025
vt 0.87625 0.225
vt 0.87625 0.225
vt 0.87625 0.025
vt 0.87625 0.025
vt 0.87625 0.225
vt 0.87625 0.025
vt 0.87625 0.225
vt 0.87625 0.225
vt 0.87625 0.025
vt 0.87625 0.025
vt 0.87625 0.225
vt 0.87625 0.025
vt 0.87625 0.225
vt 0.87625 0.225
vt 0.87625 0.025
vt 0.87625 0.025
vt 0.87625 0.225
vt 0.87625 0.025
vt 0.87625 0.225
vt 0.87625 0.225
vt 0.87625 0.025
vt 0.87625 0.025
vt 0.87625 0.225
vt 0.87625 0.025
vt 0.87625 0.225
vt 0.87625 0.225
vt 0.87625 0.025
vt 0.87625 0.025
vt 0.87625 0.225
vt 0.87625 0.025
vt 0.87625 0.225
vt 0.87625 0.225
vt 0.87625 0.025
vt 0.87625 0.025
vt 0.87625 0.225
vt 0.87625 0.025
vt 0.87625 0.225
vt 0.87625 0.225
vt 0.87625 0.025
vt 0.87625 0.025
vt 0.87625 0.225
vt 0.87625 0.025
vt 0.87625 0.225
vt 0.87625 0.225
vt 0.87625 0.025
vt 0.87625 0.025
vt 0.87625 0.225
vt 0.87625 0.225
vt 0.87625 0.025
vt 0.87625 0.025
vt 0.87625 0.225
vt 0.87625 0.025
vt 0.87625 0.225
vt 0.87625 0.225
vt 0.87625 0.025
vt 0.87625 0.025
vt 0.87625 0.225
vt 0.87625 0.025
vt 0.87625 0.225
vt 0.87625 0.225
vt 0.87625 0.025
vt 0.87625 0.025
vt 0.87625 0.225
vt 0.87625 0.025
vt 0.87625 0.225
vt 0.87625 0.225
vt 0.87625 0.025
vt 0.87625 0.025
vt 0.87625 0.225
vt 0.87625 0.025
vt 0.87625 0.225
vt 0.87625 0.225
vt 0.87625 0.025
vt 0.87625 0.025
vt 0.87625 0.225
vt 0.87625 0.025
vt 0.87625 0.225
vt 0.87625 0.225
vt 0.87625 0.025
vt 0.87625 0.025
vt 0.87625 0.225
vt 0.87625 0.025
vt 0.87625 0.225
vt 0.87625 0.225
vt 0.87625 0.025
vt 0.87625 0.025
vt 0.87625 0.225
vt 0.87625 0.025
vt 0.87625 0.225
vt 0.87625 0.225
vt 0.87625 0.025
vt 0.87625 0.025
vt 0.87625 0.225
vt 0.87625 0.025
vt 0.87625 0.225
vt 0.87625 0.025
vt 0.87625 0.225
vt 0.87625 0.225
vt 0.87625 0.025
vt 0.87625 0.025
vt 0.87625 0.225
vt 0.87625 0.025
vt 0.87625 0.225
vt 0.87625 0.225
vt 0.87625 0.025
vt 0.87625 0.025
vt 0.87625 0.225
vt 0.87625 0.025
vt 0.87625 0.225
vt 0.87625 0.225
vt 0.87625 0.025
vt 0.87625 0.025
vt 0.87625 0.225
vt 0.87625 0.025
vt 0.87625 0.225
vt 0.87625 0.225
vt 0.87625 0.025
vt 0.87625 0.025
vt 0.87625 0.225
vt 0.87625 0.025
vt 0.87625 0.225
vt 0.87625 0.225
vt 0.87625 0.025
vt 0.87625 0.025
vt 0.87625 0.225
vt 0.87625 0.025
vt 0.87625 0.225
vt 0.87625 0.225
vt 0.87625 0.025
vt 0.87625 0.025
vt 0.87625 0.225
vt 0.87625 0.025
vt 0.87625 0.225
vt 0.87625 0.225
vt 0.87625 0.025
vt 0.87625 0.025
vt 0.87625 0.225
vt 0.87625 0.025
vt 0.87625 0.225
vt 0.87625 0.225
vt 0.87625 0.025
vt 0.87625 0.025
vt 0.87625 0.225
vt 0.87625 0.225
vt 0.87625 0.025
vt 0.87625 0.025
vt 0.87625 0.225
vt 0.87625 0.025
vt 0.87625 0.225
vt 0.87625 0.225
vt 0.87625 0.025
vt 0.87625 0.025
vt 0.87625 0.225
vt 0.87625 0.025
vt 0.87625 0.225
vt 0.87625 0.225
vt 0.87625 0.025
vt 0.87625 0.025
vt 0.87625 0.225
vt 0.87625 0.025
vt 0.87625 0.225
vt 0.87625 0.225
vt 0.87625 0.025
vt 0.87625 0.025
vt 0.87625 0.225
vt 0.87625 0.025
vt 0.87625 0.225
vt 0.87625 0.225
vt 0.87625 0.025
vt 0.87625 0.025
vt 0.87625 0.225
vt 0.87625 0.025
vt 0.87625 0.225
vt 0.87625 0.225
vt 0.87625 0.025
vt 0.87625 0.025
vt 0.87625 0.225
vt 0.87625 0.025
vt 0.87625 0.225
vt 0.87625 0.225
vt 0.87625 0.025
vt 0.87625 0.025
vt 0.87625 0.225
vt 0.87625 0.025
vt 0.87625 0.225
vt 0.87625 0.225
vt 0.87625 0.025
vt 0.87625 0.025
vt 0.87625 0.225
vt 0.87625 0.025
vt 0.87625 0.225
vt 0.87625 0.025
vt 0.87625 0.225
vt 0.87625 0.225
vt 0.87625 0.025
vt 0.87625 0.025
vt 0.87625 0.225
vt 0.87625 0.025
vt 0.87625 0.225
vt 0.87625 0.225
vt 0.87625 0.025
vt 0.87625 0.025
vt 0.87625 0.225
vt 0.87625 0.025
vt 0.87625 0.225
vt 0.87625 0.225
vt 0.87625 0.025
vt 0.87625 0.025
vt 0.87625 0.225
vt 0.87625 0.025
vt 0.87625 0.225
vt 0.87625 0.225
vt 0.87625 0.025
vt 0.87625 0.025
vt 0.87625 0.225
vt 0.87625 0.025
vt 0.87625 0.225
vt 0.87625 0.225
vt 0.87625 0.025
vt 0.87625 0.025
vt 0.87625 0.225
vt 0.87625 0.025
vt 0.87625 0.225
vt 0.87625 0.225
vt 0.87625 0.025
vt 0.87625 0.025
vt 0.87625 0.225
vt 0.87625 0.025
vt 0.87625 0.225
vt 0.87625 0.225
vt 0.87625 0.025
vt 0.87625 0.025
vt 0.87625 0.225
vt 0.87625 0.025
vt 0.87625 0.225
vt 0.87625 0.225
vt 0.87625 0.025
vt 0.87625 0.025
vt 0.87625 0.225
vt 0.87625 0.225
vt 0.87625 0.025
vt 0.87625 0.025
vt 0.87625 0.225
vt 0.87625 0.025
vt 0.87625 0.225
vt 0.87625 0.225
vt 0.87625 0.025
vt 0.87625 0.025
vt 0.87625 0.225
vt 0.87625 0.025
vt 0.87625 0.225
vt 0.87625 0.225
vt 0.87625 0.025
vt 0.87625 0.025
vt 0.87625 0.225
vt 0.87625 0.025
vt 0.87625 0.225
vt 0.87625 0.225
vt 0.87625 0.025
vt 0.87625 0.025
vt 0.87625 0.225
vt 0.87625 0.025
vt 0.87625 0.225
vt 0.87625 0.225
vt 0.87625 0.025
vt 0.87625 0.025
vt 0.87625 0.225
vt 0.87625 0.025
vt 0.87625 0.225
vt 0.87625 0.225
vt 0.87625 0.025
vt 0.87625 0.025
vt 0.87625 0.225
vt 0.87625 0.025
vt 0.87625 0.225
vt 0.87625 0.225
vt 0.87625 0.025
vt 0.87625 0.025
vt 0.87625 0.225
vt 0.87625 0.025
vt 0.87625 0.225
vt 0.87625 0.225
vt 0.87625 0.025
vt 0.87625 0.025
vt 0.87625 0.225
vt 0.87625 0.025
vt 0.87625 0.225
vt 0.87625 0.025
vt 0.87625 0.225
vt 0.87625 0.225
vt 0.87625 0.025
vt 0.87625 0.025
vt 0.87625 0.225
vt 0.87625 0.025
vt 0.87625 0.225
vt 0.87625 0.225
vt 0.87625 0.025
vt 0.87625 0.025
vt 0.87625 0.225
vt 0.87625 0.025
vt 0.87625 0.225
vt 0.87625 0.225
vt 0.87625 0.025
vt 0.87625 0.025
vt 0.87625 0.225
vt 0.87625 0.025
vt 0.87625 0.225
vt 0.87625 0.225
vt 0.87625 0.025
vt 0.87625 0.025
vt 0.87625 0.225
vt 0.87625 0.025
vt 0.87625 0.225
vt 0.87625 0.225
vt 0.87625 0.025
vt 0.87625 0.025
vt 0.87625 0.225
vt 0.87625 0.025
vt 0.87625 0.225
vt 0.87625 0.225
vt 0.87625 0.025
vt 0.87625 0.025
vt 0.87625 0.225
vt 0.87625 0.025
vt 0.87625 0.225
vt 0.87625 0.225
vt 0.87625 0.025
vt 0.87625 0.025
vt 0.87625 0.225
vt 0.87625 0.025
vt 0.87625 0.225
vt 0.87625 0.225
vt 0.87625 0.025
vt 0.87625 0.025
vt 0.87625 0.225
vt 0.87625 0.225
vt 0.87625 0.025
vt 0.87625 0.025
vt 0.87625 0.225
vt 0.87625 0.025
vt 0.87625 0.225
vt 0.87625 0.225
vt 0.87625 0.025
vt 0.87625 0.025
vt 0.87625 0.225
vt 0.87625 0.025
vt 0.87625 0.225
vt 0.87625 0.225
vt 0.87625 0.025
vt 0.87625 0.025
vt 0.87625 0.225
vt 0.87625 0.025
vt 0.87625 0.225
vt 0.87625 0.225
vt 0.87625 0.025
vt 0.87625 0.025
vt 0.87625 0.225
vt 0.87625 0.025
vt 0.87625 0.225
vt 0.87625 0.225
vt 0.87625 0.025
vt 0.87625 0.025
vt 0.87625 0.225
vt 0.87625 0.025
vt 0.87625 0.225
vt 0.87625 0.225
vt 0.87625 0.025
vt 0.87625 0.025
vt 0.87625 0.225
vt 0.87625 0.025
vt 0.87625 0.225
vt 0.87625 0.225
vt 0.87625 0.025
vt 0.87625 0.025
vt 0.87625 0.225
vt 0.87625 0.025
vt 0.87625 0.225
vt 0.87625 0.225
vt 0.87625 0.025
vt 0.87625 0.025
vt 0.87625 0.225
vt 0.87625 0.025
vt 0.87625 0.225
vt 0.87625 0.025
vt 0.87625 0.225
vt 0.87625 0.225
vt 0.87625 0.025
vt 0.87625 0.025
vt 0.87625 0.225
vt 0.87625 0.025
vt 0.87625 0.225
vt 0.87625 0.225
vt 0.87625 0.025
vt 0.87625 0.025
vt 0.87625 0.225
vt 0.87625 0.025
vt 0.87625 0.225
vt 0.87625 0.225
vt 0.87625 0.025
vt 0.87625 0.025
vt 0.87625 0.225
vt 0.87625 0.025
vt 0.87625 0.225
vt 0.87625 0.225
vt 0.87625 0.025
vt 0.87625 0.025
vt 0.87625 0.225
vt 0.87625 0.025
vt 0.87625 0.225
vt 0.87625 0.225
vt 0.87625 0.025
vt 0.87625 0.025
vt 0.87625 0.225
vt 0.87625 0.025
vt 0.87625 0.225
vt 0.87625 0.225
vt 0.87625 0.025
vt 0.87625 0.025
vt 0.87625 0.225
vt 0.87625 0.025
vt 0.87625 0.225
vt 0.87625 0.225
vt 0.87625 0.025
vt 0.87625 0.025
vt 0.87625 0.225
vt 0.87625 0.025
vt 0.87625 0.225
vt 0.87625 0.225
vt 0.87625 0.025
vt 0.87625 0.025
vt 0.87625 0.225
vt 0.87625 0.225
vt 0.87625 0.025
vt 0.87625 0.025
vt 0.87625 0.225
vt 0.87625 0.025
vt 0.87625 0.225
vt 0.87625 0.225
vt 0.87625 0.025
vt 0.87625 0.025
vt 0.87625 0.225
vt 0.87625 0.025
vt 0.87625 0.225
vt 0.87625 0.225
vt 0.87625 0.025
vt 0.87625 0.025
vt 0.87625 0.225
vt 0.87625 0.025
vt 0.87625 0.225
vt 0.87625 0.225
vt 0.87625 0.025
vt 0.87625 0.025
vt 0.87625 0.225
vt 0.87625 0.025
vt 0.87625 0.225
vt 0.87625 0.225
vt 0.87625 0.025
vt 0.87625 0.025
vt 0.87625 0.225
vt 0.87625 0.025
vt 0.87625 0.225
vt 0.87625 0.225
vt 0.87625 0.025
vt 0.87625 0.025
vt 0.87625 0.225
vt 0.87625 0.025
vt 0.87625 0.225
vt 0.87625 0.225
vt 0.87625 0.025
vt 0.87625 0.025
vt 0.87625 0.225
vt 0.87625 0.025
vt 0.87625 0.225
vt 0.87625 0.225
vt 0.87625 0.025
vt 0.87625 0.025
vt 0.87625 0.225
vt 0.87625 0.025
vt 0.87625 0.225
vt 0.87625 0.025
vt 0.87625 0.225
vt 0.87625 0.225
vt 0.87625 0.025
vt 0.87625 0.025
vt 0.87625 0.225
vt 0.87625 0.025
vt 0.87625 0.225
vt 0.87625 0.225
vt 0.87625 0.025
vt 0.87625 0.025
vt 0.87625 0.225
vt 0.87625 0.025
vt 0.87625 0.225
vt 0.87625 0.225
vt 0.87625 0.025
vt 0.87625 0.025
vt 0.87625 0.225
vt 0.87625 0.025
vt 0.87625 0.225
vt 0.87625 0.225
vt 0.87625 0.025
vt 0.87625 0.025
vt 0.87625 0.225
vt 0.87625 0.025
vt 0.87625 0.225
vt 0.87625 0.225
vt 0.87625 0.025
vt 0.87625 0.025
vt 0.87625 0.225
vt 0.87625 0.025
vt 0.87625 0.225
vt 0.87625 0.225
vt 0.87625 0.025
vt 0.87625 0.025
vt 0.87625 0.225
vt 0.87625 0.025
vt 0.87625 0.225
vt 0.87625 0.225
vt 0.87625 0.025
vt 0.87625 0.025
vt 0.87625 0.225
vt 0.87625 0.025
vt 0.87625 0.225
vt 0.87625 0.225
vt 0.87625 0.025
vt 0.87625 0.025
vt 0.87625 0.225
vt 0.87625 0.225
vt 0.87625 0.025
vt 0.87625 0.025
vt 0.87625 0.225
vt 0.87625 0.025
vt 0.87625 0.225
vt 0.87625 0.225
vt 0.87625 0.025
vt 0.87625 0.025
vt 0.87625 0.225
vt 0.87625 0.025
vt 0.87625 0.225
vt 0.87625 0.225
vt 0.87625 0.025
vt 0.87625 0.025
vt 0.87625 0.225
vt 0.87625 0.025
vt 0.87625 0.225
vt 0.87625 0.225
vt 0.87625 0.025
vt 0.87625 0.025
vt 0.87625 0.225
vt 0.87625 0.025
vt 0.87625 0.225
vt 0.87625 0.225
vt 0.87625 0.025
vt 0.87625 0.025
vt 0.87625 0.225
vt 0.87625 0.025
vt 0.87625 0.225
vt 0.87625 0.225
vt 0.87625 0.025
vt 0.87625 0.025
vt 0.87625 0.225
vt 0.87625 0.025
vt 0.87625 0.225
vt 0.87625 0.225
vt 0.87625 0.025
vt 0.87625 0.025
vt 0.87625 0.225
vt 0.87625 0.025
vt 0.87625 0.225
vt 0.87625 0.225
vt 0.87625 0.025
vt 0.87625 0.025
vt 0.87625 0.225
vt 0.87625 0.025
vt 0.87625 0.225
vt 0.87625 0.025
vt 0.87625 0.225
vt 0.87625 0.225
vt 0.87625 0.025
vt 0.87625 0.025
vt 0.87625 0.225
vt 0.87625 0.025
vt 0.87625 0.225
vt 0.87625 0.225
vt 0.87625 0.025
vt 0.87625 0.025
vt 0.87625 0.225
vt 0.87625 0.025
vt 0.87625 0.225
vt 0.87625 0.225
vt 0.87625 0.025
vt 0.87625 0.025
vt 0.87625 0.225
vt 0.87625 0.025
vt 0.87625 0.225
vt 0.87625 0.225
vt 0.87625 0.025
vt 0.87625 0.025
vt 0.87625 0.225
vt 0.87625 0.025
vt 0.87625 0.225
vt 0.87625 0.225
vt 0.87625 0.025
vt 0.87625 0.025
vt 0.87625 0.225
vt 0.87625 0.025
vt 0.87625 0.225
vt 0.87625 0.225
vt 0.87625 0.025
vt 0.87625 0.025
vt 0.87625 0.225
vt 0.87625 0.025
vt 0.87625 0.225
vt 0.87625 0.225
vt 0.87625 0.025
vt 0.87625 0.025
vt 0.87625 0.225
vt 0.87625 0.025
vt 0.87625 0.225
vt 0.87625 0.225
vt 0.87625 0.025
vt 0.87625 0.025
vt 0.87625 0.225
vt 0.87625 0.225
vt 0.87625 0.025
vt 0.87625 0.025
vt 0.87625 0.225
vt 0.87625 0.025
vt 0.87625 0.225
vt 0.87625 0.225
vt 0.87625 0.025
vt 0.87625 0.025
vt 0.87625 0.225
vt 0.87625 0.025
vt 0.87625 0.225
vt 0.87625 0.225
vt 0.87625 0.025
vt 0.87625 0.025
vt 0.87625 0.225
vt 0.87625 0.025
vt 0.87625 0.225
vt 0.87625 0.225
vt 0.87625 0.025
vt 0.87625 0.025
vt 0.87625 0.225
vt 0.87625 0.025
vt 0.87625 0.225
vt 0.87625 0.225
vt 0.87625 0.025
vt 0.87625 0.025
vt 0.87625 0.225
vt 0.87625 0.025
vt 0.87625 0.225
vt 0.87625 0.225
vt 0.87625 0.025
vt 0.87625 0.025
vt 0.87625 0.225
vt 0.87625 0.025
vt 0.87625 0.225
vt 0.87625 0.025
vt 0.87625 0.225
vt 0.87625 0.225
vt 0.87625 0.025
vt 0.87625 0.025
vt 0.87625 0.225
vt 0.87625 0.025
vt 0.87625 0.225
vt 0.87625 0.225
vt 0.87625 0.025
vt 0.87625 0.025
vt 0.87625 0.225
vt 0.87625 0.025
vt 0.87625 0.225
vt 0.87625 0.225
vt 0.87625 0.025
vt 0.87625 0.025
vt 0.87625 0.225
vt 0.87625 0.025
vt 0.87625 0.225
vt 0.87625 0.225
vt 0.87625 0.025
vt 0.87625 0.025
vt 0.87625 0.225
vt 0.87625 0.025
vt 0.87625 0.225
vt 0.87625 0.225
vt 0.87625 0.025
vt 0.87625 0.025
vt 0.87625 0.225
vt 0.87625 0.025
vt 0.87625 0.225
vt 0.87625 0.225
vt 0.87625 0.025
vt 0.87625 0.025
vt 0.87625 0.225
vt 0.87625 0.225
vt 0.87625 0.025
vt 0.87625 0.025
vt 0.87625 0.225
vt 0.87625 0.025
vt 0.87625 0.225
vt 0.87625 0.225
vt 0.87625 0.025
vt 0.87625 0.025
vt 0.87625 0.225
vt 0.87625 0.025
vt 0.87625 0.225
vt 0.87625 0.225
vt 0.87625 0.025
vt 0.87625 0.025
vt 0.87625 0.225
vt 0.87625 0.025
vt 0.87625 0.225
vt 0.87625 0.225
vt 0.87625 0.025
vt 0.87625 0.025
vt 0.87625 0.225
vt 0.87625 0.025
vt 0.87625 0.225
vt 0.87625 0.225
vt 0.87625 0.025
vt 0.87625 0.025
vt 0.87625 0.225
vt 0.87625 0.025
vt 0.87625 0.225
vt 0.87625 0.225
vt 0.87625 0.025
vt 0.87625 0.025
vt 0.87625 0.225
vt 0.87625 0.025
vt 0.87625 0.225
vt 0.87625 0.025
vt 0.87625 0.225
vt 0.87625 0.225
vt 0.87625 0.025
vt 0.87625 0.025
vt 0.87625 0.225
vt 0.87625 0.025
vt 0.87625 0.225
vt 0.87625 0.225
vt 0.87625 0.025
vt 0.87625 0.025
vt 0.87625 0.225
vt 0.87625 0.025
vt 0.87625 0.225
vt 0.87625 0.225
vt 0.87625 0.025
vt 0.87625 0.025
vt 0.87625 0.225
vt 0.87625 0.025
vt 0.87625 0.225
vt 0.87625 0.225
vt 0.87625 0.025
vt 0.87625 0.025
vt 0.87625 0.225
vt 0.87625 0.025
vt 0.87625 0.225
vt 0.87625 0.225
vt 0.87625 0.025
vt 0.87625 0.025
vt 0.87625 0.225
vt 0.87625 0.025
vt 0.87625 0.225
vt 0.87625 0.225
vt 0.87625 0.025
vt 0.87625 0.025
vt 0.87625 0.225
vt 0.87625 0.225
vt 0.87625 0.025
vt 0.87625 0.025
vt 0.87625 0.225
vt 0.87625 0.025
vt 0.87625 0.225
vt 0.87625 0.225
vt 0.87625 0.025
vt 0.87625 0.025
vt 0.87625 0.225
vt 0.87625 0.025
vt 0.87625 0.225
vt 0.87625 0.225
vt 0.87625 0.025
vt 0.87625 0.025
vt 0.87625 0.225
vt 0.87625 0.025
vt 0.87625 0.225
vt 0.87625 0.225
vt 0.87625 0.025
vt 0.87625 0.025
vt 0.87625 0.225
vt 0.87625 0.025
vt 0.87625 0.225
vt 0.87625 0.225
vt 0.87625 0.025
vt 0.87625 0.025
vt 0.87625 0.225
vt 0.87625 0.025
vt 0.87625 0.225
vt 0.87625 0.225
vt 0.87625 0.025
vt 0.87625 0.025
vt 0.87625 0.225
vt 0.87625 0.025
vt 0.87625 0.225
vt 0.87625 0.025
vt 0.87625 0.225
vt 0.87625 0.225
vt 0.87625 0.025
vt 0.87625 0.025
vt 0.87625 0.225
vt 0.87625 0.025
vt 0.87625 0.225
vt 0.87625 0.225
vt 0.87625 0.025
vt 0.87625 0.025
vt 0.87625 0.225
vt 0.87625 0.025
vt 0.87625 0.225
vt 0.87625 0.225
vt 0.87625 0.025
vt 0.87625 0.025
vt 0.87625 0.225
vt 0.87625 0.025
vt 0.87625 0.225
vt 0.87625 0.225
vt 0.87625 0.025
vt 0.87625 0.025
vt 0.87625 0.225
vt 0.87625 0.025
vt 0.87625 0.225
vt 0.87625 0.225
vt 0.87625 0.025
vt 0.87625 0.025
vt 0.87625 0.225
vt 0.87625 0.025
vt 0.87625 0.225
vt 0.87625 0.225
vt 0.87625 0.025
vt 0.87625 0.025
vt 0.87625 0.225
vt 0.87625 0.225
vt 0.87625 0.025
vt 0.87625 0.025
vt 0.87625 0.225
vt 0.87625 0.025
vt 0.87625 0.225
vt 0.87625 0.225
vt 0.87625 0.025
vt 0.87625 0.025
vt 0.87625 0.225
vt 0.87625 0.025
vt 0.87625 0.225
vt 0.87625 0.225
vt 0.87625 0.025
vt 0.87625 0.025
vt 0.87625 0.225
vt 0.87625 0.025
vt 0.87625 0.225
vt 0.87625 0.225
vt 0.87625 0.025
vt 0.87625 0.025
vt 0.87625 0.225
vt 0.87625 0.025
vt 0.87625 0.225
vt 0.87625 0.225
vt 0.87625 0.025
vt 0.87625 0.025
vt 0.87625 0.225
vt 0.87625 0.025
vt 0.87625 0.225
vt 0.87625 0.225
vt 0.87625 0.025
vt 0.87625 0.025
vt 0.87625 0.225
vt 0.87625 0.025
vt 0.87625 0.225
vt 0.87625 0.025
vt 0.87625 0.225
vt 0.87625 0.225
vt 0.87625 0.025
vt 0.87625 0.025
vt 0.87625 0.225
vt 0.87625 0.025
vt 0.87625 0.225
vt 0.87625 0.225
vt 0.87625 0.025
vt 0.87625 0.025
vt 0.87625 0.225
vt 0.87625 0.025
vt 0.87625 0.225
vt 0.87625 0.225
vt 0.87625 0.025
vt 0.87625 0.025
vt 0.87625 0.225
vt 0.87625 0.025
vt 0.87625 0.225
vt 0.87625 0.225
vt 0.87625 0.025
vt 0.87625 0.025
vt 0.87625 0.225
vt 0.87625 0.025
vt 0.87625 0.225
vt 0.87625 0.225
vt 0.87625 0.025
vt 0.87625 0.025
vt 0.87625 0.225
vt 0.87625 0.025
vt 0.87625 0.225
vt 0.87625 0.225
vt 0.87625 0.025
vt 0.87625 0.025
vt 0.87625 0.225
vt 0.87625 0.225
vt 0.87625 0.025
vt 0.87625 0.025
vt 0.87625 0.225
vt 0.87625 0.025
vt 0.87625 0.225
vt 0.87625 0.225
vt 0.87625 0.025
vt 0.87625 0.025
vt 0.87625 0.225
vt 0.87625 0.025
vt 0.87625 0.225
vt 0.87625 0.225
vt 0.87625 0.025
vt 0.87625 0.025
vt 0.87625 0.225
vt 0.87625 0.025
vt 0.87625 0.225
vt 0.87625 0.225
vt 0.87625 0.025
vt 0.87625 0.025
vt 0.87625 0.225
vt 0.87625 0.025
vt 0.87625 0.225
vt 0.87625 0.225
vt 0.87625 0.025
vt 0.87625 0.025
vt 0.87625 0.225
vt 0.87625 0.025
vt 0.87625 0.225
vt 0.87625 0.225
vt 0.87625 0.025
vt 0.87625 0.025
vt 0.87625 0.225
vt 0.87625 0.025
vt 0.87625 0.225
vt 0.87625 0.025
vt 0.87625 0.225
vt 0.87625 0.225
vt 0.87625 0.025
vt 0.87625 0.025
vt 0.87625 0.225
vt 0.87625 0.025
vt 0.87625 0.225
vt 0.87625 0.225
vt 0.87625 0.025
vt 0.87625 0.025
vt 0.87625 0.225
vt 0.87625 0.025
vt 0.87625 0.225
vt 0.87625 0.225
vt 0.87625 0.025
vt 0.87625 0.025
vt 0.87625 0.225
vt 0.87625 0.025
vt 0.87625 0.225
vt 0.87625 0.225
vt 0.87625 0.025
vt 0.87625 0.025
vt 0.87625 0.225
vt 0.87625 0.025
vt 0.87625 0.225
vt 0.87625 0.225
vt 0.87625 0.025
vt 0.87625 0.025
vt 0.87625 0.225
vt 0.87625 0.025
vt 0.87625 0.225
vt 0.87625 0.225
vt 0.87625 0.025
vt 0.87625 0.025
vt 0.87625 0.225
vt 0.87625 0.225
vt 0.87625 0.025
vt 0.87625 0.025
vt 0.87625 0.225
vt 0.87625 0.025
vt 0.87625 0.225
vt 0.87625 0.225
vt 0.87625 0.025
vt 0.87625 0.025
vt 0.87625 0.225
vt 0.87625 0.025
vt 0.87625 0.225
vt 0.87625 0.225
vt 0.87625 0.025
vt 0.87625 0.025
vt 0.87625 0.225
vt 0.87625 0.025
vt 0.87625 0.225
vt 0.87625 0.225
vt 0.87625 0.025
vt 0.87625 0.025
vt 0.87625 0.225
vt 0.87625 0.025
vt 0.87625 0.225
vt 0.87625 0.225
vt 0.87625 0.025
vt 0.87625 0.025
vt 0.87625 0.225
vt 0.87625 0.025
vt 0.87625 0.225
vt 0.87625 0.225
vt 0.87625 0.025
vt 0.87625 0.025
vt 0.87625 0.225
vt 0.87625 0.025
vt 0.87625 0.225
vt 0.87625 0.025
vt 0.87625 0.225
vt 0.87625 0.225
vt 0.87625 0.025
vt 0.87625 0.025
vt 0.87625 0.225
vt 0.87625 0.025
vt 0.87625 0.225
vt 0.87625 0.225
vt 0.87625 0.025
vt 0.87625 0.025
vt 0.87625 0.225
vt 0.87625 0.025
vt 0.87625 0.225
vt 0.87625 0.225
vt 0.87625 0.025
vt 0.87625 0.025
vt 0.87625 0.225
vt 0.87625 0.025
vt 0.87625 0.225
vt 0.87625 0.225
vt 0.87625 0.025
vt 0.87625 0.025
vt 0.87625 0.225
vt 0.87625 0.025
vt 0.87625 0.225
vt 0.87625 0.225
vt 0.87625 0.025
vt 0.87625 0.025
vt 0.87625 0.225
vt 0.87625 0.025
vt 0.87625 0.225
vt 0.87625 0.225
vt 0.87625 0.025
vt 0.87625 0.025
vt 0.87625 0.225
vt 0.87625 0.225
vt 0.87625 0.025
vt 0.87625 0.025
vt 0.87625 0.225
vt 0.87625 0.025
vt 0.87625 0.225
vt 0.87625 0.225
vt 0.87625 0.025
vt 0.87625 0.025
vt 0.87625 0.225
vt 0.87625 0.025
vt 0.87625 0.225
vt 0.87625 0.225
vt 0.87625 0.025
vt 0.87625 0.025
vt 0.87625 0.225
vt 0.87625 0.025
vt 0.87625 0.225
vt 0.87625 0.225
vt 0.87625 0.025
vt 0.87625 0.025
vt 0.87625 0.225
vt 0.87625 0.025
vt 0.87625 0.225
vt 0.87625 0.225
vt 0.87625 0.025
vt 0.87625 0.025
vt 0.87625 0.225
vt 0.87625 0.025
vt 0.87625 0.225
vt 0.87625 0.225
vt 0.87625 0.025
vt 0.87625 0.025
vt 0.87625 0.225
vt 0.87625 0.025
vt 0.87625 0.225
vt 0.87625 0.025
vt 0.87625 0.225
vt 0.87625 0.225
vt 0.87625 0.025
vt 0.87625 0.025
vt 0.87625 0.225
vt 0.87625 0.025
vt 0.87625 0.225
vt 0.87625 0.225
vt 0.87625 0.025
vt 0.87625 0.025
vt 0.87625 0.225
vt 0.87625 0.025
vt 0.87625 0.225
vt 0.87625 0.225
vt 0.87625 0.025
vt 0.87625 0.025
vt 0.87625 0.225
vt 0.87625 0.025
vt 0.87625 0.225
vt 0.87625 0.225
vt 0.87625 0.025
vt 0.87625 0.025
vt 0.87625 0.225
vt 0.87625 0.025
vt 0.87625 0.225
vt 0.87625 0.225
vt 0.87625 0.025
vt 0.87625 0.025
vt 0.87625 0.225
vt 0.87625 0.025
vt 0.87625 0.225
vt 0.87625 0.225
vt 0.87625 0.025
vt 0.87625 0.025
vt 0.87625 0.225
vt 0.87625 0.225
vt 0.87625 0.025
vt 0.87625 0.025
vt 0.87625 0.225
vt 0.87625 0.025
vt 0.87625 0.225
vt 0.87625 0.225
vt 0.87625 0.025
vt 0.87625 0.025
vt 0.87625 0.225
vt 0.87625 0.025
vt 0.87625 0.225
vt 0.87625 0.225
vt 0.87625 0.025
vt 0.87625 0.025
vt 0.87625 0.225
vt 0.87625 0.025
vt 0.87625 0.225
vt 0.87625 0.225
vt 0.87625 0.025
vt 0.87625 0.025
vt 0.87625 0.225
vt 0.87625 0.025
vt 0.87625 0.225
vt 0.87625 0.225
vt 0.87625 0.025
vt 0.87625 0.025
vt 0.87625 0.225
vt 0.87625 0.025
vt 0.87625 0.225
vt 0.87625 0.225
vt 0.87625 0.025
vt 0.87625 0.025
vt 0.87625 0.225
vt 0.87625 0.025
vt 0.87625 0.225
vt 0.87625 0.025
vt 0.87625 0.225
vt 0.87625 0.225
vt 0.87625 0.025
vt 0.87625 0.025
vt 0.87625 0.225
vt 0.87625 0.025
vt 0.87625 0.225
vt 0.87625 0.225
vt 0.87625 0.025
vt 0.87625 0.025
vt 0.87625 0.225
vt 0.87625 0.025
vt 0.87625 0.225
vt 0.87625 0.225
vt 0.87625 0.025
vt 0.87625 0.025
vt 0.87625 0.225
vt 0.87625 0.025
vt 0.87625 0.225
vt 0.87625 0.225
vt 0.87625 0.025
vt 0.87625 0.025
vt 0.87625 0.225
vt 0.87625 0.025
vt 0.87625 0.225
vt 0.87625 0.225
vt 0.87625 0.025
vt 0.87625 0.025
vt 0.87625 0.225
vt 0.87625 0.025
vt 0.87625 0.225
vt 0.87625 0.225
vt 0.87625 0.025
vt 0.87625 0.025
vt 0.87625 0.225
vt 0.87625 0.225
vt 0.87625 0.025
vt 0.87625 0.025
vt 0.87625 0.225
vt 0.87625 0.025
vt 0.87625 0.225
vt 0.87625 0.225
vt 0.87625 0.025
vt 0.87625 0.025
vt 0.87625 0.225
vt 0.87625 0.025
vt 0.87625 0.225
vt 0.87625 0.225
vt 0.87625 0.025
vt 0.87625 0.025
vt 0.87625 0.225
vt 0.87625 0.025
vt 0.87625 0.225
vt 0.87625 0.225
vt 0.87625 0.025
vt 0.87625 0.025
vt 0.87625 0.225
vt 0.87625 0.025
vt 0.87625 0.225
vt 0.87625 0.225
vt 0.87625 0.025
vt 0.87625 0.025
vt 0.87625 0.225
vt 0.87625 0.025
vt 0.87625 0.225
vt 0.87625 0.025
vt 0.87625 0.225
vt 0.87625 0.225
vt 0.87625 0.025
vt 0.87625 0.025
vt 0.87625 0.225
vt 0.87625 0.025
vt 0.87625 0.225
vt 0.87625 0.225
vt 0.87625 0.025
vt 0.87625 0.025
vt 0.87625 0.225
vt 0.87625 0.025
vt 0.87625 0.225
vt 0.87625 0.225
vt 0.87625 0.025
vt 0.87625 0.025
vt 0.87625 0.225
vt 0.87625 0.025
vt 0.87625 0.225
vt 0.87625 0.225
vt 0.87625 0.025
vt 0.87625 0.025
vt 0.87625 0.225
vt 0.87625 0.025
vt 0.87625 0.225
vt 0.87625 0.225
vt 0.87625 0.025
vt 0.87625 0.025
vt 0.87625 0.225
vt 0.87625 0.225
vt 0.87625 0.025
vt 0.87625 0.025
vt 0.87625 0.225
vt 0.87625 0.025
vt 0.87625 0.225
vt 0.87625 0.225
vt 0.87625 0.025
vt 0.87625 0.025
vt 0.87625 0.225
vt 0.87625 0.025
vt 0.87625 0.225
vt 0.87625 0.225
vt 0.87625 0.025
vt 0.87625 0.025
vt 0.87625 0.225
vt 0.87625 0.025
vt 0.87625 0.225
vt 0.87625 0.225
vt 0.87625 0.025
vt 0.87625 0.025
vt 0.87625 0.225
vt 0.87625 0.025
vt 0.87625 0.225
vt 0.87625 0.225
vt 0.87625 0.025
vt 0.87625 0.025
vt 0.87625 0.225
vt 0.87625 0.025
vt 0.87625 0.225
vt 0.87625 0.025
vt 0.87625 0.225
vt 0.87625 0.225
vt 0.87625 0.025
vt 0.87625 0.025
vt 0.87625 0.225
vt 0.87625 0.025
vt 0.87625 0.225
vt 0.87625 0.225
vt 0.87625 0.025
vt 0.87625 0.025
vt 0.87625 0.225
vt 0.87625 0.025
vt 0.87625 0.225
vt 0.87625 0.225
vt 0.87625 0.025
vt 0.87625 0.025
vt 0.87625 0.225
vt 0.87625 0.025
vt 0.87625 0.225
vt 0.87625 0.225
vt 0.87625 0.025
vt 0.87625 0.025
vt 0.87625 0.225
vt 0.87625 0.025
vt 0.87625 0.225
vt 0.87625 0.225
vt 0.87625 0.025
vt 0.87625 0.025
vt 0.87625 0.225
vt 0.87625 0.225
vt 0.87625 0.025
vt 0.87625 0.025
vt 0.87625 0.225
vt 0.87625 0.025
vt 0.87625 0.225
vt 0.87625 0.225
vt 0.87625 0.025
vt 0.87625 0.025
vt 0.87625 0.225
vt 0.87625 0.025
vt 0.87625 0.225
vt 0.87625 0.225
vt 0.87625 0.025
vt 0.87625 0.025
vt 0.87625 0.225
vt 0.87625 0.025
vt 0.87625 0.225
vt 0.87625 0.225
vt 0.87625 0.025
vt 0.87625 0.025
vt 0.87625 0.225
vt 0.87625 0.025
vt 0.87625 0.225
vt 0.87625 0.225
vt 0.87625 0.025
vt 0.87625 0.025
vt 0.87625 0.225
vt 0.87625 0.025
vt 0.87625 0.225
vt 0.87625 0.025
vt 0.87625 0.225
vt 0.87625 0.225
vt 0.87625 0.025
vt 0.87625 0.025
vt 0.87625 0.225
vt 0.87625 0.025
vt 0.87625 0.225
vt 0.87625 0.225
vt 0.87625 0.025
vt 0.87625 0.025
vt 0.87625 0.225
vt 0.87625 0.025
vt 0.87625 0.225
vt 0.87625 0.225
vt 0.87625 0.025
vt 0.87625 0.025
vt 0.87625 0.225
vt 0.87625 0.025
vt 0.87625 0.225
vt 0.87625 0.225
vt 0.87625 0.025
vt 0.87625 0.025
vt 0.87625 0.225
vt 0.87625 0.025
vt 0.87625 0.225
vt 0.87625 0.225
vt 0.87625 0.025
vt 0.87625 0.025
vt 0.87625 0.225
vt 0.87625 0.225
vt 0.87625 0.025
vt 0.87625 0.025
vt 0.87625 0.225
vt 0.87625 0.025
vt 0.87625 0.225
vt 0.87625 0.225
vt 0.87625 0.025
vt 0.87625 0.025
vt 0.87625 0.225
vt 0.87625 0.025
vt 0.87625 0.225
vt 0.87625 0.225
vt 0.87625 0.025
vt 0.87625 0.025
vt 0.87625 0.225
vt 0.87625 0.025
vt 0.87625 0.225
vt 0.87625 0.225
vt 0.87625 0.025
vt 0.87625 0.025
vt 0.87625 0.225
vt 0.87625 0.025
vt 0.87625 0.225
vt 0.87625 0.225
vt 0.87625 0.025
vt 0.87625 0.025
vt 0.87625 0.225
vt 0.87625 0.025
vt 0.87625 0.225
vt 0.87625 0.025
vt 0.87625 0.225
vt 0.87625 0.225
vt 0.87625 0.025
vt 0.87625 0.025
vt 0.87625 0.225
vt 0.87625 0.025
vt 0.87625 0.225
vt 0.87625 0.225
vt 0.87625 0.025
vt 0.87625 0.025
vt 0.87625 0.225
vt 0.87625 0.025
vt 0.87625 0.225
vt 0.87625 0.225
vt 0.87625 0.025
vt 0.87625 0.025
vt 0.87625 0.225
vt 0.87625 0.025
vt 0.87625 0.225
vt 0.87625 0.225
vt 0.87625 0.025
vt 0.87625 0.025
vt 0.87625 0.225
vt 0.87625 0.025
vt 0.87625 0.225
vt 0.87625 0.225
vt 0.87625 0.025
vt 0.87625 0.025
vt 0.87625 0.225
vt 0.87625 0.225
vt 0.87625 0.025
vt 0.87625 0.025
vt 0.87625 0.225
vt 0.87625 0.025
vt 0.87625 0.225
vt 0.87625 0.225
vt 0.87625 0.025
vt 0.87625 0.025
vt 0.87625 0.225
vt 0.87625 0.025
vt 0.87625 0.225
vt 0.87625 0.225
vt 0.87625 0.025
vt 0.87625 0.025
vt 0.87625 0.225
vt 0.87625 0.025
vt 0.87625 0.225
vt 0.87625 0.225
vt 0.87625 0.025
vt 0.87625 0.025
vt 0.87625 0.225
vt 0.87625 0.025
vt 0.87625 0.225
vt 0.87625 0.225
vt 0.87625 0.025
vt 0.87625 0.025
vt 0.87625 0.225
vt 0.87625 0.025
vt 0.87625 0.225
vt 0.87625 0.025
vt 0.87625 0.225
vt 0.87625 0.225
vt 0.87625 0.025
vt 0.87625 0.025
vt 0.87625 0.225
vt 0.87625 0.025
vt 0.87625 0.225
vt 0.87625 0.225
vt 0.87625 0.025
vt 0.87625 0.025
vt 0.87625 0.225
vt 0.87625 0.025
vt 0.87625 0.225
vt 0.87625 0.225
vt 0.87625 0.025
vt 0.87625 0.025
vt 0.87625 0.225
vt 0.87625 0.025
vt 0.87625 0.225
vt 0.87625 0.225
vt 0.87625 0.025
vt 0.87625 0.025
vt 0.87625 0.225
vt 0.87625 0.025
vt 0.87625 0.225
vt 0.87625 0.225
vt 0.87625 0.025
vt 0.87625 0.025
vt 0.87625 0.225
vt 0.87625 0.225
vt 0.87625 0.025
vt 0.87625 0.025
vt 0.87625 0.225
vt 0.87625 0.025
vt 0.87625 0.225
vt 0.87625 0.225
vt 0.87625 0.025
vt 0.87625 0.025
vt 0.87625 0.225
vt 0.87625 0.025
vt 0.87625 0.225
vt 0.87625 0.225
vt 0.87625 0.025
vt 0.87625 0.025
vt 0.87625 0.225
vt 0.87625 0.025
vt 0.87625 0.225
vt 0.87625 0.225
vt 0.87625 0.025
vt 0.87625 0.025
vt 0.87625 0.225
vt 0.87625 0.025
vt 0.87625 0.225
vt 0.87625 0.225
vt 0.87625 0.025
vt 0.87625 0.025
vt 0.87625 0.225
vt 0.87625 0.025
vt 0.87625 0.225
vt 0.87625 0.025
vt 0.87625 0.225
vt 0.87625 0.225
vt 0.87625 0.025
vt 0.87625 0.025
vt 0.87625 0.225
vt 0.87625 0.025
vt 0.87625 0.225
vt 0.87625 0.225
vt 0.87625 0.025
vt 0.87625 0.025
vt 0.87625 0.225
vt 0.87625 0.025
vt 0.87625 0.225
vt 0.87625 0.225
vt 0.87625 0.025
vt 0.87625 0.025
vt 0.87625 0.225
vt 0.87625 0.025
vt 0.87625 0.225
vt 0.87625 0.225
vt 0.87625 0.025
vt 0.87625 0.025
vt 0.87625 0.225
vt 0.87625 0.025
vt 0.87625 0.225
vt 0.87625 0.225
vt 0.87625 0.025
vt 0.87625 0.025
vt 0.87625 0.225
vt 0.87625 0.225
vt 0.87625 0.025
vt 0.87625 0.025
vt 0.87625 0.225
vt 0.87625 0.025
vt 0.87625 0.225
vt 0.87625 0.225
vt 0.87625 0.025
vt 0.87625 0.025
vt 0.87625 0.225
vt 0.87625 0.025
vt 0.87625 0.225
vt 0.87625 0.225
vt 0.87625 0.025
vt 0.87625 0.025
vt 0.87625 0.225
vt 0.87625 0.025
vt 0.87625 0.225
vt 0.87625 0.225
vt 0.87625 0.025
vt 0.87625 0.025
vt 0.87625 0.225
vt 0.87625 0.025
vt 0.87625 0.225
vt 0.87625 0.225
vt 0.87625 0.025
vt 0.87625 0.025
vt 0.87625 0.225
vt 0.87625 0.025
vt 0.87625 0.225
vt 0.87625 0.025
vt 0.87625 0.225
vt 0.87625 0.225
vt 0.87625 0.025
vt 0.87625 0.025
vt 0.87625 0.225
vt 0.87625 0.025
vt 0.87625 0.225
vt 0.87625 0.225
vt 0.87625 0.025
vt 0.87625 0.025
vt 0.87625 0.225
vt 0.87625 0.025
vt 0.87625 0.225
vt 0.87625 0.225
vt 0.87625 0.025
vt 0.87625 0.025
vt 0.87625 0.225
vt 0.87625 0.025
vt 0.87625 0.225
vt 0.87625 0.225
vt 0.87625 0.025
vt 0.87625 0.025
vt 0.87625 0.225
vt 0.87625 0.025
vt 0.87625 0.225
vt 0.87625 0.225
vt 0.87625 0.025
vt 0.87625 0.025
vt 0.87625 0.225
vt 0.87625 0.225
vt 0.87625 0.025
vt 0.87625 0.025
vt 0.87625 0.225
vt 0.87625 0.025
vt 0.87625 0.225
vt 0.87625 0.225
vt 0.87625 0.025
vt 0.87625 0.025
vt 0.87625 0.225
vt 0.87625 0.025
vt 0.87625 0.225
vt 0.87625 0.225
vt 0.87625 0.025
vt 0.87625 0.025
vt 0.87625 0.225
vt 0.87625 0.025
vt 0.87625 0.225
vt 0.87625 0.225
vt 0.87625 0.025
vt 0.87625 0.025
vt 0.87625 0.225
vt 0.87625 0.025
vt 0.87625 0.225
vt 0.87625 0.225
vt 0.87625 0.025
vt 0.87625 0.025
vt 0.87625 0.225
vt 0.87625 0.025
vt 0.87625 0.225
vt 0.87625 0.025
vt 0.87625 0.225
vt 0.87625 0.225
vt 0.87625 0.025
vt 0.87625 0.025
vt 0.87625 0.225
vt 0.87625 0.025
vt 0.87625 0.225
vt 0.87625 0.225
vt 0.87625 0.025
vt 0.87625 0.025
vt 0.87625 0.225
vt 0.87625 0.025
vt 0.87625 0.225
vt 0.87625 0.225
vt 0.87625 0.025
vt 0.87625 0.025
vt 0.87625 0.225
vt 0.87625 0.025
vt 0.87625 0.225
vt 0.87625 0.225
vt 0.87625 0.025
vt 0.87625 0.025
vt 0.87625 0.225
vt 0.87625 0.025
vt 0.87625 0.225
vt 0.87625 0.225
vt 0.87625 0.025
vt 0.87625 0.025
vt 0.87625 0.225
vt 0.87625 0.225
vt 0.87625 0.025
vt 0.87625 0.025
vt 0.87625 0.225
vt 0.87625 0.025
vt 0.87625 0.225
vt 0.87625 0.225
vt 0.87625 0.025
vt 0.87625 0.025
vt 0.87625 0.225
vt 0.87625 0.025
vt 0.87625 0.225
vt 0.87625 0.225
vt 0.87625 0.025
vt 0.87625 0.025
vt 0.87625 0.225
vt 0.87625 0.025
vt 0.87625 0.225
vt 0.87625 0.225
vt 0.87625 0.025
vt 0.87625 0.025
vt 0.87625 0.225
vt 0.87625 0.025
vt 0.87625 0.225
vt 0.87625 0.225
vt 0.87625 0.025
vt 0.87625 0.025
vt 0.87625 0.225
vt 0.87625 0.025
vt 0.87625 0.225
vt 0.87625 0.025
vt 0.87625 0.225
vt 0.87625 0.225
vt 0.87625 0.025
vt 0.87625 0.025
vt 0.87625 0.225
vt 0.87625 0.025
vt 0.87625 0.225
vt 0.87625 0.225
vt 0.87625 0.025
vt 0.87625 0.025
vt 0.87625 0.225
vt 0.87625 0.025
vt 0.87625 0.225
vt 0.87625 0.225
vt 0.87625 0.025
vt 0.87625 0.025
vt 0.87625 0.225
vt 0.87625 0.025
vt 0.87625 0.225
vt 0.87625 0.225
vt 0.87625 0.025
vt 0.87625 0.025
vt 0.87625 0.225
vt 0.87625 0.025
vt 0.87625 0.225
vt 0.87625 0.225
vt 0.87625 0.025
vt 0.87625 0.025
vt 0.87625 0.225
vt 0.87625 0.225
vt 0.87625 0.025
vt 0.87625 0.025
vt 0.87625 0.225
vt 0.87625 0.025
vt 0.87625 0.225
vt 0.87625 0.225
vt 0.87625 0.025
vt 0.87625 0.025
vt 0.87625 0.225
vt 0.87625 0.025
vt 0.87625 0.225
vt 0.87625 0.225
vt 0.87625 0.025
vt 0.87625 0.025
vt 0.87625 0.225
vt 0.87625 0.025
vt 0.87625 0.225
vt 0.87625 0.225
vt 0.87625 0.025
vt 0.87625 0.025
vt 0.87625 0.225
vt 0.87625 0.025
vt 0.87625 0.225
vt 0.87625 0.225
vt 0.87625 0.025
vt 0.87625 0.025
vt 0.87625 0.225
vt 0.87625 0.025
vt 0.87625 0.225
vt 0.87625 0.025
vt 0.87625 0.225
vt 0.87625 0.225
vt 0.87625 0.025
vt 0.87625 0.025
vt 0.87625 0.225
vt 0.87625 0.025
vt 0.87625 0.225
vt 0.87625 0.225
vt 0.87625 0.025
vt 0.87625 0.025
vt 0.87625 0.225
vt 0.87625 0.025
vt 0.87625 0.225
vt 0.87625 0.225
vt 0.87625 0.025
vt 0.87625 0.025
vt 0.87625 0.225
vt 0.87625 0.025
vt 0.87625 0.225
vt 0.87625 0.225
vt 0.87625 0.025
vt 0.87625 0.025
vt 0.87625 0.225
vt 0.87625 0.025
vt 0.87625 0.225
vt 0.87625 0.225
vt 0.87625 0.025
vt 0.87625 0.025
vt 0.87625 0.225
vt 0.87625 0.225
vt 0.87625 0.025
vt 0.87625 0.025
vt 0.87625 0.225
vt 0.87625 0.025
vt 0.87625 0.225
vt 0.87625 0.225
vt 0.87625 0.025
vt 0.87625 0.025
vt 0.87625 0.225
vt 0.87625 0.025
vt 0.87625 0.225
vt 0.87625 0.225
vt 0.87625 0.025
vt 0.87625 0.025
vt 0.87625 0.225
vt 0.87625 0.025
vt 0.87625 0.225
vt 0.87625 0.225
vt 0.87625 0.025
vt 0.87625 0.025
vt 0.87625 0.225
vt 0.87625 0.025
vt 0.87625 0.225
vt 0.87625 0.225
vt 0.87625 0.025
vt 0.87625 0.025
vt 0.87625 0.225
vt 0.87625 0.025
vt 0.87625 0.225
vt 0.87625 0.025
vt 0.87625 0.225
vt 0.87625 0.225
vt 0.87625 0.025
vt 0.87625 0.025
vt 0.87625 0.225
vt 0.87625 0.025
vt 0.87625 0.225
vt 0.87625 0.225
vt 0.87625 0.025
vt 0.87625 0.025
vt 0.87625 0.225
vt 0.87625 0.025
vt 0.87625 0.225
vt 0.87625 0.225
vt 0.87625 0.025
vt 0.87625 0.025
vt 0.87625 0.225
vt 0.87625 0.025
vt 0.87625 0.225
vt 0.87625 0.225
vt 0.87625 0.025
vt 0.87625 0.025
vt 0.87625 0.225
vt 0.87625 0.025
vt 0.87625 0.225
vt 0.87625 0.225
vt 0.87625 0.025
vt 0.87625 0.025
vt 0.87625 0.225
vt 0.87625 0.225
vt 0.87625 0.025
vt 0.87625 0.025
vt 0.87625 0.225
vt 0.87625 0.025
vt 0.87625 0.225
vt 0.87625 0.225
vt 0.87625 0.025
vt 0.87625 0.025
vt 0.87625 0.225
vt 0.87625 0.025
vt 0.87625 0.225
vt 0.87625 0.225
vt 0.87625 0.025
vt 0.87625 0.025
vt 0.87625 0.225
vt 0.87625 0.025
vt 0.87625 0.225
vt 0.87625 0.225
vt 0.87625 0.025
vt 0.87625 0.025
vt 0.87625 0.225
vt 0.87625 0.025
vt 0.87625 0.225
vt 0.87625 0.225
vt 0.87625 0.025
vt 0.87625 0.025
vt 0.87625 0.225
vt 0.87625 0.025
vt 0.87625 0.225
vt 0.87625 0.025
vt 0.87625 0.225
vt 0.87625 0.225
vt 0.87625 0.025
vt 0.87625 0.025
vt 0.87625 0.225
vt 0.87625 0.025
vt 0.87625 0.225
vt 0.87625 0.225
vt 0.87625 0.025
vt 0.87625 0.025
vt 0.87625 0.225
vt 0.87625 0.025
vt 0.87625 0.225
vt 0.87625 0.225
vt 0.87625 0.025
vt 0.87625 0.025
vt 0.87625 0.225
vt 0.87625 0.025
vt 0.87625 0.225
vt 0.87625 0.225
vt 0.87625 0.025
vt 0.87625 0.025
vt 0.87625 0.225
vt 0.87625 0.025
vt 0.87625 0.225
vt 0.87625 0.225
vt 0.87625 0.025
vt 0.87625 0.025
vt 0.87625 0.225
vt 0.87625 0.225
vt 0.87625 0.025
vt 0.87625 0.025
vt 0.87625 0.225
vt 0.87625 0.025
vt 0.87625 0.225
vt 0.87625 0.225
vt 0.87625 0.025
vt 0.87625 0.025
vt 0.87625 0.225
vt 0.87625 0.025
vt 0.87625 0.225
vt 0.87625 0.225
vt 0.87625 0.025
vt 0.87625 0.025
vt 0.87625 0.225
vt 0.87625 0.025
vt 0.87625 0.225
vt 0.87625 0.225
vt 0.87625 0.025
vt 0.87625 0.025
vt 0.87625 0.225
vt 0.87625 0.025
vt 0.87625 0.225
vt 0.87625 0.225
vt 0.87625 0.025
vt 0.87625 0.025
vt 0.87625 0.225
vt 0.87625 0.025
vt 0.87625 0.225
vt 0.87625 0.225
vt 0.87625 0.025
vt 0.87625 0.025
vt 0.87625 0.225
vt 0.87625 0.025
vt 0.87625 0.225
vt 0.87625 0.025
vt 0.87625 0.225
vt 0.87625 0.225
vt 0.87625 0.025
vt 0.87625 0.025
vt 0.87625 0.225
vt 0.87625 0.025
vt 0.87625 0.225
vt 0.87625 0.225
vt 0.87625 0.025
vt 0.87625 0.025
vt 0.87625 0.225
vt 0.87625 0.025
vt 0.87625 0.225
vt 0.87625 0.225
vt 0.87625 0.025
vt 0.87625 0.025
vt 0.87625 0.225
vt 0.87625 0.025
vt 0.87625 0.225
vt 0.87625 0.225
vt 0.87625 0.025
vt 0.87625 0.025
vt 0.87625 0.225
vt 0.87625 0.025
vt 0.87625 0.225
vt 0.87625 0.225
vt 0.87625 0.025
vt 0.87625 0.025
vt 0.87625 0.225
vt 0.87625 0.025
vt 0.87625 0.225
vt 0.87625 0.225
vt 0.87625 0.025
vt 0.87625 0.025
vt 0.87625 0.225
vt 0.87625 0.225
vt 0.87625 0.025
vt 0.87625 0.025
vt 0.87625 0.225
vt 0.87625 0.025
vt 0.87625 0.225
vt 0.87625 0.225
vt 0.87625 0.025
vt 0.87625 0.025
vt 0.87625 0.225
vt 0.87625 0.025
vt 0.87625 0.225
vt 0.87625 0.225
vt 0.87625 0.025
vt 0.87625 0.025
vt 0.87625 0.225
vt 0.87625 0.025
vt 0.87625 0.225
vt 0.87625 0.225
vt 0.87625 0.025
vt 0.87625 0.025
vt 0.87625 0.225
vt 0.87625 0.025
vt 0.87625 0.225
vt 0.87625 0.225
vt 0.87625 0.025
vt 0.87625 0.025
vt 0.87625 0.225
vt 0.87625 0.025
vt 0.87625 0.225
vt 0.87625 0.225
vt 0.87625 0.025
vt 0.87625 0.025
vt 0.87625 0.225
vt 0.87625 0.025
vt 0.87625 0.225
vt 0.87625 0.025
vt 0.87625 0.225
vt 0.87625 0.225
vt 0.87625 0.025
vt 0.87625 0.025
vt 0.87625 0.225
vt 0.87625 0.025
vt 0.87625 0.225
vt 0.87625 0.225
vt 0.87625 0.025
vt 0.87625 0.025
vt 0.87625 0.225
vt 0.87625 0.025
vt 0.87625 0.225
vt 0.87625 0.225
vt 0.87625 0.025
vt 0.87625 0.025
vt 0.87625 0.225
vt 0.87625 0.025
vt 0.87625 0.225
vt 0.87625 0.225
vt 0.87625 0.025
vt 0.87625 0.025
vt 0.87625 0.225
vt 0.87625 0.025
vt 0.87625 0.225
vt 0.87625 0.225
vt 0.87625 0.025
vt 0.87625 0.025
vt 0.87625 0.225
vt 0.87625 0.025
vt 0.87625 0.225
vt 0.87625 0.225
vt 0.87625 0.025
vt 0.87625 0.025
vt 0.87625 0.225
vt 0.87625 0.225
vt 0.87625 0.025
vt 0.87625 0.025
vt 0.87625 0.225
vt 0.87625 0.025
vt 0.87625 0.225
vt 0.87625 0.225
vt 0.87625 0.025
vt 0.87625 0.025
vt 0.87625 0.225
vt 0.87625 0.025
vt 0.87625 0.225
vt 0.87625 0.225
vt 0.87625 0.025
vt 0.87625 0.025
vt 0.87625 0.225
vt 0.87625 0.025
vt 0.87625 0.225
vt 0.87625 0.225
vt 0.87625 0.025
vt 0.87625 0.025
vt 0.87625 0.225
vt 0.87625 0.025
vt 0.87625 0.225
vt 0.87625 0.225
vt 0.87625 0.025
vt 0.87625 0.025
vt 0.87625 0.225
vt 0.87625 0.025
vt 0.87625 0.225
vt 0.87625 0.225
vt 0.87625 0.025
vt 0.87625 0.025
vt 0.87625 0.225
vt 0.87625 0.025
vt 0.87625 0.225
vt 0.87625 0.025
vt 0.87625 0.225
vt 0.87625 0.225
vt 0.87625 0.025
vt 0.87625 0.025
vt 0.87625 0.225
vt 0.87625 0.025
vt 0.87625 0.225
vt 0.87625 0.225
vt 0.87625 0.025
vt 0.87625 0.025
vt 0.87625 0.225
vt 0.87625 0.025
vt 0.87625 0.225
vt 0.87625 0.225
vt 0.87625 0.025
vt 0.87625 0.025
vt 0.87625 0.225
vt 0.87625 0.025
vt 0.87625 0.225
vt 0.87625 0.225
vt 0.87625 0.025
vt 0.87625 0.025
vt 0.87625 0.225
vt 0.87625 0.025
vt 0.87625 0.225
vt 0.87625 0.225
vt 0.87625 0.025
vt 0.87625 0.025
vt 0.87625 0.225
vt 0.87625 0.025
vt 0.87625 0.225
vt 0.87625 0.225
vt 0.87625 0.025
vt 0.87625 0.025
vt 0.87625 0.225
vt 0.87625 0.225
vt 0.87625 0.025
vt 0.87625 0.025
vt 0.87625 0.225
vt 0.87625 0.025
vt 0.87625 0.225
vt 0.87625 0.225
vt 0.87625 0.025
vt 0.87625 0.025
vt 0.87625 0.225
vt 0.87625 0.025
vt 0.87625 0.225
vt 0.87625 0.225
vt 0.87625 0.025
vt 0.87625 0.025
vt 0.87625 0.225
vt 0.87625 0.025
vt 0.87625 0.225
vt 0.87625 0.225
vt 0.87625 0.025
vt 0.87625 0.025
vt 0.87625 0.225
vt 0.87625 0.025
vt 0.87625 0.225
vt 0.87625 0.225
vt 0.87625 0.025
vt 0.87625 0.025
vt 0.87625 0.225
vt 0.87625 0.025
vt 0.87625 0.225
vt 0.87625 0.225
vt 0.87625 0.025
vt 0.87625 0.025
vt 0.87625 0.225
vt 0.87625 0.025
vt 0.87625 0.225
vt 0.87625 0.025
vt 0.87625 0.225
vt 0.87625 0.225
vt 0.87625 0.025
vt 0.87625 0.025
vt 0.87625 0.225
vt 0.87625 0.025
vt 0.87625 0.225
vt 0.87625 0.225
vt 0.87625 0.025
vt 0.87625 0.025
vt 0.87625 0.225
vt 0.87625 0.025
vt 0.87625 0.225
vt 0.87625 0.225
vt 0.87625 0.025
vt 0.87625 0.025
vt 0.87625 0.225
vt 0.87625 0.025
vt 0.87625 0.225
vt 0.87625 0.225
vt 0.87625 0.025
vt 0.87625 0.025
vt 0.87625 0.225
vt 0.87625 0.025
vt 0.87625 0.225
vt 0.87625 0.225
vt 0.87625 0.025
vt 0.87625 0.025
vt 0.87625 0.225
vt 0.87625 0.025
vt 0.87625 0.225
vt 0.87625 0.225
vt 0.87625 0.025
vt 0.87625 0.025
vt 0.87625 0.225
vt 0.87625 0.225
vt 0.87625 0.025
vt 0.87625 0.025
vt 0.87625 0.225
vt 0.87625 0.025
vt 0.87625 0.225
vt 0.87625 0.225
vt 0.87625 0.025
vt 0.87625 0.025
vt 0.87625 0.225
vt 0.87625 0.025
vt 0.87625 0.225
vt 0.87625 0.225
vt 0.87625 0.025
vt 0.87625 0.025
vt 0.87625 0.225
vt 0.87625 0.025
vt 0.87625 0.225
vt 0.87625 0.225
vt 0.87625 0.025
vt 0.87625 0.025
vt 0.87625 0.225
vt 0.87625 0.025
vt 0.87625 0.225
vt 0.87625 0.225
vt 0.87625 0.025
vt 0.87625 0.025
vt 0.87625 0.225
vt 0.87625 0.025
vt 0.87625 0.225
vt 0.87625 0.225
vt 0.87625 0.025
vt 0.87625 0.025
vt 0.87625 0.225
vt 0.87625 0.025
vt 0.87625 0.225
vt 0.87625 0.025
vt 0.87625 0.225
vt 0.87625 0.225
vt 0.87625 0.025
vt 0.87625 0.025
vt 0.87625 0.225
vt 0.87625 0.025
vt 0.87625 0.225
vt 0.87625 0.225
vt 0.87625 0.025
vt 0.87625 0.025
vt 0.87625 0.225
vt 0.87625 0.025
vt 0.87625 0.225
vt 0.87625 0.225
vt 0.87625 0.025
vt 0.87625 0.025
vt 0.87625 0.225
vt 0.87625 0.025
vt 0.87625 0.225
vt 0.87625 0.225
vt 0.87625 0.025
vt 0.87625 0.025
vt 0.87625 0.225
vt 0.87625 0.025
vt 0.87625 0.225
vt 0.87625 0.225
vt 0.87625 0.025
vt 0.87625 0.025
vt 0.87625 0.225
vt 0.87625 0.025
vt 0.87625 0.225
vt 0.87625 0.225
vt 0.87625 0.025
vt 0.87625 0.025
vt 0.87625 0.225
vt 0.87625 0.225
vt 0.87625 0.025
vt 0.87625 0.025
vt 0.87625 0.225
vt 0.87625 0.025
vt 0.87625 0.225
vt 0.87625 0.225
vt 0.87625 0.025
vt 0.87625 0.025
vt 0.87625 0.225
vt 0.87625 0.025
vt 0.87625 0.225
vt 0.87625 0.225
vt 0.87625 0.025
vt 0.87625 0.025
vt 0.87625 0.225
vt 0.87625 0.025
vt 0.87625 0.225
vt 0.87625 0.225
vt 0.87625 0.025
vt 0.87625 0.025
vt 0.87625 0.225
vt 0.87625 0.025
vt 0.87625 0.225
vt 0.87625 0.225
vt 0.87625 0.025
vt 0.87625 0.025
vt 0.87625 0.225
vt 0.87625 0.025
vt 0.87625 0.225
vt 0.87625 0.225
vt 0.87625 0.025
vt 0.87625 0.025
vt 0.87625 0.225
vt 0.87625 0.025
vt 0.87625 0.225
vt 0.87625 0.025
vt 0.87625 0.225
vt 0.87625 0.225
vt 0.87625 0.025
vt 0.87625 0.025
vt 0.87625 0.225
vt 0.87625 0.025
vt 0.87625 0.225
vt 0.87625 0.225
vt 0.87625 0.025
vt 0.87625 0.025
vt 0.87625 0.225
vt 0.87625 0.025
vt 0.87625 0.225
vt 0.87625 0.225
vt 0.87625 0.025
vt 0.87625 0.025
vt 0.87625 0.225
vt 0.87625 0.025
vt 0.87625 0.225
vt 0.87625 0.225
vt 0.87625 0.025
vt 0.87625 0.025
vt 0.87625 0.225
vt 0.87625 0.025
vt 0.87625 0.225
vt 0.87625 0.225
vt 0.87625 0.025
vt 0.87625 0.025
vt 0.87625 0.225
vt 0.87625 0.025
vt 0.87625 0.225
vt 0.87625 0.225
vt 0.87625 0.025
vt 0.87625 0.025
vt 0.87625 0.225
vt 0.87625 0.225
vt 0.87625 0.025
vt 0.87625 0.025
vt 0.87625 0.225
vt 0.87625 0.025
vt 0.87625 0.225
vt 0.87625 0.225
vt 0.87625 0.025
vt 0.87625 0.025
vt 0.87625 0.225
vt 0.87625 0.025
vt 0.87625 0.225
vt 0.87625 0.225
vt 0.87625 0.025
vt 0.87625 0.025
vt 0.87625 0.225
vt 0.87625 0.025
vt 0.87625 0.225
vt 0.87625 0.225
vt 0.87625 0.025
vt 0.87625 0.025
vt 0.87625 0.225
vt 0.87625 0.025
vt 0.87625 0.225
vt 0.87625 0.225
vt 0.87625 0.025
vt 0.87625 0.025
vt 0.87625 0.225
vt 0.87625 0.025
vt 0.87625 0.225
vt 0.87625 0.225
vt 0.87625 0.025
vt 0.87625 0.025
vt 0.87625 0.225
vt 0.87625 0.025
vt 0.87625 0.225
vt 0.87625 0.025
vt 0.87625 0.225
vt 0.87625 0.225
vt 0.87625 0.025
vt 0.87625 0.025
vt 0.87625 0.225
vt 0.87625 0.025
vt 0.87625 0.225
vt 0.87625 0.225
vt 0.87625 0.025
vt 0.87625 0.025
vt 0.87625 0.225
vt 0.87625 0.025
vt 0.87625 0.225
vt 0.87625 0.225
vt 0.87625 0.025
vt 0.87625 0.025
vt 0.87625 0.225
vt 0.87625 0.025
vt 0.87625 0.225
vt 0.87625 0.225
vt 0.87625 0.025
vt 0.87625 0.025
vt 0.87625 0.225
vt 0.87625 0.025
vt 0.87625 0.225
vt 0.87625 0.225
vt 0.87625 0.025
vt 0.87625 0.025
vt 0.87625 0.225
vt 0.87625 0.025
vt 0.87625 0.225
vt 0.87625 0.225
vt 0.87625 0.025
vt 0.87625 0.025
vt 0.87625 0.225
vt 0.87625 0.225
vt 0.87625 0.025
vt 0.87625 0.025
vt 0.87625 0.225
vt 0.87625 0.025
vt 0.87625 0.225
vt 0.87625 0.225
vt 0.87625 0.025
vt 0.87625 0.025
vt 0.87625 0.225
vt 0.87625 0.025
vt 0.87625 0.225
vt 0.87625 0.225
vt 0.87625 0.025
vt 0.87625 0.025
vt 0.87625 0.225
vt 0.87625 0.025
vt 0.87625 0.225
vt 0.87625 0.225
vt 0.87625 0.025
vt 0.87625 0.025
vt 0.87625 0.225
vt 0.87625 0.025
vt 0.87625 0.225
vt 0.87625 0.225
vt 0.87625 0.025
vt 0.87625 0.025
vt 0.87625 0.225
vt 0.87625 0.025
vt 0.87625 0.225
vt 0.87625 0.225
vt 0.87625 0.025
vt 0.87625 0.025
vt 0.87625 0.225
vt 0.87625 0.025
vt 0.87625 0.225
vt 0.87625 0.025
vt 0.87625 0.225
vt 0.87625 0.225
vt 0.87625 0.025
vt 0.87625 0.025
vt 0.87625 0.225
vt 0.87625 0.025
vt 0.87625 0.225
vt 0.87625 0.225
vt 0.87625 0.025
vt 0.87625 0.025
vt 0.87625 0.225
vt 0.87625 0.025
vt 0.87625 0.225
vt 0.87625 0.225
vt 0.87625 0.025
vt 0.87625 0.025
vt 0.87625 0.225
vt 0.87625 0.025
vt 0.87625 0.225
vt 0.87625 0.225
vt 0.87625 0.025
vt 0.87625 0.025
vt 0.87625 0.225
vt 0.87625 0.025
vt 0.87625 0.225
vt 0.87625 0.225
vt 0.87625 0.025
vt 0.87625 0.025
vt 0.87625 0.225
vt 0.87625 0.025
vt 0.87625 0.225
vt 0.87625 0.225
vt 0.87625 0.025
vt 0.87625 0.025
vt 0.87625 0.225
vt 0.87625 0.225
vt 0.87625 0.025
vt 0.87625 0.025
vt 0.87625 0.225
vt 0.87625 0.025
vt 0.87625 0.225
vt 0.87625 0.225
vt 0.87625 0.025
vt 0.87625 0.025
vt 0.87625 0.225
vt 0.87625 0.025
vt 0.87625 0.225
vt 0.87625 0.225
vt 0.87625 0.025
vt 0.87625 0.025
vt 0.87625 0.225
vt 0.87625 0.025
vt 0.87625 0.225
vt 0.87625 0.225
vt 0.87625 0.025
vt 0.87625 0.025
vt 0.87625 0.225
vt 0.87625 0.025
vt 0.87625 0.225
vt 0.87625 0.225
vt 0.87625 0.025
vt 0.87625 0.025
vt 0.87625 0.225
vt 0.87625 0.025
vt 0.87625 0.225
vt 0.87625 0.025
vt 0.87625 0.225
vt 0.87625 0.225
vt 0.87625 0.025
vt 0.87625 0.025
vt 0.87625 0.225
vt 0.87625 0.025
vt 0.87625 0.225
vt 0.87625 0.225
vt 0.87625 0.025
vt 0.87625 0.025
vt 0.87625 0.225
vt 0.87625 0.025
vt 0.87625 0.225
vt 0.87625 0.225
vt 0.87625 0.025
vt 0.87625 0.025
vt 0.87625 0.225
vt 0.87625 0.025
vt 0.87625 0.225
vt 0.87625 0.225
vt 0.87625 0.025
vt 0.87625 0.025
vt 0.87625 0.225
vt 0.87625 0.025
vt 0.87625 0.225
vt 0.87625 0.225
vt 0.87625 0.025
vt 0.87625 0.025
vt 0.87625 0.225
vt 0.87625 0.225
vt 0.87625 0.025
vt 0.87625 0.025
vt 0.87625 0.225
vt 0.87625 0.025
vt 0.87625 0.225
vt 0.87625 0.225
vt 0.87625 0.025
vt 0.87625 0.025
vt 0.87625 0.225
vt 0.87625 0.025
vt 0.87625 0.225
vt 0.87625 0.225
vt 0.87625 0.025
vt 0.87625 0.025
vt 0.87625 0.225
vt 0.87625 0.025
vt 0.87625 0.225
vt 0.87625 0.225
vt 0.87625 0.025
vt 0.87625 0.025
vt 0.87625 0.225
vt 0.87625 0.025
vt 0.87625 0.225
vt 0.87625 0.225
vt 0.87625 0.025
vt 0.87625 0.025
vt 0.87625 0.225
vt 0.87625 0.025
vt 0.87625 0.225
vt 0.87625 0.025
vt 0.87625 0.225
vt 0.87625 0.225
vt 0.87625 0.025
vt 0.87625 0.025
vt 0.87625 0.225
vt 0.87625 0.025
vt 0.87625 0.225
vt 0.87625 0.225
vt 0.87625 0.025
vt 0.87625 0.025
vt 0.87625 0.225
vt 0.87625 0.025
vt 0.87625 0.225
vt 0.87625 0.225
vt 0.87625 0.025
vt 0.87625 0.025
vt 0.87625 0.225
vt 0.87625 0.025
vt 0.87625 0.225
vt 0.87625 0.225
vt 0.87625 0.025
vt 0.87625 0.025
vt 0.87625 0.225
vt 0.87625 0.025
vt 0.87625 0.225
vt 0.87625 0.225
vt 0.87625 0.025
vt 0.87625 0.025
vt 0.87625 0.225
vt 0.87625 0.225
vt 0.87625 0.025
vt 0.87625 0.025
vt 0.87625 0.225
vt 0.87625 0.025
vt 0.87625 0.225
vt 0.87625 0.225
vt 0.87625 0.025
vt 0.87625 0.025
vt 0.87625 0.225
vt 0.87625 0.025
vt 0.87625 0.225
vt 0.87625 0.225
vt 0.87625 0.025
vt 0.87625 0.025
vt 0.87625 0.225
vt 0.87625 0.025
vt 0.87625 0.225
vt 0.87625 0.225
vt 0.87625 0.025
vt 0.87625 0.025
vt 0.87625 0.225
vt 0.87625 0.025
vt 0.87625 0.225
vt 0.87625 0.225
vt 0.87625 0.025
vt 0.87625 0.025
vt 0.87625 0.225
vt 0.87625 0.025
vt 0.87625 0.225
vt 0.87625 0.025
vt 0.87625 0.225
vt 0.87625 0.225
vt 0.87625 0.025
vt 0.87625 0.025
vt 0.87625 0.225
vt 0.87625 0.025
vt 0.87625 0.225
vt 0.87625 0.225
vt 0.87625 0.025
vt 0.87625 0.025
vt 0.87625 0.225
vt 0.87625 0.025
vt 0.87625 0.225
vt 0.87625 0.225
vt 0.87625 0.025
vt 0.87625 0.025
vt 0.87625 0.225
vt 0.87625 0.025
vt 0.87625 0.225
vt 0.87625 0.225
vt 0.87625 0.025
vt 0.87625 0.025
vt 0.87625 0.225
vt 0.87625 0.025
vt 0.87625 0.225
vt 0.87625 0.225
vt 0.87625 0.025
vt 0.87625 0.025
vt 0.87625 0.225
vt 0.87625 0.225
vt 0.87625 0.025
vt 0.87625 0.025
vt 0.87625 0.225
vt 0.87625 0.025
vt 0.87625 0.225
vt 0.87625 0.225
vt 0.87625 0.025
vt 0.87625 0.025
vt 0.87625 0.225
vt 0.87625 0.025
vt 0.87625 0.225
vt 0.87625 0.225
vt 0.87625 0.025
vt 0.87625 0.025
vt 0.87625 0.225
vt 0.87625 0.025
vt 0.87625 0.225
vt 0.87625 0.225
vt 0.87625 0.025
vt 0.87625 0.025
vt 0.87625 0.225
vt 0.87625 0.025
vt 0.87625 0.225
vt 0.87625 0.225
vt 0.87625 0.025
vt 0.87625 0.025
vt 0.87625 0.225
vt 0.87625 0.025
vt 0.87625 0.225
vt 0.87625 0.025
vt 0.87625 0.225
vt 0.87625 0.225
vt 0.87625 0.025
vt 0.87625 0.025
vt 0.87625 0.225
vt 0.87625 0.025
vt 0.87625 0.225
vt 0.87625 0.225
vt 0.87625 0.025
vt 0.87625 0.025
vt 0.87625 0.225
vt 0.87625 0.025
vt 0.87625 0.225
vt 0.87625 0.225
vt 0.87625 0.025
vt 0.87625 0.025
vt 0.87625 0.225
vt 0.87625 0.025
vt 0.87625 0.225
vt 0.87625 0.225
vt 0.87625 0.025
vt 0.87625 0.025
vt 0.87625 0.225
vt 0.87625 0.025
vt 0.87625 0.225
vt 0.87625 0.225
vt 0.87625 0.025
vt 0.87625 0.025
vt 0.87625 0.225
vt 0.87625 0.225
vt 0.87625 0.025
vt 0.87625 0.025
vt 0.87625 0.225
vt 0.87625 0.025
vt 0.87625 0.225
vt 0.87625 0.225
vt 0.87625 0.025
vt 0.87625 0.025
vt 0.87625 0.225
vt 0.87625 0.025
vt 0.87625 0.225
vt 0.87625 0.225
vt 0.87625 0.025
vt 0.87625 0.025
vt 0.87625 0.225
vt 0.87625 0.025
vt 0.87625 0.225
vt 0.87625 0.225
vt 0.87625 0.025
vt 0.87625 0.025
vt 0.87625 0.225
vt 0.87625 0.025
vt 0.87625 0.225
vt 0.87625 0.225
vt 0.87625 0.025
vt 0.87625 0.025
vt 0.87625 0.225
vt 0.87625 0.025
vt 0.87625 0.225
vt 0.87625 0.025
vt 0.87625 0.225
vt 0.87625 0.225
vt 0.87625 0.025
vt 0.87625 0.025
vt 0.87625 0.225
vt 0.87625 0.025
vt 0.87625 0.225
vt 0.87625 0.225
vt 0.87625 0.025
vt 0.87625 0.025
vt 0.87625 0.225
vt 0.87625 0.025
vt 0.87625 0.225
vt 0.87625 0.225
vt 0.87625 0.025
vt 0.87625 0.025
vt 0.87625 0.225
vt 0.87625 0.025
vt 0.87625 0.225
vt 0.87625 0.225
vt 0.87625 0.025
vt 0.87625 0.025
vt 0.87625 0.225
vt 0.87625 0.025
vt 0.87625 0.225
vt 0.87625 0.225
vt 0.87625 0.025
vt 0.87625 0.025
vt 0.87625 0.225
vt 0.87625 0.225
vt 0.87625 0.025
vt 0.87625 0.025
vt 0.87625 0.225
vt 0.87625 0.025
vt 0.87625 0.225
vt 0.87625 0.225
vt 0.87625 0.025
vt 0.87625 0.025
vt 0.87625 0.225
vt 0.87625 0.025
vt 0.87625 0.225
vt 0.87625 0.225
vt 0.87625 0.025
vt 0.87625 0.025
vt 0.87625 0.225
vt 0.87625 0.025
vt 0.87625 0.225
vt 0.87625 0.225
vt 0.87625 0.025
vt 0.87625 0.025
vt 0.87625 0.225
vt 0.87625 0.025
vt 0.87625 0.225
vt 0.87625 0.225
vt 0.87625 0.025
vt 0.87625 0.025
vt 0.87625 0.225
vt 0.87625 0.025
vt 0.87625 0.225
vt 0.87625 0.025
vt 0.87625 0.225
vt 0.87625 0.225
vt 0.87625 0.025
vt 0.87625 0.025
vt 0.87625 0.225
vt 0.87625 0.025
vt 0.87625 0.225
vt 0.87625 0.225
vt 0.87625 0.025
vt 0.87625 0.025
vt 0.87625 0.225
vt 0.87625 0.025
vt 0.87625 0.225
vt 0.87625 0.225
vt 0.87625 0.025
vt 0.87625 0.025
vt 0.87625 0.225
vt 0.87625 0.025
vt 0.87625 0.225
vt 0.87625 0.225
vt 0.87625 0.025
vt 0.87625 0.025
vt 0.87625 0.225
vt 0.87625 0.025
vt 0.87625 0.225
vt 0.87625 0.225
vt 0.87625 0.025
vt 0.87625 0.025
vt 0.87625 0.225
vt 0.87625 0.225
vt 0.87625 0.025
vt 0.87625 0.025
vt 0.87625 0.225
vt 0.87625 0.025
vt 0.87625 0.225
vt 0.87625 0.225
vt 0.87625 0.025
vt 0.87625 0.025
vt 0.87625 0.225
vt 0.87625 0.025
vt 0.87625 0.225
vt 0.87625 0.225
vt 0.87625 0.025
vt 0.87625 0.025
vt 0.87625 0.225
vt 0.87625 0.025
vt 0.87625 0.225
vt 0.87625 0.225
vt 0.87625 0.025
vt 0.87625 0.025
vt 0.87625 0.225
vt 0.87625 0.025
vt 0.87625 0.225
vt 0.87625 0.225
vt 0.87625 0.025
vt 0.87625 0.025
vt 0.87625 0.225
vt 0.87625 0.025
vt 0.87625 0.225
vt 0.87625 0.025
vt 0.87625 0.225
vt 0.87625 0.225
vt 0.87625 0.025
vt 0.87625 0.025
vt 0.87625 0.225
vt 0.87625 0.025
vt 0.87625 0.225
vt 0.87625 0.225
vt 0.87625 0.025
vt 0.87625 0.025
vt 0.87625 0.225
vt 0.87625 0.025
vt 0.87625 0.225
vt 0.87625 0.225
vt 0.87625 0.025
vt 0.87625 0.025
vt 0.87625 0.225
vt 0.87625 0.025
vt 0.87625 0.225
vt 0.87625 0.225
vt 0.87625 0.025
vt 0.87625 0.025
vt 0.87625 0.225
vt 0.87625 0.025
vt 0.87625 0.225
vt 0.87625 0.225
vt 0.87625 0.025
vt 0.87625 0.025
vt 0.87625 0.225
vt 0.87625 0.225
vt 0.87625 0.025
vt 0.87625 0.025
vt 0.87625 0.225
vt 0.87625 0.025
vt 0.87625 0.225
vt 0.87625 0.225
vt 0.87625 0.025
vt 0.87625 0.025
vt 0.87625 0.225
vt 0.87625 0.025
vt 0.87625 0.225
vt 0.87625 0.225
vt 0.87625 0.025
vt 0.87625 0.025
vt 0.87625 0.225
vt 0.87625 0.025
vt 0.87625 0.225
vt 0.87625 0.225
vt 0.87625 0.025
vt 0.87625 0.025
vt 0.87625 0.225
vt 0.87625 0.025
vt 0.87625 0.225
vt 0.87625 0.225
vt 0.87625 0.025
vt 0.87625 0.025
vt 0.87625 0.225
vt 0.87625 0.025
vt 0.87625 0.225
vt 0.87625 0.025
vt 0.87625 0.225
vt 0.87625 0.225
vt 0.87625 0.025
vt 0.87625 0.025
vt 0.87625 0.225
vt 0.87625 0.025
vt 0.87625 0.225
vt 0.87625 0.225
vt 0.87625 0.025
vt 0.87625 0.025
vt 0.87625 0.225
vt 0.87625 0.025
vt 0.87625 0.225
vt 0.87625 0.225
vt 0.87625 0.025
vt 0.87625 0.025
vt 0.87625 0.225
vt 0.87625 0.025
vt 0.87625 0.225
vt 0.87625 0.225
vt 0.87625 0.025
vt 0.87625 0.025
vt 0.87625 0.225
vt 0.87625 0.025
vt 0.87625 0.225
vt 0.87625 0.225
vt 0.87625 0.025
vt 0.87625 0.025
vt 0.87625 0.225
vt 0.87625 0.225
vt 0.87625 0.025
vt 0.87625 0.025
vt 0.87625 0.225
vt 0.87625 0.025
vt 0.87625 0.225
vt 0.87625 0.225
vt 0.87625 0.025
vt 0.87625 0.025
vt 0.87625 0.225
vt 0.87625 0.025
vt 0.87625 0.225
vt 0.87625 0.225
vt 0.87625 0.025
vt 0.87625 0.025
vt 0.87625 0.225
vt 0.87625 0.025
vt 0.87625 0.225
vt 0.87625 0.225
vt 0.87625 0.025
vt 0.87625 0.025
vt 0.87625 0.225
vt 0.87625 0.025
vt 0.87625 0.225
vt 0.87625 0.225
vt 0.87625 0.025
vt 0.87625 0.025
vt 0.87625 0.225
vt 0.87625 0.025
vt 0.87625 0.225
vt 0.87625 0.025
vt 0.87625 0.225
vt 0.87625 0.225
vt 0.87625 0.025
vt 0.87625 0.025
vt 0.87625 0.225
vt 0.87625 0.025
vt 0.87625 0.225
vt 0.87625 0.225
vt 0.87625 0.025
vt 0.87625 0.025
vt 0.87625 0.225
vt 0.87625 0.025
vt 0.87625 0.225
vt 0.87625 0.225
vt 0.87625 0.025
vt 0.87625 0.025
vt 0.87625 0.225
vt 0.87625 0.025
vt 0.87625 0.225
vt 0.87625 0.225
vt 0.87625 0.025
vt 0.87625 0.025
vt 0.87625 0.225
vt 0.87625 0.025
vt 0.87625 0.225
vt 0.87625 0.225
vt 0.87625 0.025
vt 0.87625 0.025
vt 0.87625 0.225
vt 0.87625 0.225
vt 0.87625 0.025
vt 0.87625 0.025
vt 0.87625 0.225
vt 0.87625 0.025
vt 0.87625 0.225
vt 0.87625 0.225
vt 0.87625 0.025
vt 0.87625 0.025
vt 0.87625 0.225
vt 0.87625 0.025
vt 0.87625 0.225
vt 0.87625 0.225
vt 0.87625 0.025
vt 0.87625 0.025
vt 0.87625 0.225
vt 0.87625 0.025
vt 0.87625 0.225
vt 0.87625 0.225
vt 0.87625 0.025
vt 0.87625 0.025
vt 0.87625 0.225
vt 0.87625 0.025
vt 0.87625 0.225
vt 0.87625 0.225
vt 0.87625 0.025
vt 0.87625 0.025
vt 0.87625 0.225
vt 0.87625 0.025
vt 0.87625 0.225
vt 0.87625 0.025
vt 0.87625 0.225
vt 0.87625 0.225
vt 0.87625 0.025
vt 0.87625 0.025
vt 0.87625 0.225
vt 0.87625 0.025
vt 0.87625 0.225
vt 0.87625 0.225
vt 0.87625 0.025
vt 0.87625 0.025
vt 0.87625 0.225
vt 0.87625 0.025
vt 0.87625 0.225
vt 0.87625 0.225
vt 0.87625 0.025
vt 0.87625 0.025
vt 0.87625 0.225
vt 0.87625 0.025
vt 0.87625 0.225
vt 0.87625 0.225
vt 0.87625 0.025
vt 0.87625 0.025
vt 0.87625 0.225
vt 0.87625 0.025
vt 0.87625 0.225
vt 0.87625 0.225
vt 0.87625 0.025
vt 0.87625 0.025
vt 0.87625 0.225
vt 0.87625 0.225
vt 0.87625 0.025
vt 0.87625 0.025
vt 0.87625 0.225
vt 0.87625 0.025
vt 0.87625 0.225
vt 0.87625 0.225
vt 0.87625 0.025
vt 0.87625 0.025
vt 0.87625 0.225
vt 0.87625 0.025
vt 0.87625 0.225
vt 0.87625 0.225
vt 0.87625 0.025
vt 0.87625 0.025
vt 0.87625 0.225
vt 0.87625 0.025
vt 0.87625 0.225
vt 0.87625 0.225
vt 0.87625 0.025
vt 0.87625 0.025
vt 0.87625 0.225
vt 0.87625 0.025
vt 0.87625 0.225
vt 0.87625 0.225
vt 0.87625 0.025
vt 0.87625 0.025
vt 0.87625 0.225
vt 0.87625 0.025
vt 0.87625 0.225
vt 0.87625 0.025
vt 0.87625 0.225
vt 0.87625 0.225
vt 0.87625 0.025
vt 0.87625 0.025
vt 0.87625 0.225
vt 0.87625 0.025
vt 0.87625 0.225
vt 0.87625 0.225
vt 0.87625 0.025
vt 0.87625 0.025
vt 0.87625 0.225
vt 0.87625 0.025
vt 0.87625 0.225
vt 0.87625 0.225
vt 0.87625 0.025
vt 0.87625 0.025
vt 0.87625 0.225
vt 0.87625 0.025
vt 0.87625 0.225
vt 0.87625 0.225
vt 0.87625 0.025
vt 0.87625 0.025
vt 0.87625 0.225
vt 0.87625 0.025
vt 0.87625 0.225
vt 0.87625 0.225
vt 0.87625 0.025
vt 0.87625 0.025
vt 0.87625 0.225
vt 0.87625 0.225
vt 0.87625 0.025
vt 0.87625 0.025
vt 0.87625 0.225
vt 0.87625 0.025
vt 0.87625 0.225
vt 0.87625 0.225
vt 0.87625 0.025
vt 0.87625 0.025
vt 0.87625 0.225
vt 0.87625 0.025
vt 0.87625 0.225
vt 0.87625 0.225
vt 0.87625 0.025
vt 0.87625 0.025
vt 0.87625 0.225
vt 0.87625 0.025
vt 0.87625 0.225
vt 0.87625 0.225
vt 0.87625 0.025
vt 0.87625 0.025
vt 0.87625 0.225
vt 0.87625 0.025
vt 0.87625 0.225
vt 0.87625 0.225
vt 0.87625 0.025
vt 0.87625 0.025
vt 0.87625 0.225
vt 0.87625 0.025
vt 0.87625 0.225
vt 0.87625 0.025
vt 0.87625 0.225
vt 0.87625 0.225
vt 0.87625 0.025
vt 0.87625 0.025
vt 0.87625 0.225
vt 0.87625 0.025
vt 0.87625 0.225
vt 0.87625 0.225
vt 0.87625 0.025
vt 0.87625 0.025
vt 0.87625 0.225
vt 0.87625 0.025
vt 0.87625 0.225
vt 0.87625 0.225
vt 0.87625 0.025
vt 0.87625 0.025
vt 0.87625 0.225
vt 0.87625 0.025
vt 0.87625 0.225
vt 0.87625 0.225
vt 0.87625 0.025
vt 0.87625 0.025
vt 0.87625 0.225
vt 0.87625 0.025
vt 0.87625 0.225
vt 0.87625 0.225
vt 0.87625 0.025
vt 0.87625 0.025
vt 0.87625 0.225
vt 0.87625 0.225
vt 0.87625 0.025
vt 0.87625 0.025
vt 0.87625 0.225
vt 0.87625 0.025
vt 0.87625 0.225
vt 0.87625 0.225
vt 0.87625 0.025
vt 0.87625 0.025
vt 0.87625 0.225
vt 0.87625 0.025
vt 0.87625 0.225
vt 0.87625 0.225
vt 0.87625 0.025
vt 0.87625 0.025
vt 0.87625 0.225
vt 0.87625 0.025
vt 0.87625 0.225
vt 0.87625 0.225
vt 0.87625 0.025
vt 0.87625 0.025
vt 0.87625 0.225
vt 0.87625 0.025
vt 0.87625 0.225
vt 0.87625 0.225
vt 0.87625 0.025
vt 0.87625 0.025
vt 0.87625 0.225
vt 0.87625 0.025
vt 0.87625 0.225
vt 0.87625 0.225
vt 0.87625 0.025
vt 0.87625 0.025
vt 0.87625 0.225
vt 0.87625 0.025
vt 0.87625 0.225
vt 0.87625 0.225
vt 0.87625 0.025
vt 0.87625 0.025
vt 0.87625 0.225
vt 0.87625 0.025
vt 0.87625 0.225
vt 0.87625 0.025
vt 0.87625 0.225
vt 0.87625 0.225
vt 0.87625 0.025
vt 0.87625 0.025
vt 0.87625 0.225
vt 0.87625 0.025
vt 0.87625 0.225
vt 0.87625 0.225
vt 0.87625 0.025
vt 0.87625 0.025
vt 0.87625 0.225
vt 0.87625 0.025
vt 0.87625 0.225
vt 0.87625 0.225
vt 0.87625 0.025
vt 0.87625 0.025
vt 0.87625 0.225
vt 0.87625 0.025
vt 0.87625 0.225
vt 0.87625 0.225
vt 0.87625 0.025
vt 0.87625 0.025
vt 0.87625 0.225
vt 0.87625 0.025
vt 0.87625 0.225
vt 0.87625 0.225
vt 0.87625 0.025
vt 0.87625 0.025
vt 0.87625 0.225
vt 0.87625 0.025
vt 0.87625 0.225
vt 0.87625 0.225
vt 0.87625 0.025
vt 0.87625 0.025
vt 0.87625 0.225
vt 0.87625 0.025
vt 0.87625 0.225
vt 0.87625 0.225
vt 0.87625 0.025
vt 0.87625 0.025
vt 0.87625 0.225
vt 0.87625 0.225
vt 0.87625 0.025
vt 0.87625 0.025
vt 0.87625 0.225
vt 0.87625 0.025
vt 0.87625 0.225
vt 0.87625 0.225
vt 0.87625 0.025
vt 0.87625 0.025
vt 0.87625 0.225
vt 0.87625 0.025
vt 0.87625 0.225
vt 0.87625 0.225
vt 0.87625 0.025
vt 0.87625 0.025
vt 0.87625 0.225
vt 0.87625 0.025
vt 0.87625 0.225
vt 0.87625 0.225
vt 0.87625 0.025
vt 0.87625 0.025
vt 0.87625 0.225
vt 0.87625 0.025
vt 0.87625 0.225
vt 0.87625 0.225
vt 0.87625 0.025
vt 0.87625 0.025
vt 0.87625 0.225
vt 0.87625 0.025
vt 0.87625 0.225
vt 0.87625 0.225
vt 0.87625 0.025
vt 0.87625 0.025
vt 0.87625 0.225
vt 0.87625 0.025
vt 0.87625 0.225
vt 0.87625 0.225
vt 0.87625 0.025
vt 0.87625 0.025
vt 0.87625 0.225
vt 0.87625 0.025
vt 0.87625 0.225
vt 0.87625 0.025
vt 0.87625 0.225
vt 0.87625 0.225
vt 0.87625 0.025
vt 0.87625 0.025
vt 0.87625 0.225
vt 0.87625 0.025
vt 0.87625 0.225
vt 0.87625 0.225
vt 0.87625 0.025
vt 0.87625 0.025
vt 0.87625 0.225
vt 0.87625 0.025
vt 0.87625 0.225
vt 0.87625 0.225
vt 0.87625 0.025
vt 0.87625 0.025
vt 0.87625 0.225
vt 0.87625 0.025
vt 0.87625 0.225
vt 0.87625 0.225
vt 0.87625 0.025
vt 0.87625 0.025
vt 0.87625 0.225
vt 0.87625 0.025
vt 0.87625 0.225
vt 0.87625 0.225
vt 0.87625 0.025
vt 0.87625 0.025
vt 0.87625 0.225
vt 0.87625 0.025
vt 0.87625 0.225
vt 0.87625 0.225
vt 0.87625 0.025
vt 0.87625 0.025
vt 0.87625 0.225
vt 0.87625 0.025
vt 0.87625 0.225
vt 0.87625 0.225
vt 0.87625 0.025
vt 0.87625 0.025
vt 0.87625 0.225
vt 0.87625 0.225
vt 0.87625 0.025
vt 0.87625 0.025
vt 0.87625 0.225
vt 0.87625 0.025
vt 0.87625 0.225
vt 0.87625 0.225
vt 0.87625 0.025
vt 0.87625 0.025
vt 0.87625 0.225
vt 0.87625 0.025
vt 0.87625 0.225
vt 0.87625 0.225
vt 0.87625 0.025
vt 0.87625 0.025
vt 0.87625 0.225
vt 0.87625 0.025
vt 0.87625 0.225
vt 0.87625 0.225
vt 0.87625 0.025
vt 0.87625 0.025
vt 0.87625 0.225
vt 0.87625 0.025
vt 0.87625 0.225
vt 0.87625 0.225
vt 0.87625 0.025
vt 0.87625 0.025
vt 0.87625 0.225
vt 0.87625 0.025
vt 0.87625 0.225
vt 0.87625 0.225
vt 0.87625 0.025
vt 0.87625 0.025
vt 0.87625 0.225
vt 0.87625 0.025
vt 0.87625 0.225
vt 0.87625 0.225
vt 0.87625 0.025
vt 0.87625 0.025
vt 0.87625 0.225
vt 0.87625 0.025
vt 0.87625 0.225
vt 0.87625 0.025
vt 0.87625 0.225
vt 0.87625 0.225
vt 0.87625 0.025
vt 0.87625 0.025
vt 0.87625 0.225
vt 0.87625 0.025
vt 0.87625 0.225
vt 0.87625 0.225
vt 0.87625 0.025
vt 0.87625 0.025
vt 0.87625 0.225
vt 0.87625 0.025
vt 0.87625 0.225
vt 0.87625 0.225
vt 0.87625 0.025
vt 0.87625 0.025
vt 0.87625 0.225
vt 0.87625 0.025
vt 0.87625 0.225
vt 0.87625 0.225
vt 0.87625 0.025
vt 0.87625 0.025
vt 0.87625 0.225
vt 0.87625 0.025
vt 0.87625 0.225
vt 0.87625 0.225
vt 0.87625 0.025
vt 0.87625 0.025
vt 0.87625 0.225
vt 0.87625 0.025
vt 0.87625 0.225
vt 0.87625 0.225
vt 0.87625 0.025
vt 0.87625 0.025
vt 0.87625 0.225
vt 0.87625 0.025
vt 0.87625 0.225
vt 0.87625 0.225
vt 0.87625 0.025
vt 0.87625 0.025
vt 0.87625 0.225
vt 0.87625 0.225
vt 0.87625 0.025
vt 0.87625 0.025
vt 0.87625 0.225
vt 0.87625 0.025
vt 0.87625 0.225
vt 0.87625 0.225
vt 0.87625 0.025
vt 0.87625 0.025
vt 0.87625 0.225
vt 0.87625 0.025
vt 0.87625 0.225
vt 0.87625 0.225
vt 0.87625 0.025
vt 0.87625 0.025
vt 0.87625 0.225
vt 0.87625 0.025
vt 0.87625 0.225
vt 0.87625 0.225
vt 0.87625 0.025
vt 0.87625 0.025
vt 0.87625 0.225
vt 0.87625 0.025
vt 0.87625 0.225
vt 0.87625 0.225
vt 0.87625 0.025
vt 0.87625 0.025
vt 0.87625 0.225
vt 0.87625 0.025
vt 0.87625 0.225
vt 0.87625 0.225
vt 0.87625 0.025
vt 0.87625 0.025
vt 0.87625 0.225
vt 0.87625 0.025
vt 0.87625 0.225
vt 0.87625 0.225
vt 0.87625 0.025
vt 0.87625 0.025
vt 0.87625 0.225
vt 0.87625 0.025
vt 0.87625 0.225
vt 0.87625 0.025
vt 0.87625 0.225
vt 0.87625 0.225
vt 0.87625 0.025
vt 0.87625 0.025
vt 0.87625 0.225
vt 0.87625 0.025
vt 0.87625 0.225
vt 0.87625 0.225
vt 0.87625 0.025
vt 0.87625 0.025
vt 0.87625 0.225
vt 0.87625 0.025
vt 0.87625 0.225
vt 0.87625 0.225
vt 0.87625 0.025
vt 0.87625 0.025
vt 0.87625 0.225
vt 0.87625 0.025
vt 0.87625 0.225
vt 0.87625 0.225
vt 0.87625 0.025
vt 0.87625 0.025
vt 0.87625 0.225
vt 0.87625 0.025
vt 0.87625 0.225
vt 0.87625 0.225
vt 0.87625 0.025
vt 0.87625 0.025
vt 0.87625 0.225
vt 0.87625 0.025
vt 0.87625 0.225
vt 0.87625 0.225
vt 0.87625 0.025
vt 0.87625 0.025
vt 0.87625 0.225
vt 0.87625 0.025
vt 0.87625 0.225
vt 0.87625 0.225
vt 0.87625 0.025
vt 0.87625 0.025
vt 0.87625 0.225
vt 0.87625 0.225
vt 0.87625 0.025
vt 0.87625 0.025
vt 0.87625 0.225
vt 0.87625 0.025
vt 0.87625 0.225
vt 0.87625 0.225
vt 0.87625 0.025
vt 0.87625 0.025
vt 0.87625 0.225
vt 0.87625 0.025
vt 0.87625 0.225
vt 0.87625 0.225
vt 0.87625 0.025
vt 0.87625 0.025
vt 0.87625 0.225
vt 0.87625 0.025
vt 0.87625 0.225
vt 0.87625 0.225
vt 0.87625 0.025
vt 0.87625 0.025
vt 0.87625 0.225
vt 0.87625 0.025
vt 0.87625 0.225
vt 0.87625 0.225
vt 0.87625 0.025
vt 0.87625 0.025
vt 0.87625 0.225
vt 0.87625 0.025
vt 0.87625 0.225
vt 0.87625 0.225
vt 0.87625 0.025
vt 0.87625 0.025
vt 0.87625 0.225
vt 0.87625 0.025
vt 0.87625 0.225
vt 0.87625 0.225
vt 0.87625 0.025
vt 0.87625 0.025
vt 0.87625 0.225
vt 0.87625 0.025
vt 0.87625 0.225
vt 0.87625 0.025
vt 0.87625 0.225
vt 0.87625 0.225
vt 0.87625 0.025
vt 0.87625 0.025
vt 0.87625 0.225
vt 0.87625 0.025
vt 0.87625 0.225
vt 0.87625 0.225
vt 0.87625 0.025
vt 0.87625 0.025
vt 0.87625 0.225
vt 0.87625 0.025
vt 0.87625 0.225
vt 0.87625 0.225
vt 0.87625 0.025
vt 0.87625 0.025
vt 0.87625 0.225
vt 0.87625 0.025
vt 0.87625 0.225
vt 0.87625 0.225
vt 0.87625 0.025
vt 0.87625 0.025
vt 0.87625 0.225
vt 0.87625 0.025
vt 0.87625 0.225
vt 0.87625 0.225
vt 0.87625 0.025
vt 0.87625 0.025
vt 0.87625 0.225
vt 0.87625 0.025
vt 0.87625 0.225
vt 0.87625 0.225
vt 0.87625 0.025
vt 0.87625 0.025
vt 0.87625 0.225
vt 0.87625 0.025
vt 0.87625 0.225
vt 0.87625 0.225
vt 0.87625 0.025
vt 0.87625 0.025
vt 0.87625 0.225
vt 0.87625 0.225
vt 0.87625 0.025
vt 0.87625 0.025
vt 0.87625 0.225
vt 0.87625 0.025
vt 0.87625 0.225
vt 0.87625 0.225
vt 0.87625 0.025
vt 0.87625 0.025
vt 0.87625 0.225
vt 0.87625 0.025
vt 0.87625 0.225
vt 0.87625 0.225
vt 0.87625 0.025
vt 0.87625 0.025
vt 0.87625 0.225
vt 0.87625 0.025
vt 0.87625 0.225
vt 0.87625 0.225
vt 0.87625 0.025
vt 0.87625 0.025
vt 0.87625 0.225
vt 0.87625 0.025
vt 0.87625 0.225
vt 0.87625 0.225
vt 0.87625 0.025
vt 0.87625 0.025
vt 0.87625 0.225
vt 0.87625 0.025
vt 0.87625 0.225
vt 0.87625 0.225
vt 0.87625 0.025
vt 0.87625 0.025
vt 0.87625 0.225
vt 0.87625 0.025
vt 0.87625 0.225
vt 0.87625 0.225
vt 0.87625 0.025
vt 0.87625 0.025
vt 0.87625 0.225
vt 0.87625 0.025
vt 0.87625 0.225
vt 0.87625 0.025
vt 0.87625 0.225
vt 0.87625 0.225
vt 0.87625 0.025
vt 0.87625 0.025
vt 0.87625 0.225
vt 0.87625 0.025
vt 0.87625 0.225
vt 0.87625 0.225
vt 0.87625 0.025
vt 0.87625 0.025
vt 0.87625 0.225
vt 0.87625 0.025
vt 0.87625 0.225
vt 0.87625 0.225
vt 0.87625 0.025
vt 0.87625 0.025
vt 0.87625 0.225
vt 0.87625 0.025
vt 0.87625 0.225
vt 0.87625 0.225
vt 0.87625 0.025
vt 0.87625 0.025
vt 0.87625 0.225
vt 0.87625 0.025
vt 0.87625 0.225
vt 0.87625 0.225
vt 0.87625 0.025
vt 0.87625 0.025
vt 0.87625 0.225
vt 0.87625 0.025
vt 0.87625 0.225
vt 0.87625 0.225
vt 0.87625 0.025
vt 0.87625 0.025
vt 0.87625 0.225
vt 0.87625 0.025
vt 0.87625 0.225
vt 0.87625 0.225
vt 0.87625 0.025
vt 0.87625 0.025
vt 0.87625 0.225
vt 0.87625 0.225
vt 0.87625 0.025
vt 0.87625 0.025
vt 0.87625 0.225
vt 0.87625 0.025
vt 0.87625 0.225
vt 0.87625 0.225
vt 0.87625 0.025
vt 0.87625 0.025
vt 0.87625 0.225
vt 0.87625 0.025
vt 0.87625 0.225
vt 0.87625 0.225
vt 0.87625 0.025
vt 0.87625 0.025
vt 0.87625 0.225
vt 0.87625 0.025
vt 0.87625 0.225
vt 0.87625 0.225
vt 0.87625 0.025
vt 0.87625 0.025
vt 0.87625 0.225
vt 0.87625 0.025
vt 0.87625 0.225
vt 0.87625 0.225
vt 0.87625 0.025
vt 0.87625 0.025
vt 0.87625 0.225
vt 0.87625 0.025
vt 0.87625 0.225
vt 0.87625 0.225
vt 0.87625 0.025
vt 0.87625 0.025
vt 0.87625 0.225
vt 0.87625 0.025
vt 0.87625 0.225
vt 0.87625 0.225
vt 0.87625 0.025
vt 0.87625 0.025
vt 0.87625 0.225
vt 0.87625 0.025
vt 0.87625 0.225
vt 0.87625 0.025
vt 0.87625 0.225
vt 0.87625 0.225
vt 0.87625 0.025
vt 0.87625 0.025
vt 0.87625 0.225
vt 0.87625 0.025
vt 0.87625 0.225
vt 0.87625 0.225
vt 0.87625 0.025
vt 0.87625 0.025
vt 0.87625 0.225
vt 0.87625 0.025
vt 0.87625 0.225
vt 0.87625 0.225
vt 0.87625 0.025
vt 0.87625 0.025
vt 0.87625 0.225
vt 0.87625 0.025
vt 0.87625 0.225
vt 0.87625 0.225
vt 0.87625 0.025
vt 0.87625 0.025
vt 0.87625 0.225
vt 0.87625 0.025
vt 0.87625 0.225
vt 0.87625 0.225
vt 0.87625 0.025
vt 0.87625 0.025
vt 0.87625 0.225
vt 0.87625 0.025
vt 0.87625 0.225
vt 0.87625 0.225
vt 0.87625 0.025
vt 0.87625 0.025
vt 0.87625 0.225
vt 0.87625 0.025
vt 0.87625 0.225
vt 0.87625 0.225
vt 0.87625 0.025
vt 0.87625 0.025
vt 0.87625 0.225
vt 0.87625 0.225
vt 0.87625 0.025
vt 0.87625 0.025
vt 0.87625 0.225
vt 0.87625 0.025
vt 0.87625 0.225
vt 0.87625 0.225
vt 0.87625 0.025
vt 0.87625 0.025
vt 0.87625 0.225
vt 0.87625 0.025
vt 0.87625 0.225
vt 0.87625 0.225
vt 0.87625 0.025
vt 0.87625 0.025
vt 0.87625 0.225
vt 0.87625 0.025
vt 0.87625 0.225
vt 0.87625 0.225
vt 0.87625 0.025
vt 0.87625 0.025
vt 0.87625 0.225
vt 0.87625 0.025
vt 0.87625 0.225
vt 0.87625 0.225
vt 0.87625 0.025
vt 0.87625 0.025
vt 0.87625 0.225
vt 0.87625 0.025
vt 0.87625 0.225
vt 0.87625 0.225
vt 0.87625 0.025
vt 0.87625 0.025
vt 0.87625 0.225
vt 0.87625 0.025
vt 0.87625 0.225
vt 0.87625 0.225
vt 0.87625 0.025
vt 0.87625 0.025
vt 0.87625 0.225
vt 0.87625 0.025
vt 0.87625 0.225
vt 0.87625 0.025
vt 0.87625 0.225
vt 0.87625 0.225
vt 0.87625 0.025
vt 0.87625 0.025
vt 0.87625 0.225
vt 0.87625 0.025
vt 0.87625 0.225
vt 0.87625 0.225
vt 0.87625 0.025
vt 0.87625 0.025
vt 0.87625 0.225
vt 0.87625 0.025
vt 0.87625 0.225
vt 0.87625 0.225
vt 0.87625 0.025
vt 0.87625 0.025
vt 0.87625 0.225
vt 0.87625 0.025
vt 0.87625 0.225
vt 0.87625 0.225
vt 0.87625 0.025
vt 0.87625 0.025
vt 0.87625 0.225
vt 0.87625 0.025
vt 0.87625 0.225
vt 0.87625 0.225
vt 0.87625 0.025
vt 0.87625 0.025
vt 0.87625 0.225
vt 0.87625 0.025
vt 0.87625 0.225
vt 0.87625 0.225
vt 0.87625 0.025
vt 0.87625 0.025
vt 0.87625 0.225
vt 0.87625 0.025
vt 0.87625 0.225
vt 0.87625 0.225
vt 0.87625 0.025
vt 0.87625 0.025
vt 0.87625 0.225
vt 0.87625 0.225
vt 0.87625 0.025
vt 0.87625 0.025
vt 0.87625 0.225
vt 0.87625 0.025
vt 0.87625 0.225
vt 0.87625 0.225
vt 0.87625 0.025
vt 0.87625 0.025
vt 0.87625 0.225
vt 0.87625 0.025
vt 0.87625 0.225
vt 0.87625 0.225
vt 0.87625 0.025
vt 0.87625 0.025
vt 0.87625 0.225
vt 0.87625 0.025
vt 0.87625 0.225
vt 0.87625 0.225
vt 0.87625 0.025
vt 0.87625 0.025
vt 0.87625 0.225
vt 0.87625 0.025
vt 0.87625 0.225
vt 0.87625 0.225
vt 0.87625 0.025
vt 0.87625 0.025
vt 0.87625 0.225
vt 0.87625 0.025
vt 0.87625 0.225
vt 0.87625 0.025
vt 0.87625 0.225
vt 0.87625 0.225
vt 0.87625 0.025
vt 0.87625 0.025
vt 0.87625 0.225
vt 0.87625 0.025
vt 0.87625 0.225
vt 0.87625 0.225
vt 0.87625 0.025
vt 0.87625 0.025
vt 0.87625 0.225
vt 0.87625 0.025
vt 0.87625 0.225
vt 0.87625 0.225
vt 0.87625 0.025
vt 0.87625 0.025
vt 0.87625 0.225
vt 0.87625 0.025
vt 0.87625 0.225
vt 0.87625 0.225
vt 0.87625 0.025
vt 0.87625 0.025
vt 0.87625 0.225
vt 0.87625 0.225
vt 0.87625 0.025
vt 0.87625 0.025
vt 0.87625 0.225
vt 0.87625 0.025
vt 0.87625 0.225
vt 0.87625 0.225
vt 0.87625 0.025
vt 0.87625 0.025
vt 0.87625 0.225
vt 0.87625 0.025
vt 0.87625 0.225
vt 0.87625 0.225
vt 0.87625 0.025
vt 0.87625 0.025
vt 0.87625 0.225
vt 0.87625 0.025
vt 0.87625 0.225
vt 0.87625 0.225
vt 0.87625 0.025
vt 0.87625 0.025
vt 0.87625 0.225
vt 0.87625 0.025
vt 0.87625 0.225
vt 0.87625 0.225
vt 0.87625 0.025
vt 0.87625 0.025
vt 0.87625 0.225
vt 0.87625 0.025
vt 0.87625 0.225
vt 0.87625 0.025
vt 0.87625 0.225
vt 0.87625 0.225
vt 0.87625 0.025
vt 0.87625 0.025
vt 0.87625 0.225
vt 0.87625 0.025
vt 0.87625 0.225
vt 0.87625 0.225
vt 0.87625 0.025
vt 0.87625 0.025
vt 0.87625 0.225
vt 0.87625 0.025
vt 0.87625 0.225
vt 0.87625 0.225
vt 0.87625 0.025
vt 0.87625 0.025
vt 0.87625 0.225
vt 0.87625 0.025
vt 0.87625 0.225
vt 0.87625 0.225
vt 0.87625 0.025
vt 0.87625 0.025
vt 0.87625 0.225
vt 0.87625 0.225
vt 0.87625 0.025
vt 0.87625 0.025
vt 0.87625 0.225
vt 0.87625 0.025
vt 0.87625 0.225
vt 0.87625 0.225
vt 0.87625 0.025
vt 0.87625 0.025
vt 0.87625 0.225
vt 0.87625 0.025
vt 0.87625 0.225
vt 0.87625 0.225
vt 0.87625 0.025
vt 0.87625 0.025
vt 0.87625 0.225
vt 0.87625 0.025
vt 0.87625 0.225
vt 0.87625 0.225
vt 0.87625 0.025
vt 0.87625 0.025
vt 0.87625 0.225
vt 0.87625 0.025
vt 0.87625 0.225
vt 0.87625 0.225
vt 0.87625 0.025
vt 0.87625 0.025
vt 0.87625 0.225
vt 0.87625 0.025
vt 0.87625 0.225
vt 0.87625 0.025
vt 0.87625 0.225
vt 0.87625 0.225
vt 0.87625 0.025
vt 0.87625 0.025
vt 0.87625 0.225
vt 0.87625 0.025
vt 0.87625 0.225
vt 0.87625 0.225
vt 0.87625 0.025
vt 0.87625 0.025
vt 0.87625 0.225
vt 0.87625 0.025
vt 0.87625 0.225
vt 0.87625 0.225
vt 0.87625 0.025
vt 0.87625 0.025
vt 0.87625 0.225
vt 0.87625 0.025
vt 0.87625 0.225
vt 0.87625 0.225
vt 0.87625 0.025
vt 0.87625 0.025
vt 0.87625 0.225
vt 0.87625 0.225
vt 0.87625 0.025
vt 0.87625 0.025
vt 0.87625 0.225
vt 0.87625 0.025
vt 0.87625 0.225
vt 0.87625 0.225
vt 0.87625 0.025
vt 0.87625 0.025
vt 0.87625 0.225
vt 0.87625 0.025
vt 0.87625 0.225
vt 0.87625 0.225
vt 0.87625 0.025
vt 0.87625 0.025
vt 0.87625 0.225
vt 0.87625 0.025
vt 0.87625 0.225
vt 0.87625 0.225
vt 0.87625 0.025
vt 0.87625 0.025
vt 0.87625 0.225
vt 0.87625 0.025
vt 0.87625 0.225
vt 0.87625 0.225
vt 0.87625 0.025
vt 0.87625 0.025
vt 0.87625 0.225
vt 0.87625 0.025
vt 0.87625 0.225
vt 0.87625 0.025
vt 0.87625 0.225
vt 0.87625 0.225
vt 0.87625 0.025
vt 0.87625 0.025
vt 0.87625 0.225
vt 0.87625 0.025
vt 0.87625 0.225
vt 0.87625 0.225
vt 0.87625 0.025
vt 0.87625 0.025
vt 0.87625 0.225
vt 0.87625 0.025
vt 0.87625 0.225
vt 0.87625 0.225
vt 0.87625 0.025
vt 0.87625 0.025
vt 0.87625 0.225
vt 0.87625 0.025
vt 0.87625 0.225
vt 0.87625 0.225
vt 0.87625 0.025
vt 0.87625 0.025
vt 0.87625 0.225
vt 0.87625 0.225
vt 0.87625 0.025
vt 0.87625 0.025
vt 0.87625 0.225
vt 0.87625 0.025
vt 0.87625 0.225
vt 0.87625 0.225
vt 0.87625 0.025
vt 0.87625 0.025
vt 0.87625 0.225
vt 0.87625 0.025
vt 0.87625 0.225
vt 0.87625 0.225
vt 0.87625 0.025
vt 0.87625 0.025
vt 0.87625 0.225
vt 0.87625 0.025
vt 0.87625 0.225
vt 0.87625 0.225
vt 0.87625 0.025
vt 0.87625 0.025
vt 0.87625 0.225
vt 0.87625 0.025
vt 0.87625 0.225
vt 0.87625 0.225
vt 0.87625 0.025
vt 0.87625 0.025
vt 0.87625 0.225
vt 0.87625 0.025
vt 0.87625 0.225
vt 0.87625 0.025
vt 0.87625 0.225
vt 0.87625 0.225
vt 0.87625 0.025
vt 0.87625 0.025
vt 0.87625 0.225
vt 0.87625 0.025
vt 0.87625 0.225
vt 0.87625 0.225
vt 0.87625 0.025
vt 0.87625 0.025
vt 0.87625 0.225
vt 0.87625 0.025
vt 0.87625 0.225
vt 0.87625 0.225
vt 0.87625 0.025
vt 0.87625 0.025
vt 0.87625 0.225
vt 0.87625 0.025
vt 0.87625 0.225
vt 0.87625 0.225
vt 0.87625 0.025
vt 0.87625 0.025
vt 0.87625 0.225
vt 0.87625 0.225
vt 0.87625 0.025
vt 0.87625 0.025
vt 0.87625 0.225
vt 0.87625 0.025
vt 0.87625 0.225
vt 0.87625 0.225
vt 0.87625 0.025
vt 0.87625 0.025
vt 0.87625 0.225
vt 0.87625 0.025
vt 0.87625 0.225
vt 0.87625 0.225
vt 0.87625 0.025
vt 0.87625 0.025
vt 0.87625 0.225
vt 0.87625 0.025
vt 0.87625 0.225
vt 0.87625 0.225
vt 0.87625 0.025
vt 0.87625 0.025
vt 0.87625 0.225
vt 0.87625 0.025
vt 0.87625 0.225
vt 0.87625 0.225
vt 0.87625 0.025
vt 0.87625 0.025
vt 0.87625 0.225
vt 0.87625 0.025
vt 0.87625 0.225
vt 0.87625 0.025
vt 0.87625 0.225
vt 0.87625 0.225
vt 0.87625 0.025
vt 0.87625 0.025
vt 0.87625 0.225
vt 0.87625 0.025
vt 0.87625 0.225
vt 0.87625 0.225
vt 0.87625 0.025
vt 0.87625 0.025
vt 0.87625 0.225
vt 0.87625 0.025
vt 0.87625 0.225
vt 0.87625 0.225
vt 0.87625 0.025
vt 0.87625 0.025
vt 0.87625 0.225
vt 0.87625 0.025
vt 0.87625 0.225
vt 0.87625 0.225
vt 0.87625 0.025
vt 0.87625 0.025
vt 0.87625 0.225
vt 0.87625 0.225
vt 0.87625 0.025
vt 0.87625 0.025
vt 0.87625 0.225
vt 0.87625 0.025
vt 0.87625 0.225
vt 0.87625 0.225
vt 0.87625 0.025
vt 0.87625 0.025
vt 0.87625 0.225
vt 0.87625 0.025
vt 0.87625 0.225
vt 0.87625 0.225
vt 0.87625 0.025
vt 0.87625 0.025
vt 0.87625 0.225
vt 0.87625 0.025
vt 0.87625 0.225
vt 0.87625 0.225
vt 0.87625 0.025
vt 0.87625 0.025
vt 0.87625 0.225
vt 0.87625 0.025
vt 0.87625 0.225
vt 0.87625 0.225
vt 0.87625 0.025
vt 0.87625 0.025
vt 0.87625 0.225
vt 0.87625 0.025
vt 0.87625 0.225
vt 0.87625 0.025
vt 0.87625 0.225
vt 0.87625 0.225
vt 0.87625 0.025
vt 0.87625 0.025
vt 0.87625 0.225
vt 0.87625 0.025
vt 0.87625 0.225
vt 0.87625 0.225
vt 0.87625 0.025
vt 0.87625 0.025
vt 0.87625 0.225
vt 0.87625 0.025
vt 0.87625 0.225
vt 0.87625 0.225
vt 0.87625 0.025
vt 0.87625 0.025
vt 0.87625 0.225
vt 0.87625 0.025
vt 0.87625 0.225
vt 0.87625 0.225
vt 0.87625 0.025
vt 0.87625 0.025
vt 0.87625 0.225
vt 0.87625 0.225
vt 0.87625 0.025
vt 0.87625 0.025
vt 0.87625 0.225
vt 0.87625 0.025
vt 0.87625 0.225
vt 0.87625 0.225
vt 0.87625 0.025
vt 0.87625 0.025
vt 0.87625 0.225
vt 0.87625 0.025
vt 0.87625 0.225
vt 0.87625 0.225
vt 0.87625 0.025
vt 0.87625 0.025
vt 0.87625 0.225
vt 0.87625 0.025
vt 0.87625 0.225
vt 0.87625 0.225
vt 0.87625 0.025
vt 0.87625 0.025
vt 0.87625 0.225
vt 0.87625 0.025
vt 0.87625 0.225
vt 0.87625 0.225
vt 0.87625 0.025
vt 0.87625 0.025
vt 0.87625 0.225
vt 0.87625 0.025
vt 0.87625 0.225
vt 0.87625 0.025
vt 0.87625 0.225
vt 0.87625 0.225
vt 0.87625 0.025
vt 0.87625 0.025
vt 0.87625 0.225
vt 0.87625 0.025
vt 0.87625 0.225
vt 0.87625 0.225
vt 0.87625 0.025
vt 0.87625 0.025
vt 0.87625 0.225
vt 0.87625 0.025
vt 0.87625 0.225
vt 0.87625 0.225
vt 0.87625 0.025
vt 0.87625 0.025
vt 0.87625 0.225
vt 0.87625 0.025
vt 0.87625 0.225
vt 0.87625 0.225
vt 0.87625 0.025
vt 0.87625 0.025
vt 0.87625 0.225
vt 0.87625 0.225
vt 0.87625 0.025
vt 0.87625 0.025
vt 0.87625 0.225
vt 0.87625 0.025
vt 0.87625 0.225
vt 0.87625 0.225
vt 0.87625 0.025
vt 0.87625 0.025
vt 0.87625 0.225
vt 0.87625 0.025
vt 0.87625 0.225
vt 0.87625 0.225
vt 0.87625 0.025
vt 0.87625 0.025
vt 0.87625 0.225
vt 0.87625 0.025
vt 0.87625 0.225
vt 0.87625 0.225
vt 0.87625 0.025
vt 0.87625 0.025
vt 0.87625 0.225
vt 0.87625 0.025
vt 0.87625 0.225
vt 0.87625 0.025
vt 0.87625 0.225
vt 0.87625 0.225
vt 0.87625 0.025
vt 0.87625 0.025
vt 0.87625 0.225
vt 0.87625 0.025
vt 0.87625 0.225
vt 0.87625 0.225
vt 0.87625 0.025
vt 0.87625 0.025
vt 0.87625 0.225
vt 0.87625 0.025
vt 0.87625 0.225
vt 0.87625 0.225
vt 0.87625 0.025
vt 0.87625 0.025
vt 0.87625 0.225
vt 0.87625 0.025
vt 0.87625 0.225
vt 0.87625 0.225
vt 0.87625 0.025
vt 0.87625 0.025
vt 0.87625 0.225
vt 0.87625 0.225
vt 0.87625 0.025
vt 0.87625 0.025
vt 0.87625 0.225
vt 0.87625 0.025
vt 0.87625 0.225
vt 0.87625 0.225
vt 0.87625 0.025
vt 0.87625 0.025
vt 0.87625 0.225
vt 0.87625 0.025
vt 0.87625 0.225
vt 0.87625 0.225
vt 0.87625 0.025
vt 0.87625 0.025
vt 0.87625 0.225
vt 0.87625 0.025
vt 0.87625 0.225
vt 0.87625 0.225
vt 0.87625 0.025
vt 0.87625 0.025
vt 0.87625 0.225
vt 0.87625 0.025
vt 0.87625 0.225
vt 0.87625 0.025
vt 0.87625 0.225
vt 0.87625 0.225
vt 0.87625 0.025
vt 0.87625 0.025
vt 0.87625 0.225
vt 0.87625 0.025
vt 0.87625 0.225
vt 0.87625 0.225
vt 0.87625 0.025
vt 0.87625 0.025
vt 0.87625 0.225
vt 0.87625 0.025
vt 0.87625 0.225
vt 0.87625 0.225
vt 0.87625 0.025
vt 0.87625 0.025
vt 0.87625 0.225
vt 0.87625 0.025
vt 0.87625 0.225
vt 0.87625 0.225
vt 0.87625 0.025
vt 0.87625 0.025
vt 0.87625 0.225
vt 0.87625 0.225
vt 0.87625 0.025
vt 0.87625 0.025
vt 0.87625 0.225
vt 0.87625 0.025
vt 0.87625 0.225
vt 0.87625 0.225
vt 0.87625 0.025
vt 0.87625 0.025
vt 0.87625 0.225
vt 0.87625 0.025
vt 0.87625 0.225
vt 0.87625 0.225
vt 0.87625 0.025
vt 0.87625 0.025
vt 0.87625 0.225
vt 0.87625 0.025
vt 0.87625 0.225
vt 0.87625 0.225
vt 0.87625 0.025
vt 0.87625 0.025
vt 0.87625 0.225
vt 0.87625 0.025
vt 0.87625 0.225
vt 0.87625 0.025
vt 0.87625 0.225
vt 0.87625 0.225
vt 0.87625 0.025
vt 0.87625 0.025
vt 0.87625 0.225
vt 0.87625 0.025
vt 0.87625 0.225
vt 0.87625 0.225
vt 0.87625 0.025
vt 0.87625 0.025
vt 0.87625 0.225
vt 0.87625 0.025
vt 0.87625 0.225
vt 0.87625 0.225
vt 0.87625 0.025
vt 0.87625 0.025
vt 0.87625 0.225
vt 0.87625 0.025
vt 0.87625 0.225
vt 0.87625 0.225
vt 0.87625 0.025
vt 0.87625 0.025
vt 0.87625 0.225
vt 0.87625 0.225
vt 0.87625 0.025
vt 0.87625 0.025
vt 0.87625 0.225
vt 0.87625 0.025
vt 0.87625 0.225
vt 0.87625 0.225
vt 0.87625 0.025
vt 0.87625 0.025
vt 0.87625 0.225
vt 0.87625 0.025
vt 0.87625 0.225
vt 0.87625 0.225
vt 0.87625 0.025
vt 0.87625 0.025
vt 0.87625 0.225
vt 0.87625 0.025
vt 0.87625 0.225
vt 0.87625 0.225
vt 0.87625 0.025
vt 0.87625 0.025
vt 0.87625 0.225
vt 0.87625 0.025
vt 0.87625 0.225
vt 0.87625 0.025
vt 0.87625 0.225
vt 0.87625 0.225
vt 0.87625 0.025
vt 0.87625 0.025
vt 0.87625 0.225
vt 0.87625 0.025
vt 0.87625 0.225
vt 0.87625 0.225
vt 0.87625 0.025
vt 0.87625 0.025
vt 0.87625 0.225
vt 0.87625 0.025
vt 0.87625 0.225
vt 0.87625 0.225
vt 0.87625 0.025
vt 0.87625 0.025
vt 0.87625 0.225
vt 0.87625 0.025
vt 0.87625 0.225
vt 0.87625 0.225
vt 0.87625 0.025
vt 0.87625 0.025
vt 0.87625 0.225
vt 0.87625 0.225
vt 0.87625 0.025
vt 0.87625 0.025
vt 0.87625 0.225
vt 0.87625 0.025
vt 0.87625 0.225
vt 0.87625 0.225
vt 0.87625 0.025
vt 0.87625 0.025
vt 0.87625 0.225
vt 0.87625 0.025
vt 0.87625 0.225
vt 0.87625 0.225
vt 0.87625 0.025
vt 0.87625 0.025
vt 0.87625 0.225
vt 0.87625 0.025
vt 0.87625 0.225
vt 0.87625 0.225
vt 0.87625 0.025
vt 0.87625 0.025
vt 0.87625 0.225
vt 0.87625 0.025
vt 0.87625 0.225
vt 0.87625 0.225
vt 0.87625 0.025
vt 0.87625 0.025
vt 0.87625 0.225
vt 0.87625 0.025
vt 0.87625 0.225
vt 0.87625 0.025
vt 0.87625 0.225
vt 0.87625 0.225
vt 0.87625 0.025
vt 0.87625 0.025
vt 0.87625 0.225
vt 0.87625 0.025
vt 0.87625 0.225
vt 0.87625 0.225
vt 0.87625 0.025
vt 0.87625 0.025
vt 0.87625 0.225
vt 0.87625 0.025
vt 0.87625 0.225
vt 0.87625 0.225
vt 0.87625 0.025
vt 0.87625 0.025
vt 0.87625 0.225
vt 0.87625 0.025
vt 0.87625 0.225
vt 0.87625 0.225
vt 0.87625 0.025
vt 0.87625 0.025
vt 0.87625 0.225
vt 0.87625 0.225
vt 0.87625 0.025
vt 0.87625 0.025
vt 0.87625 0.225
vt 0.87625 0.025
vt 0.87625 0.225
vt 0.87625 0.225
vt 0.87625 0.025
vt 0.87625 0.025
vt 0.87625 0.225
vt 0.87625 0.025
vt 0.87625 0.225
vt 0.87625 0.225
vt 0.87625 0.025
vt 0.87625 0.025
vt 0.87625 0.225
vt 0.87625 0.025
vt 0.87625 0.225
vt 0.87625 0.225
vt 0.87625 0.025
vt 0.87625 0.025
vt 0.87625 0.225
vt 0.87625 0.025
vt 0.87625 0.225
vt 0.87625 0.225
vt 0.87625 0.025
vt 0.87625 0.025
vt 0.87625 0.225
vt 0.87625 0.025
vt 0.87625 0.225
vt 0.87625 0.025
vt 0.87625 0.225
vt 0.87625 0.225
vt 0.87625 0.025
vt 0.87625 0.025
vt 0.87625 0.225
vt 0.87625 0.025
vt 0.87625 0.225
vt 0.87625 0.225
vt 0.87625 0.025
vt 0.87625 0.025
vt 0.87625 0.225
vt 0.87625 0.025
vt 0.87625 0.225
vt 0.87625 0.225
vt 0.87625 0.025
vt 0.87625 0.025
vt 0.87625 0.225
vt 0.87625 0.025
vt 0.87625 0.225
vt 0.87625 0.225
vt 0.87625 0.025
vt 0.87625 0.025
vt 0.87625 0.225
vt 0.87625 0.225
vt 0.87625 0.025
vt 0.87625 0.025
vt 0.87625 0.225
vt 0.87625 0.025
vt 0.87625 0.225
vt 0.87625 0.225
vt 0.87625 0.025
vt 0.87625 0.025
vt 0.87625 0.225
vt 0.87625 0.025
vt 0.87625 0.225
vt 0.87625 0.225
vt 0.87625 0.025
vt 0.87625 0.025
vt 0.87625 0.225
vt 0.87625 0.025
vt 0.87625 0.225
vt 0.87625 0.225
vt 0.87625 0.025
vt 0.87625 0.025
vt 0.87625 0.225
vt 0.87625 0.025
vt 0.87625 0.225
vt 0.87625 0.225
vt 0.87625 0.025
vt 0.87625 0.025
vt 0.87625 0.225
vt 0.87625 0.025
vt 0.87625 0.225
vt 0.87625 0.025
vt 0.87625 0.225
vt 0.87625 0.225
vt 0.87625 0.025
vt 0.87625 0.025
vt 0.87625 0.225
vt 0.87625 0.025
vt 0.87625 0.225
vt 0.87625 0.225
vt 0.87625 0.025
vt 0.87625 0.025
vt 0.87625 0.225
vt 0.87625 0.025
vt 0.87625 0.225
vt 0.87625 0.225
vt 0.87625 0.025
vt 0.87625 0.025
vt 0.87625 0.225
vt 0.87625 0.025
vt 0.87625 0.225
vt 0.87625 0.225
vt 0.87625 0.025
vt 0.87625 0.025
vt 0.87625 0.225
vt 0.87625 0.225
vt 0.87625 0.025
vt 0.87625 0.025
vt 0.87625 0.225
vt 0.87625 0.025
vt 0.87625 0.225
vt 0.87625 0.225
vt 0.87625 0.025
vt 0.87625 0.025
vt 0.87625 0.225
vt 0.87625 0.025
vt 0.87625 0.225
vt 0.87625 0.225
vt 0.87625 0.025
vt 0.87625 0.025
vt 0.87625 0.225
vt 0.87625 0.025
vt 0.87625 0.225
vt 0.87625 0.225
vt 0.87625 0.025
vt 0.87625 0.025
vt 0.87625 0.225
vt 0.87625 0.025
vt 0.87625 0.225
vt 0.87625 0.225
vt 0.87625 0.025
vt 0.87625 0.025
vt 0.87625 0.225
vt 0.87625 0.025
vt 0.87625 0.225
vt 0.87625 0.025
vt 0.87625 0.225
vt 0.87625 0.225
vt 0.87625 0.025
vt 0.87625 0.025
vt 0.87625 0.225
vt 0.87625 0.025
vt 0.87625 0.225
vt 0.87625 0.225
vt 0.87625 0.025
vt 0.87625 0.025
vt 0.87625 0.225
vt 0.87625 0.025
vt 0.87625 0.225
vt 0.87625 0.225
vt 0.87625 0.025
vt 0.87625 0.025
vt 0.87625 0.225
vt 0.87625 0.025
vt 0.87625 0.225
vt 0.87625 0.225
vt 0.87625 0.025
vt 0.87625 0.025
vt 0.87625 0.225
vt 0.87625 0.225
vt 0.87625 0.025
vt 0.87625 0.025
vt 0.87625 0.225
vt 0.87625 0.025
vt 0.87625 0.225
vt 0.87625 0.225
vt 0.87625 0.025
vt 0.87625 0.025
vt 0.87625 0.225
vt 0.87625 0.025
vt 0.87625 0.225
vt 0.87625 0.225
vt 0.87625 0.025
vt 0.87625 0.025
vt 0.87625 0.225
vt 0.87625 0.025
vt 0.87625 0.225
vt 0.87625 0.225
vt 0.87625 0.025
vt 0.87625 0.025
vt 0.87625 0.225
vt 0.87625 0.025
vt 0.87625 0.225
vt 0.87625 0.225
vt 0.87625 0.025
vt 0.87625 0.025
vt 0.87625 0.225
vt 0.87625 0.025
vt 0.87625 0.225
vt 0.87625 0.025
vt 0.87625 0.225
vt 0.87625 0.225
vt 0.87625 0.025
vt 0.87625 0.025
vt 0.87625 0.225
vt 0.87625 0.025
vt 0.87625 0.225
vt 0.87625 0.225
vt 0.87625 0.025
vt 0.87625 0.025
vt 0.87625 0.225
vt 0.87625 0.025
vt 0.87625 0.225
vt 0.87625 0.225
vt 0.87625 0.025
vt 0.87625 0.025
vt 0.87625 0.225
vt 0.87625 0.025
vt 0.87625 0.225
vt 0.87625 0.225
vt 0.87625 0.025
vt 0.87625 0.025
vt 0.87625 0.225
vt 0.87625 0.225
vt 0.87625 0.025
vt 0.87625 0.025
vt 0.87625 0.225
vt 0.87625 0.025
vt 0.87625 0.225
vt 0.87625 0.225
vt 0.87625 0.025
vt 0.87625 0.025
vt 0.87625 0.225
vt 0.87625 0.025
vt 0.87625 0.225
vt 0.87625 0.225
vt 0.87625 0.025
vt 0.87625 0.025
vt 0.87625 0.225
vt 0.87625 0.025
vt 0.87625 0.225
vt 0.87625 0.225
vt 0.87625 0.025
vt 0.87625 0.025
vt 0.87625 0.225
vt 0.87625 0.025
vt 0.87625 0.225
vt 0.87625 0.225
vt 0.87625 0.025
vt 0.87625 0.025
vt 0.87625 0.225
vt 0.87625 0.025
vt 0.87625 0.225
vt 0.87625 0.025
vt 0.87625 0.225
vt 0.87625 0.225
vt 0.87625 0.025
vt 0.87625 0.025
vt 0.87625 0.225
vt 0.87625 0.025
vt 0.87625 0.225
vt 0.87625 0.225
vt 0.87625 0.025
vt 0.87625 0.025
vt 0.87625 0.225
vt 0.87625 0.025
vt 0.87625 0.225
vt 0.87625 0.225
vt 0.87625 0.025
vt 0.87625 0.025
vt 0.87625 0.225
vt 0.87625 0.025
vt 0.87625 0.225
vt 0.87625 0.225
vt 0.87625 0.025
vt 0.87625 0.025
vt 0.87625 0.225
vt 0.87625 0.225
vt 0.87625 0.025
vt 0.87625 0.025
vt 0.87625 0.225
vt 0.87625 0.025
vt 0.87625 0.225
vt 0.87625 0.225
vt 0.87625 0.025
vt 0.87625 0.025
vt 0.87625 0.225
vt 0.87625 0.025
vt 0.87625 0.225
vt 0.87625 0.225
vt 0.87625 0.025
vt 0.87625 0.025
vt 0.87625 0.225
vt 0.87625 0.025
vt 0.87625 0.225
vt 0.87625 0.225
vt 0.87625 0.025
vt 0.87625 0.025
vt 0.87625 0.225
vt 0.87625 0.025
vt 0.87625 0.225
vt 0.87625 0.225
vt 0.87625 0.025
vt 0.87625 0.025
vt 0.87625 0.225
vt 0.87625 0.025
vt 0.87625 0.225
vt 0.87625 0.025
vt 0.87625 0.225
vt 0.87625 0.225
vt 0.87625 0.025
vt 0.87625 0.025
vt 0.87625 0.225
vt 0.87625 0.025
vt 0.87625 0.225
vt 0.87625 0.225
vt 0.87625 0.025
vt 0.87625 0.025
vt 0.87625 0.225
vt 0.87625 0.025
vt 0.87625 0.225
vt 0.87625 0.225
vt 0.87625 0.025
vt 0.87625 0.025
vt 0.87625 0.225
vt 0.87625 0.025
vt 0.87625 0.225
vt 0.87625 0.225
vt 0.87625 0.025
vt 0.87625 0.025
vt 0.87625 0.225
vt 0.87625 0.225
vt 0.87625 0.025
vt 0.87625 0.025
vt 0.87625 0.225
vt 0.87625 0.025
vt 0.87625 0.225
vt 0.87625 0.225
vt 0.87625 0.025
vt 0.87625 0.025
vt 0.87625 0.225
vt 0.87625 0.025
vt 0.87625 0.225
vt 0.87625 0.225
vt 0.87625 0.025
vt 0.87625 0.025
vt 0.87625 0.225
vt 0.87625 0.025
vt 0.87625 0.225
vt 0.87625 0.225
vt 0.87625 0.025
vt 0.87625 0.025
vt 0.87625 0.225
vt 0.87625 0.025
vt 0.87625 0.225
vt 0.87625 0.225
vt 0.87625 0.025
vt 0.87625 0.025
vt 0.87625 0.225
vt 0.87625 0.025
vt 0.87625 0.225
vt 0.87625 0.025
vt 0.87625 0.225
vt 0.87625 0.225
vt 0.87625 0.025
vt 0.87625 0.025
vt 0.87625 0.225
vt 0.87625 0.025
vt 0.87625 0.225
vt 0.87625 0.225
vt 0.87625 0.025
vt 0.87625 0.025
vt 0.87625 0.225
vt 0.87625 0.025
vt 0.87625 0.225
vt 0.87625 0.225
vt 0.87625 0.025
vt 0.87625 0.025
vt 0.87625 0.225
vt 0.87625 0.025
vt 0.87625 0.225
vt 0.87625 0.225
vt 0.87625 0.025
vt 0.87625 0.025
vt 0.87625 0.225
vt 0.87625 0.225
vt 0.87625 0.025
vt 0.87625 0.025
vt 0.87625 0.225
vt 0.87625 0.025
vt 0.87625 0.225
vt 0.87625 0.225
vt 0.87625 0.025
vt 0.87625 0.025
vt 0.87625 0.225
vt 0.87625 0.025
vt 0.87625 0.225
vt 0.87625 0.225
vt 0.87625 0.025
vt 0.87625 0.025
vt 0.87625 0.225
vt 0.87625 0.025
vt 0.87625 0.225
vt 0.87625 0.225
vt 0.87625 0.025
vt 0.87625 0.025
vt 0.87625 0.225
vt 0.87625 0.025
vt 0.87625 0.225
vt 0.87625 0.025
vt 0.87625 0.225
vt 0.87625 0.225
vt 0.87625 0.025
vt 0.87625 0.025
vt 0.87625 0.225
vt 0.87625 0.025
vt 0.87625 0.225
vt 0.87625 0.225
vt 0.87625 0.025
vt 0.87625 0.025
vt 0.87625 0.225
vt 0.87625 0.025
vt 0.87625 0.225
vt 0.87625 0.225
vt 0.87625 0.025
vt 0.87625 0.025
vt 0.87625 0.225
vt 0.87625 0.025
vt 0.87625 0.225
vt 0.87625 0.225
vt 0.87625 0.025
vt 0.87625 0.025
vt 0.87625 0.225
vt 0.87625 0.225
vt 0.87625 0.025
vt 0.87625 0.025
vt 0.87625 0.225
vt 0.87625 0.025
vt 0.87625 0.225
vt 0.87625 0.225
vt 0.87625 0.025
vt 0.87625 0.025
vt 0.87625 0.225
vt 0.87625 0.025
vt 0.87625 0.225
vt 0.87625 0.225
vt 0.87625 0.025
vt 0.87625 0.025
vt 0.87625 0.225
vt 0.87625 0.025
vt 0.87625 0.225
vt 0.87625 0.225
vt 0.87625 0.025
vt 0.87625 0.025
vt 0.87625 0.225
vt 0.87625 0.025
vt 0.87625 0.225
vt 0.87625 0.025
vt 0.87625 0.225
vt 0.87625 0.225
vt 0.87625 0.025
vt 0.87625 0.025
vt 0.87625 0.225
vt 0.87625 0.025
vt 0.87625 0.225
vt 0.87625 0.225
vt 0.87625 0.025
vt 0.87625 0.025
vt 0.87625 0.225
vt 0.87625 0.025
vt 0.87625 0.225
vt 0.87625 0.225
vt 0.87625 0.025
vt 0.87625 0.025
vt 0.87625 0.225
vt 0.87625 0.025
vt 0.87625 0.225
vt 0.87625 0.225
vt 0.87625 0.025
vt 0.87625 0.025
vt 0.87625 0.225
vt 0.87625 0.225
vt 0.87625 0.025
vt 0.87625 0.025
vt 0.87625 0.225
vt 0.87625 0.025
vt 0.87625 0.225
vt 0.87625 0.225
vt 0.87625 0.025
vt 0.87625 0.025
vt 0.87625 0.225
vt 0.87625 0.025
vt 0.87625 0.225
vt 0.87625 0.225
vt 0.87625 0.025
vt 0.87625 0.025
vt 0.87625 0.225
vt 0.87625 0.025
vt 0.87625 0.225
vt 0.87625 0.225
vt 0.87625 0.025
vt 0.87625 0.025
vt 0.87625 0.225
vt 0.87625 0.025
vt 0.87625 0.225
vt 0.87625 0.025
vt 0.87625 0.225
vt 0.87625 0.225
vt 0.87625 0.025
vt 0.87625 0.025
vt 0.87625 0.225
vt 0.87625 0.025
vt 0.87625 0.225
vt 0.87625 0.225
vt 0.87625 0.025
vt 0.87625 0.025
vt 0.87625 0.225
vt 0.87625 0.025
vt 0.87625 0.225
vt 0.87625 0.225
vt 0.87625 0.025
vt 0.87625 0.025
vt 0.87625 0.225
vt 0.87625 0.025
vt 0.87625 0.225
vt 0.87625 0.225
vt 0.87625 0.025
vt 0.87625 0.025
vt 0.87625 0.225
vt 0.87625 0.225
vt 0.87625 0.025
vt 0.87625 0.025
vt 0.87625 0.225
vt 0.87625 0.025
vt 0.87625 0.225
vt 0.87625 0.225
vt 0.87625 0.025
vt 0.87625 0.025
vt 0.87625 0.225
vt 0.87625 0.025
vt 0.87625 0.225
vt 0.87625 0.225
vt 0.87625 0.025
vt 0.87625 0.025
vt 0.87625 0.225
vt 0.87625 0.025
vt 0.87625 0.225
vt 0.87625 0.225
vt 0.87625 0.025
vt 0.87625 0.025
vt 0.87625 0.225
vt 0.87625 0.025
vt 0.87625 0.225
vt 0.87625 0.025
vt 0.87625 0.225
vt 0.87625 0.225
vt 0.87625 0.025
vt 0.87625 0.025
vt 0.87625 0.225
vt 0.87625 0.025
vt 0.87625 0.225
vt 0.87625 0.225
vt 0.87625 0.025
vt 0.87625 0.025
vt 0.87625 0.225
vt 0.87625 0.025
vt 0.87625 0.225
vt 0.87625 0.225
vt 0.87625 0.025
vt 0.87625 0.025
vt 0.87625 0.225
vt 0.87625 0.025
vt 0.87625 0.225
vt 0.87625 0.225
vt 0.87625 0.025
vt 0.87625 0.025
vt 0.87625 0.225
vt 0.87625 0.225
vt 0.87625 0.025
vt 0.87625 0.025
vt 0.87625 0.225
vt 0.87625 0.025
vt 0.87625 0.225
vt 0.87625 0.225
vt 0.87625 0.025
vt 0.87625 0.025
vt 0.87625 0.225
vt 0.87625 0.025
vt 0.87625 0.225
vt 0.87625 0.225
vt 0.87625 0.025
vt 0.87625 0.025
vt 0.87625 0.225
vt 0.87625 0.025
vt 0.87625 0.225
vt 0.87625 0.225
vt 0.87625 0.025
vt 0.87625 0.025
vt 0.87625 0.225
vt 0.87625 0.025
vt 0.87625 0.225
vt 0.87625 0.025
vt 0.87625 0.225
vt 0.87625 0.225
vt 0.87625 0.025
vt 0.87625 0.025
vt 0.87625 0.225
vt 0.87625 0.025
vt 0.87625 0.225
vt 0.87625 0.225
vt 0.87625 0.025
vt 0.87625 0.025
vt 0.87625 0.225
vt 0.87625 0.025
vt 0.87625 0.225
vt 0.87625 0.225
vt 0.87625 0.025
vt 0.87625 0.025
vt 0.87625 0.225
vt 0.87625 0.025
vt 0.87625 0.225
vt 0.87625 0.225
vt 0.87625 0.025
vt 0.87625 0.025
vt 0.87625 0.225
vt 0.87625 0.225
vt 0.87625 0.025
vt 0.87625 0.025
vt 0.87625 0.225
vt 0.87625 0.025
vt 0.87625 0.225
vt 0.87625 0.225
vt 0.87625 0.025
vt 0.87625 0.025
vt 0.87625 0.225
vt 0.87625 0.025
vt 0.87625 0.225
vt 0.87625 0.225
vt 0.87625 0.025
vt 0.87625 0.025
vt 0.87625 0.225
vt 0.87625 0.025
vt 0.87625 0.225
vt 0.87625 0.225
vt 0.87625 0.025
vt 0.87625 0.025
vt 0.87625 0.225
vt 0.87625 0.025
vt 0.87625 0.225
vt 0.87625 0.025
vt 0.87625 0.225
vt 0.87625 0.225
vt 0.87625 0.025
vt 0.87625 0.025
vt 0.87625 0.225
vt 0.87625 0.025
vt 0.87625 0.225
vt 0.87625 0.225
vt 0.87625 0.025
vt 0.87625 0.025
vt 0.87625 0.225
vt 0.87625 0.025
vt 0.87625 0.225
vt 0.87625 0.225
vt 0.87625 0.025
vt 0.87625 0.025
vt 0.87625 0.225
vt 0.87625 0.025
vt 0.87625 0.225
vt 0.87625 0.225
vt 0.87625 0.025
vt 0.87625 0.025
vt 0.87625 0.225
vt 0.87625 0.225
vt 0.87625 0.025
vt 0.87625 0.025
vt 0.87625 0.225
vt 0.87625 0.025
vt 0.87625 0.225
vt 0.87625 0.225
vt 0.87625 0.025
vt 0.87625 0.025
vt 0.87625 0.225
vt 0.87625 0.025
vt 0.87625 0.225
vt 0.87625 0.225
vt 0.87625 0.025
vt 0.87625 0.025
vt 0.87625 0.225
vt 0.87625 0.025
vt 0.87625 0.225
vt 0.87625 0.225
vt 0.87625 0.025
vt 0.87625 0.025
vt 0.87625 0.225
vt 0.87625 0.025
vt 0.87625 0.225
vt 0.87625 0.025
vt 0.87625 0.225
vt 0.87625 0.225
vt 0.87625 0.025
vt 0.87625 0.025
vt 0.87625 0.225
vt 0.87625 0.025
vt 0.87625 0.225
vt 0.87625 0.225
vt 0.87625 0.025
vt 0.87625 0.025
vt 0.87625 0.225
vt 0.87625 0.025
vt 0.87625 0.225
vt 0.87625 0.225
vt 0.87625 0.025
vt 0.87625 0.025
vt 0.87625 0.225
vt 0.87625 0.025
vt 0.87625 0.225
vt 0.87625 0.225
vt 0.87625 0.025
vt 0.87625 0.025
vt 0.87625 0.225
vt 0.87625 0.225
vt 0.87625 0.025
vt 0.87625 0.025
vt 0.87625 0.225
vt 0.87625 0.025
vt 0.87625 0.225
vt 0.87625 0.225
vt 0.87625 0.025
vt 0.87625 0.025
vt 0.87625 0.225
vt 0.87625 0.025
vt 0.87625 0.225
vt 0.87625 0.225
vt 0.87625 0.025
vt 0.87625 0.025
vt 0.87625 0.225
vt 0.87625 0.025
vt 0.87625 0.225
vt 0.87625 0.225
vt 0.87625 0.025
vt 0.87625 0.025
vt 0.87625 0.225
vt 0.87625 0.025
vt 0.87625 0.225
vt 0.87625 0.025
vt 0.87625 0.225
vt 0.87625 0.225
vt 0.87625 0.025
vt 0.87625 0.025
vt 0.87625 0.225
vt 0.87625 0.025
vt 0.87625 0.225
vt 0.87625 0.225
vt 0.87625 0.025
vt 0.87625 0.025
vt 0.87625 0.225
vt 0.87625 0.025
vt 0.87625 0.225
vt 0.87625 0.225
vt 0.87625 0.025
vt 0.87625 0.025
vt 0.87625 0.225
vt 0.87625 0.025
vt 0.87625 0.225
vt 0.87625 0.225
vt 0.87625 0.025
vt 0.87625 0.025
vt 0.87625 0.225
vt 0.87625 0.225
vt 0.87625 0.025
vt 0.87625 0.025
vt 0.87625 0.225
vt 0.87625 0.025
vt 0.87625 0.225
vt 0.87625 0.225
vt 0.87625 0.025
vt 0.87625 0.025
vt 0.87625 0.225
vt 0.87625 0.025
vt 0.87625 0.225
vt 0.87625 0.225
vt 0.87625 0.025
vt 0.87625 0.025
vt 0.87625 0.225
vt 0.87625 0.025
vt 0.87625 0.225
vt 0.87625 0.225
vt 0.87625 0.025
vt 0.87625 0.025
vt 0.87625 0.225
vt 0.87625 0.025
vt 0.87625 0.225
vt 0.87625 0.025
vt 0.87625 0.225
vt 0.87625 0.225
vt 0.87625 0.025
vt 0.87625 0.025
vt 0.87625 0.225
vt 0.87625 0.025
vt 0.87625 0.225
vt 0.87625 0.225
vt 0.87625 0.025
vt 0.87625 0.025
vt 0.87625 0.225
vt 0.87625 0.025
vt 0.87625 0.225
vt 0.87625 0.225
vt 0.87625 0.025
vt 0.87625 0.025
vt 0.87625 0.225
vt 0.87625 0.025
vt 0.87625 0.225
vt 0.87625 0.225
vt 0.87625 0.025
vt 0.87625 0.025
vt 0.87625 0.225
vt 0.87625 0.225
vt 0.87625 0.025
vt 0.87625 0.025
vt 0.87625 0.225
vt 0.87625 0.025
vt 0.87625 0.225
vt 0.87625 0.225
vt 0.87625 0.025
vt 0.87625 0.025
vt 0.87625 0.225
vt 0.87625 0.025
vt 0.87625 0.225
vt 0.87625 0.225
vt 0.87625 0.025
vt 0.87625 0.025
vt 0.87625 0.225
vt 0.87625 0.025
vt 0.87625 0.225
vt 0.87625 0.225
vt 0.87625 0.025
vt 0.87625 0.025
vt 0.87625 0.225
vt 0.87625 0.025
vt 0.87625 0.225
vt 0.87625 0.025
vt 0.87625 0.225
vt 0.87625 0.225
vt 0.87625 0.025
vt 0.87625 0.025
vt 0.87625 0.225
vt 0.87625 0.025
vt 0.87625 0.225
vt 0.87625 0.225
vt 0.87625 0.025
vt 0.87625 0.025
vt 0.87625 0.225
vt 0.87625 0.025
vt 0.87625 0.225
vt 0.87625 0.225
vt 0.87625 0.025
vt 0.87625 0.025
vt 0.87625 0.225
vt 0.87625 0.025
vt 0.87625 0.225
vt 0.87625 0.225
vt 0.87625 0.025
vt 0.87625 0.025
vt 0.87625 0.225
vt 0.87625 0.225
vt 0.87625 0.025
vt 0.87625 0.025
vt 0.87625 0.225
vt 0.87625 0.025
vt 0.87625 0.225
vt 0.87625 0.225
vt 0.87625 0.025
vt 0.87625 0.025
vt 0.87625 0.225
vt 0.87625 0.025
vt 0.87625 0.225
vt 0.87625 0.225
vt 0.87625 0.025
vt 0.87625 0.025
vt 0.87625 0.225
vt 0.87625 0.025
vt 0.87625 0.225
vt 0.87625 0.225
vt 0.87625 0.025
vt 0.87625 0.025
vt 0.87625 0.225
vt 0.87625 0.025
vt 0.87625 0.225
vt 0.87625 0.025
vt 0.87625 0.225
vt 0.87625 0.225
vt 0.87625 0.025
vt 0.87625 0.025
vt 0.87625 0.225
vt 0.87625 0.025
vt 0.87625 0.225
vt 0.87625 0.225
vt 0.87625 0.025
vt 0.87625 0.025
vt 0.87625 0.225
vt 0.87625 0.025
vt 0.87625 0.225
vt 0.87625 0.225
vt 0.87625 0.025
vt 0.87625 0.025
vt 0.87625 0.225
vt 0.87625 0.025
vt 0.87625 0.225
vt 0.87625 0.225
vt 0.87625 0.025
vt 0.87625 0.025
vt 0.87625 0.225
vt 0.87625 0.225
vt 0.87625 0.025
vt 0.87625 0.025
vt 0.87625 0.225
vt 0.87625 0.025
vt 0.87625 0.225
vt 0.87625 0.225
vt 0.87625 0.025
vt 0.87625 0.025
vt 0.87625 0.225
vt 0.87625 0.025
vt 0.87625 0.225
vt 0.87625 0.225
vt 0.87625 0.025
vt 0.87625 0.025
vt 0.87625 0.225
vt 0.87625 0.025
vt 0.87625 0.225
vt 0.87625 0.225
vt 0.87625 0.025
vt 0.87625 0.025
vt 0.87625 0.225
vt 0.87625 0.025
vt 0.87625 0.225
vt 0.87625 0.025
vt 0.87625 0.225
vt 0.87625 0.225
vt 0.87625 0.025
vt 0.87625 0.025
vt 0.87625 0.225
vt 0.87625 0.025
vt 0.87625 0.225
vt 0.87625 0.225
vt 0.87625 0.025
vt 0.87625 0.025
vt 0.87625 0.225
vt 0.87625 0.025
vt 0.87625 0.225
vt 0.87625 0.225
vt 0.87625 0.025
vt 0.87625 0.025
vt 0.87625 0.225
vt 0.87625 0.025
vt 0.87625 0.225
vt 0.87625 0.225
vt 0.87625 0.025
vt 0.87625 0.025
vt 0.87625 0.225
vt 0.87625 0.225
vt 0.87625 0.025
vt 0.87625 0.025
vt 0.87625 0.225
vt 0.87625 0.025
vt 0.87625 0.225
vt 0.87625 0.225
vt 0.87625 0.025
vt 0.87625 0.025
vt 0.87625 0.225
vt 0.87625 0.025
vt 0.87625 0.225
vt 0.87625 0.225
vt 0.87625 0.025
vt 0.87625 0.025
vt 0.87625 0.225
vt 0.87625 0.025
vt 0.87625 0.225
vt 0.87625 0.225
vt 0.87625 0.025
vt 0.87625 0.025
vt 0.87625 0.225
vt 0.87625 0.025
vt 0.87625 0.225
vt 0.87625 0.025
vt 0.87625 0.225
vt 0.87625 0.225
vt 0.87625 0.025
vt 0.87625 0.025
vt 0.87625 0.225
vt 0.87625 0.025
vt 0.87625 0.225
vt 0.87625 0.225
vt 0.87625 0.025
vt 0.87625 0.025
vt 0.87625 0.225
vt 0.87625 0.025
vt 0.87625 0.225
vt 0.87625 0.225
vt 0.87625 0.025
vt 0.87625 0.025
vt 0.87625 0.225
vt 0.87625 0.025
vt 0.87625 0.225
vt 0.87625 0.225
vt 0.87625 0.025
vt 0.87625 0.025
vt 0.87625 0.225
vt 0.87625 0.225
vt 0.87625 0.025
vt 0.87625 0.025
vt 0.87625 0.225
vt 0.87625 0.025
vt 0.87625 0.225
vt 0.87625 0.225
vt 0.87625 0.025
vt 0.87625 0.025
vt 0.87625 0.225
vt 0.87625 0.025
vt 0.87625 0.225
vt 0.87625 0.225
vt 0.87625 0.025
vt 0.87625 0.025
vt 0.87625 0.225
vt 0.87625 0.025
vt 0.87625 0.225
vt 0.87625 0.225
vt 0.87625 0.025
vt 0.87625 0.025
vt 0.87625 0.225
vt 0.87625 0.025
vt 0.87625 0.225
vt 0.87625 0.025
vt 0.87625 0.225
vt 0.87625 0.225
vt 0.87625 0.025
vt 0.87625 0.025
vt 0.87625 0.225
vt 0.87625 0.025
vt 0.87625 0.225
vt 0.87625 0.225
vt 0.87625 0.025
vt 0.87625 0.025
vt 0.87625 0.225
vt 0.87625 0.025
vt 0.87625 0.225
vt 0.87625 0.225
vt 0.87625 0.025
vt 0.87625 0.025
vt 0.87625 0.225
vt 0.87625 0.025
vt 0.87625 0.225
vt 0.87625 0.225
vt 0.87625 0.025
vt 0.87625 0.025
vt 0.87625 0.225
vt 0.87625 0.225
vt 0.87625 0.025
vt 0.87625 0.025
vt 0.87625 0.225
vt 0.87625 0.025
vt 0.87625 0.225
vt 0.87625 0.225
vt 0.87625 0.025
vt 0.87625 0.025
vt 0.87625 0.225
vt 0.87625 0.025
vt 0.87625 0.225
vt 0.87625 0.225
vt 0.87625 0.025
vt 0.87625 0.025
vt 0.87625 0.225
vt 0.87625 0.025
vt 0.87625 0.225
vt 0.87625 0.225
vt 0.87625 0.025
vt 0.87625 0.025
vt 0.87625 0.225
vt 0.87625 0.025
vt 0.87625 0.225
vt 0.87625 0.025
vt 0.87625 0.225
vt 0.87625 0.225
vt 0.87625 0.025
vt 0.87625 0.025
vt 0.87625 0.225
vt 0.87625 0.025
vt 0.87625 0.225
vt 0.87625 0.225
vt 0.87625 0.025
vt 0.87625 0.025
vt 0.87625 0.225
vt 0.87625 0.025
vt 0.87625 0.225
vt 0.87625 0.225
vt 0.87625 0.025
vt 0.87625 0.025
vt 0.87625 0.225
vt 0.87625 0.025
vt 0.87625 0.225
vt 0.87625 0.225
vt 0.87625 0.025
vt 0.87625 0.025
vt 0.87625 0.225
vt 0.87625 0.225
vt 0.87625 0.025
vt 0.87625 0.025
vt 0.87625 0.225
vt 0.87625 0.025
vt 0.87625 0.225
vt 0.87625 0.225
vt 0.87625 0.025
vt 0.87625 0.025
vt 0.87625 0.225
vt 0.87625 0.025
vt 0.87625 0.225
vt 0.87625 0.225
vt 0.87625 0.025
vt 0.87625 0.025
vt 0.87625 0.225
vt 0.87625 0.025
vt 0.87625 0.225
vt 0.87625 0.225
vt 0.87625 0.025
vt 0.87625 0.025
vt 0.87625 0.225
vt 0.87625 0.025
vt 0.87625 0.225
vt 0.87625 0.025
vt 0.87625 0.225
vt 0.87625 0.225
vt 0.87625 0.025
vt 0.87625 0.025
vt 0.87625 0.225
vt 0.87625 0.025
vt 0.87625 0.225
vt 0.87625 0.225
vt 0.87625 0.025
vt 0.87625 0.025
vt 0.87625 0.225
vt 0.87625 0.025
vt 0.87625 0.225
vt 0.87625 0.225
vt 0.87625 0.025
vt 0.87625 0.025
vt 0.87625 0.225
vt 0.87625 0.025
vt 0.87625 0.225
vt 0.87625 0.225
vt 0.87625 0.025
vt 0.87625 0.025
vt 0.87625 0.225
vt 0.87625 0.225
vt 0.87625 0.025
vt 0.87625 0.025
vt 0.87625 0.225
vt 0.87625 0.025
vt 0.87625 0.225
vt 0.87625 0.225
vt 0.87625 0.025
vt 0.87625 0.025
vt 0.87625 0.225
vt 0.87625 0.025
vt 0.87625 0.225
vt 0.87625 0.225
vt 0.87625 0.025
vt 0.87625 0.025
vt 0.87625 0.225
vt 0.87625 0.025
vt 0.87625 0.225
vt 0.87625 0.225
vt 0.87625 0.025
vt 0.87625 0.025
vt 0.87625 0.225
vt 0.87625 0.025
vt 0.87625 0.225
vt 0.87625 0.025
vt 0.87625 0.225
vt 0.87625 0.225
vt 0.87625 0.025
vt 0.87625 0.025
vt 0.87625 0.225
vt 0.87625 0.025
vt 0.87625 0.225
vt 0.87625 0.225
vt 0.87625 0.025
vt 0.87625 0.025
vt 0.87625 0.225
vt 0.87625 0.025
vt 0.87625 0.225
vt 0.87625 0.225
vt 0.87625 0.025
vt 0.87625 0.025
vt 0.87625 0.225
vt 0.87625 0.025
vt 0.87625 0.225
vt 0.87625 0.225
vt 0.87625 0.025
vt 0.87625 0.025
vt 0.87625 0.225
vt 0.87625 0.225
vt 0.87625 0.025
vt 0.87625 0.025
vt 0.87625 0.225
vt 0.87625 0.025
vt 0.87625 0.225
vt 0.87625 0.225
vt 0.87625 0.025
vt 0.87625 0.025
vt 0.87625 0.225
vt 0.87625 0.025
vt 0.87625 0.225
vt 0.87625 0.225
vt 0.87625 0.025
vt 0.87625 0.025
vt 0.87625 0.225
vt 0.87625 0.025
vt 0.87625 0.225
vt 0.87625 0.225
vt 0.87625 0.025
vt 0.87625 0.025
vt 0.87625 0.225
vt 0.87625 0.025
vt 0.87625 0.225
vt 0.87625 0.025
vt 0.87625 0.225
vt 0.87625 0.225
vt 0.87625 0.025
vt 0.87625 0.025
vt 0.87625 0.225
vt 0.87625 0.025
vt 0.87625 0.225
vt 0.87625 0.225
vt 0.87625 0.025
vt 0.87625 0.025
vt 0.87625 0.225
vt 0.87625 0.025
vt 0.87625 0.225
vt 0.87625 0.225
vt 0.87625 0.025
vt 0.87625 0.025
vt 0.87625 0.225
vt 0.87625 0.025
vt 0.87625 0.225
vt 0.87625 0.225
vt 0.87625 0.025
vt 0.87625 0.025
vt 0.87625 0.225
vt 0.87625 0.225
vt 0.87625 0.025
vt 0.87625 0.025
vt 0.87625 0.225
vt 0.87625 0.025
vt 0.87625 0.225
vt 0.87625 0.225
vt 0.87625 0.025
vt 0.87625 0.025
vt 0.87625 0.225
vt 0.87625 0.025
vt 0.87625 0.225
vt 0.87625 0.225
vt 0.87625 0.025
vt 0.87625 0.025
vt 0.87625 0.225
vt 0.87625 0.025
vt 0.87625 0.225
vt 0.87625 0.225
vt 0.87625 0.025
vt 0.87625 0.025
vt 0.87625 0.225
vt 0.87625 0.025
vt 0.87625 0.225
vt 0.87625 0.025
vt 0.87625 0.225
vt 0.87625 0.225
vt 0.87625 0.025
vt 0.87625 0.025
vt 0.87625 0.225
vt 0.87625 0.025
vt 0.87625 0.225
vt 0.87625 0.225
vt 0.87625 0.025
vt 0.87625 0.025
vt 0.87625 0.225
vt 0.87625 0.025
vt 0.87625 0.225
vt 0.87625 0.225
vt 0.87625 0.025
vt 0.87625 0.025
vt 0.87625 0.225
vt 0.87625 0.025
vt 0.87625 0.225
vt 0.87625 0.225
vt 0.87625 0.025
vt 0.87625 0.025
vt 0.87625 0.225
vt 0.87625 0.225
vt 0.87625 0.025
vt 0.87625 0.025
vt 0.87625 0.225
vt 0.87625 0.025
vt 0.87625 0.225
vt 0.87625 0.225
vt 0.87625 0.025
vt 0.87625 0.025
vt 0.87625 0.225
vt 0.87625 0.025
vt 0.87625 0.225
vt 0.87625 0.225
vt 0.87625 0.025
vt 0.87625 0.025
vt 0.87625 0.225
vt 0.87625 0.025
vt 0.87625 0.225
vt 0.87625 0.225
vt 0.87625 0.025
vt 0.87625 0.025
vt 0.87625 0.225
vt 0.87625 0.025
vt 0.87625 0.225
vt 0.87625 0.025
vt 0.87625 0.225
vt 0.87625 0.225
vt 0.87625 0.025
vt 0.87625 0.025
vt 0.87625 0.225
vt 0.87625 0.025
vt 0.87625 0.225
vt 0.87625 0.225
vt 0.87625 0.025
vt 0.87625 0.025
vt 0.87625 0.225
vt 0.87625 0.025
vt 0.87625 0.225
vt 0.87625 0.225
vt 0.87625 0.025
vt 0.87625 0.025
vt 0.87625 0.225
vt 0.87625 0.025
vt 0.87625 0.225
vt 0.87625 0.225
vt 0.87625 0.025
vt 0.87625 0.025
vt 0.87625 0.225
vt 0.87625 0.225
vt 0.87625 0.025
vt 0.87625 0.025
vt 0.87625 0.225
vt 0.87625 0.025
vt 0.87625 0.225
vt 0.87625 0.225
vt 0.87625 0.025
vt 0.87625 0.025
vt 0.87625 0.225
vt 0.87625 0.025
vt 0.87625 0.225
vt 0.87625 0.225
vt 0.87625 0.025
vt 0.87625 0.025
vt 0.87625 0.225
vt 0.87625 0.025
vt 0.87625 0.225
vt 0.87625 0.225
vt 0.87625 0.025
vt 0.87625 0.025
vt 0.87625 0.225
vt 0.87625 0.025
vt 0.87625 0.225
vt 0.87625 0.025
vt 0.87625 0.225
vt 0.87625 0.225
vt 0.87625 0.025
vt 0.87625 0.025
vt 0.87625 0.225
vt 0.87625 0.025
vt 0.87625 0.225
vt 0.87625 0.225
vt 0.87625 0.025
vt 0.87625 0.025
vt 0.87625 0.225
vt 0.87625 0.025
vt 0.87625 0.225
vt 0.87625 0.225
vt 0.87625 0.025
vt 0.87625 0.025
vt 0.87625 0.225
vt 0.87625 0.025
vt 0.87625 0.225
vt 0.87625 0.225
vt 0.87625 0.025
vt 0.87625 0.025
vt 0.87625 0.225
vt 0.87625 0.225
vt 0.87625 0.025
vt 0.87625 0.025
vt 0.87625 0.225
vt 0.87625 0.025
vt 0.87625 0.225
vt 0.87625 0.225
vt 0.87625 0.025
vt 0.87625 0.025
vt 0.87625 0.225
vt 0.87625 0.025
vt 0.87625 0.225
vt 0.87625 0.225
vt 0.87625 0.025
vt 0.87625 0.025
vt 0.87625 0.225
vt 0.87625 0.025
vt 0.87625 0.225
vt 0.87625 0.225
vt 0.87625 0.025
vt 0.87625 0.025
vt 0.87625 0.225
vt 0.87625 0.025
vt 0.87625 0.225
vt 0.87625 0.025
vt 0.87625 0.225
vt 0.87625 0.225
vt 0.87625 0.025
vt 0.87625 0.025
vt 0.87625 0.225
vt 0.87625 0.025
vt 0.87625 0.225
vt 0.87625 0.225
vt 0.87625 0.025
vt 0.87625 0.025
vt 0.87625 0.225
vt 0.87625 0.025
vt 0.87625 0.225
vt 0.87625 0.225
vt 0.87625 0.025
vt 0.87625 0.025
vt 0.87625 0.225
vt 0.87625 0.025
vt 0.87625 0.225
vt 0.87625 0.225
vt 0.87625 0.025
vt 0.87625 0.025
vt 0.87625 0.225
vt 0.87625 0.225
vt 0.87625 0.025
vt 0.87625 0.025
vt 0.87625 0.225
vt 0.87625 0.025
vt 0.87625 0.225
vt 0.87625 0.225
vt 0.87625 0.025
vt 0.87625 0.025
vt 0.87625 0.225
vt 0.87625 0.025
vt 0.87625 0.225
vt 0.87625 0.225
vt 0.87625 0.025
vt 0.87625 0.025
vt 0.87625 0.225
vt 0.87625 0.025
vt 0.87625 0.225
vt 0.87625 0.225
vt 0.87625 0.025
vt 0.87625 0.025
vt 0.87625 0.225
vt 0.87625 0.025
vt 0.87625 0.225
vt 0.87625 0.025
vt 0.87625 0.225
vt 0.87625 0.225
vt 0.87625 0.025
vt 0.87625 0.025
vt 0.87625 0.225
vt 0.87625 0.025
vt 0.87625 0.225
vt 0.87625 0.225
vt 0.87625 0.025
vt 0.87625 0.025
vt 0.87625 0.225
vt 0.87625 0.025
vt 0.87625 0.225
vt 0.87625 0.225
vt 0.87625 0.025
vt 0.87625 0.025
vt 0.87625 0.225
vt 0.87625 0.025
vt 0.87625 0.225
vt 0.87625 0.225
vt 0.87625 0.025
vt 0.87625 0.025
vt 0.87625 0.225
vt 0.87625 0.225
vt 0.87625 0.025
vt 0.87625 0.025
vt 0.87625 0.225
vt 0.87625 0.025
vt 0.87625 0.225
vt 0.87625 0.225
vt 0.87625 0.025
vt 0.87625 0.025
vt 0.87625 0.225
vt 0.87625 0.025
vt 0.87625 0.225
vt 0.87625 0.225
vt 0.87625 0.025
vt 0.87625 0.025
vt 0.87625 0.225
vt 0.87625 0.025
vt 0.87625 0.225
vt 0.87625 0.225
vt 0.87625 0.025
vt 0.87625 0.025
vt 0.87625 0.225
vt 0.87625 0.025
vt 0.87625 0.225
vt 0.87625 0.025
vt 0.87625 0.225
vt 0.87625 0.225
vt 0.87625 0.025
vt 0.87625 0.025
vt 0.87625 0.225
vt 0.87625 0.025
vt 0.87625 0.225
vt 0.87625 0.225
vt 0.87625 0.025
vt 0.87625 0.025
vt 0.87625 0.225
vt 0.87625 0.025
vt 0.87625 0.225
vt 0.87625 0.225
vt 0.87625 0.025
vt 0.87625 0.025
vt 0.87625 0.225
vt 0.87625 0.025
vt 0.87625 0.225
vt 0.87625 0.225
vt 0.87625 0.025
vt 0.87625 0.025
vt 0.87625 0.225
vt 0.87625 0.225
vt 0.87625 0.025
vt 0.87625 0.025
vt 0.87625 0.225
vt 0.87625 0.025
vt 0.87625 0.225
vt 0.87625 0.225
vt 0.87625 0.025
vt 0.87625 0.025
vt 0.87625 0.225
vt 0.87625 0.025
vt 0.87625 0.225
vt 0.87625 0.225
vt 0.87625 0.025
vt 0.87625 0.025
vt 0.87625 0.225
vt 0.87625 0.025
vt 0.87625 0.225
vt 0.87625 0.225
vt 0.87625 0.025
vt 0.87625 0.025
vt 0.87625 0.225
vt 0.87625 0.025
vt 0.87625 0.225
vt 0.87625 0.025
vt 0.87625 0.225
vt 0.87625 0.225
vt 0.87625 0.025
vt 0.87625 0.025
vt 0.87625 0.225
vt 0.87625 0.025
vt 0.87625 0.225
vt 0.87625 0.225
vt 0.87625 0.025
vt 0.87625 0.025
vt 0.87625 0.225
vt 0.87625 0.025
vt 0.87625 0.225
vt 0.87625 0.225
vt 0.87625 0.025
vt 0.87625 0.025
vt 0.87625 0.225
vt 0.87625 0.025
vt 0.87625 0.225
vt 0.87625 0.225
vt 0.87625 0.025
vt 0.87625 0.025
vt 0.87625 0.225
vt 0.87625 0.225
vt 0.87625 0.025
vt 0.87625 0.025
vt 0.87625 0.225
vt 0.87625 0.025
vt 0.87625 0.225
vt 0.87625 0.225
vt 0.87625 0.025
vt 0.87625 0.025
vt 0.87625 0.225
vt 0.87625 0.025
vt 0.87625 0.225
vt 0.87625 0.225
vt 0.87625 0.025
vt 0.87625 0.025
vt 0.87625 0.225
vt 0.87625 0.025
vt 0.87625 0.225
vt 0.87625 0.225
vt 0.87625 0.025
vt 0.87625 0.025
vt 0.87625 0.225
vt 0.87625 0.025
vt 0.87625 0.225
vt 0.87625 0.025
vt 0.87625 0.225
vt 0.87625 0.225
vt 0.87625 0.025
vt 0.87625 0.025
vt 0.87625 0.225
vt 0.87625 0.025
vt 0.87625 0.225
vt 0.87625 0.225
vt 0.87625 0.025
vt 0.87625 0.025
vt 0.87625 0.225
vt 0.87625 0.025
vt 0.87625 0.225
vt 0.87625 0.225
vt 0.87625 0.025
vt 0.87625 0.025
vt 0.87625 0.225
vt 0.87625 0.025
vt 0.87625 0.225
vt 0.87625 0.225
vt 0.87625 0.025
vt 0.87625 0.025
vt 0.87625 0.225
vt 0.87625 0.225
vt 0.87625 0.025
vt 0.87625 0.025
vt 0.87625 0.225
vt 0.87625 0.025
vt 0.87625 0.225
vt 0.87625 0.225
vt 0.87625 0.025
vt 0.87625 0.025
vt 0.87625 0.225
vt 0.87625 0.025
vt 0.87625 0.225
vt 0.87625 0.225
vt 0.87625 0.025
vt 0.87625 0.025
vt 0.87625 0.225
vt 0.87625 0.025
vt 0.87625 0.225
vt 0.87625 0.225
vt 0.87625 0.025
vt 0.87625 0.025
vt 0.87625 0.225
vt 0.87625 0.025
vt 0.87625 0.225
vt 0.87625 0.025
vt 0.87625 0.225
vt 0.87625 0.225
vt 0.87625 0.025
vt 0.87625 0.025
vt 0.87625 0.225
vt 0.87625 0.025
vt 0.87625 0.225
vt 0.87625 0.225
vt 0.87625 0.025
vt 0.87625 0.025
vt 0.87625 0.225
vt 0.87625 0.025
vt 0.87625 0.225
vt 0.87625 0.225
vt 0.87625 0.025
vt 0.87625 0.025
vt 0.87625 0.225
vt 0.87625 0.025
vt 0.87625 0.225
vt 0.87625 0.225
vt 0.87625 0.025
vt 0.87625 0.025
vt 0.87625 0.225
vt 0.87625 0.225
vt 0.87625 0.025
vt 0.87625 0.025
vt 0.87625 0.225
vt 0.87625 0.025
vt 0.87625 0.225
vt 0.87625 0.225
vt 0.87625 0.025
vt 0.87625 0.025
vt 0.87625 0.225
vt 0.87625 0.025
vt 0.87625 0.225
vt 0.87625 0.225
vt 0.87625 0.025
vt 0.87625 0.025
vt 0.87625 0.225
vt 0.87625 0.025
vt 0.87625 0.225
vt 0.87625 0.225
vt 0.87625 0.025
vt 0.87625 0.025
vt 0.87625 0.225
vt 0.87625 0.025
vt 0.87625 0.225
vt 0.87625 0.025
vt 0.87625 0.225
vt 0.87625 0.225
vt 0.87625 0.025
vt 0.87625 0.025
vt 0.87625 0.225
vt 0.87625 0.025
vt 0.87625 0.225
vt 0.87625 0.225
vt 0.87625 0.025
vt 0.87625 0.025
vt 0.87625 0.225
vt 0.87625 0.025
vt 0.87625 0.225
vt 0.87625 0.225
vt 0.87625 0.025
vt 0.87625 0.025
vt 0.87625 0.225
vt 0.87625 0.025
vt 0.87625 0.225
vt 0.87625 0.225
vt 0.87625 0.025
vt 0.87625 0.025
vt 0.87625 0.225
vt 0.87625 0.225
vt 0.87625 0.025
vt 0.87625 0.025
vt 0.87625 0.225
vt 0.87625 0.025
vt 0.87625 0.225
vt 0.87625 0.225
vt 0.87625 0.025
vt 0.87625 0.025
vt 0.87625 0.225
vt 0.87625 0.025
vt 0.87625 0.225
vt 0.87625 0.225
vt 0.87625 0.025
vt 0.87625 0.025
vt 0.87625 0.225
vt 0.87625 0.025
vt 0.87625 0.225
vt 0.87625 0.225
vt 0.87625 0.025
vt 0.87625 0.025
vt 0.87625 0.225
vt 0.87625 0.025
vt 0.87625 0.225
vt 0.87625 0.025
vt 0.87625 0.225
vt 0.87625 0.225
vt 0.87625 0.025
vt 0.87625 0.025
vt 0.87625 0.225
vt 0.87625 0.025
vt 0.87625 0.225
vt 0.87625 0.225
vt 0.87625 0.025
vt 0.87625 0.025
vt 0.87625 0.225
vt 0.87625 0.025
vt 0.87625 0.225
vt 0.87625 0.225
vt 0.87625 0.025
vt 0.87625 0.025
vt 0.87625 0.225
vt 0.87625 0.025
vt 0.87625 0.225
vt 0.87625 0.225
vt 0.87625 0.025
vt 0.87625 0.025
vt 0.87625 0.225
vt 0.87625 0.225
vt 0.87625 0.025
vt 0.87625 0.025
vt 0.87625 0.225
vt 0.87625 0.025
vt 0.87625 0.225
vt 0.87625 0.225
vt 0.87625 0.025
vt 0.87625 0.025
vt 0.87625 0.225
vt 0.87625 0.025
vt 0.87625 0.225
vt 0.87625 0.225
vt 0.87625 0.025
vt 0.87625 0.025
vt 0.87625 0.225
vt 0.87625 0.025
vt 0.87625 0.225
vt 0.87625 0.225
vt 0.87625 0.025
vt 0.87625 0.025
vt 0.87625 0.225
vt 0.87625 0.025
vt 0.87625 0.225
vt 0.87625 0.025
vt 0.87625 0.225
vt 0.87625 0.225
vt 0.87625 0.025
vt 0.87625 0.025
vt 0.87625 0.225
vt 0.87625 0.025
vt 0.87625 0.225
vt 0.87625 0.225
vt 0.87625 0.025
vt 0.87625 0.025
vt 0.87625 0.225
vt 0.87625 0.025
vt 0.87625 0.225
vt 0.87625 0.225
vt 0.87625 0.025
vt 0.87625 0.025
vt 0.87625 0.225
vt 0.87625 0.025
vt 0.87625 0.225
vt 0.87625 0.225
vt 0.87625 0.025
vt 0.87625 0.025
vt 0.87625 0.225
vt 0.87625 0.225
vt 0.87625 0.025
vt 0.87625 0.025
vt 0.87625 0.225
vt 0.87625 0.025
vt 0.87625 0.225
vt 0.87625 0.225
vt 0.87625 0.025
vt 0.87625 0.025
vt 0.87625 0.225
vt 0.87625 0.025
vt 0.87625 0.225
vt 0.87625 0.225
vt 0.87625 0.025
vt 0.87625 0.025
vt 0.87625 0.225
vt 0.87625 0.025
vt 0.87625 0.225
vt 0.87625 0.225
vt 0.87625 0.025
vt 0.87625 0.025
vt 0.87625 0.225
vt 0.87625 0.025
vt 0.87625 0.225
vt 0.87625 0.025
vt 0.87625 0.225
vt 0.87625 0.225
vt 0.87625 0.025
vt 0.87625 0.025
vt 0.87625 0.225
vt 0.87625 0.025
vt 0.87625 0.225
vt 0.87625 0.225
vt 0.87625 0.025
vt 0.87625 0.025
vt 0.87625 0.225
vt 0.87625 0.025
vt 0.87625 0.225
vt 0.87625 0.225
vt 0.87625 0.025
vt 0.87625 0.025
vt 0.87625 0.225
vt 0.87625 0.025
vt 0.87625 0.225
vt 0.87625 0.225
vt 0.87625 0.025
vt 0.87625 0.025
vt 0.87625 0.225
vt 0.87625 0.225
vt 0.87625 0.025
vt 0.87625 0.025
vt 0.87625 0.225
vt 0.87625 0.025
vt 0.87625 0.225
vt 0.87625 0.225
vt 0.87625 0.025
vt 0.87625 0.025
vt 0.87625 0.225
vt 0.87625 0.025
vt 0.87625 0.225
vt 0.87625 0.225
vt 0.87625 0.025
vt 0.87625 0.025
vt 0.87625 0.225
vt 0.87625 0.025
vt 0.87625 0.225
vt 0.87625 0.225
vt 0.87625 0.025
vt 0.87625 0.025
vt 0.87625 0.225
vt 0.87625 0.025
vt 0.87625 0.225
vt 0.87625 0.025
vt 0.87625 0.225
vt 0.87625 0.225
vt 0.87625 0.025
vt 0.87625 0.025
vt 0.87625 0.225
vt 0.87625 0.025
vt 0.87625 0.225
vt 0.87625 0.225
vt 0.87625 0.025
vt 0.87625 0.025
vt 0.87625 0.225
vt 0.87625 0.025
vt 0.87625 0.225
vt 0.87625 0.225
vt 0.87625 0.025
vt 0.87625 0.025
vt 0.87625 0.225
vt 0.87625 0.025
vt 0.87625 0.225
vt 0.87625 0.225
vt 0.87625 0.025
vt 0.87625 0.025
vt 0.87625 0.225
vt 0.87625 0.225
vt 0.87625 0.025
vt 0.87625 0.025
vt 0.87625 0.225
vt 0.87625 0.025
vt 0.87625 0.225
vt 0.87625 0.225
vt 0.87625 0.025
vt 0.87625 0.025
vt 0.87625 0.225
vt 0.87625 0.025
vt 0.87625 0.225
vt 0.87625 0.225
vt 0.87625 0.025
vt 0.87625 0.025
vt 0.87625 0.225
vt 0.87625 0.025
vt 0.87625 0.225
vt 0.87625 0.225
vt 0.87625 0.025
vt 0.87625 0.025
vt 0.87625 0.225
vt 0.87625 0.025
vt 0.87625 0.225
vt 0.87625 0.025
vt 0.87625 0.225
vt 0.87625 0.225
vt 0.87625 0.025
vt 0.87625 0.025
vt 0.87625 0.225
vt 0.87625 0.025
vt 0.87625 0.225
vt 0.87625 0.225
vt 0.87625 0.025
vt 0.87625 0.025
vt 0.87625 0.225
vt 0.87625 0.025
vt 0.87625 0.225
vt 0.87625 0.225
vt 0.87625 0.025
vt 0.87625 0.025
vt 0.87625 0.225
vt 0.87625 0.025
vt 0.87625 0.225
vt 0.87625 0.225
vt 0.87625 0.025
vt 0.87625 0.025
vt 0.87625 0.225
vt 0.87625 0.225
vt 0.87625 0.025
vt 0.87625 0.025
vt 0.87625 0.225
vt 0.87625 0.025
vt 0.87625 0.225
vt 0.87625 0.225
vt 0.87625 0.025
vt 0.87625 0.025
vt 0.87625 0.225
vt 0.87625 0.025
vt 0.87625 0.225
vt 0.87625 0.225
vt 0.87625 0.025
vt 0.87625 0.025
vt 0.87625 0.225
vt 0.87625 0.025
vt 0.87625 0.225
vt 0.87625 0.225
vt 0.87625 0.025
vt 0.87625 0.025
vt 0.87625 0.225
vt 0.87625 0.025
vt 0.87625 0.225
vt 0.87625 0.025
vt 0.87625 0.225
vt 0.87625 0.225
vt 0.87625 0.025
vt 0.87625 0.025
vt 0.87625 0.225
vt 0.87625 0.025
vt 0.87625 0.225
vt 0.87625 0.225
vt 0.87625 0.025
vt 0.87625 0.025
vt 0.87625 0.225
vt 0.87625 0.025
vt 0.87625 0.225
vt 0.87625 0.225
vt 0.87625 0.025
vt 0.87625 0.025
vt 0.87625 0.225
vt 0.87625 0.025
vt 0.87625 0.225
vt 0.87625 0.225
vt 0.87625 0.025
vt 0.87625 0.025
vt 0.87625 0.225
vt 0.87625 0.225
vt 0.87625 0.025
vt 0.87625 0.025
vt 0.87625 0.225
vt 0.87625 0.025
vt 0.87625 0.225
vt 0.87625 0.225
vt 0.87625 0.025
vt 0.87625 0.025
vt 0.87625 0.225
vt 0.87625 0.025
vt 0.87625 0.225
vt 0.87625 0.225
vt 0.87625 0.025
vt 0.87625 0.025
vt 0.87625 0.225
vt 0.87625 0.025
vt 0.87625 0.225
vt 0.87625 0.225
vt 0.87625 0.025
vt 0.87625 0.025
vt 0.87625 0.225
vt 0.87625 0.025
vt 0.87625 0.225
vt 0.87625 0.025
vt 0.87625 0.225
vt 0.87625 0.225
vt 0.87625 0.025
vt 0.87625 0.025
vt 0.87625 0.225
vt 0.87625 0.025
vt 0.87625 0.225
vt 0.87625 0.225
vt 0.87625 0.025
vt 0.87625 0.025
vt 0.87625 0.225
vt 0.87625 0.025
vt 0.87625 0.225
vt 0.87625 0.225
vt 0.87625 0.025
vt 0.87625 0.025
vt 0.87625 0.225
vt 0.87625 0.025
vt 0.87625 0.225
vt 0.87625 0.225
vt 0.87625 0.025
vt 0.87625 0.025
vt 0.87625 0.225
vt 0.87625 0.225
vt 0.87625 0.025
vt 0.87625 0.025
vt 0.87625 0.225
vt 0.87625 0.025
vt 0.87625 0.225
vt 0.87625 0.225
vt 0.87625 0.025
vt 0.87625 0.025
vt 0.87625 0.225
vt 0.87625 0.025
vt 0.87625 0.225
vt 0.87625 0.225
vt 0.87625 0.025
vt 0.87625 0.025
vt 0.87625 0.225
vt 0.87625 0.025
vt 0.87625 0.225
vt 0.87625 0.225
vt 0.87625 0.025
vt 0.87625 0.025
vt 0.87625 0.225
vt 0.87625 0.025
vt 0.87625 0.225
vt 0.87625 0.025
vt 0.87625 0.225
vt 0.87625 0.225
vt 0.87625 0.025
vt 0.87625 0.025
vt 0.87625 0.225
vt 0.87625 0.025
vt 0.87625 0.225
vt 0.87625 0.225
vt 0.87625 0.025
vt 0.87625 0.025
vt 0.87625 0.225
vt 0.87625 0.025
vt 0.87625 0.225
vt 0.87625 0.225
vt 0.87625 0.025
vt 0.87625 0.025
vt 0.87625 0.225
vt 0.87625 0.025
vt 0.87625 0.225
vt 0.87625 0.225
vt 0.87625 0.025
vt 0.87625 0.025
vt 0.87625 0.225
vt 0.87625 0.225
vt 0.87625 0.025
vt 0.87625 0.025
vt 0.87625 0.225
vt 0.87625 0.025
vt 0.87625 0.225
vt 0.87625 0.225
vt 0.87625 0.025
vt 0.87625 0.025
vt 0.87625 0.225
vt 0.87625 0.025
vt 0.87625 0.225
vt 0.87625 0.225
vt 0.87625 0.025
vt 0.87625 0.025
vt 0.87625 0.225
vt 0.87625 0.025
vt 0.87625 0.225
vt 0.87625 0.225
vt 0.87625 0.025
vt 0.87625 0.025
vt 0.87625 0.225
vt 0.87625 0.025
vt 0.87625 0.225
vt 0.87625 0.025
vt 0.87625 0.225
vt 0.87625 0.225
vt 0.87625 0.025
vt 0.87625 0.025
vt 0.87625 0.225
vt 0.87625 0.025
vt 0.87625 0.225
vt 0.87625 0.225
vt 0.87625 0.025
vt 0.87625 0.025
vt 0.87625 0.225
vt 0.87625 0.025
vt 0.87625 0.225
vt 0.87625 0.225
vt 0.87625 0.025
vt 0.87625 0.025
vt 0.87625 0.225
vt 0.87625 0.025
vt 0.87625 0.225
vt 0.87625 0.225
vt 0.87625 0.025
vt 0.87625 0.025
vt 0.87625 0.225
vt 0.87625 0.225
vt 0.87625 0.025
vt 0.87625 0.025
vt 0.87625 0.225
vt 0.87625 0.025
vt 0.87625 0.225
vt 0.87625 0.225
vt 0.87625 0.025
vt 0.87625 0.025
vt 0.87625 0.225
vt 0.87625 0.025
vt 0.87625 0.225
vt 0.87625 0.225
vt 0.87625 0.025
vt 0.87625 0.025
vt 0.87625 0.225
vt 0.87625 0.025
vt 0.87625 0.225
vt 0.87625 0.225
vt 0.87625 0.025
vt 0.87625 0.025
vt 0.87625 0.225
vt 0.87625 0.025
vt 0.87625 0.225
vt 0.87625 0.025
vt 0.87625 0.225
vt 0.87625 0.225
vt 0.87625 0.025
vt 0.87625 0.025
vt 0.87625 0.225
vt 0.87625 0.025
vt 0.87625 0.225
vt 0.87625 0.225
vt 0.87625 0.025
vt 0.87625 0.025
vt 0.87625 0.225
vt 0.87625 0.025
vt 0.87625 0.225
vt 0.87625 0.225
vt 0.87625 0.025
vt 0.87625 0.025
vt 0.87625 0.225
vt 0.87625 0.025
vt 0.87625 0.225
vt 0.87625 0.225
vt 0.87625 0.025
vt 0.87625 0.025
vt 0.87625 0.225
vt 0.87625 0.225
vt 0.87625 0.025
vt 0.87625 0.025
vt 0.87625 0.225
vt 0.87625 0.025
vt 0.87625 0.225
vt 0.87625 0.225
vt 0.87625 0.025
vt 0.87625 0.025
vt 0.87625 0.225
vt 0.87625 0.025
vt 0.87625 0.225
vt 0.87625 0.225
vt 0.87625 0.025
vt 0.87625 0.025
vt 0.87625 0.225
vt 0.87625 0.025
vt 0.87625 0.225
vt 0.87625 0.225
vt 0.87625 0.025
vt 0.87625 0.025
vt 0.87625 0.225
vt 0.87625 0.025
vt 0.87625 0.225
vt 0.87625 0.025
vt 0.87625 0.225
vt 0.87625 0.225
vt 0.87625 0.025
vt 0.87625 0.025
vt 0.87625 0.225
vt 0.87625 0.025
vt 0.87625 0.225
vt 0.87625 0.225
vt 0.87625 0.025
vt 0.87625 0.025
vt 0.87625 0.225
vt 0.87625 0.025
vt 0.87625 0.225
vt 0.87625 0.225
vt 0.87625 0.025
vt 0.87625 0.025
vt 0.87625 0.225
vt 0.87625 0.025
vt 0.87625 0.225
vt 0.87625 0.225
vt 0.87625 0.025
vt 0.87625 0.025
vt 0.87625 0.225
vt 0.87625 0.225
vt 0.87625 0.025
vt 0.87625 0.025
vt 0.87625 0.225
vt 0.87625 0.025
vt 0.87625 0.225
vt 0.87625 0.225
vt 0.87625 0.025
vt 0.87625 0.025
vt 0.87625 0.225
vt 0.87625 0.025
vt 0.87625 0.225
vt 0.87625 0.225
vt 0.87625 0.025
vt 0.87625 0.025
vt 0.87625 0.225
vt 0.87625 0.025
vt 0.87625 0.225
vt 0.87625 0.225
vt 0.87625 0.025
vt 0.87625 0.025
vt 0.87625 0.225
vt 0.87625 0.025
vt 0.87625 0.225
vt 0.87625 0.025
vt 0.87625 0.225
vt 0.87625 0.225
vt 0.87625 0.025
vt 0.87625 0.025
vt 0.87625 0.225
vt 0.87625 0.025
vt 0.87625 0.225
vt 0.87625 0.225
vt 0.87625 0.025
vt 0.87625 0.025
vt 0.87625 0.225
vt 0.87625 0.025
vt 0.87625 0.225
vt 0.87625 0.225
vt 0.87625 0.025
vt 0.87625 0.025
vt 0.87625 0.225
vt 0.87625 0.025
vt 0.87625 0.225
vt 0.87625 0.225
vt 0.87625 0.025
vt 0.87625 0.025
vt 0.87625 0.225
vt 0.87625 0.225
vt 0.87625 0.025
vt 0.87625 0.025
vt 0.87625 0.225
vt 0.87625 0.025
vt 0.87625 0.225
vt 0.87625 0.225
vt 0.87625 0.025
vt 0.87625 0.025
vt 0.87625 0.225
vt 0.87625 0.025
vt 0.87625 0.225
vt 0.87625 0.225
vt 0.87625 0.025
vt 0.87625 0.025
vt 0.87625 0.225
vt 0.87625 0.025
vt 0.87625 0.225
vt 0.87625 0.225
vt 0.87625 0.025
vt 0.87625 0.025
vt 0.87625 0.225
vt 0.87625 0.025
vt 0.87625 0.225
vt 0.87625 0.025
vt 0.87625 0.225
vt 0.87625 0.225
vt 0.87625 0.025
vt 0.87625 0.025
vt 0.87625 0.225
vt 0.87625 0.025
vt 0.87625 0.225
vt 0.87625 0.225
vt 0.87625 0.025
vt 0.87625 0.025
vt 0.87625 0.225
vt 0.87625 0.025
vt 0.87625 0.225
vt 0.87625 0.225
vt 0.87625 0.025
vt 0.87625 0.025
vt 0.87625 0.225
vt 0.87625 0.025
vt 0.87625 0.225
vt 0.87625 0.225
vt 0.87625 0.025
vt 0.87625 0.025
vt 0.87625 0.225
vt 0.87625 0.225
vt 0.87625 0.025
vt 0.87625 0.025
vt 0.87625 0.225
vt 0.87625 0.025
vt 0.87625 0.225
vt 0.87625 0.225
vt 0.87625 0.025
vt 0.87625 0.025
vt 0.87625 0.225
vt 0.87625 0.025
vt 0.87625 0.225
vt 0.87625 0.225
vt 0.87625 0.025
vt 0.87625 0.025
vt 0.87625 0.225
vt 0.87625 0.025
vt 0.87625 0.225
vt 0.87625 0.225
vt 0.87625 0.025
vt 0.87625 0.025
vt 0.87625 0.225
vt 0.87625 0.025
vt 0.87625 0.225
vt 0.87625 0.025
vt 0.87625 0.225
vt 0.87625 0.225
vt 0.87625 0.025
vt 0.87625 0.025
vt 0.87625 0.225
vt 0.87625 0.025
vt 0.87625 0.225
vt 0.87625 0.225
vt 0.87625 0.025
vt 0.87625 0.025
vt 0.87625 0.225
vt 0.87625 0.025
vt 0.87625 0.225
vt 0.87625 0.225
vt 0.87625 0.025
vt 0.87625 0.025
vt 0.87625 0.225
vt 0.87625 0.025
vt 0.87625 0.225
vt 0.87625 0.225
vt 0.87625 0.025
vt 0.87625 0.025
vt 0.87625 0.225
vt 0.87625 0.225
vt 0.87625 0.025
vt 0.87625 0.025
vt 0.87625 0.225
vt 0.87625 0.025
vt 0.87625 0.225
vt 0.87625 0.225
vt 0.87625 0.025
vt 0.87625 0.025
vt 0.87625 0.225
vt 0.87625 0.025
vt 0.87625 0.225
vt 0.87625 0.225
vt 0.87625 0.025
vt 0.87625 0.025
vt 0.87625 0.225
vt 0.87625 0.025
vt 0.87625 0.225
vt 0.87625 0.225
vt 0.87625 0.025
vt 0.87625 0.025
vt 0.87625 0.225
vt 0.87625 0.025
vt 0.87625 0.225
vt 0.87625 0.025
vt 0.87625 0.225
vt 0.87625 0.225
vt 0.87625 0.025
vt 0.87625 0.025
vt 0.87625 0.225
vt 0.87625 0.025
vt 0.87625 0.225
vt 0.87625 0.225
vt 0.87625 0.025
vt 0.87625 0.025
vt 0.87625 0.225
vt 0.87625 0.025
vt 0.87625 0.225
vt 0.87625 0.225
vt 0.87625 0.025
vt 0.87625 0.025
vt 0.87625 0.225
vt 0.87625 0.025
vt 0.87625 0.225
vt 0.87625 0.225
vt 0.87625 0.025
vt 0.87625 0.025
vt 0.87625 0.225
vt 0.87625 0.225
vt 0.87625 0.025
vt 0.87625 0.025
vt 0.87625 0.225
vt 0.87625 0.025
vt 0.87625 0.225
vt 0.87625 0.225
vt 0.87625 0.025
vt 0.87625 0.025
vt 0.87625 0.225
vt 0.87625 0.025
vt 0.87625 0.225
vt 0.87625 0.225
vt 0.87625 0.025
vt 0.87625 0.025
vt 0.87625 0.225
vt 0.87625 0.025
vt 0.87625 0.225
vt 0.87625 0.225
vt 0.87625 0.025
vt 0.87625 0.025
vt 0.87625 0.225
vt 0.87625 0.025
vt 0.87625 0.225
vt 0.87625 0.025
vt 0.87625 0.225
vt 0.87625 0.225
vt 0.87625 0.025
vt 0.87625 0.025
vt 0.87625 0.225
vt 0.87625 0.025
vt 0.87625 0.225
vt 0.87625 0.225
vt 0.87625 0.025
vt 0.87625 0.025
vt 0.87625 0.225
vt 0.87625 0.025
vt 0.87625 0.225
vt 0.87625 0.225
vt 0.87625 0.025
vt 0.87625 0.025
vt 0.87625 0.225
vt 0.87625 0.025
vt 0.87625 0.225
vt 0.87625 0.225
vt 0.87625 0.025
vt 0.87625 0.025
vt 0.87625 0.225
vt 0.87625 0.225
vt 0.87625 0.025
vt 0.87625 0.025
vt 0.87625 0.225
vt 0.87625 0.025
vt 0.87625 0.225
vt 0.87625 0.225
vt 0.87625 0.025
vt 0.87625 0.025
vt 0.87625 0.225
vt 0.87625 0.025
vt 0.87625 0.225
vt 0.87625 0.225
vt 0.87625 0.025
vt 0.87625 0.025
vt 0.87625 0.225
vt 0.87625 0.025
vt 0.87625 0.225
vt 0.87625 0.225
vt 0.87625 0.025
vt 0.87625 0.025
vt 0.87625 0.225
vt 0.87625 0.025
vt 0.87625 0.225
vt 0.87625 0.025
vt 0.87625 0.225
vt 0.87625 0.225
vt 0.87625 0.025
vt 0.87625 0.025
vt 0.87625 0.225
vt 0.87625 0.025
vt 0.87625 0.225
vt 0.87625 0.225
vt 0.87625 0.025
vt 0.87625 0.025
vt 0.87625 0.225
vt 0.87625 0.025
vt 0.87625 0.225
vt 0.87625 0.225
vt 0.87625 0.025
vt 0.87625 0.025
vt 0.87625 0.225
vt 0.87625 0.025
vt 0.87625 0.225
vt 0.87625 0.225
vt 0.87625 0.025
vt 0.87625 0.025
vt 0.87625 0.225
vt 0.87625 0.225
vt 0.87625 0.025
vt 0.87625 0.025
vt 0.87625 0.225
vt 0.87625 0.025
vt 0.87625 0.225
vt 0.87625 0.225
vt 0.87625 0.025
vt 0.87625 0.025
vt 0.87625 0.225
vt 0.87625 0.025
vt 0.87625 0.225
vt 0.87625 0.225
vt 0.87625 0.025
vt 0.87625 0.025
vt 0.87625 0.225
vt 0.87625 0.025
vt 0.87625 0.225
vt 0.87625 0.225
vt 0.87625 0.025
vt 0.87625 0.025
vt 0.87625 0.225
vt 0.87625 0.025
vt 0.87625 0.225
vt 0.87625 0.025
vt 0.87625 0.225
vt 0.87625 0.225
vt 0.87625 0.025
vt 0.87625 0.025
vt 0.87625 0.225
vt 0.87625 0.025
vt 0.87625 0.225
vt 0.87625 0.225
vt 0.87625 0.025
vt 0.87625 0.025
vt 0.87625 0.225
vt 0.87625 0.025
vt 0.87625 0.225
vt 0.87625 0.225
vt 0.87625 0.025
vt 0.87625 0.025
vt 0.87625 0.225
vt 0.87625 0.025
vt 0.87625 0.225
vt 0.87625 0.225
vt 0.87625 0.025
vt 0.87625 0.025
vt 0.87625 0.225
vt 0.87625 0.225
vt 0.87625 0.025
vt 0.87625 0.025
vt 0.87625 0.225
vt 0.87625 0.025
vt 0.87625 0.225
vt 0.87625 0.225
vt 0.87625 0.025
vt 0.87625 0.025
vt 0.87625 0.225
vt 0.87625 0.025
vt 0.87625 0.225
vt 0.87625 0.225
vt 0.87625 0.025
vt 0.87625 0.025
vt 0.87625 0.225
vt 0.87625 0.025
vt 0.87625 0.225
vt 0.87625 0.225
vt 0.87625 0.025
vt 0.87625 0.025
vt 0.87625 0.225
vt 0.87625 0.025
vt 0.87625 0.225
vt 0.87625 0.025
vt 0.87625 0.225
vt 0.87625 0.225
vt 0.87625 0.025
vt 0.87625 0.025
vt 0.87625 0.225
vt 0.87625 0.025
vt 0.87625 0.225
vt 0.87625 0.225
vt 0.87625 0.025
vt 0.87625 0.025
vt 0.87625 0.225
vt 0.87625 0.025
vt 0.87625 0.225
vt 0.87625 0.225
vt 0.87625 0.025
vt 0.87625 0.025
vt 0.87625 0.225
vt 0.87625 0.025
vt 0.87625 0.225
vt 0.87625 0.225
vt 0.87625 0.025
vt 0.87625 0.025
vt 0.87625 0.225
vt 0.87625 0.225
vt 0.87625 0.025
vt 0.87625 0.025
vt 0.87625 0.225
vt 0.87625 0.025
vt 0.87625 0.225
vt 0.87625 0.225
vt 0.87625 0.025
vt 0.87625 0.025
vt 0.87625 0.225
vt 0.87625 0.025
vt 0.87625 0.225
vt 0.87625 0.225
vt 0.87625 0.025
vt 0.87625 0.025
vt 0.87625 0.225
vt 0.87625 0.025
vt 0.87625 0.225
vt 0.87625 0.225
vt 0.87625 0.025
vt 0.87625 0.025
vt 0.87625 0.225
vt 0.87625 0.025
vt 0.87625 0.225
vt 0.87625 0.025
vt 0.87625 0.225
vt 0.87625 0.225
vt 0.87625 0.025
vt 0.87625 0.025
vt 0.87625 0.225
vt 0.87625 0.025
vt 0.87625 0.225
vt 0.87625 0.225
vt 0.87625 0.025
vt 0.87625 0.025
vt 0.87625 0.225
vt 0.87625 0.025
vt 0.87625 0.225
vt 0.87625 0.225
vt 0.87625 0.025
vt 0.87625 0.025
vt 0.87625 0.225
vt 0.87625 0.025
vt 0.87625 0.225
vt 0.87625 0.225
vt 0.87625 0.025
vt 0.87625 0.025
vt 0.87625 0.225
vt 0.87625 0.225
vt 0.87625 0.025
vt 0.87625 0.025
vt 0.87625 0.225
vt 0.87625 0.025
vt 0.87625 0.225
vt 0.87625 0.225
vt 0.87625 0.025
vt 0.87625 0.025
vt 0.87625 0.225
vt 0.87625 0.025
vt 0.87625 0.225
vt 0.87625 0.225
vt 0.87625 0.025
vt 0.87625 0.025
vt 0.87625 0.225
vt 0.87625 0.025
vt 0.87625 0.225
vt 0.87625 0.225
vt 0.87625 0.025
vt 0.87625 0.025
vt 0.87625 0.225
vt 0.87625 0.025
vt 0.87625 0.225
vt 0.87625 0.025
vt 0.87625 0.225
vt 0.87625 0.225
vt 0.87625 0.025
vt 0.87625 0.025
vt 0.87625 0.225
vt 0.87625 0.025
vt 0.87625 0.225
vt 0.87625 0.225
vt 0.87625 0.025
vt 0.87625 0.025
vt 0.87625 0.225
vt 0.87625 0.025
vt 0.87625 0.225
vt 0.87625 0.225
vt 0.87625 0.025
vt 0.87625 0.025
vt 0.87625 0.225
vt 0.87625 0.025
vt 0.87625 0.225
vt 0.87625 0.225
vt 0.87625 0.025
vt 0.87625 0.025
vt 0.87625 0.225
vt 0.87625 0.225
vt 0.87625 0.025
vt 0.87625 0.025
vt 0.87625 0.225
vt 0.87625 0.025
vt 0.87625 0.225
vt 0.87625 0.225
vt 0.87625 0.025
vt 0.87625 0.025
vt 0.87625 0.225
vt 0.87625 0.025
vt 0.87625 0.225
vt 0.87625 0.225
vt 0.87625 0.025
vt 0.87625 0.025
vt 0.87625 0.225
vt 0.87625 0.025
vt 0.87625 0.225
vt 0.87625 0.225
vt 0.87625 0.025
vt 0.87625 0.025
vt 0.87625 0.225
vt 0.87625 0.025
vt 0.87625 0.225
vt 0.87625 0.025
vt 0.87625 0.225
vt 0.87625 0.225
vt 0.87625 0.025
vt 0.87625 0.025
vt 0.87625 0.225
vt 0.87625 0.025
vt 0.87625 0.225
vt 0.87625 0.225
vt 0.87625 0.025
vt 0.87625 0.025
vt 0.87625 0.225
vt 0.87625 0.025
vt 0.87625 0.225
vt 0.87625 0.225
vt 0.87625 0.025
vt 0.87625 0.025
vt 0.87625 0.225
vt 0.87625 0.025
vt 0.87625 0.225
vt 0.87625 0.225
vt 0.87625 0.025
vt 0.87625 0.025
vt 0.87625 0.225
vt 0.87625 0.225
vt 0.87625 0.025
vt 0.87625 0.025
vt 0.87625 0.225
vt 0.87625 0.025
vt 0.87625 0.225
vt 0.87625 0.225
vt 0.87625 0.025
vt 0.87625 0.025
vt 0.87625 0.225
vt 0.87625 0.025
vt 0.87625 0.225
vt 0.87625 0.225
vt 0.87625 0.025
vt 0.87625 0.025
vt 0.87625 0.225
vt 0.87625 0.025
vt 0.87625 0.225
vt 0.87625 0.225
vt 0.87625 0.025
vt 0.87625 0.025
vt 0.87625 0.225
vt 0.87625 0.025
vt 0.87625 0.225
vt 0.87625 0.025
vt 0.87625 0.225
vt 0.87625 0.225
vt 0.87625 0.025
vt 0.87625 0.025
vt 0.87625 0.225
vt 0.87625 0.025
vt 0.87625 0.225
vt 0.87625 0.225
vt 0.87625 0.025
vt 0.87625 0.025
vt 0.87625 0.225
vt 0.87625 0.025
vt 0.87625 0.225
vt 0.87625 0.225
vt 0.87625 0.025
vt 0.87625 0.025
vt 0.87625 0.225
vt 0.87625 0.025
vt 0.87625 0.225
vt 0.87625 0.225
vt 0.87625 0.025
vt 0.87625 0.025
vt 0.87625 0.225
vt 0.87625 0.225
vt 0.87625 0.025
vt 0.87625 0.025
vt 0.87625 0.225
vt 0.87625 0.025
vt 0.87625 0.225
vt 0.87625 0.225
vt 0.87625 0.025
vt 0.87625 0.025
vt 0.87625 0.225
vt 0.87625 0.025
vt 0.87625 0.225
vt 0.87625 0.225
vt 0.87625 0.025
vt 0.87625 0.025
vt 0.87625 0.225
vt 0.87625 0.025
vt 0.87625 0.225
vt 0.87625 0.225
vt 0.87625 0.025
vt 0.87625 0.025
vt 0.87625 0.225
vt 0.87625 0.025
vt 0.87625 0.225
vt 0.87625 0.025
vt 0.87625 0.225
vt 0.87625 0.225
vt 0.87625 0.025
vt 0.87625 0.025
vt 0.87625 0.225
vt 0.87625 0.025
vt 0.87625 0.225
vt 0.87625 0.225
vt 0.87625 0.025
vt 0.87625 0.025
vt 0.87625 0.225
vt 0.87625 0.025
vt 0.87625 0.225
vt 0.87625 0.225
vt 0.87625 0.025
vt 0.87625 0.025
vt 0.87625 0.225
vt 0.87625 0.025
vt 0.87625 0.225
vt 0.87625 0.225
vt 0.87625 0.025
vt 0.87625 0.025
vt 0.87625 0.225
vt 0.87625 0.225
vt 0.87625 0.025
vt 0.87625 0.025
vt 0.87625 0.225
vt 0.87625 0.025
vt 0.87625 0.225
vt 0.87625 0.225
vt 0.87625 0.025
vt 0.87625 0.025
vt 0.87625 0.225
vt 0.87625 0.025
vt 0.87625 0.225
vt 0.87625 0.225
vt 0.87625 0.025
vt 0.87625 0.025
vt 0.87625 0.225
vt 0.87625 0.025
vt 0.87625 0.225
vt 0.87625 0.225
vt 0.87625 0.025
vt 0.87625 0.025
vt 0.87625 0.225
vt 0.87625 0.025
vt 0.87625 0.225
vt 0.87625 0.025
vt 0.87625 0.225
vt 0.87625 0.225
vt 0.87625 0.025
vt 0.87625 0.025
vt 0.87625 0.225
vt 0.87625 0.025
vt 0.87625 0.225
vt 0.87625 0.225
vt 0.87625 0.025
vt 0.87625 0.025
vt 0.87625 0.225
vt 0.87625 0.025
vt 0.87625 0.225
vt 0.87625 0.225
vt 0.87625 0.025
vt 0.87625 0.025
vt 0.87625 0.225
vt 0.87625 0.025
vt 0.87625 0.225
vt 0.87625 0.225
vt 0.87625 0.025
vt 0.87625 0.025
vt 0.87625 0.225
vt 0.87625 0.225
vt 0.87625 0.025
vt 0.87625 0.025
vt 0.87625 0.225
vt 0.87625 0.025
vt 0.87625 0.225
vt 0.87625 0.225
vt 0.87625 0.025
vt 0.87625 0.025
vt 0.87625 0.225
vt 0.87625 0.025
vt 0.87625 0.225
vt 0.87625 0.225
vt 0.87625 0.025
vt 0.87625 0.025
vt 0.87625 0.225
vt 0.87625 0.025
vt 0.87625 0.225
vt 0.87625 0.225
vt 0.87625 0.025
vt 0.87625 0.025
vt 0.87625 0.225
vt 0.87625 0.025
vt 0.87625 0.225
vt 0.87625 0.025
vt 0.87625 0.225
vt 0.87625 0.225
vt 0.87625 0.025
vt 0.87625 0.025
vt 0.87625 0.225
vt 0.87625 0.025
vt 0.87625 0.225
vt 0.87625 0.225
vt 0.87625 0.025
vt 0.87625 0.025
vt 0.87625 0.225
vt 0.87625 0.025
vt 0.87625 0.225
vt 0.87625 0.225
vt 0.87625 0.025
vt 0.87625 0.025
vt 0.87625 0.225
vt 0.87625 0.025
vt 0.87625 0.225
vt 0.87625 0.225
vt 0.87625 0.025
vt 0.87625 0.025
vt 0.87625 0.225
vt 0.87625 0.225
vt 0.87625 0.025
vt 0.87625 0.025
vt 0.87625 0.225
vt 0.87625 0.025
vt 0.87625 0.225
vt 0.87625 0.225
vt 0.87625 0.025
vt 0.87625 0.025
vt 0.87625 0.225
vt 0.87625 0.025
vt 0.87625 0.225
vt 0.87625 0.225
vt 0.87625 0.025
vt 0.87625 0.025
vt 0.87625 0.225
vt 0.87625 0.025
vt 0.87625 0.225
vt 0.87625 0.225
vt 0.87625 0.025
vt 0.87625 0.025
vt 0.87625 0.225
vt 0.87625 0.025
vt 0.87625 0.225
vt 0.87625 0.025
vt 0.87625 0.225
vt 0.87625 0.225
vt 0.87625 0.025
vt 0.87625 0.025
vt 0.87625 0.225
vt 0.87625 0.025
vt 0.87625 0.225
vt 0.87625 0.225
vt 0.87625 0.025
vt 0.87625 0.025
vt 0.87625 0.225
vt 0.87625 0.025
vt 0.87625 0.225
vt 0.87625 0.225
vt 0.87625 0.025
vt 0.87625 0.025
vt 0.87625 0.225
vt 0.87625 0.025
vt 0.87625 0.225
vt 0.87625 0.225
vt 0.87625 0.025
vt 0.87625 0.025
vt 0.87625 0.225
vt 0.87625 0.225
vt 0.87625 0.025
vt 0.87625 0.025
vt 0.87625 0.225
vt 0.87625 0.025
vt 0.87625 0.225
vt 0.87625 0.225
vt 0.87625 0.025
vt 0.87625 0.025
vt 0.87625 0.225
vt 0.87625 0.025
vt 0.87625 0.225
vt 0.87625 0.225
vt 0.87625 0.025
vt 0.87625 0.025
vt 0.87625 0.225
vt 0.87625 0.025
vt 0.87625 0.225
vt 0.87625 0.225
vt 0.87625 0.025
vt 0.87625 0.025
vt 0.87625 0.225
vt 0.87625 0.025
vt 0.87625 0.225
vt 0.87625 0.025
vt 0.87625 0.225
vt 0.87625 0.225
vt 0.87625 0.025
vt 0.87625 0.025
vt 0.87625 0.225
vt 0.87625 0.025
vt 0.87625 0.225
vt 0.87625 0.225
vt 0.87625 0.025
vt 0.87625 0.025
vt 0.87625 0.225
vt 0.87625 0.025
vt 0.87625 0.225
vt 0.87625 0.225
vt 0.87625 0.025
vt 0.87625 0.025
vt 0.87625 0.225
vt 0.87625 0.025
vt 0.87625 0.225
vt 0.87625 0.225
vt 0.87625 0.025
vt 0.87625 0.025
vt 0.87625 0.225
vt 0.87625 0.225
vt 0.87625 0.025
vt 0.87625 0.025
vt 0.87625 0.225
vt 0.87625 0.025
vt 0.87625 0.225
vt 0.87625 0.225
vt 0.87625 0.025
vt 0.87625 0.025
vt 0.87625 0.225
vt 0.87625 0.025
vt 0.87625 0.225
vt 0.87625 0.225
vt 0.87625 0.025
vt 0.87625 0.025
vt 0.87625 0.225
vt 0.87625 0.025
vt 0.87625 0.225
vt 0.87625 0.225
vt 0.87625 0.025
vt 0.87625 0.025
vt 0.87625 0.225
vt 0.87625 0.025
vt 0.87625 0.225
vt 0.87625 0.025
vt 0.87625 0.225
vt 0.87625 0.225
vt 0.87625 0.025
vt 0.87625 0.025
vt 0.87625 0.225
vt 0.87625 0.025
vt 0.87625 0.225
vt 0.87625 0.225
vt 0.87625 0.025
vt 0.87625 0.025
vt 0.87625 0.225
vt 0.87625 0.025
vt 0.87625 0.225
vt 0.87625 0.225
vt 0.87625 0.025
vt 0.87625 0.025
vt 0.87625 0.225
vt 0.87625 0.025
vt 0.87625 0.225
vt 0.87625 0.225
vt 0.87625 0.025
vt 0.87625 0.025
vt 0.87625 0.225
vt 0.87625 0.225
vt 0.87625 0.025
vt 0.87625 0.025
vt 0.87625 0.225
vt 0.87625 0.025
vt 0.87625 0.225
vt 0.87625 0.225
vt 0.87625 0.025
vt 0.87625 0.025
vt 0.87625 0.225
vt 0.87625 0.025
vt 0.87625 0.225
vt 0.87625 0.225
vt 0.87625 0.025
vt 0.87625 0.025
vt 0.87625 0.225
vt 0.87625 0.025
vt 0.87625 0.225
vt 0.87625 0.225
vt 0.87625 0.025
vt 0.87625 0.025
vt 0.87625 0.225
vt 0.87625 0.025
vt 0.87625 0.225
vt 0.87625 0.025
vt 0.87625 0.225
vt 0.87625 0.225
vt 0.87625 0.025
vt 0.87625 0.025
vt 0.87625 0.225
vt 0.87625 0.025
vt 0.87625 0.225
vt 0.87625 0.225
vt 0.87625 0.025
vt 0.87625 0.025
vt 0.87625 0.225
vt 0.87625 0.025
vt 0.87625 0.225
vt 0.87625 0.225
vt 0.87625 0.025
vt 0.87625 0.025
vt 0.87625 0.225
vt 0.87625 0.025
vt 0.87625 0.225
vt 0.87625 0.225
vt 0.87625 0.025
vt 0.87625 0.025
vt 0.87625 0.225
vt 0.87625 0.225
vt 0.87625 0.025
vt 0.87625 0.025
vt 0.87625 0.225
vt 0.87625 0.025
vt 0.87625 0.225
vt 0.87625 0.225
vt 0.87625 0.025
vt 0.87625 0.025
vt 0.87625 0.225
vt 0.87625 0.025
vt 0.87625 0.225
vt 0.87625 0.225
vt 0.87625 0.025
vt 0.87625 0.025
vt 0.87625 0.225
vt 0.87625 0.025
vt 0.87625 0.225
vt 0.87625 0.225
vt 0.87625 0.025
vt 0.87625 0.025
vt 0.87625 0.225
vt 0.87625 0.025
vt 0.87625 0.225
vt 0.87625 0.025
vt 0.87625 0.225
vt 0.87625 0.225
vt 0.87625 0.025
vt 0.87625 0.025
vt 0.87625 0.225
vt 0.87625 0.025
vt 0.87625 0.225
vt 0.87625 0.225
vt 0.87625 0.025
vt 0.87625 0.025
vt 0.87625 0.225
vt 0.87625 0.025
vt 0.87625 0.225
vt 0.87625 0.225
vt 0.87625 0.025
vt 0.87625 0.025
vt 0.87625 0.225
vt 0.87625 0.025
vt 0.87625 0.225
vt 0.87625 0.225
vt 0.87625 0.025
vt 0.87625 0.025
vt 0.87625 0.225
vt 0.87625 0.225
vt 0.87625 0.025
vt 0.87625 0.025
vt 0.87625 0.225
vt 0.87625 0.025
vt 0.87625 0.225
vt 0.87625 0.225
vt 0.87625 0.025
vt 0.87625 0.025
vt 0.87625 0.225
vt 0.87625 0.025
vt 0.87625 0.225
vt 0.87625 0.225
vt 0.87625 0.025
vt 0.87625 0.025
vt 0.87625 0.225
vt 0.87625 0.025
vt 0.87625 0.225
vt 0.87625 0.225
vt 0.87625 0.025
vt 0.87625 0.025
vt 0.87625 0.225
vt 0.87625 0.025
vt 0.87625 0.225
vt 0.87625 0.025
vt 0.87625 0.225
vt 0.87625 0.225
vt 0.87625 0.025
vt 0.87625 0.025
vt 0.87625 0.225
vt 0.87625 0.025
vt 0.87625 0.225
vt 0.87625 0.225
vt 0.87625 0.025
vt 0.87625 0.025
vt 0.87625 0.225
vt 0.87625 0.025
vt 0.87625 0.225
vt 0.87625 0.225
vt 0.87625 0.025
vt 0.87625 0.025
vt 0.87625 0.225
vt 0.87625 0.025
vt 0.87625 0.225
vt 0.87625 0.225
vt 0.87625 0.025
vt 0.87625 0.025
vt 0.87625 0.225
vt 0.87625 0.225
vt 0.87625 0.025
vt 0.87625 0.025
vt 0.87625 0.225
vt 0.87625 0.025
vt 0.87625 0.225
vt 0.87625 0.225
vt 0.87625 0.025
vt 0.87625 0.025
vt 0.87625 0.225
vt 0.87625 0.025
vt 0.87625 0.225
vt 0.87625 0.225
vt 0.87625 0.025
vt 0.87625 0.025
vt 0.87625 0.225
vt 0.87625 0.025
vt 0.87625 0.225
vt 0.87625 0.225
vt 0.87625 0.025
vt 0.87625 0.025
vt 0.87625 0.225
vt 0.87625 0.025
vt 0.87625 0.225
vt 0.87625 0.025
vt 0.87625 0.225
vt 0.87625 0.225
vt 0.87625 0.025
vt 0.87625 0.025
vt 0.87625 0.225
vt 0.87625 0.025
vt 0.87625 0.225
vt 0.87625 0.225
vt 0.87625 0.025
vt 0.87625 0.025
vt 0.87625 0.225
vt 0.87625 0.025
vt 0.87625 0.225
vt 0.87625 0.225
vt 0.87625 0.025
vt 0.87625 0.025
vt 0.87625 0.225
vt 0.87625 0.025
vt 0.87625 0.225
vt 0.87625 0.225
vt 0.87625 0.025
vt 0.87625 0.025
vt 0.87625 0.225
vt 0.87625 0.225
vt 0.87625 0.025
vt 0.87625 0.025
vt 0.87625 0.225
vt 0.87625 0.025
vt 0.87625 0.225
vt 0.87625 0.225
vt 0.87625 0.025
vt 0.87625 0.025
vt 0.87625 0.225
vt 0.87625 0.025
vt 0.87625 0.225
vt 0.87625 0.225
vt 0.87625 0.025
vt 0.87625 0.025
vt 0.87625 0.225
vt 0.87625 0.025
vt 0.87625 0.225
vt 0.87625 0.225
vt 0.87625 0.025
vt 0.87625 0.025
vt 0.87625 0.225
vt 0.87625 0.025
vt 0.87625 0.225
vt 0.87625 0.025
vt 0.87625 0.225
vt 0.87625 0.225
vt 0.87625 0.025
vt 0.87625 0.025
vt 0.87625 0.225
vt 0.87625 0.025
vt 0.87625 0.225
vt 0.87625 0.225
vt 0.87625 0.025
vt 0.87625 0.025
vt 0.87625 0.225
vt 0.87625 0.025
vt 0.87625 0.225
vt 0.87625 0.225
vt 0.87625 0.025
vt 0.87625 0.025
vt 0.87625 0.225
vt 0.87625 0.025
vt 0.87625 0.225
vt 0.87625 0.225
vt 0.87625 0.025
vt 0.87625 0.025
vt 0.87625 0.225
vt 0.87625 0.225
vt 0.87625 0.025
vt 0.87625 0.025
vt 0.87625 0.225
vt 0.87625 0.025
vt 0.87625 0.225
vt 0.87625 0.225
vt 0.87625 0.025
vt 0.87625 0.025
vt 0.87625 0.225
vt 0.87625 0.025
vt 0.87625 0.225
vt 0.87625 0.225
vt 0.87625 0.025
vt 0.87625 0.025
vt 0.87625 0.225
vt 0.87625 0.025
vt 0.87625 0.225
vt 0.87625 0.225
vt 0.87625 0.025
vt 0.87625 0.025
vt 0.87625 0.225
vt 0.87625 0.025
vt 0.87625 0.225
vt 0.87625 0.025
vt 0.87625 0.225
vt 0.87625 0.225
vt 0.87625 0.025
vt 0.87625 0.025
vt 0.87625 0.225
vt 0.87625 0.025
vt 0.87625 0.225
vt 0.87625 0.225
vt 0.87625 0.025
vt 0.87625 0.025
vt 0.87625 0.225
vt 0.87625 0.025
vt 0.87625 0.225
vt 0.87625 0.225
vt 0.87625 0.025
vt 0.87625 0.025
vt 0.87625 0.225
vt 0.87625 0.025
vt 0.87625 0.225
vt 0.87625 0.225
vt 0.87625 0.025
vt 0.87625 0.025
vt 0.87625 0.225
vt 0.87625 0.225
vt 0.87625 0.025
vt 0.87625 0.025
vt 0.87625 0.225
vt 0.87625 0.025
vt 0.87625 0.225
vt 0.87625 0.225
vt 0.87625 0.025
vt 0.87625 0.025
vt 0.87625 0.225
vt 0.87625 0.025
vt 0.87625 0.225
vt 0.87625 0.225
vt 0.87625 0.025
vt 0.87625 0.025
vt 0.87625 0.225
vt 0.87625 0.025
vt 0.87625 0.225
vt 0.87625 0.225
vt 0.87625 0.025
vt 0.87625 0.025
vt 0.87625 0.225
vt 0.87625 0.025
vt 0.87625 0.225
vt 0.87625 0.025
vt 0.87625 0.225
vt 0.87625 0.225
vt 0.87625 0.025
vt 0.87625 0.025
vt 0.87625 0.225
vt 0.87625 0.025
vt 0.87625 0.225
vt 0.87625 0.225
vt 0.87625 0.025
vt 0.87625 0.025
vt 0.87625 0.225
vt 0.87625 0.025
vt 0.87625 0.225
vt 0.87625 0.225
vt 0.87625 0.025
vt 0.87625 0.025
vt 0.87625 0.225
vt 0.87625 0.025
vt 0.87625 0.225
vt 0.87625 0.225
vt 0.87625 0.025
vt 0.87625 0.025
vt 0.87625 0.225
vt 0.87625 0.225
vt 0.87625 0.025
vt 0.87625 0.025
vt 0.87625 0.225
vt 0.87625 0.025
vt 0.87625 0.225
vt 0.87625 0.225
vt 0.87625 0.025
vt 0.87625 0.025
vt 0.87625 0.225
vt 0.87625 0.025
vt 0.87625 0.225
vt 0.87625 0.225
vt 0.87625 0.025
vt 0.87625 0.025
vt 0.87625 0.225
vt 0.87625 0.025
vt 0.87625 0.225
vt 0.87625 0.225
vt 0.87625 0.025
vt 0.87625 0.025
vt 0.87625 0.225
vt 0.87625 0.025
vt 0.87625 0.225
vt 0.87625 0.025
vt 0.87625 0.225
vt 0.87625 0.225
vt 0.87625 0.025
vt 0.87625 0.025
vt 0.87625 0.225
vt 0.87625 0.025
vt 0.87625 0.225
vt 0.87625 0.225
vt 0.87625 0.025
vt 0.87625 0.025
vt 0.87625 0.225
vt 0.87625 0.025
vt 0.87625 0.225
vt 0.87625 0.225
vt 0.87625 0.025
vt 0.87625 0.025
vt 0.87625 0.225
vt 0.87625 0.025
vt 0.87625 0.225
vt 0.87625 0.225
vt 0.87625 0.025
vt 0.87625 0.025
vt 0.87625 0.225
vt 0.87625 0.225
vt 0.87625 0.025
vt 0.87625 0.025
vt 0.87625 0.225
vt 0.87625 0.025
vt 0.87625 0.225
vt 0.87625 0.225
vt 0.87625 0.025
vt 0.87625 0.025
vt 0.87625 0.225
vt 0.87625 0.025
vt 0.87625 0.225
vt 0.87625 0.225
vt 0.87625 0.025
vt 0.87625 0.025
vt 0.87625 0.225
vt 0.87625 0.025
vt 0.87625 0.225
vt 0.87625 0.225
vt 0.87625 0.025
vt 0.87625 0.025
vt 0.87625 0.225
vt 0.87625 0.025
vt 0.87625 0.225
vt 0.87625 0.025
vt 0.87625 0.225
vt 0.87625 0.225
vt 0.87625 0.025
vt 0.87625 0.025
vt 0.87625 0.225
vt 0.87625 0.025
vt 0.87625 0.225
vt 0.87625 0.225
vt 0.87625 0.025
vt 0.87625 0.025
vt 0.87625 0.225
vt 0.87625 0.025
vt 0.87625 0.225
vt 0.87625 0.225
vt 0.87625 0.025
vt 0.87625 0.025
vt 0.87625 0.225
vt 0.87625 0.025
vt 0.87625 0.225
vt 0.87625 0.225
vt 0.87625 0.025
vt 0.87625 0.025
vt 0.87625 0.225
vt 0.87625 0.225
vt 0.87625 0.025
vt 0.87625 0.025
vt 0.87625 0.225
vt 0.87625 0.025
vt 0.87625 0.225
vt 0.87625 0.225
vt 0.87625 0.025
vt 0.87625 0.025
vt 0.87625 0.225
vt 0.87625 0.025
vt 0.87625 0.225
vt 0.87625 0.225
vt 0.87625 0.025
vt 0.87625 0.025
vt 0.87625 0.225
vt 0.87625 0.025
vt 0.87625 0.225
vt 0.87625 0.225
vt 0.87625 0.025
vt 0.87625 0.025
vt 0.87625 0.225
vt 0.87625 0.025
vt 0.87625 0.225
vt 0.87625 0.025
vt 0.87625 0.225
vt 0.87625 0.225
vt 0.87625 0.025
vt 0.87625 0.025
vt 0.87625 0.225
vt 0.87625 0.025
vt 0.87625 0.225
vt 0.87625 0.225
vt 0.87625 0.025
vt 0.87625 0.025
vt 0.87625 0.225
vt 0.87625 0.025
vt 0.87625 0.225
vt 0.87625 0.225
vt 0.87625 0.025
vt 0.87625 0.025
vt 0.87625 0.225
vt 0.87625 0.025
vt 0.87625 0.225
vt 0.87625 0.225
vt 0.87625 0.025
vt 0.87625 0.025
vt 0.87625 0.225
vt 0.87625 0.225
vt 0.87625 0.025
vt 0.87625 0.025
vt 0.87625 0.225
vt 0.87625 0.025
vt 0.87625 0.225
vt 0.87625 0.225
vt 0.87625 0.025
vt 0.87625 0.025
vt 0.87625 0.225
vt 0.87625 0.025
vt 0.87625 0.225
vt 0.87625 0.225
vt 0.87625 0.025
vt 0.87625 0.025
vt 0.87625 0.225
vt 0.87625 0.025
vt 0.87625 0.225
vt 0.87625 0.225
vt 0.87625 0.025
vt 0.87625 0.025
vt 0.87625 0.225
vt 0.87625 0.025
vt 0.87625 0.225
vt 0.87625 0.025
vt 0.87625 0.225
vt 0.87625 0.225
vt 0.87625 0.025
vt 0.87625 0.025
vt 0.87625 0.225
vt 0.87625 0.025
vt 0.87625 0.225
vt 0.87625 0.225
vt 0.87625 0.025
vt 0.87625 0.025
vt 0.87625 0.225
vt 0.87625 0.025
vt 0.87625 0.225
vt 0.87625 0.225
vt 0.87625 0.025
vt 0.87625 0.025
vt 0.87625 0.225
vt 0.87625 0.025
vt 0.87625 0.225
vt 0.87625 0.225
vt 0.87625 0.025
vt 0.87625 0.025
vt 0.87625 0.225
vt 0.87625 0.225
vt 0.87625 0.025
vt 0.87625 0.025
vt 0.87625 0.225
vt 0.87625 0.025
vt 0.87625 0.225
vt 0.87625 0.225
vt 0.87625 0.025
vt 0.87625 0.025
vt 0.87625 0.225
vt 0.87625 0.025
vt 0.87625 0.225
vt 0.87625 0.225
vt 0.87625 0.025
vt 0.87625 0.025
vt 0.87625 0.225
vt 0.87625 0.025
vt 0.87625 0.225
vt 0.87625 0.225
vt 0.87625 0.025
vt 0.87625 0.025
vt 0.87625 0.225
vt 0.87625 0.025
vt 0.87625 0.225
vt 0.87625 0.025
vt 0.87625 0.225
vt 0.87625 0.225
vt 0.87625 0.025
vt 0.87625 0.025
vt 0.87625 0.225
vt 0.87625 0.025
vt 0.87625 0.225
vt 0.87625 0.225
vt 0.87625 0.025
vt 0.87625 0.025
vt 0.87625 0.225
vt 0.87625 0.025
vt 0.87625 0.225
vt 0.87625 0.225
vt 0.87625 0.025
vt 0.87625 0.025
vt 0.87625 0.225
vt 0.87625 0.025
vt 0.87625 0.225
vt 0.87625 0.225
vt 0.87625 0.025
vt 0.87625 0.025
vt 0.87625 0.225
vt 0.87625 0.225
vt 0.87625 0.025
vt 0.87625 0.025
vt 0.87625 0.225
vt 0.87625 0.025
vt 0.87625 0.225
vt 0.87625 0.225
vt 0.87625 0.025
vt 0.87625 0.025
vt 0.87625 0.225
vt 0.87625 0.025
vt 0.87625 0.225
vt 0.87625 0.225
vt 0.87625 0.025
vt 0.87625 0.025
vt 0.87625 0.225
vt 0.87625 0.025
vt 0.87625 0.225
vt 0.87625 0.225
vt 0.87625 0.025
vt 0.87625 0.025
vt 0.87625 0.225
vt 0.87625 0.025
vt 0.87625 0.225
vt 0.87625 0.025
vt 0.87625 0.225
vt 0.87625 0.225
vt 0.87625 0.025
vt 0.87625 0.025
vt 0.87625 0.225
vt 0.87625 0.025
vt 0.87625 0.225
vt 0.87625 0.225
vt 0.87625 0.025
vt 0.87625 0.025
vt 0.87625 0.225
vt 0.87625 0.025
vt 0.87625 0.225
vt 0.87625 0.225
vt 0.87625 0.025
vt 0.87625 0.025
vt 0.87625 0.225
vt 0.87625 0.025
vt 0.87625 0.225
vt 0.87625 0.225
vt 0.87625 0.025
vt 0.87625 0.025
vt 0.87625 0.225
vt 0.87625 0.225
vt 0.87625 0.025
vt 0.87625 0.025
vt 0.87625 0.225
vt 0.87625 0.025
vt 0.87625 0.225
vt 0.87625 0.225
vt 0.87625 0.025
vt 0.87625 0.025
vt 0.87625 0.225
vt 0.87625 0.025
vt 0.87625 0.225
vt 0.87625 0.225
vt 0.87625 0.025
vt 0.87625 0.025
vt 0.87625 0.225
vt 0.87625 0.025
vt 0.87625 0.225
vt 0.87625 0.225
vt 0.87625 0.025
vt 0.87625 0.025
vt 0.87625 0.225
vt 0.87625 0.025
vt 0.87625 0.225
vt 0.87625 0.025
vt 0.87625 0.225
vt 0.87625 0.225
vt 0.87625 0.025
vt 0.87625 0.025
vt 0.87625 0.225
vt 0.87625 0.025
vt 0.87625 0.225
vt 0.87625 0.225
vt 0.87625 0.025
vt 0.87625 0.025
vt 0.87625 0.225
vt 0.87625 0.025
vt 0.87625 0.225
vt 0.87625 0.225
vt 0.87625 0.025
vt 0.87625 0.025
vt 0.87625 0.225
vt 0.87625 0.025
vt 0.87625 0.225
vt 0.87625 0.225
vt 0.87625 0.025
vt 0.87625 0.025
vt 0.87625 0.225
vt 0.87625 0.225
vt 0.87625 0.025
vt 0.87625 0.025
vt 0.87625 0.225
vt 0.87625 0.025
vt 0.87625 0.225
vt 0.87625 0.225
vt 0.87625 0.025
vt 0.87625 0.025
vt 0.87625 0.225
vt 0.87625 0.025
vt 0.87625 0.225
vt 0.87625 0.225
vt 0.87625 0.025
vt 0.87625 0.025
vt 0.87625 0.225
vt 0.87625 0.025
vt 0.87625 0.225
vt 0.87625 0.225
vt 0.87625 0.025
vt 0.87625 0.025
vt 0.87625 0.225
vt 0.87625 0.025
vt 0.87625 0.225
vt 0.87625 0.025
vt 0.87625 0.225
vt 0.87625 0.225
vt 0.87625 0.025
vt 0.87625 0.025
vt 0.87625 0.225
vt 0.87625 0.025
vt 0.87625 0.225
vt 0.87625 0.225
vt 0.87625 0.025
vt 0.87625 0.025
vt 0.87625 0.225
vt 0.87625 0.025
vt 0.87625 0.225
vt 0.87625 0.225
vt 0.87625 0.025
vt 0.87625 0.025
vt 0.87625 0.225
vt 0.87625 0.025
vt 0.87625 0.225
vt 0.87625 0.225
vt 0.87625 0.025
vt 0.87625 0.025
vt 0.87625 0.225
vt 0.87625 0.225
vt 0.87625 0.025
vt 0.87625 0.025
vt 0.87625 0.225
vt 0.87625 0.025
vt 0.87625 0.225
vt 0.87625 0.225
vt 0.87625 0.025
vt 0.87625 0.025
vt 0.87625 0.225
vt 0.87625 0.025
vt 0.87625 0.225
vt 0.87625 0.225
vt 0.87625 0.025
vt 0.87625 0.025
vt 0.87625 0.225
vt 0.87625 0.025
vt 0.87625 0.225
vt 0.87625 0.225
vt 0.87625 0.025
vt 0.87625 0.025
vt 0.87625 0.225
vt 0.87625 0.025
vt 0.87625 0.225
vt 0.87625 0.025
vt 0.87625 0.225
vt 0.87625 0.225
vt 0.87625 0.025
vt 0.87625 0.025
vt 0.87625 0.225
vt 0.87625 0.025
vt 0.87625 0.225
vt 0.87625 0.225
vt 0.87625 0.025
vt 0.87625 0.025
vt 0.87625 0.225
vt 0.87625 0.025
vt 0.87625 0.225
vt 0.87625 0.225
vt 0.87625 0.025
vt 0.87625 0.025
vt 0.87625 0.225
vt 0.87625 0.025
vt 0.87625 0.225
vt 0.87625 0.225
vt 0.87625 0.025
vt 0.87625 0.025
vt 0.87625 0.225
vt 0.87625 0.225
vt 0.87625 0.025
vt 0.87625 0.025
vt 0.87625 0.225
vt 0.87625 0.025
vt 0.87625 0.225
vt 0.87625 0.225
vt 0.87625 0.025
vt 0.87625 0.025
vt 0.87625 0.225
vt 0.87625 0.025
vt 0.87625 0.225
vt 0.87625 0.225
vt 0.87625 0.025
vt 0.87625 0.025
vt 0.87625 0.225
vt 0.87625 0.025
vt 0.87625 0.225
vt 0.87625 0.225
vt 0.87625 0.025
vt 0.87625 0.025
vt 0.87625 0.225
vt 0.87625 0.025
vt 0.87625 0.225
vt 0.87625 0.025
vt 0.87625 0.225
vt 0.87625 0.225
vt 0.87625 0.025
vt 0.87625 0.025
vt 0.87625 0.225
vt 0.87625 0.025
vt 0.87625 0.225
vt 0.87625 0.225
vt 0.87625 0.025
vt 0.87625 0.025
vt 0.87625 0.225
vt 0.87625 0.025
vt 0.87625 0.225
vt 0.87625 0.225
vt 0.87625 0.025
vt 0.87625 0.025
vt 0.87625 0.225
vt 0.87625 0.025
vt 0.87625 0.225
vt 0.87625 0.225
vt 0.87625 0.025
vt 0.87625 0.025
vt 0.87625 0.225
vt 0.87625 0.225
vt 0.87625 0.025
vt 0.87625 0.025
vt 0.87625 0.225
vt 0.87625 0.025
vt 0.87625 0.225
vt 0.87625 0.225
vt 0.87625 0.025
vt 0.87625 0.025
vt 0.87625 0.225
vt 0.87625 0.025
vt 0.87625 0.225
vt 0.87625 0.225
vt 0.87625 0.025
vt 0.87625 0.025
vt 0.87625 0.225
vt 0.87625 0.025
vt 0.87625 0.225
vt 0.87625 0.225
vt 0.87625 0.025
vt 0.87625 0.025
vt 0.87625 0.225
vt 0.87625 0.025
vt 0.87625 0.225
vt 0.87625 0.025
vt 0.87625 0.225
vt 0.87625 0.225
vt 0.87625 0.025
vt 0.87625 0.025
vt 0.87625 0.225
vt 0.87625 0.025
vt 0.87625 0.225
vt 0.87625 0.225
vt 0.87625 0.025
vt 0.87625 0.025
vt 0.87625 0.225
vt 0.87625 0.025
vt 0.87625 0.225
vt 0.87625 0.225
vt 0.87625 0.025
vt 0.87625 0.025
vt 0.87625 0.225
vt 0.87625 0.025
vt 0.87625 0.225
vt 0.87625 0.225
vt 0.87625 0.025
vt 0.87625 0.025
vt 0.87625 0.225
vt 0.87625 0.225
vt 0.87625 0.025
vt 0.87625 0.025
vt 0.87625 0.225
vt 0.87625 0.025
vt 0.87625 0.225
vt 0.87625 0.225
vt 0.87625 0.025
vt 0.87625 0.025
vt 0.87625 0.225
vt 0.87625 0.025
vt 0.87625 0.225
vt 0.87625 0.225
vt 0.87625 0.025
vt 0.87625 0.025
vt 0.87625 0.225
vt 0.87625 0.025
vt 0.87625 0.225
vt 0.87625 0.225
vt 0.87625 0.025
vt 0.87625 0.025
vt 0.87625 0.225
vt 0.87625 0.025
vt 0.87625 0.225
vt 0.87625 0.025
vt 0.87625 0.225
vt 0.87625 0.225
vt 0.87625 0.025
vt 0.87625 0.025
vt 0.87625 0.225
vt 0.87625 0.025
vt 0.87625 0.225
vt 0.87625 0.225
vt 0.87625 0.025
vt 0.87625 0.025
vt 0.87625 0.225
vt 0.87625 0.025
vt 0.87625 0.225
vt 0.87625 0.225
vt 0.87625 0.025
vt 0.87625 0.025
vt 0.87625 0.225
vt 0.87625 0.025
vt 0.87625 0.225
vt 0.87625 0.225
vt 0.87625 0.025
vt 0.87625 0.025
vt 0.87625 0.225
vt 0.87625 0.225
vt 0.87625 0.025
vt 0.87625 0.025
vt 0.87625 0.225
vt 0.87625 0.025
vt 0.87625 0.225
vt 0.87625 0.225
vt 0.87625 0.025
vt 0.87625 0.025
vt 0.87625 0.225
vt 0.87625 0.025
vt 0.87625 0.225
vt 0.87625 0.225
vt 0.87625 0.025
vt 0.87625 0.025
vt 0.87625 0.225
vt 0.87625 0.025
vt 0.87625 0.225
vt 0.87625 0.225
vt 0.87625 0.025
vt 0.87625 0.025
vt 0.87625 0.225
vt 0.87625 0.025
vt 0.87625 0.225
vt 0.87625 0.025
vt 0.87625 0.225
vt 0.87625 0.225
vt 0.87625 0.025
vt 0.87625 0.025
vt 0.87625 0.225
vt 0.87625 0.025
vt 0.87625 0.225
vt 0.87625 0.225
vt 0.87625 0.025
vt 0.87625 0.025
vt 0.87625 0.225
vt 0.87625 0.025
vt 0.87625 0.225
vt 0.87625 0.225
vt 0.87625 0.025
vt 0.87625 0.025
vt 0.87625 0.225
vt 0.87625 0.025
vt 0.87625 0.225
vt 0.87625 0.225
vt 0.87625 0.025
vt 0.87625 0.025
vt 0.87625 0.225
vt 0.87625 0.225
vt 0.87625 0.025
vt 0.87625 0.025
vt 0.87625 0.225
vt 0.87625 0.025
vt 0.87625 0.225
vt 0.87625 0.225
vt 0.87625 0.025
vt 0.87625 0.025
vt 0.87625 0.225
vt 0.87625 0.025
vt 0.87625 0.225
vt 0.87625 0.225
vt 0.87625 0.025
vt 0.87625 0.025
vt 0.87625 0.225
vt 0.87625 0.025
vt 0.87625 0.225
vt 0.87625 0.225
vt 0.87625 0.025
vt 0.87625 0.025
vt 0.87625 0.225
vt 0.87625 0.025
vt 0.87625 0.225
vt 0.87625 0.025
vt 0.87625 0.225
vt 0.87625 0.225
vt 0.87625 0.025
vt 0.87625 0.025
vt 0.87625 0.225
vt 0.87625 0.025
vt 0.87625 0.225
vt 0.87625 0.225
vt 0.87625 0.025
vt 0.87625 0.025
vt 0.87625 0.225
vt 0.87625 0.025
vt 0.87625 0.225
vt 0.87625 0.225
vt 0.87625 0.025
vt 0.87625 0.025
vt 0.87625 0.225
vt 0.87625 0.025
vt 0.87625 0.225
vt 0.87625 0.225
vt 0.87625 0.025
vt 0.87625 0.025
vt 0.87625 0.225
vt 0.87625 0.225
vt 0.87625 0.025
vt 0.87625 0.025
vt 0.87625 0.225
vt 0.87625 0.025
vt 0.87625 0.225
vt 0.87625 0.225
vt 0.87625 0.025
vt 0.87625 0.025
vt 0.87625 0.225
vt 0.87625 0.025
vt 0.87625 0.225
vt 0.87625 0.225
vt 0.87625 0.025
vt 0.87625 0.025
vt 0.87625 0.225
vt 0.87625 0.025
vt 0.87625 0.225
vt 0.87625 0.225
vt 0.87625 0.025
vt 0.87625 0.025
vt 0.87625 0.225
vt 0.87625 0.025
vt 0.87625 0.225
vt 0.87625 0.025
vt 0.87625 0.225
vt 0.87625 0.225
vt 0.87625 0.025
vt 0.87625 0.025
vt 0.87625 0.225
vt 0.87625 0.025
vt 0.87625 0.225
vt 0.87625 0.225
vt 0.87625 0.025
vt 0.87625 0.025
vt 0.87625 0.225
vt 0.87625 0.025
vt 0.87625 0.225
vt 0.87625 0.225
vt 0.87625 0.025
vt 0.87625 0.025
vt 0.87625 0.225
vt 0.87625 0.025
vt 0.87625 0.225
vt 0.87625 0.225
vt 0.87625 0.025
vt 0.87625 0.025
vt 0.87625 0.225
vt 0.87625 0.225
vt 0.87625 0.025
vt 0.87625 0.025
vt 0.87625 0.225
vt 0.87625 0.025
vt 0.87625 0.225
vt 0.87625 0.225
vt 0.87625 0.025
vt 0.87625 0.025
vt 0.87625 0.225
vt 0.87625 0.025
vt 0.87625 0.225
vt 0.87625 0.225
vt 0.87625 0.025
vt 0.87625 0.025
vt 0.87625 0.225
vt 0.87625 0.025
vt 0.87625 0.225
vt 0.87625 0.225
vt 0.87625 0.025
vt 0.87625 0.025
vt 0.87625 0.225
vt 0.87625 0.025
vt 0.87625 0.225
vt 0.87625 0.025
vt 0.87625 0.225
vt 0.87625 0.225
vt 0.87625 0.025
vt 0.87625 0.025
vt 0.87625 0.225
vt 0.87625 0.025
vt 0.87625 0.225
vt 0.87625 0.225
vt 0.87625 0.025
vt 0.87625 0.025
vt 0.87625 0.225
vt 0.87625 0.025
vt 0.87625 0.225
vt 0.87625 0.225
vt 0.87625 0.025
vt 0.87625 0.025
vt 0.87625 0.225
vt 0.87625 0.025
vt 0.87625 0.225
vt 0.87625 0.225
vt 0.87625 0.025
vt 0.87625 0.025
vt 0.87625 0.225
vt 0.87625 0.225
vt 0.87625 0.025
vt 0.87625 0.025
vt 0.87625 0.225
vt 0.87625 0.025
vt 0.87625 0.225
vt 0.87625 0.225
vt 0.87625 0.025
vt 0.87625 0.025
vt 0.87625 0.225
vt 0.87625 0.025
vt 0.87625 0.225
vt 0.87625 0.225
vt 0.87625 0.025
vt 0.87625 0.025
vt 0.87625 0.225
vt 0.87625 0.025
vt 0.87625 0.225
vt 0.87625 0.225
vt 0.87625 0.025
vt 0.87625 0.025
vt 0.87625 0.225
vt 0.87625 0.025
vt 0.87625 0.225
vt 0.87625 0.025
vt 0.87625 0.225
vt 0.87625 0.225
vt 0.87625 0.025
vt 0.87625 0.025
vt 0.87625 0.225
vt 0.87625 0.025
vt 0.87625 0.225
vt 0.87625 0.225
vt 0.87625 0.025
vt 0.87625 0.025
vt 0.87625 0.225
vt 0.87625 0.025
vt 0.87625 0.225
vt 0.87625 0.225
vt 0.87625 0.025
vt 0.87625 0.025
vt 0.87625 0.225
vt 0.87625 0.025
vt 0.87625 0.225
vt 0.87625 0.225
vt 0.87625 0.025
vt 0.87625 0.025
vt 0.87625 0.225
vt 0.87625 0.225
vt 0.87625 0.025
vt 0.87625 0.025
vt 0.87625 0.225
vt 0.87625 0.025
vt 0.87625 0.225
vt 0.87625 0.225
vt 0.87625 0.025
vt 0.87625 0.025
vt 0.87625 0.225
vt 0.87625 0.025
vt 0.87625 0.225
vt 0.87625 0.225
vt 0.87625 0.025
vt 0.87625 0.025
vt 0.87625 0.225
vt 0.87625 0.025
vt 0.87625 0.225
vt 0.87625 0.225
vt 0.87625 0.025
vt 0.87625 0.025
vt 0.87625 0.225
vt 0.87625 0.025
vt 0.87625 0.225
vt 0.87625 0.025
vt 0.87625 0.225
vt 0.87625 0.225
vt 0.87625 0.025
vt 0.87625 0.025
vt 0.87625 0.225
vt 0.87625 0.025
vt 0.87625 0.225
vt 0.87625 0.225
vt 0.87625 0.025
vt 0.87625 0.025
vt 0.87625 0.225
vt 0.87625 0.025
vt 0.87625 0.225
vt 0.87625 0.225
vt 0.87625 0.025
vt 0.87625 0.025
vt 0.87625 0.225
vt 0.87625 0.025
vt 0.87625 0.225
vt 0.87625 0.225
vt 0.87625 0.025
vt 0.87625 0.025
vt 0.87625 0.225
vt 0.87625 0.225
vt 0.87625 0.025
vt 0.87625 0.025
vt 0.87625 0.225
vt 0.87625 0.025
vt 0.87625 0.225
vt 0.87625 0.225
vt 0.87625 0.025
vt 0.87625 0.025
vt 0.87625 0.225
vt 0.87625 0.025
vt 0.87625 0.225
vt 0.87625 0.225
vt 0.87625 0.025
vt 0.87625 0.025
vt 0.87625 0.225
vt 0.87625 0.025
vt 0.87625 0.225
vt 0.87625 0.225
vt 0.87625 0.025
vt 0.87625 0.025
vt 0.87625 0.225
vt 0.87625 0.025
vt 0.87625 0.225
vt 0.87625 0.025
vt 0.87625 0.225
vt 0.87625 0.225
vt 0.87625 0.025
vt 0.87625 0.025
vt 0.87625 0.225
vt 0.87625 0.025
vt 0.87625 0.225
vt 0.87625 0.225
vt 0.87625 0.025
vt 0.87625 0.025
vt 0.87625 0.225
vt 0.87625 0.025
vt 0.87625 0.225
vt 0.87625 0.225
vt 0.87625 0.025
vt 0.87625 0.025
vt 0.87625 0.225
vt 0.87625 0.025
vt 0.87625 0.225
vt 0.87625 0.225
vt 0.87625 0.025
vt 0.87625 0.025
vt 0.87625 0.225
vt 0.87625 0.225
vt 0.87625 0.025
vt 0.87625 0.025
vt 0.87625 0.225
vt 0.87625 0.025
vt 0.87625 0.225
vt 0.87625 0.225
vt 0.87625 0.025
vt 0.87625 0.025
vt 0.87625 0.225
vt 0.87625 0.025
vt 0.87625 0.225
vt 0.87625 0.225
vt 0.87625 0.025
vt 0.87625 0.025
vt 0.87625 0.225
vt 0.87625 0.025
vt 0.87625 0.225
vt 0.87625 0.225
vt 0.87625 0.025
vt 0.87625 0.025
vt 0.87625 0.225
vt 0.87625 0.025
vt 0.87625 0.225
vt 0.87625 0.025
vt 0.87625 0.225
vt 0.87625 0.225
vt 0.87625 0.025
vt 0.87625 0.025
vt 0.87625 0.225
vt 0.87625 0.025
vt 0.87625 0.225
vt 0.87625 0.225
vt 0.87625 0.025
vt 0.87625 0.025
vt 0.87625 0.225
vt 0.87625 0.025
vt 0.87625 0.225
vt 0.87625 0.225
vt 0.87625 0.025
vt 0.87625 0.025
vt 0.87625 0.225
vt 0.87625 0.025
vt 0.87625 0.225
vt 0.87625 0.225
vt 0.87625 0.025
vt 0.87625 0.025
vt 0.87625 0.225
vt 0.87625 0.225
vt 0.87625 0.025
vt 0.87625 0.025
vt 0.87625 0.225
vt 0.87625 0.025
vt 0.87625 0.225
vt 0.87625 0.225
vt 0.87625 0.025
vt 0.87625 0.025
vt 0.87625 0.225
vt 0.87625 0.025
vt 0.87625 0.225
vt 0.87625 0.225
vt 0.87625 0.025
vt 0.87625 0.025
vt 0.87625 0.225
vt 0.87625 0.025
vt 0.87625 0.225
vt 0.87625 0.225
vt 0.87625 0.025
vt 0.87625 0.025
vt 0.87625 0.225
vt 0.87625 0.025
vt 0.87625 0.225
vt 0.87625 0.025
vt 0.87625 0.225
vt 0.87625 0.225
vt 0.87625 0.025
vt 0.87625 0.025
vt 0.87625 0.225
vt 0.87625 0.025
vt 0.87625 0.225
vt 0.87625 0.225
vt 0.87625 0.025
vt 0.87625 0.025
vt 0.87625 0.225
vt 0.87625 0.025
vt 0.87625 0.225
vt 0.87625 0.225
vt 0.87625 0.025
vt 0.87625 0.025
vt 0.87625 0.225
vt 0.87625 0.025
vt 0.87625 0.225
vt 0.87625 0.225
vt 0.87625 0.025
vt 0.87625 0.025
vt 0.87625 0.225
vt 0.87625 0.225
vt 0.87625 0.025
vt 0.87625 0.025
vt 0.87625 0.225
vt 0.87625 0.025
vt 0.87625 0.225
vt 0.87625 0.225
vt 0.87625 0.025
vt 0.87625 0.025
vt 0.87625 0.225
vt 0.87625 0.025
vt 0.87625 0.225
vt 0.87625 0.225
vt 0.87625 0.025
vt 0.87625 0.025
vt 0.87625 0.225
vt 0.87625 0.025
vt 0.87625 0.225
vt 0.87625 0.225
vt 0.87625 0.025
vt 0.87625 0.025
vt 0.87625 0.225
vt 0.87625 0.025
vt 0.87625 0.225
vt 0.87625 0.025
vt 0.87625 0.225
vt 0.87625 0.225
vt 0.87625 0.025
vt 0.87625 0.025
vt 0.87625 0.225
vt 0.87625 0.025
vt 0.87625 0.225
vt 0.87625 0.225
vt 0.87625 0.025
vt 0.87625 0.025
vt 0.87625 0.225
vt 0.87625 0.025
vt 0.87625 0.225
vt 0.87625 0.225
vt 0.87625 0.025
vt 0.87625 0.025
vt 0.87625 0.225
vt 0.87625 0.025
vt 0.87625 0.225
vt 0.87625 0.225
vt 0.87625 0.025
vt 0.87625 0.025
vt 0.87625 0.225
vt 0.87625 0.225
vt 0.87625 0.025
vt 0.87625 0.025
vt 0.87625 0.225
vt 0.87625 0.025
vt 0.87625 0.225
vt 0.87625 0.225
vt 0.87625 0.025
vt 0.87625 0.025
vt 0.87625 0.225
vt 0.87625 0.025
vt 0.87625 0.225
vt 0.87625 0.225
vt 0.87625 0.025
vt 0.87625 0.025
vt 0.87625 0.225
vt 0.87625 0.025
vt 0.87625 0.225
vt 0.87625 0.225
vt 0.87625 0.025
vt 0.87625 0.025
vt 0.87625 0.225
vt 0.87625 0.025
vt 0.87625 0.225
vt 0.87625 0.025
vt 0.87625 0.225
vt 0.87625 0.225
vt 0.87625 0.025
vt 0.87625 0.025
vt 0.87625 0.225
vt 0.87625 0.025
vt 0.87625 0.225
vt 0.87625 0.225
vt 0.87625 0.025
vt 0.87625 0.025
vt 0.87625 0.225
vt 0.87625 0.025
vt 0.87625 0.225
vt 0.87625 0.225
vt 0.87625 0.025
vt 0.87625 0.025
vt 0.87625 0.225
vt 0.87625 0.025
vt 0.87625 0.225
vt 0.87625 0.225
vt 0.87625 0.025
vt 0.87625 0.025
vt 0.87625 0.225
vt 0.87625 0.225
vt 0.87625 0.025
vt 0.87625 0.025
vt 0.87625 0.225
vt 0.87625 0.025
vt 0.87625 0.225
vt 0.87625 0.225
vt 0.87625 0.025
vt 0.87625 0.025
vt 0.87625 0.225
vt 0.87625 0.025
vt 0.87625 0.225
vt 0.87625 0.225
vt 0.87625 0.025
vt 0.87625 0.025
vt 0.87625 0.225
vt 0.87625 0.025
vt 0.87625 0.225
vt 0.87625 0.225
vt 0.87625 0.025
vt 0.87625 0.025
vt 0.87625 0.225
vt 0.87625 0.025
vt 0.87625 0.225
vt 0.87625 0.025
vt 0.87625 0.225
vt 0.87625 0.225
vt 0.87625 0.025
vt 0.87625 0.025
vt 0.87625 0.225
vt 0.87625 0.025
vt 0.87625 0.225
vt 0.87625 0.225
vt 0.87625 0.025
vt 0.87625 0.025
vt 0.87625 0.225
vt 0.87625 0.025
vt 0.87625 0.225
vt 0.87625 0.225
vt 0.87625 0.025
vt 0.87625 0.025
vt 0.87625 0.225
vt 0.87625 0.025
vt 0.87625 0.225
vt 0.87625 0.225
vt 0.87625 0.025
vt 0.87625 0.025
vt 0.87625 0.225
vt 0.87625 0.225
vt 0.87625 0.025
vt 0.87625 0.025
vt 0.87625 0.225
vt 0.87625 0.025
vt 0.87625 0.225
vt 0.87625 0.225
vt 0.87625 0.025
vt 0.87625 0.025
vt 0.87625 0.225
vt 0.87625 0.025
vt 0.87625 0.225
vt 0.87625 0.225
vt 0.87625 0.025
vt 0.87625 0.025
vt 0.87625 0.225
vt 0.87625 0.025
vt 0.87625 0.225
vt 0.87625 0.225
vt 0.87625 0.025
vt 0.87625 0.025
vt 0.87625 0.225
vt 0.87625 0.025
vt 0.87625 0.225
vt 0.87625 0.025
vt 0.87625 0.225
vt 0.87625 0.225
vt 0.87625 0.025
vt 0.87625 0.025
vt 0.87625 0.225
vt 0.87625 0.025
vt 0.87625 0.225
vt 0.87625 0.225
vt 0.87625 0.025
vt 0.87625 0.025
vt 0.87625 0.225
vt 0.87625 0.025
vt 0.87625 0.225
vt 0.87625 0.225
vt 0.87625 0.025
vt 0.87625 0.025
vt 0.87625 0.225
vt 0.87625 0.025
vt 0.87625 0.225
vt 0.87625 0.225
vt 0.87625 0.025
vt 0.87625 0.025
vt 0.87625 0.225
vt 0.87625 0.225
vt 0.87625 0.025
vt 0.87625 0.025
vt 0.87625 0.225
vt 0.87625 0.025
vt 0.87625 0.225
vt 0.87625 0.225
vt 0.87625 0.025
vt 0.87625 0.025
vt 0.87625 0.225
vt 0.87625 0.025
vt 0.87625 0.225
vt 0.87625 0.225
vt 0.87625 0.025
vt 0.87625 0.025
vt 0.87625 0.225
vt 0.87625 0.025
vt 0.87625 0.225
vt 0.87625 0.225
vt 0.87625 0.025
vt 0.87625 0.025
vt 0.87625 0.225
vt 0.87625 0.025
vt 0.87625 0.225
vt 0.87625 0.025
vt 0.87625 0.225
vt 0.87625 0.225
vt 0.87625 0.025
vt 0.87625 0.025
vt 0.87625 0.225
vt 0.87625 0.025
vt 0.87625 0.225
vt 0.87625 0.225
vt 0.87625 0.025
vt 0.87625 0.025
vt 0.87625 0.225
vt 0.87625 0.025
vt 0.87625 0.225
vt 0.87625 0.225
vt 0.87625 0.025
vt 0.87625 0.025
vt 0.87625 0.225
vt 0.87625 0.025
vt 0.87625 0.225
vt 0.87625 0.225
vt 0.87625 0.025
vt 0.87625 0.025
vt 0.87625 0.225
vt 0.87625 0.225
vt 0.87625 0.025
vt 0.87625 0.025
vt 0.87625 0.225
vt 0.87625 0.025
vt 0.87625 0.225
vt 0.87625 0.225
vt 0.87625 0.025
vt 0.87625 0.025
vt 0.87625 0.225
vt 0.87625 0.025
vt 0.87625 0.225
vt 0.87625 0.225
vt 0.87625 0.025
vt 0.87625 0.025
vt 0.87625 0.225
vt 0.87625 0.025
vt 0.87625 0.225
vt 0.87625 0.225
vt 0.87625 0.025
vt 0.87625 0.025
vt 0.87625 0.225
vt 0.87625 0.025
vt 0.87625 0.225
vt 0.87625 0.025
vt 0.87625 0.225
vt 0.87625 0.225
vt 0.87625 0.025
vt 0.87625 0.025
vt 0.87625 0.225
vt 0.87625 0.025
vt 0.87625 0.225
vt 0.87625 0.225
vt 0.87625 0.025
vt 0.87625 0.025
vt 0.87625 0.225
vt 0.87625 0.025
vt 0.87625 0.225
vt 0.87625 0.225
vt 0.87625 0.025
vt 0.87625 0.025
vt 0.87625 0.225
vt 0.87625 0.025
vt 0.87625 0.225
vt 0.87625 0.225
vt 0.87625 0.025
vt 0.87625 0.025
vt 0.87625 0.225
vt 0.87625 0.225
vt 0.87625 0.025
vt 0.87625 0.025
vt 0.87625 0.225
vt 0.87625 0.025
vt 0.87625 0.225
vt 0.87625 0.225
vt 0.87625 0.025
vt 0.87625 0.025
vt 0.87625 0.225
vt 0.87625 0.025
vt 0.87625 0.225
vt 0.87625 0.225
vt 0.87625 0.025
vt 0.87625 0.025
vt 0.87625 0.225
vt 0.87625 0.025
vt 0.87625 0.225
vt 0.87625 0.225
vt 0.87625 0.025
vt 0.87625 0.025
vt 0.87625 0.225
vt 0.87625 0.025
vt 0.87625 0.225
vt 0.87625 0.025
vt 0.87625 0.225
vt 0.87625 0.225
vt 0.87625 0.025
vt 0.87625 0.025
vt 0.87625 0.225
vt 0.87625 0.025
vt 0.87625 0.225
vt 0.87625 0.225
vt 0.87625 0.025
vt 0.87625 0.025
vt 0.87625 0.225
vt 0.87625 0.025
vt 0.87625 0.225
vt 0.87625 0.225
vt 0.87625 0.025
vt 0.87625 0.025
vt 0.87625 0.225
vt 0.87625 0.025
vt 0.87625 0.225
vt 0.87625 0.225
vt 0.87625 0.025
vt 0.87625 0.025
vt 0.87625 0.225
vt 0.87625 0.225
vt 0.87625 0.025
vt 0.87625 0.025
vt 0.87625 0.225
vt 0.87625 0.025
vt 0.87625 0.225
vt 0.87625 0.225
vt 0.87625 0.025
vt 0.87625 0.025
vt 0.87625 0.225
vt 0.87625 0.025
vt 0.87625 0.225
vt 0.87625 0.225
vt 0.87625 0.025
vt 0.87625 0.025
vt 0.87625 0.225
vt 0.87625 0.025
vt 0.87625 0.225
vt 0.87625 0.225
vt 0.87625 0.025
vt 0.87625 0.025
vt 0.87625 0.225
vt 0.87625 0.025
vt 0.87625 0.225
vt 0.87625 0.025
vt 0.87625 0.225
vt 0.87625 0.225
vt 0.87625 0.025
vt 0.87625 0.025
vt 0.87625 0.225
vt 0.87625 0.025
vt 0.87625 0.225
vt 0.87625 0.225
vt 0.87625 0.025
vt 0.87625 0.025
vt 0.87625 0.225
vt 0.87625 0.025
vt 0.87625 0.225
vt 0.87625 0.225
vt 0.87625 0.025
vt 0.87625 0.025
vt 0.87625 0.225
vt 0.87625 0.025
vt 0.87625 0.225
vt 0.87625 0.225
vt 0.87625 0.025
vt 0.87625 0.025
vt 0.87625 0.225
vt 0.87625 0.225
vt 0.87625 0.025
vt 0.87625 0.025
vt 0.87625 0.225
vt 0.87625 0.025
vt 0.87625 0.225
vt 0.87625 0.225
vt 0.87625 0.025
vt 0.87625 0.025
vt 0.87625 0.225
vt 0.87625 0.025
vt 0.87625 0.225
vt 0.87625 0.225
vt 0.87625 0.025
vt 0.87625 0.025
vt 0.87625 0.225
vt 0.87625 0.025
vt 0.87625 0.225
vt 0.87625 0.225
vt 0.87625 0.025
vt 0.87625 0.025
vt 0.87625 0.225
vt 0.87625 0.025
vt 0.87625 0.225
vt 0.87625 0.025
vt 0.87625 0.225
vt 0.87625 0.225
vt 0.87625 0.025
vt 0.87625 0.025
vt 0.87625 0.225
vt 0.87625 0.025
vt 0.87625 0.225
vt 0.87625 0.225
vt 0.87625 0.025
vt 0.87625 0.025
vt 0.87625 0.225
vt 0.87625 0.025
vt 0.87625 0.225
vt 0.87625 0.225
vt 0.87625 0.025
vt 0.87625 0.025
vt 0.87625 0.225
vt 0.87625 0.025
vt 0.87625 0.225
vt 0.87625 0.225
vt 0.87625 0.025
vt 0.87625 0.025
vt 0.87625 0.225
vt 0.87625 0.225
vt 0.87625 0.025
vt 0.87625 0.025
vt 0.87625 0.225
vt 0.87625 0.025
vt 0.87625 0.225
vt 0.87625 0.225
vt 0.87625 0.025
vt 0.87625 0.025
vt 0.87625 0.225
vt 0.87625 0.025
vt 0.87625 0.225
vt 0.87625 0.225
vt 0.87625 0.025
vt 0.87625 0.025
vt 0.87625 0.225
vt 0.87625 0.025
vt 0.87625 0.225
vt 0.87625 0.225
vt 0.87625 0.025
vt 0.87625 0.025
vt 0.87625 0.225
vt 0.87625 0.025
vt 0.87625 0.225
vt 0.87625 0.025
vt 0.87625 0.225
vt 0.87625 0.225
vt 0.87625 0.025
vt 0.87625 0.025
vt 0.87625 0.225
vt 0.87625 0.025
vt 0.87625 0.225
vt 0.87625 0.225
vt 0.87625 0.025
vt 0.87625 0.025
vt 0.87625 0.225
vt 0.87625 0.025
vt 0.87625 0.225
vt 0.87625 0.225
vt 0.87625 0.025
vt 0.87625 0.025
vt 0.87625 0.225
vt 0.87625 0.025
vt 0.87625 0.225
vt 0.87625 0.225
vt 0.87625 0.025
vt 0.87625 0.025
vt 0.87625 0.225
vt 0.87625 0.225
vt 0.87625 0.025
vt 0.87625 0.025
vt 0.87625 0.225
vt 0.87625 0.025
vt 0.87625 0.225
vt 0.87625 0.225
vt 0.87625 0.025
vt 0.87625 0.025
vt 0.87625 0.225
vt 0.87625 0.025
vt 0.87625 0.225
vt 0.87625 0.225
vt 0.87625 0.025
vt 0.87625 0.025
vt 0.87625 0.225
vt 0.87625 0.025
vt 0.87625 0.225
vt 0.87625 0.225
vt 0.87625 0.025
vt 0.87625 0.025
vt 0.87625 0.225
vt 0.87625 0.025
vt 0.87625 0.225
vt 0.87625 0.025
vt 0.87625 0.225
vt 0.87625 0.225
vt 0.87625 0.025
vt 0.87625 0.025
vt 0.87625 0.225
vt 0.87625 0.025
vt 0.87625 0.225
vt 0.87625 0.225
vt 0.87625 0.025
vt 0.87625 0.025
vt 0.87625 0.225
vt 0.87625 0.025
vt 0.87625 0.225
vt 0.87625 0.225
vt 0.87625 0.025
vt 0.87625 0.025
vt 0.87625 0.225
vt 0.87625 0.025
vt 0.87625 0.225
vt 0.87625 0.225
vt 0.87625 0.025
vt 0.87625 0.025
vt 0.87625 0.225
vt 0.87625 0.225
vt 0.87625 0.025
vt 0.87625 0.025
vt 0.87625 0.225
vt 0.87625 0.025
vt 0.87625 0.225
vt 0.87625 0.225
vt 0.87625 0.025
vt 0.87625 0.025
vt 0.87625 0.225
vt 0.87625 0.025
vt 0.87625 0.225
vt 0.87625 0.225
vt 0.87625 0.025
vt 0.87625 0.025
vt 0.87625 0.225
vt 0.87625 0.025
vt 0.87625 0.225
vt 0.87625 0.225
vt 0.87625 0.025
vt 0.87625 0.025
vt 0.87625 0.225
vt 0.87625 0.025
vt 0.87625 0.225
vt 0.87625 0.025
vt 0.87625 0.225
vt 0.87625 0.225
vt 0.87625 0.025
vt 0.87625 0.025
vt 0.87625 0.225
vt 0.87625 0.025
vt 0.87625 0.225
vt 0.87625 0.225
vt 0.87625 0.025
vt 0.87625 0.025
vt 0.87625 0.225
vt 0.87625 0.025
vt 0.87625 0.225
vt 0.87625 0.225
vt 0.87625 0.025
vt 0.87625 0.025
vt 0.87625 0.225
vt 0.87625 0.025
vt 0.87625 0.225
vt 0.87625 0.225
vt 0.87625 0.025
vt 0.87625 0.025
vt 0.87625 0.225
vt 0.87625 0.225
vt 0.87625 0.025
vt 0.87625 0.025
vt 0.87625 0.225
vt 0.87625 0.025
vt 0.87625 0.225
vt 0.87625 0.225
vt 0.87625 0.025
vt 0.87625 0.025
vt 0.87625 0.225
vt 0.87625 0.025
vt 0.87625 0.225
vt 0.87625 0.225
vt 0.87625 0.025
vt 0.87625 0.025
vt 0.87625 0.225
vt 0.87625 0.025
vt 0.87625 0.225
vt 0.87625 0.225
vt 0.87625 0.025
vt 0.87625 0.025
vt 0.87625 0.225
vt 0.87625 0.025
vt 0.87625 0.225
vt 0.87625 0.025
vt 0.87625 0.225
vt 0.87625 0.225
vt 0.87625 0.025
vt 0.87625 0.025
vt 0.87625 0.225
vt 0.87625 0.025
vt 0.87625 0.225
vt 0.87625 0.225
vt 0.87625 0.025
vt 0.87625 0.025
vt 0.87625 0.225
vt 0.87625 0.025
vt 0.87625 0.225
vt 0.87625 0.225
vt 0.87625 0.025
vt 0.87625 0.025
vt 0.87625 0.225
vt 0.87625 0.025
vt 0.87625 0.225
vt 0.87625 0.225
vt 0.87625 0.025
vt 0.87625 0.025
vt 0.87625 0.225
vt 0.87625 0.225
vt 0.87625 0.025
vt 0.87625 0.025
vt 0.87625 0.225
vt 0.87625 0.025
vt 0.87625 0.225
vt 0.87625 0.225
vt 0.87625 0.025
vt 0.87625 0.025
vt 0.87625 0.225
vt 0.87625 0.025
vt 0.87625 0.225
vt 0.87625 0.225
vt 0.87625 0.025
vt 0.87625 0.025
vt 0.87625 0.225
vt 0.87625 0.025
vt 0.87625 0.225
vt 0.87625 0.225
vt 0.87625 0.025
vt 0.87625 0.025
vt 0.87625 0.225
vt 0.87625 0.025
vt 0.87625 0.225
vt 0.87625 0.025
vt 0.87625 0.225
vt 0.87625 0.225
vt 0.87625 0.025
vt 0.87625 0.025
vt 0.87625 0.225
vt 0.87625 0.025
vt 0.87625 0.225
vt 0.87625 0.225
vt 0.87625 0.025
vt 0.87625 0.025
vt 0.87625 0.225
vt 0.87625 0.025
vt 0.87625 0.225
vt 0.87625 0.225
vt 0.87625 0.025
vt 0.87625 0.025
vt 0.87625 0.225
vt 0.87625 0.025
vt 0.87625 0.225
vt 0.87625 0.225
vt 0.87625 0.025
vt 0.87625 0.025
vt 0.87625 0.225
vt 0.87625 0.225
vt 0.87625 0.025
vt 0.87625 0.025
vt 0.87625 0.225
vt 0.87625 0.025
vt 0.87625 0.225
vt 0.87625 0.225
vt 0.87625 0.025
vt 0.87625 0.025
vt 0.87625 0.225
vt 0.87625 0.025
vt 0.87625 0.225
vt 0.87625 0.225
vt 0.87625 0.025
vt 0.87625 0.025
vt 0.87625 0.225
vt 0.87625 0.025
vt 0.87625 0.225
vt 0.87625 0.225
vt 0.87625 0.025
vt 0.87625 0.025
vt 0.87625 0.225
vt 0.87625 0.025
vt 0.87625 0.225
vt 0.87625 0.025
vt 0.87625 0.225
vt 0.87625 0.225
vt 0.87625 0.025
vt 0.87625 0.025
vt 0.87625 0.225
vt 0.87625 0.025
vt 0.87625 0.225
vt 0.87625 0.225
vt 0.87625 0.025
vt 0.87625 0.025
vt 0.87625 0.225
vt 0.87625 0.025
vt 0.87625 0.225
vt 0.87625 0.225
vt 0.87625 0.025
vt 0.87625 0.025
vt 0.87625 0.225
vt 0.87625 0.025
vt 0.87625 0.225
vt 0.87625 0.225
vt 0.87625 0.025
vt 0.87625 0.025
vt 0.87625 0.225
vt 0.87625 0.225
vt 0.87625 0.025
vt 0.87625 0.025
vt 0.87625 0.225
vt 0.87625 0.025
vt 0.87625 0.225
vt 0.87625 0.225
vt 0.87625 0.025
vt 0.87625 0.025
vt 0.87625 0.225
vt 0.87625 0.025
vt 0.87625 0.225
vt 0.87625 0.225
vt 0.87625 0.025
vt 0.87625 0.025
vt 0.87625 0.225
vt 0.87625 0.025
vt 0.87625 0.225
vt 0.87625 0.225
vt 0.87625 0.025
vt 0.87625 0.025
vt 0.87625 0.225
vt 0.87625 0.025
vt 0.87625 0.225
vt 0.87625 0.025
vt 0.87625 0.225
vt 0.87625 0.225
vt 0.87625 0.025
vt 0.87625 0.025
vt 0.87625 0.225
vt 0.87625 0.025
vt 0.87625 0.225
vt 0.87625 0.225
vt 0.87625 0.025
vt 0.87625 0.025
vt 0.87625 0.225
vt 0.87625 0.025
vt 0.87625 0.225
vt 0.87625 0.225
vt 0.87625 0.025
vt 0.87625 0.025
vt 0.87625 0.225
vt 0.87625 0.025
vt 0.87625 0.225
vt 0.87625 0.225
vt 0.87625 0.025
vt 0.87625 0.025
vt 0.87625 0.225
vt 0.87625 0.225
vt 0.87625 0.025
vt 0.87625 0.025
vt 0.87625 0.225
vt 0.87625 0.025
vt 0.87625 0.225
vt 0.87625 0.225
vt 0.87625 0.025
vt 0.87625 0.025
vt 0.87625 0.225
vt 0.87625 0.025
vt 0.87625 0.225
vt 0.87625 0.225
vt 0.87625 0.025
vt 0.87625 0.025
vt 0.87625 0.225
vt 0.87625 0.025
vt 0.87625 0.225
vt 0.87625 0.225
vt 0.87625 0.025
vt 0.87625 0.025
vt 0.87625 0.225
vt 0.87625 0.025
vt 0.87625 0.225
vt 0.87625 0.025
vt 0.87625 0.225
vt 0.87625 0.225
vt 0.87625 0.025
vt 0.87625 0.025
vt 0.87625 0.225
vt 0.87625 0.025
vt 0.87625 0.225
vt 0.87625 0.225
vt 0.87625 0.025
vt 0.87625 0.025
vt 0.87625 0.225
vt 0.87625 0.025
vt 0.87625 0.225
vt 0.87625 0.225
vt 0.87625 0.025
vt 0.87625 0.025
vt 0.87625 0.225
vt 0.87625 0.025
vt 0.87625 0.225
vt 0.87625 0.225
vt 0.87625 0.025
vt 0.87625 0.025
vt 0.87625 0.225
vt 0.87625 0.225
vt 0.87625 0.025
vt 0.87625 0.025
vt 0.87625 0.225
vt 0.87625 0.025
vt 0.87625 0.225
vt 0.87625 0.225
vt 0.87625 0.025
vt 0.87625 0.025
vt 0.87625 0.225
vt 0.87625 0.025
vt 0.87625 0.225
vt 0.87625 0.225
vt 0.87625 0.025
vt 0.87625 0.025
vt 0.87625 0.225
vt 0.87625 0.025
vt 0.87625 0.225
vt 0.87625 0.225
vt 0.87625 0.025
vt 0.87625 0.025
vt 0.87625 0.225
vt 0.87625 0.025
vt 0.87625 0.225
vt 0.87625 0.025
vt 0.87625 0.225
vt 0.87625 0.225
vt 0.87625 0.025
vt 0.87625 0.025
vt 0.87625 0.225
vt 0.87625 0.025
vt 0.87625 0.225
vt 0.87625 0.225
vt 0.87625 0.025
vt 0.87625 0.025
vt 0.87625 0.225
vt 0.87625 0.025
vt 0.87625 0.225
vt 0.87625 0.225
vt 0.87625 0.025
vt 0.87625 0.025
vt 0.87625 0.225
vt 0.87625 0.025
vt 0.87625 0.225
vt 0.87625 0.225
vt 0.87625 0.025
vt 0.87625 0.025
vt 0.87625 0.225
vt 0.87625 0.225
vt 0.87625 0.025
vt 0.87625 0.025
vt 0.87625 0.225
vt 0.87625 0.025
vt 0.87625 0.225
vt 0.87625 0.225
vt 0.87625 0.025
vt 0.87625 0.025
vt 0.87625 0.225
vt 0.87625 0.025
vt 0.87625 0.225
vt 0.87625 0.225
vt 0.87625 0.025
vt 0.87625 0.025
vt 0.87625 0.225
vt 0.87625 0.025
vt 0.87625 0.225
vt 0.87625 0.225
vt 0.87625 0.025
vt 0.87625 0.025
vt 0.87625 0.225
vt 0.87625 0.025
vt 0.87625 0.225
vt 0.87625 0.025
vt 0.87625 0.225
vt 0.87625 0.225
vt 0.87625 0.025
vt 0.87625 0.025
vt 0.87625 0.225
vt 0.87625 0.025
vt 0.87625 0.225
vt 0.87625 0.225
vt 0.87625 0.025
vt 0.87625 0.025
vt 0.87625 0.225
vt 0.87625 0.025
vt 0.87625 0.225
vt 0.87625 0.225
vt 0.87625 0.025
vt 0.87625 0.025
vt 0.87625 0.225
vt 0.87625 0.025
vt 0.87625 0.225
vt 0.87625 0.225
vt 0.87625 0.025
vt 0.87625 0.025
vt 0.87625 0.225
vt 0.87625 0.225
vt 0.87625 0.025
vt 0.87625 0.025
vt 0.87625 0.225
vt 0.87625 0.025
vt 0.87625 0.225
vt 0.87625 0.225
vt 0.87625 0.025
vt 0.87625 0.025
vt 0.87625 0.225
vt 0.87625 0.025
vt 0.87625 0.225
vt 0.87625 0.225
vt 0.87625 0.025
vt 0.87625 0.025
vt 0.87625 0.225
vt 0.87625 0.025
vt 0.87625 0.225
vt 0.87625 0.225
vt 0.87625 0.025
vt 0.87625 0.025
vt 0.87625 0.225
vt 0.87625 0.025
vt 0.87625 0.225
vt 0.87625 0.025
vt 0.87625 0.225
vt 0.87625 0.225
vt 0.87625 0.025
vt 0.87625 0.025
vt 0.87625 0.225
vt 0.87625 0.025
vt 0.87625 0.225
vt 0.87625 0.225
vt 0.87625 0.025
vt 0.87625 0.025
vt 0.87625 0.225
vt 0.87625 0.025
vt 0.87625 0.225
vt 0.87625 0.225
vt 0.87625 0.025
vt 0.87625 0.025
vt 0.87625 0.225
vt 0.87625 0.025
vt 0.87625 0.225
vt 0.87625 0.225
vt 0.87625 0.025
vt 0.87625 0.025
vt 0.87625 0.225
vt 0.87625 0.225
vt 0.87625 0.025
vt 0.87625 0.025
vt 0.87625 0.225
vt 0.87625 0.025
vt 0.87625 0.225
vt 0.87625 0.225
vt 0.87625 0.025
vt 0.87625 0.025
vt 0.87625 0.225
vt 0.87625 0.025
vt 0.87625 0.225
vt 0.87625 0.225
vt 0.87625 0.025
vt 0.87625 0.025
vt 0.87625 0.225
vt 0.87625 0.025
vt 0.87625 0.225
vt 0.87625 0.225
vt 0.87625 0.025
vt 0.87625 0.025
vt 0.87625 0.225
vt 0.87625 0.025
vt 0.87625 0.225
vt 0.87625 0.025
vt 0.87625 0.225
vt 0.87625 0.225
vt 0.87625 0.025
vt 0.87625 0.025
vt 0.87625 0.225
vt 0.87625 0.025
vt 0.87625 0.225
vt 0.87625 0.225
vt 0.87625 0.025
vt 0.87625 0.025
vt 0.87625 0.225
vt 0.87625 0.025
vt 0.87625 0.225
vt 0.87625 0.225
vt 0.87625 0.025
vt 0.87625 0.025
vt 0.87625 0.225
vt 0.87625 0.025
vt 0.87625 0.225
vt 0.87625 0.225
vt 0.87625 0.025
vt 0.87625 0.025
vt 0.87625 0.225
vt 0.87625 0.225
vt 0.87625 0.025
vt 0.87625 0.025
vt 0.87625 0.225
vt 0.87625 0.025
vt 0.87625 0.225
vt 0.87625 0.225
vt 0.87625 0.025
vt 0.87625 0.025
vt 0.87625 0.225
vt 0.87625 0.025
vt 0.87625 0.225
vt 0.87625 0.225
vt 0.87625 0.025
vt 0.87625 0.025
vt 0.87625 0.225
vt 0.87625 0.025
vt 0.87625 0.225
vt 0.87625 0.225
vt 0.87625 0.025
vt 0.87625 0.025
vt 0.87625 0.225
vt 0.87625 0.025
vt 0.87625 0.225
vt 0.87625 0.025
vt 0.87625 0.225
vt 0.87625 0.225
vt 0.87625 0.025
vt 0.87625 0.025
vt 0.87625 0.225
vt 0.87625 0.025
vt 0.87625 0.225
vt 0.87625 0.225
vt 0.87625 0.025
vt 0.87625 0.025
vt 0.87625 0.225
vt 0.87625 0.025
vt 0.87625 0.225
vt 0.87625 0.225
vt 0.87625 0.025
vt 0.87625 0.025
vt 0.87625 0.225
vt 0.87625 0.025
vt 0.87625 0.225
vt 0.87625 0.225
vt 0.87625 0.025
vt 0.87625 0.025
vt 0.87625 0.225
vt 0.87625 0.225
vt 0.87625 0.025
vt 0.87625 0.025
vt 0.87625 0.225
vt 0.87625 0.025
vt 0.87625 0.225
vt 0.87625 0.225
vt 0.87625 0.025
vt 0.87625 0.025
vt 0.87625 0.225
vt 0.87625 0.025
vt 0.87625 0.225
vt 0.87625 0.225
vt 0.87625 0.025
vt 0.87625 0.025
vt 0.87625 0.225
vt 0.87625 0.025
vt 0.87625 0.225
vt 0.87625 0.225
vt 0.87625 0.025
vt 0.87625 0.025
vt 0.87625 0.225
vt 0.87625 0.025
vt 0.87625 0.225
vt 0.87625 0.025
vt 0.87625 0.225
vt 0.87625 0.225
vt 0.87625 0.025
vt 0.87625 0.025
vt 0.87625 0.225
vt 0.87625 0.025
vt 0.87625 0.225
vt 0.87625 0.225
vt 0.87625 0.025
vt 0.87625 0.025
vt 0.87625 0.225
vt 0.87625 0.025
vt 0.87625 0.225
vt 0.87625 0.225
vt 0.87625 0.025
vt 0.87625 0.025
vt 0.87625 0.225
vt 0.87625 0.025
vt 0.87625 0.225
vt 0.87625 0.225
vt 0.87625 0.025
vt 0.87625 0.025
vt 0.87625 0.225
vt 0.87625 0.225
vt 0.87625 0.025
vt 0.87625 0.025
vt 0.87625 0.225
vt 0.87625 0.025
vt 0.87625 0.225
vt 0.87625 0.225
vt 0.87625 0.025
vt 0.87625 0.025
vt 0.87625 0.225
vt 0.87625 0.025
vt 0.87625 0.225
vt 0.87625 0.225
vt 0.87625 0.025
vt 0.87625 0.025
vt 0.87625 0.225
vt 0.87625 0.025
vt 0.87625 0.225
vt 0.87625 0.225
vt 0.87625 0.025
vt 0.87625 0.025
vt 0.87625 0.225
vt 0.87625 0.025
vt 0.87625 0.225
vt 0.87625 0.025
vt 0.87625 0.225
vt 0.87625 0.225
vt 0.87625 0.025
vt 0.87625 0.025
vt 0.87625 0.225
vt 0.87625 0.025
vt 0.87625 0.225
vt 0.87625 0.225
vt 0.87625 0.025
vt 0.87625 0.025
vt 0.87625 0.225
vt 0.87625 0.025
vt 0.87625 0.225
vt 0.87625 0.225
vt 0.87625 0.025
vt 0.87625 0.025
vt 0.87625 0.225
vt 0.87625 0.025
vt 0.87625 0.225
vt 0.87625 0.225
vt 0.87625 0.025
vt 0.87625 0.025
vt 0.87625 0.225
vt 0.87625 0.225
vt 0.87625 0.025
vt 0.87625 0.025
vt 0.87625 0.225
vt 0.87625 0.025
vt 0.87625 0.225
vt 0.87625 0.225
vt 0.87625 0.025
vt 0.87625 0.025
vt 0.87625 0.225
vt 0.87625 0.025
vt 0.87625 0.225
vt 0.87625 0.225
vt 0.87625 0.025
vt 0.87625 0.025
vt 0.87625 0.225
vt 0.87625 0.025
vt 0.87625 0.225
vt 0.87625 0.225
vt 0.87625 0.025
vt 0.87625 0.025
vt 0.87625 0.225
vt 0.87625 0.025
vt 0.87625 0.225
vt 0.87625 0.025
vt 0.87625 0.225
vt 0.87625 0.225
vt 0.87625 0.025
vt 0.87625 0.025
vt 0.87625 0.225
vt 0.87625 0.025
vt 0.87625 0.225
vt 0.87625 0.225
vt 0.87625 0.025
vt 0.87625 0.025
vt 0.87625 0.225
vt 0.87625 0.025
vt 0.87625 0.225
vt 0.87625 0.225
vt 0.87625 0.025
vt 0.87625 0.025
vt 0.87625 0.225
vt 0.87625 0.025
vt 0.87625 0.225
vt 0.87625 0.225
vt 0.87625 0.025
vt 0.87625 0.025
vt 0.87625 0.225
vt 0.87625 0.225
vt 0.87625 0.025
vt 0.87625 0.025
vt 0.87625 0.225
vt 0.87625 0.025
vt 0.87625 0.225
vt 0.87625 0.225
vt 0.87625 0.025
vt 0.87625 0.025
vt 0.87625 0.225
vt 0.87625 0.025
vt 0.87625 0.225
vt 0.87625 0.225
vt 0.87625 0.025
vt 0.87625 0.025
vt 0.87625 0.225
vt 0.87625 0.025
vt 0.87625 0.225
vt 0.87625 0.225
vt 0.87625 0.025
vt 0.87625 0.025
vt 0.87625 0.225
vt 0.87625 0.025
vt 0.87625 0.225
vt 0.87625 0.025
vt 0.87625 0.225
vt 0.87625 0.225
vt 0.87625 0.025
vt 0.87625 0.025
vt 0.87625 0.225
vt 0.87625 0.025
vt 0.87625 0.225
vt 0.87625 0.225
vt 0.87625 0.025
vt 0.87625 0.025
vt 0.87625 0.225
vt 0.87625 0.025
vt 0.87625 0.225
vt 0.87625 0.225
vt 0.87625 0.025
vt 0.87625 0.025
vt 0.87625 0.225
vt 0.87625 0.025
vt 0.87625 0.225
vt 0.87625 0.225
vt 0.87625 0.025
vt 0.87625 0.025
vt 0.87625 0.225
vt 0.87625 0.225
vt 0.87625 0.025
vt 0.87625 0.025
vt 0.87625 0.225
vt 0.87625 0.025
vt 0.87625 0.225
vt 0.87625 0.225
vt 0.87625 0.025
vt 0.87625 0.025
vt 0.87625 0.225
vt 0.87625 0.025
vt 0.87625 0.225
vt 0.87625 0.225
vt 0.87625 0.025
vt 0.87625 0.025
vt 0.87625 0.225
vt 0.87625 0.025
vt 0.87625 0.225
vt 0.87625 0.225
vt 0.87625 0.025
vt 0.87625 0.025
vt 0.87625 0.225
vt 0.87625 0.025
vt 0.87625 0.225
vt 0.87625 0.025
vt 0.87625 0.225
vt 0.87625 0.225
vt 0.87625 0.025
vt 0.87625 0.025
vt 0.87625 0.225
vt 0.87625 0.025
vt 0.87625 0.225
vt 0.87625 0.225
vt 0.87625 0.025
vt 0.87625 0.025
vt 0.87625 0.225
vt 0.87625 0.025
vt 0.87625 0.225
vt 0.87625 0.225
vt 0.87625 0.025
vt 0.87625 0.025
vt 0.87625 0.225
vt 0.87625 0.025
vt 0.87625 0.225
vt 0.87625 0.225
vt 0.87625 0.025
vt 0.87625 0.025
vt 0.87625 0.225
vt 0.87625 0.225
vt 0.87625 0.025
vt 0.87625 0.025
vt 0.87625 0.225
vt 0.87625 0.025
vt 0.87625 0.225
vt 0.87625 0.225
vt 0.87625 0.025
vt 0.87625 0.025
vt 0.87625 0.225
vt 0.87625 0.025
vt 0.87625 0.225
vt 0.87625 0.225
vt 0.87625 0.025
vt 0.87625 0.025
vt 0.87625 0.225
vt 0.87625 0.025
vt 0.87625 0.225
vt 0.87625 0.225
vt 0.87625 0.025
vt 0.87625 0.025
vt 0.87625 0.225
vt 0.87625 0.025
vt 0.87625 0.225
vt 0.87625 0.025
vt 0.87625 0.225
vt 0.87625 0.225
vt 0.87625 0.025
vt 0.87625 0.025
vt 0.87625 0.225
vt 0.87625 0.025
vt 0.87625 0.225
vt 0.87625 0.225
vt 0.87625 0.025
vt 0.87625 0.025
vt 0.87625 0.225
vt 0.87625 0.025
vt 0.87625 0.225
vt 0.87625 0.225
vt 0.87625 0.025
vt 0.87625 0.025
vt 0.87625 0.225
vt 0.87625 0.025
vt 0.87625 0.225
vt 0.87625 0.225
vt 0.87625 0.025
vt 0.87625 0.025
vt 0.87625 0.225
vt 0.87625 0.225
vt 0.87625 0.025
vt 0.87625 0.025
vt 0.87625 0.225
vt 0.87625 0.025
vt 0.87625 0.225
vt 0.87625 0.225
vt 0.87625 0.025
vt 0.87625 0.025
vt 0.87625 0.225
vt 0.87625 0.025
vt 0.87625 0.225
vt 0.87625 0.225
vt 0.87625 0.025
vt 0.87625 0.025
vt 0.87625 0.225
vt 0.87625 0.025
vt 0.87625 0.225
vt 0.87625 0.225
vt 0.87625 0.025
vt 0.87625 0.025
vt 0.87625 0.225
vt 0.87625 0.025
vt 0.87625 0.225
vt 0.87625 0.025
vt 0.87625 0.225
vt 0.87625 0.225
vt 0.87625 0.025
vt 0.87625 0.025
vt 0.87625 0.225
vt 0.87625 0.025
vt 0.87625 0.225
vt 0.87625 0.225
vt 0.87625 0.025
vt 0.87625 0.025
vt 0.87625 0.225
vt 0.87625 0.025
vt 0.87625 0.225
vt 0.87625 0.225
vt 0.87625 0.025
vt 0.87625 0.025
vt 0.87625 0.225
vt 0.87625 0.025
vt 0.87625 0.225
vt 0.87625 0.225
vt 0.87625 0.025
vt 0.87625 0.025
vt 0.87625 0.225
vt 0.87625 0.225
vt 0.87625 0.025
vt 0.87625 0.025
vt 0.87625 0.225
vt 0.87625 0.025
vt 0.87625 0.225
vt 0.87625 0.225
vt 0.87625 0.025
vt 0.87625 0.025
vt 0.87625 0.225
vt 0.87625 0.025
vt 0.87625 0.225
vt 0.87625 0.225
vt 0.87625 0.025
vt 0.87625 0.025
vt 0.87625 0.225
vt 0.87625 0.025
vt 0.87625 0.225
vt 0.87625 0.225
vt 0.87625 0.025
vt 0.87625 0.025
vt 0.87625 0.225
vt 0.87625 0.025
vt 0.87625 0.225
vt 0.87625 0.025
vt 0.87625 0.225
vt 0.87625 0.225
vt 0.87625 0.025
vt 0.87625 0.025
vt 0.87625 0.225
vt 0.87625 0.025
vt 0.87625 0.225
vt 0.87625 0.225
vt 0.87625 0.025
vt 0.87625 0.025
vt 0.87625 0.225
vt 0.87625 0.025
vt 0.87625 0.225
vt 0.87625 0.225
vt 0.87625 0.025
vt 0.87625 0.025
vt 0.87625 0.225
vt 0.87625 0.025
vt 0.87625 0.225
vt 0.87625 0.225
vt 0.87625 0.025
vt 0.87625 0.025
vt 0.87625 0.225
vt 0.87625 0.225
vt 0.87625 0.025
vt 0.87625 0.025
vt 0.87625 0.225
vt 0.87625 0.025
vt 0.87625 0.225
vt 0.87625 0.225
vt 0.87625 0.025
vt 0.87625 0.025
vt 0.87625 0.225
vt 0.87625 0.025
vt 0.87625 0.225
vt 0.87625 0.225
vt 0.87625 0.025
vt 0.87625 0.025
vt 0.87625 0.225
vt 0.87625 0.025
vt 0.87625 0.225
vt 0.87625 0.225
vt 0.87625 0.025
vt 0.87625 0.025
vt 0.87625 0.225
vt 0.87625 0.025
vt 0.87625 0.225
vt 0.87625 0.025
vt 0.87625 0.225
vt 0.87625 0.225
vt 0.87625 0.025
vt 0.87625 0.025
vt 0.87625 0.225
vt 0.87625 0.025
vt 0.87625 0.225
vt 0.87625 0.225
vt 0.87625 0.025
vt 0.87625 0.025
vt 0.87625 0.225
vt 0.87625 0.025
vt 0.87625 0.225
vt 0.87625 0.225
vt 0.87625 0.025
vt 0.87625 0.025
vt 0.87625 0.225
vt 0.87625 0.025
vt 0.87625 0.225
vt 0.87625 0.225
vt 0.87625 0.025
vt 0.87625 0.025
vt 0.87625 0.225
vt 0.87625 0.225
vt 0.87625 0.025
vt 0.87625 0.025
vt 0.87625 0.225
vt 0.87625 0.025
vt 0.87625 0.225
vt 0.87625 0.225
vt 0.87625 0.025
vt 0.87625 0.025
vt 0.87625 0.225
vt 0.87625 0.025
vt 0.87625 0.225
vt 0.87625 0.225
vt 0.87625 0.025
vt 0.87625 0.025
vt 0.87625 0.225
vt 0.87625 0.025
vt 0.87625 0.225
vt 0.87625 0.225
vt 0.87625 0.025
vt 0.87625 0.025
vt 0.87625 0.225
vt 0.87625 0.025
vt 0.87625 0.225
vt 0.87625 0.025
vt 0.87625 0.225
vt 0.87625 0.225
vt 0.87625 0.025
vt 0.87625 0.025
vt 0.87625 0.225
vt 0.87625 0.025
vt 0.87625 0.225
vt 0.87625 0.225
vt 0.87625 0.025
vt 0.87625 0.025
vt 0.87625 0.225
vt 0.87625 0.025
vt 0.87625 0.225
vt 0.87625 0.225
vt 0.87625 0.025
vt 0.87625 0.025
vt 0.87625 0.225
vt 0.87625 0.025
vt 0.87625 0.225
vt 0.87625 0.225
vt 0.87625 0.025
vt 0.87625 0.025
vt 0.87625 0.225
vt 0.87625 0.225
vt 0.87625 0.025
vt 0.87625 0.025
vt 0.87625 0.225
vt 0.87625 0.025
vt 0.87625 0.225
vt 0.87625 0.225
vt 0.87625 0.025
vt 0.87625 0.025
vt 0.87625 0.225
vt 0.87625 0.025
vt 0.87625 0.225
vt 0.87625 0.225
vt 0.87625 0.025
vt 0.87625 0.025
vt 0.87625 0.225
vt 0.87625 0.025
vt 0.87625 0.225
vt 0.87625 0.225
vt 0.87625 0.025
vt 0.87625 0.025
vt 0.87625 0.225
vt 0.87625 0.025
vt 0.87625 0.225
vt 0.87625 0.025
vt 0.87625 0.225
vt 0.87625 0.225
vt 0.87625 0.025
vt 0.87625 0.025
vt 0.87625 0.225
vt 0.87625 0.025
vt 0.87625 0.225
vt 0.87625 0.225
vt 0.87625 0.025
vt 0.87625 0.025
vt 0.87625 0.225
vt 0.87625 0.025
vt 0.87625 0.225
vt 0.87625 0.225
vt 0.87625 0.025
vt 0.87625 0.025
vt 0.87625 0.225
vt 0.87625 0.025
vt 0.87625 0.225
vt 0.87625 0.225
vt 0.87625 0.025
vt 0.87625 0.025
vt 0.87625 0.225
vt 0.87625 0.225
vt 0.87625 0.025
vt 0.87625 0.025
vt 0.87625 0.225
vt 0.87625 0.025
vt 0.87625 0.225
vt 0.87625 0.225
vt 0.87625 0.025
vt 0.87625 0.025
vt 0.87625 0.225
vt 0.87625 0.025
vt 0.87625 0.225
vt 0.87625 0.225
vt 0.87625 0.025
vt 0.87625 0.025
vt 0.87625 0.225
vt 0.87625 0.025
vt 0.87625 0.225
vt 0.87625 0.225
vt 0.87625 0.025
vt 0.87625 0.025
vt 0.87625 0.225
vt 0.87625 0.025
vt 0.87625 0.225
vt 0.87625 0.025
vt 0.87625 0.225
vt 0.87625 0.225
vt 0.87625 0.025
vt 0.87625 0.025
vt 0.87625 0.225
vt 0.87625 0.025
vt 0.87625 0.225
vt 0.87625 0.225
vt 0.87625 0.025
vt 0.87625 0.025
vt 0.87625 0.225
vt 0.87625 0.025
vt 0.87625 0.225
vt 0.87625 0.225
vt 0.87625 0.025
vt 0.87625 0.025
vt 0.87625 0.225
vt 0.87625 0.025
vt 0.87625 0.225
vt 0.87625 0.225
vt 0.87625 0.025
vt 0.87625 0.025
vt 0.87625 0.225
vt 0.87625 0.225
vt 0.87625 0.025
vt 0.87625 0.025
vt 0.87625 0.225
vt 0.87625 0.025
vt 0.87625 0.225
vt 0.87625 0.225
vt 0.87625 0.025
vt 0.87625 0.025
vt 0.87625 0.225
vt 0.87625 0.025
vt 0.87625 0.225
vt 0.87625 0.225
vt 0.87625 0.025
vt 0.87625 0.025
vt 0.87625 0.225
vt 0.87625 0.025
vt 0.87625 0.225
vt 0.87625 0.225
vt 0.87625 0.025
vt 0.87625 0.025
vt 0.87625 0.225
vt 0.87625 0.025
vt 0.87625 0.225
vt 0.87625 0.025
vt 0.87625 0.225
vt 0.87625 0.225
vt 0.87625 0.025
vt 0.87625 0.025
vt 0.87625 0.225
vt 0.87625 0.025
vt 0.87625 0.225
vt 0.87625 0.225
vt 0.87625 0.025
vt 0.87625 0.025
vt 0.87625 0.225
vt 0.87625 0.025
vt 0.87625 0.225
vt 0.87625 0.225
vt 0.87625 0.025
vt 0.87625 0.025
vt 0.87625 0.225
vt 0.87625 0.025
vt 0.87625 0.225
vt 0.87625 0.225
vt 0.87625 0.025
vt 0.87625 0.025
vt 0.87625 0.225
vt 0.87625 0.225
vt 0.87625 0.025
vt 0.87625 0.025
vt 0.87625 0.225
vt 0.87625 0.025
vt 0.87625 0.225
vt 0.87625 0.225
vt 0.87625 0.025
vt 0.87625 0.025
vt 0.87625 0.225
vt 0.87625 0.025
vt 0.87625 0.225
vt 0.87625 0.225
vt 0.87625 0.025
vt 0.87625 0.025
vt 0.87625 0.225
vt 0.87625 0.025
vt 0.87625 0.225
vt 0.87625 0.225
vt 0.87625 0.025
vt 0.87625 0.025
vt 0.87625 0.225
vt 0.87625 0.025
vt 0.87625 0.225
vt 0.87625 0.025
vt 0.87625 0.225
vt 0.87625 0.225
vt 0.87625 0.025
vt 0.87625 0.025
vt 0.87625 0.225
vt 0.87625 0.025
vt 0.87625 0.225
vt 0.87625 0.225
vt 0.87625 0.025
vt 0.87625 0.025
vt 0.87625 0.225
vt 0.87625 0.025
vt 0.87625 0.225
vt 0.87625 0.225
vt 0.87625 0.025
vt 0.87625 0.025
vt 0.87625 0.225
vt 0.87625 0.025
vt 0.87625 0.225
vt 0.87625 0.225
vt 0.87625 0.025
vt 0.87625 0.025
vt 0.87625 0.225
vt 0.87625 0.225
vt 0.87625 0.025
vt 0.87625 0.025
vt 0.87625 0.225
vt 0.87625 0.025
vt 0.87625 0.225
vt 0.87625 0.225
vt 0.87625 0.025
vt 0.87625 0.025
vt 0.87625 0.225
vt 0.87625 0.025
vt 0.87625 0.225
vt 0.87625 0.225
vt 0.87625 0.025
vt 0.87625 0.025
vt 0.87625 0.225
vt 0.87625 0.025
vt 0.87625 0.225
vt 0.87625 0.225
vt 0.87625 0.025
vt 0.87625 0.025
vt 0.87625 0.225
vt 0.87625 0.025
vt 0.87625 0.225
vt 0.87625 0.025
vt 0.87625 0.225
vt 0.87625 0.225
vt 0.87625 0.025
vt 0.87625 0.025
vt 0.87625 0.225
vt 0.87625 0.025
vt 0.87625 0.225
vt 0.87625 0.225
vt 0.87625 0.025
vt 0.87625 0.025
vt 0.87625 0.225
vt 0.87625 0.025
vt 0.87625 0.225
vt 0.87625 0.225
vt 0.87625 0.025
vt 0.87625 0.025
vt 0.87625 0.225
vt 0.87625 0.025
vt 0.87625 0.225
vt 0.87625 0.225
vt 0.87625 0.025
vt 0.87625 0.025
vt 0.87625 0.225
vt 0.87625 0.225
vt 0.87625 0.025
vt 0.87625 0.025
vt 0.87625 0.225
vt 0.87625 0.025
vt 0.87625 0.225
vt 0.87625 0.225
vt 0.87625 0.025
vt 0.87625 0.025
vt 0.87625 0.225
vt 0.87625 0.025
vt 0.87625 0.225
vt 0.87625 0.225
vt 0.87625 0.025
vt 0.87625 0.025
vt 0.87625 0.225
vt 0.87625 0.025
vt 0.87625 0.225
vt 0.87625 0.225
vt 0.87625 0.025
vt 0.87625 0.025
vt 0.87625 0.225
vt 0.87625 0.025
vt 0.87625 0.225
vt 0.87625 0.025
vt 0.87625 0.225
vt 0.87625 0.225
vt 0.87625 0.025
vt 0.87625 0.025
vt 0.87625 0.225
vt 0.87625 0.025
vt 0.87625 0.225
vt 0.87625 0.225
vt 0.87625 0.025
vt 0.87625 0.025
vt 0.87625 0.225
vt 0.87625 0.025
vt 0.87625 0.225
vt 0.87625 0.225
vt 0.87625 0.025
vt 0.87625 0.025
vt 0.87625 0.225
vt 0.87625 0.025
vt 0.87625 0.225
vt 0.87625 0.225
vt 0.87625 0.025
vt 0.87625 0.025
vt 0.87625 0.225
vt 0.87625 0.225
vt 0.87625 0.025
vt 0.87625 0.025
vt 0.87625 0.225
vt 0.87625 0.025
vt 0.87625 0.225
vt 0.87625 0.225
vt 0.87625 0.025
vt 0.87625 0.025
vt 0.87625 0.225
vt 0.87625 0.025
vt 0.87625 0.225
vt 0.87625 0.225
vt 0.87625 0.025
vt 0.87625 0.025
vt 0.87625 0.225
vt 0.87625 0.025
vt 0.87625 0.225
vt 0.87625 0.225
vt 0.87625 0.025
vt 0.87625 0.025
vt 0.87625 0.225
vt 0.87625 0.025
vt 0.87625 0.225
vt 0.87625 0.025
vt 0.87625 0.225
vt 0.87625 0.225
vt 0.87625 0.025
vt 0.87625 0.025
vt 0.87625 0.225
vt 0.87625 0.025
vt 0.87625 0.225
vt 0.87625 0.225
vt 0.87625 0.025
vt 0.87625 0.025
vt 0.87625 0.225
vt 0.87625 0.025
vt 0.87625 0.225
vt 0.87625 0.225
vt 0.87625 0.025
vt 0.87625 0.025
vt 0.87625 0.225
vt 0.87625 0.025
vt 0.87625 0.225
vt 0.87625 0.225
vt 0.87625 0.025
vt 0.87625 0.025
vt 0.87625 0.225
vt 0.87625 0.225
vt 0.87625 0.025
vt 0.87625 0.025
vt 0.87625 0.225
vt 0.87625 0.025
vt 0.87625 0.225
vt 0.87625 0.225
vt 0.87625 0.025
vt 0.87625 0.025
vt 0.87625 0.225
vt 0.87625 0.025
vt 0.87625 0.225
vt 0.87625 0.225
vt 0.87625 0.025
vt 0.87625 0.025
vt 0.87625 0.225
vt 0.87625 0.025
vt 0.87625 0.225
vt 0.87625 0.225
vt 0.87625 0.025
vt 0.87625 0.025
vt 0.87625 0.225
vt 0.87625 0.025
vt 0.87625 0.225
vt 0.87625 0.025
vt 0.87625 0.225
vt 0.87625 0.225
vt 0.87625 0.025
vt 0.87625 0.025
vt 0.87625 0.225
vt 0.87625 0.025
vt 0.87625 0.225
vt 0.87625 0.225
vt 0.87625 0.025
vt 0.87625 0.025
vt 0.87625 0.225
vt 0.87625 0.025
vt 0.87625 0.225
vt 0.87625 0.225
vt 0.87625 0.025
vt 0.87625 0.025
vt 0.87625 0.225
vt 0.87625 0.025
vt 0.87625 0.225
vt 0.87625 0.225
vt 0.87625 0.025
vt 0.87625 0.025
vt 0.87625 0.225
vt 0.87625 0.225
vt 0.87625 0.025
vt 0.87625 0.025
vt 0.87625 0.225
vt 0.87625 0.025
vt 0.87625 0.225
vt 0.87625 0.225
vt 0.87625 0.025
vt 0.87625 0.025
vt 0.87625 0.225
vt 0.87625 0.025
vt 0.87625 0.225
vt 0.87625 0.225
vt 0.87625 0.025
vt 0.87625 0.025
vt 0.87625 0.225
vt 0.87625 0.025
vt 0.87625 0.225
vt 0.87625 0.225
vt 0.87625 0.025
vt 0.87625 0.025
vt 0.87625 0.225
vt 0.87625 0.025
vt 0.87625 0.225
vt 0.87625 0.025
vt 0.87625 0.225
vt 0.87625 0.225
vt 0.87625 0.025
vt 0.87625 0.025
vt 0.87625 0.225
vt 0.87625 0.025
vt 0.87625 0.225
vt 0.87625 0.225
vt 0.87625 0.025
vt 0.87625 0.025
vt 0.87625 0.225
vt 0.87625 0.025
vt 0.87625 0.225
vt 0.87625 0.225
vt 0.87625 0.025
vt 0.87625 0.025
vt 0.87625 0.225
vt 0.87625 0.025
vt 0.87625 0.225
vt 0.87625 0.225
vt 0.87625 0.025
vt 0.87625 0.025
vt 0.87625 0.225
vt 0.87625 0.225
vt 0.87625 0.025
vt 0.87625 0.025
vt 0.87625 0.225
vt 0.87625 0.025
vt 0.87625 0.225
vt 0.87625 0.225
vt 0.87625 0.025
vt 0.87625 0.025
vt 0.87625 0.225
vt 0.87625 0.025
vt 0.87625 0.225
vt 0.87625 0.225
vt 0.87625 0.025
vt 0.87625 0.025
vt 0.87625 0.225
vt 0.87625 0.025
vt 0.87625 0.225
vt 0.87625 0.225
vt 0.87625 0.025
vt 0.87625 0.025
vt 0.87625 0.225
vt 0.87625 0.025
vt 0.87625 0.225
vt 0.87625 0.025
vt 0.87625 0.225
vt 0.87625 0.225
vt 0.87625 0.025
vt 0.87625 0.025
vt 0.87625 0.225
vt 0.87625 0.025
vt 0.87625 0.225
vt 0.87625 0.225
vt 0.87625 0.025
vt 0.87625 0.025
vt 0.87625 0.225
vt 0.87625 0.025
vt 0.87625 0.225
vt 0.87625 0.225
vt 0.87625 0.025
vt 0.87625 0.025
vt 0.87625 0.225
vt 0.87625 0.025
vt 0.87625 0.225
vt 0.87625 0.225
vt 0.87625 0.025
vt 0.87625 0.025
vt 0.87625 0.225
vt 0.87625 0.225
vt 0.87625 0.025
vt 0.87625 0.025
vt 0.87625 0.225
vt 0.87625 0.025
vt 0.87625 0.225
vt 0.87625 0.225
vt 0.87625 0.025
vt 0.87625 0.025
vt 0.87625 0.225
vt 0.87625 0.025
vt 0.87625 0.225
vt 0.87625 0.225
vt 0.87625 0.025
vt 0.87625 0.025
vt 0.87625 0.225
vt 0.87625 0.025
vt 0.87625 0.225
vt 0.87625 0.225
vt 0.87625 0.025
vt 0.87625 0.025
vt 0.87625 0.225
vt 0.87625 0.025
vt 0.87625 0.225
vt 0.87625 0.025
vt 0.87625 0.225
vt 0.87625 0.225
vt 0.87625 0.025
vt 0.87625 0.025
vt 0.87625 0.225
vt 0.87625 0.025
vt 0.87625 0.225
vt 0.87625 0.225
vt 0.87625 0.025
vt 0.87625 0.025
vt 0.87625 0.225
vt 0.87625 0.025
vt 0.87625 0.225
vt 0.87625 0.225
vt 0.87625 0.025
vt 0.87625 0.025
vt 0.87625 0.225
vt 0.87625 0.025
vt 0.87625 0.225
vt 0.87625 0.225
vt 0.87625 0.025
vt 0.87625 0.025
vt 0.87625 0.225
vt 0.87625 0.225
vt 0.87625 0.025
vt 0.87625 0.025
vt 0.87625 0.225
vt 0.87625 0.025
vt 0.87625 0.225
vt 0.87625 0.225
vt 0.87625 0.025
vt 0.87625 0.025
vt 0.87625 0.225
vt 0.87625 0.025
vt 0.87625 0.225
vt 0.87625 0.225
vt 0.87625 0.025
vt 0.87625 0.025
vt 0.87625 0.225
vt 0.87625 0.025
vt 0.87625 0.225
vt 0.87625 0.225
vt 0.87625 0.025
vt 0.87625 0.025
vt 0.87625 0.225
vt 0.87625 0.025
vt 0.87625 0.225
vt 0.87625 0.025
vt 0.87625 0.225
vt 0.87625 0.225
vt 0.87625 0.025
vt 0.87625 0.025
vt 0.87625 0.225
vt 0.87625 0.025
vt 0.87625 0.225
vt 0.87625 0.225
vt 0.87625 0.025
vt 0.87625 0.025
vt 0.87625 0.225
vt 0.87625 0.025
vt 0.87625 0.225
vt 0.87625 0.225
vt 0.87625 0.025
vt 0.87625 0.025
vt 0.87625 0.225
vt 0.87625 0.025
vt 0.87625 0.225
vt 0.87625 0.225
vt 0.87625 0.025
vt 0.87625 0.025
vt 0.87625 0.225
vt 0.87625 0.225
vt 0.87625 0.025
vt 0.87625 0.025
vt 0.87625 0.225
vt 0.87625 0.025
vt 0.87625 0.225
vt 0.87625 0.225
vt 0.87625 0.025
vt 0.87625 0.025
vt 0.87625 0.225
vt 0.87625 0.025
vt 0.87625 0.225
vt 0.87625 0.225
vt 0.87625 0.025
vt 0.87625 0.025
vt 0.87625 0.225
vt 0.87625 0.025
vt 0.87625 0.225
vt 0.87625 0.225
vt 0.87625 0.025
vt 0.87625 0.025
vt 0.87625 0.225
vt 0.87625 0.025
vt 0.87625 0.225
vt 0.87625 0.025
vt 0.87625 0.225
vt 0.87625 0.225
vt 0.87625 0.025
vt 0.87625 0.025
vt 0.87625 0.225
vt 0.87625 0.025
vt 0.87625 0.225
vt 0.87625 0.225
vt 0.87625 0.025
vt 0.87625 0.025
vt 0.87625 0.225
vt 0.87625 0.025
vt 0.87625 0.225
vt 0.87625 0.225
vt 0.87625 0.025
vt 0.87625 0.025
vt 0.87625 0.225
vt 0.87625 0.025
vt 0.87625 0.225
vt 0.87625 0.225
vt 0.87625 0.025
vt 0.87625 0.025
vt 0.87625 0.225
vt 0.87625 0.225
vt 0.87625 0.025
vt 0.87625 0.025
vt 0.87625 0.225
vt 0.87625 0.025
vt 0.87625 0.225
vt 0.87625 0.225
vt 0.87625 0.025
vt 0.87625 0.025
vt 0.87625 0.225
vt 0.87625 0.025
vt 0.87625 0.225
vt 0.87625 0.225
vt 0.87625 0.025
vt 0.87625 0.025
vt 0.87625 0.225
vt 0.87625 0.025
vt 0.87625 0.225
vt 0.87625 0.225
vt 0.87625 0.025
vt 0.87625 0.025
vt 0.87625 0.225
vt 0.87625 0.025
vt 0.87625 0.225
vt 0.87625 0.025
vt 0.87625 0.225
vt 0.87625 0.225
vt 0.87625 0.025
vt 0.87625 0.025
vt 0.87625 0.225
vt 0.87625 0.025
vt 0.87625 0.225
vt 0.87625 0.225
vt 0.87625 0.025
vt 0.87625 0.025
vt 0.87625 0.225
vt 0.87625 0.025
vt 0.87625 0.225
vt 0.87625 0.225
vt 0.87625 0.025
vt 0.87625 0.025
vt 0.87625 0.225
vt 0.87625 0.025
vt 0.87625 0.225
vt 0.87625 0.225
vt 0.87625 0.025
vt 0.87625 0.025
vt 0.87625 0.225
vt 0.87625 0.225
vt 0.87625 0.025
vt 0.87625 0.025
vt 0.87625 0.225
vt 0.87625 0.025
vt 0.87625 0.225
vt 0.87625 0.225
vt 0.87625 0.025
vt 0.87625 0.025
vt 0.87625 0.225
vt 0.87625 0.025
vt 0.87625 0.225
vt 0.87625 0.225
vt 0.87625 0.025
vt 0.87625 0.025
vt 0.87625 0.225
vt 0.87625 0.025
vt 0.87625 0.225
vt 0.87625 0.225
vt 0.87625 0.025
vt 0.87625 0.025
vt 0.87625 0.225
vt 0.87625 0.025
vt 0.87625 0.225
vt 0.87625 0.025
vt 0.87625 0.225
vt 0.87625 0.225
vt 0.87625 0.025
vt 0.87625 0.025
vt 0.87625 0.225
vt 0.87625 0.025
vt 0.87625 0.225
vt 0.87625 0.225
vt 0.87625 0.025
vt 0.87625 0.025
vt 0.87625 0.225
vt 0.87625 0.025
vt 0.87625 0.225
vt 0.87625 0.225
vt 0.87625 0.025
vt 0.87625 0.025
vt 0.87625 0.225
vt 0.87625 0.025
vt 0.87625 0.225
vt 0.87625 0.225
vt 0.87625 0.025
vt 0.87625 0.025
vt 0.87625 0.225
vt 0.87625 0.225
vt 0.87625 0.025
vt 0.87625 0.025
vt 0.87625 0.225
vt 0.87625 0.025
vt 0.87625 0.225
vt 0.87625 0.225
vt 0.87625 0.025
vt 0.87625 0.025
vt 0.87625 0.225
vt 0.87625 0.025
vt 0.87625 0.225
vt 0.87625 0.225
vt 0.87625 0.025
vt 0.87625 0.025
vt 0.87625 0.225
vt 0.87625 0.025
vt 0.87625 0.225
vt 0.87625 0.225
vt 0.87625 0.025
vt 0.87625 0.025
vt 0.87625 0.225
vt 0.87625 0.025
vt 0.87625 0.225
vt 0.87625 0.025
vt 0.87625 0.225
vt 0.87625 0.225
vt 0.87625 0.025
vt 0.87625 0.025
vt 0.87625 0.225
vt 0.87625 0.025
vt 0.87625 0.225
vt 0.87625 0.225
vt 0.87625 0.025
vt 0.87625 0.025
vt 0.87625 0.225
vt 0.87625 0.025
vt 0.87625 0.225
vt 0.87625 0.225
vt 0.87625 0.025
vt 0.87625 0.025
vt 0.87625 0.225
vt 0.87625 0.025
vt 0.87625 0.225
vt 0.87625 0.225
vt 0.87625 0.025
vt 0.87625 0.025
vt 0.87625 0.225
vt 0.87625 0.225
vt 0.87625 0.025
vt 0.87625 0.025
vt 0.87625 0.225
vt 0.87625 0.025
vt 0.87625 0.225
vt 0.87625 0.225
vt 0.87625 0.025
vt 0.87625 0.025
vt 0.87625 0.225
vt 0.87625 0.025
vt 0.87625 0.225
vt 0.87625 0.225
vt 0.87625 0.025
vt 0.87625 0.025
vt 0.87625 0.225
vt 0.87625 0.025
vt 0.87625 0.225
vt 0.87625 0.225
vt 0.87625 0.025
vt 0.87625 0.025
vt 0.87625 0.225
vt 0.87625 0.025
vt 0.87625 0.225
vt 0.87625 0.025
vt 0.87625 0.225
vt 0.87625 0.225
vt 0.87625 0.025
vt 0.87625 0.025
vt 0.87625 0.225
vt 0.87625 0.025
vt 0.87625 0.225
vt 0.87625 0.225
vt 0.87625 0.025
vt 0.87625 0.025
vt 0.87625 0.225
vt 0.87625 0.025
vt 0.87625 0.225
vt 0.87625 0.225
vt 0.87625 0.025
vt 0.87625 0.025
vt 0.87625 0.225
vt 0.87625 0.025
vt 0.87625 0.225
vt 0.87625 0.225
vt 0.87625 0.025
vt 0.87625 0.025
vt 0.87625 0.225
vt 0.87625 0.225
vt 0.87625 0.025
vt 0.87625 0.025
vt 0.87625 0.225
vt 0.87625 0.025
vt 0.87625 0.225
vt 0.87625 0.225
vt 0.87625 0.025
vt 0.87625 0.025
vt 0.87625 0.225
vt 0.87625 0.025
vt 0.87625 0.225
vt 0.87625 0.225
vt 0.87625 0.025
vt 0.87625 0.025
vt 0.87625 0.225
vt 0.87625 0.025
vt 0.87625 0.225
vt 0.87625 0.225
vt 0.87625 0.025
vt 0.87625 0.025
vt 0.87625 0.225
vt 0.87625 0.025
vt 0.87625 0.225
vt 0.87625 0.025
vt 0.87625 0.225
vt 0.87625 0.225
vt 0.87625 0.025
vt 0.87625 0.025
vt 0.87625 0.225
vt 0.87625 0.025
vt 0.87625 0.225
vt 0.87625 0.225
vt 0.87625 0.025
vt 0.87625 0.025
vt 0.87625 0.225
vt 0.87625 0.025
vt 0.87625 0.225
vt 0.87625 0.225
vt 0.87625 0.025
vt 0.87625 0.025
vt 0.87625 0.225
vt 0.87625 0.025
vt 0.87625 0.225
vt 0.87625 0.225
vt 0.87625 0.025
vt 0.87625 0.025
vt 0.87625 0.225
vt 0.87625 0.225
vt 0.87625 0.025
vt 0.87625 0.025
vt 0.87625 0.225
vt 0.87625 0.025
vt 0.87625 0.225
vt 0.87625 0.225
vt 0.87625 0.025
vt 0.87625 0.025
vt 0.87625 0.225
vt 0.87625 0.025
vt 0.87625 0.225
vt 0.87625 0.225
vt 0.87625 0.025
vt 0.87625 0.025
vt 0.87625 0.225
vt 0.87625 0.025
vt 0.87625 0.225
vt 0.87625 0.225
vt 0.87625 0.025
vt 0.87625 0.025
vt 0.87625 0.225
vt 0.87625 0.025
vt 0.87625 0.225
vt 0.87625 0.025
vt 0.87625 0.225
vt 0.87625 0.225
vt 0.87625 0.025
vt 0.87625 0.025
vt 0.87625 0.225
vt 0.87625 0.025
vt 0.87625 0.225
vt 0.87625 0.225
vt 0.87625 0.025
vt 0.87625 0.025
vt 0.87625 0.225
vt 0.87625 0.025
vt 0.87625 0.225
vt 0.87625 0.225
vt 0.87625 0.025
vt 0.87625 0.025
vt 0.87625 0.225
vt 0.87625 0.025
vt 0.87625 0.225
vt 0.87625 0.225
vt 0.87625 0.025
vt 0.87625 0.025
vt 0.87625 0.225
vt 0.87625 0.225
vt 0.87625 0.025
vt 0.87625 0.025
vt 0.87625 0.225
vt 0.87625 0.025
vt 0.87625 0.225
vt 0.87625 0.225
vt 0.87625 0.025
vt 0.87625 0.025
vt 0.87625 0.225
vt 0.87625 0.025
vt 0.87625 0.225
vt 0.87625 0.225
vt 0.87625 0.025
vt 0.87625 0.025
vt 0.87625 0.225
vt 0.87625 0.025
vt 0.87625 0.225
vt 0.87625 0.225
vt 0.87625 0.025
vt 0.87625 0.025
vt 0.87625 0.225
vt 0.87625 0.025
vt 0.87625 0.225
vt 0.87625 0.025
vt 0.87625 0.225
vt 0.87625 0.225
vt 0.87625 0.025
vt 0.87625 0.025
vt 0.87625 0.225
vt 0.87625 0.025
vt 0.87625 0.225
vt 0.87625 0.225
vt 0.87625 0.025
vt 0.87625 0.025
vt 0.87625 0.225
vt 0.87625 0.025
vt 0.87625 0.225
vt 0.87625 0.225
vt 0.87625 0.025
vt 0.87625 0.025
vt 0.87625 0.225
vt 0.87625 0.025
vt 0.87625 0.225
vt 0.87625 0.225
vt 0.87625 0.025
vt 0.87625 0.025
vt 0.87625 0.225
vt 0.87625 0.225
vt 0.87625 0.025
vt 0.87625 0.025
vt 0.87625 0.225
vt 0.87625 0.025
vt 0.87625 0.225
vt 0.87625 0.225
vt 0.87625 0.025
vt 0.87625 0.025
vt 0.87625 0.225
vt 0.87625 0.025
vt 0.87625 0.225
vt 0.87625 0.225
vt 0.87625 0.025
vt 0.87625 0.025
vt 0.87625 0.225
vt 0.87625 0.025
vt 0.87625 0.225
vt 0.87625 0.225
vt 0.87625 0.025
vt 0.87625 0.025
vt 0.87625 0.225
vt 0.87625 0.025
vt 0.87625 0.225
vt 0.87625 0.025
vt 0.87625 0.225
vt 0.87625 0.225
vt 0.87625 0.025
vt 0.87625 0.025
vt 0.87625 0.225
vt 0.87625 0.025
vt 0.87625 0.225
vt 0.87625 0.225
vt 0.87625 0.025
vt 0.87625 0.025
vt 0.87625 0.225
vt 0.87625 0.025
vt 0.87625 0.225
vt 0.87625 0.225
vt 0.87625 0.025
vt 0.87625 0.025
vt 0.87625 0.225
vt 0.87625 0.025
vt 0.87625 0.225
vt 0.87625 0.225
vt 0.87625 0.025
vt 0.87625 0.025
vt 0.87625 0.225
vt 0.87625 0.225
vt 0.87625 0.025
vt 0.87625 0.025
vt 0.87625 0.225
vt 0.87625 0.025
vt 0.87625 0.225
vt 0.87625 0.225
vt 0.87625 0.025
vt 0.87625 0.025
vt 0.87625 0.225
vt 0.87625 0.025
vt 0.87625 0.225
vt 0.87625 0.225
vt 0.87625 0.025
vt 0.87625 0.025
vt 0.87625 0.225
vt 0.87625 0.025
vt 0.87625 0.225
vt 0.87625 0.225
vt 0.87625 0.025
vt 0.87625 0.025
vt 0.87625 0.225
vt 0.87625 0.025
vt 0.87625 0.225
vt 0.87625 0.025
vt 0.87625 0.225
vt 0.87625 0.225
vt 0.87625 0.025
vt 0.87625 0.025
vt 0.87625 0.225
vt 0.87625 0.025
vt 0.87625 0.225
vt 0.87625 0.225
vt 0.87625 0.025
vt 0.87625 0.025
vt 0.87625 0.225
vt 0.87625 0.025
vt 0.87625 0.225
vt 0.87625 0.225
vt 0.87625 0.025
vt 0.87625 0.025
vt 0.87625 0.225
vt 0.87625 0.225
vt 0.87625 0.025
vt 0.87625 0.025
vt 0.87625 0.225
vt 0.87625 0.025
vt 0.87625 0.225
vt 0.87625 0.225
vt 0.87625 0.025
vt 0.87625 0.025
vt 0.87625 0.225
vt 0.87625 0.025
vt 0.87625 0.225
vt 0.87625 0.225
vt 0.87625 0.025
vt 0.87625 0.025
vt 0.87625 0.225
vt 0.87625 0.025
vt 0.87625 0.225
vt 0.87625 0.225
vt 0.87625 0.025
vt 0.87625 0.025
vt 0.87625 0.225
vt 0.87625 0.025
vt 0.87625 0.225
vt 0.87625 0.025
vt 0.87625 0.225
vt 0.87625 0.225
vt 0.87625 0.025
vt 0.87625 0.025
vt 0.87625 0.225
vt 0.87625 0.025
vt 0.87625 0.225
vt 0.87625 0.225
vt 0.87625 0.025
vt 0.87625 0.025
vt 0.87625 0.225
vt 0.87625 0.025
vt 0.87625 0.225
vt 0.87625 0.225
vt 0.87625 0.025
vt 0.87625 0.025
vt 0.87625 0.225
vt 0.87625 0.225
vt 0.87625 0.025
vt 0.87625 0.025
vt 0.87625 0.225
vt 0.87625 0.025
vt 0.87625 0.225
vt 0.87625 0.225
vt 0.87625 0.025
vt 0.87625 0.025
vt 0.87625 0.225
vt 0.87625 0.025
vt 0.87625 0.225
vt 0.87625 0.225
vt 0.87625 0.025
vt 0.87625 0.025
vt 0.87625 0.225
vt 0.87625 0.025
vt 0.87625 0.225
vt 0.87625 0.225
vt 0.87625 0.025
vt 0.87625 0.025
vt 0.87625 0.225
vt 0.87625 0.025
vt 0.87625 0.225
vt 0.87625 0.025
vt 0.87625 0.225
vt 0.87625 0.225
vt 0.87625 0.025
vt 0.87625 0.025
vt 0.87625 0.225
vt 0.87625 0.025
vt 0.87625 0.225
vt 0.87625 0.225
vt 0.87625 0.025
vt 0.87625 0.025
vt 0.87625 0.225
vt 0.87625 0.025
vt 0.87625 0.225
vt 0.87625 0.225
vt 0.87625 0.025
vt 0.87625 0.025
vt 0.87625 0.225
vt 0.87625 0.225
vt 0.87625 0.025
vt 0.87625 0.025
vt 0.87625 0.225
vt 0.87625 0.025
vt 0.87625 0.225
vt 0.87625 0.225
vt 0.87625 0.025
vt 0.87625 0.025
vt 0.87625 0.225
vt 0.87625 0.025
vt 0.87625 0.225
vt 0.87625 0.225
vt 0.87625 0.025
vt 0.87625 0.025
vt 0.87625 0.225
vt 0.87625 0.025
vt 0.87625 0.225
vt 0.87625 0.225
vt 0.87625 0.025
vt 0.87625 0.025
vt 0.87625 0.225
vt 0.87625 0.025
vt 0.87625 0.225
vt 0.87625 0.025
vt 0.87625 0.225
vt 0.87625 0.225
vt 0.87625 0.025
vt 0.87625 0.025
vt 0.87625 0.225
vt 0.87625 0.025
vt 0.87625 0.225
vt 0.87625 0.225
vt 0.87625 0.025
vt 0.87625 0.025
vt 0.87625 0.225
vt 0.87625 0.025
vt 0.87625 0.225
vt 0.87625 0.225
vt 0.87625 0.025
vt 0.87625 0.025
vt 0.87625 0.225
vt 0.87625 0.225
vt 0.87625 0.025
vt 0.87625 0.025
vt 0.87625 0.225
vt 0.87625 0.025
vt 0.87625 0.225
vt 0.87625 0.225
vt 0.87625 0.025
vt 0.87625 0.025
vt 0.87625 0.225
vt 0.87625 0.025
vt 0.87625 0.225
vt 0.87625 0.225
vt 0.87625 0.025
vt 0.87625 0.025
vt 0.87625 0.225
vt 0.87625 0.025
vt 0.87625 0.225
vt 0.87625 0.225
vt 0.87625 0.025
vt 0.87625 0.025
vt 0.87625 0.225
vt 0.87625 0.025
vt 0.87625 0.225
vt 0.87625 0.025
vt 0.87625 0.225
vt 0.87625 0.225
vt 0.87625 0.025
vt 0.87625 0.025
vt 0.87625 0.225
vt 0.87625 0.025
vt 0.87625 0.225
vt 0.87625 0.225
vt 0.87625 0.025
vt 0.87625 0.025
vt 0.87625 0.225
vt 0.87625 0.025
vt 0.87625 0.225
vt 0.87625 0.225
vt 0.87625 0.025
vt 0.87625 0.025
vt 0.87625 0.225
vt 0.87625 0.225
vt 0.87625 0.025
vt 0.87625 0.025
vt 0.87625 0.225
vt 0.87625 0.025
vt 0.87625 0.225
vt 0.87625 0.225
vt 0.87625 0.025
vt 0.87625 0.025
vt 0.87625 0.225
vt 0.87625 0.025
vt 0.87625 0.225
vt 0.87625 0.225
vt 0.87625 0.025
vt 0.87625 0.025
vt 0.87625 0.225
vt 0.87625 0.025
vt 0.87625 0.225
vt 0.87625 0.225
vt 0.87625 0.025
vt 0.87625 0.025
vt 0.87625 0.225
vt 0.87625 0.025
vt 0.87625 0.225
vt 0.87625 0.025
vt 0.87625 0.225
vt 0.87625 0.225
vt 0.87625 0.025
vt 0.87625 0.025
vt 0.87625 0.225
vt 0.87625 0.025
vt 0.87625 0.225
vt 0.87625 0.225
vt 0.87625 0.025
vt 0.87625 0.025
vt 0.87625 0.225
vt 0.87625 0.025
vt 0.87625 0.225
vt 0.87625 0.225
vt 0.87625 0.025
vt 0.87625 0.025
vt 0.87625 0.225
vt 0.87625 0.225
vt 0.87625 0.025
vt 0.87625 0.025
vt 0.87625 0.225
vt 0.87625 0.025
vt 0.87625 0.225
vt 0.87625 0.225
vt 0.87625 0.025
vt 0.87625 0.025
vt 0.87625 0.225
vt 0.87625 0.025
vt 0.87625 0.225
vt 0.87625 0.225
vt 0.87625 0.025
vt 0.87625 0.025
vt 0.87625 0.225
vt 0.87625 0.025
vt 0.87625 0.225
vt 0.87625 0.225
vt 0.87625 0.025
vt 0.87625 0.025
vt 0.87625 0.225
vt 0.87625 0.025
vt 0.87625 0.225
vt 0.87625 0.025
vt 0.87625 0.225
vt 0.87625 0.225
vt 0.87625 0.025
vt 0.87625 0.025
vt 0.87625 0.225
vt 0.87625 0.025
vt 0.87625 0.225
vt 0.87625 0.225
vt 0.87625 0.025
vt 0.87625 0.025
vt 0.87625 0.225
vt 0.87625 0.025
vt 0.87625 0.225
vt 0.87625 0.225
vt 0.87625 0.025
vt 0.87625 0.025
vt 0.87625 0.225
vt 0.87625 0.225
vt 0.87625 0.025
vt 0.87625 0.025
vt 0.87625 0.225
vt 0.87625 0.025
vt 0.87625 0.225
vt 0.87625 0.225
vt 0.87625 0.025
vt 0.87625 0.025
vt 0.87625 0.225
vt 0.87625 0.025
vt 0.87625 0.225
vt 0.87625 0.225
vt 0.87625 0.025
vt 0.87625 0.025
vt 0.87625 0.225
vt 0.87625 0.025
vt 0.87625 0.225
vt 0.87625 0.225
vt 0.87625 0.025
vt 0.87625 0.025
vt 0.87625 0.225
vt 0.87625 0.025
vt 0.87625 0.225
vt 0.87625 0.025
vt 0.87625 0.225
vt 0.87625 0.225
vt 0.87625 0.025
vt 0.87625 0.025
vt 0.87625 0.225
vt 0.87625 0.025
vt 0.87625 0.225
vt 0.87625 0.225
vt 0.87625 0.025
vt 0.87625 0.025
vt 0.87625 0.225
vt 0.87625 0.025
vt 0.87625 0.225
vt 0.87625 0.225
vt 0.87625 0.025
vt 0.87625 0.025
vt 0.87625 0.225
vt 0.87625 0.225
vt 0.87625 0.025
vt 0.87625 0.025
vt 0.87625 0.225
vt 0.87625 0.025
vt 0.87625 0.225
vt 0.87625 0.225
vt 0.87625 0.025
vt 0.87625 0.025
vt 0.87625 0.225
vt 0.87625 0.025
vt 0.87625 0.225
vt 0.87625 0.225
vt 0.87625 0.025
vt 0.87625 0.025
vt 0.87625 0.225
vt 0.87625 0.025
vt 0.87625 0.225
vt 0.87625 0.225
vt 0.87625 0.025
vt 0.87625 0.025
vt 0.87625 0.225
vt 0.87625 0.025
vt 0.87625 0.225
vt 0.87625 0.025
vt 0.87625 0.225
vt 0.87625 0.225
vt 0.87625 0.025
vt 0.87625 0.025
vt 0.87625 0.225
vt 0.87625 0.025
vt 0.87625 0.225
vt 0.87625 0.225
vt 0.87625 0.025
vt 0.87625 0.025
vt 0.87625 0.225
vt 0.87625 0.025
vt 0.87625 0.225
vt 0.87625 0.225
vt 0.87625 0.025
vt 0.87625 0.025
vt 0.87625 0.225
vt 0.87625 0.225
vt 0.87625 0.025
vt 0.87625 0.025
vt 0.87625 0.225
vt 0.87625 0.025
vt 0.87625 0.225
vt 0.87625 0.225
vt 0.87625 0.025
vt 0.87625 0.025
vt 0.87625 0.225
vt 0.87625 0.025
vt 0.87625 0.225
vt 0.87625 0.225
vt 0.87625 0.025
vt 0.87625 0.025
vt 0.87625 0.225
vt 0.87625 0.025
vt 0.87625 0.225
vt 0.87625 0.225
vt 0.87625 0.025
vt 0.87625 0.025
vt 0.87625 0.225
vt 0.87625 0.025
vt 0.87625 0.225
vt 0.87625 0.025
vt 0.87625 0.225
vt 0.87625 0.225
vt 0.87625 0.025
vt 0.87625 0.025
vt 0.87625 0.225
vt 0.87625 0.025
vt 0.87625 0.225
vt 0.87625 0.225
vt 0.87625 0.025
vt 0.87625 0.025
vt 0.87625 0.225
vt 0.87625 0.025
vt 0.87625 0.225
vt 0.87625 0.225
vt 0.87625 0.025
vt 0.87625 0.025
vt 0.87625 0.225
vt 0.87625 0.225
vt 0.87625 0.025
vt 0.87625 0.025
vt 0.87625 0.225
vt 0.87625 0.025
vt 0.87625 0.225
vt 0.87625 0.225
vt 0.87625 0.025
vt 0.87625 0.025
vt 0.87625 0.225
vt 0.87625 0.025
vt 0.87625 0.225
vt 0.87625 0.225
vt 0.87625 0.025
vt 0.87625 0.025
vt 0.87625 0.225
vt 0.87625 0.025
vt 0.87625 0.225
vt 0.87625 0.225
vt 0.87625 0.025
vt 0.87625 0.025
vt 0.87625 0.225
vt 0.87625 0.025
vt 0.87625 0.225
vt 0.87625 0.025
vt 0.87625 0.225
vt 0.87625 0.225
vt 0.87625 0.025
vt 0.87625 0.025
vt 0.87625 0.225
vt 0.87625 0.025
vt 0.87625 0.225
vt 0.87625 0.225
vt 0.87625 0.025
vt 0.87625 0.025
vt 0.87625 0.225
vt 0.87625 0.025
vt 0.87625 0.225
vt 0.87625 0.225
vt 0.87625 0.025
vt 0.87625 0.025
vt 0.87625 0.225
vt 0.87625 0.225
vt 0.87625 0.025
vt 0.87625 0.025
vt 0.87625 0.225
vt 0.87625 0.025
vt 0.87625 0.225
vt 0.87625 0.225
vt 0.87625 0.025
vt 0.87625 0.025
vt 0.87625 0.225
vt 0.87625 0.025
vt 0.87625 0.225
vt 0.87625 0.225
vt 0.87625 0.025
vt 0.87625 0.025
vt 0.87625 0.225
vt 0.87625 0.025
vt 0.87625 0.225
vt 0.87625 0.225
vt 0.87625 0.025
vt 0.87625 0.025
vt 0.87625 0.225
vt 0.87625 0.025
vt 0.87625 0.225
vt 0.87625 0.025
vt 0.87625 0.225
vt 0.87625 0.225
vt 0.87625 0.025
vt 0.87625 0.025
vt 0.87625 0.225
vt 0.87625 0.025
vt 0.87625 0.225
vt 0.87625 0.225
vt 0.87625 0.025
vt 0.87625 0.025
vt 0.87625 0.225
vt 0.87625 0.025
vt 0.87625 0.225
vt 0.87625 0.225
vt 0.87625 0.025
vt 0.87625 0.025
vt 0.87625 0.225
vt 0.87625 0.225
vt 0.87625 0.025
vt 0.87625 0.025
vt 0.87625 0.225
vt 0.87625 0.025
vt 0.87625 0.225
vt 0.87625 0.225
vt 0.87625 0.025
vt 0.87625 0.025
vt 0.87625 0.225
vt 0.87625 0.025
vt 0.87625 0.225
vt 0.87625 0.225
vt 0.87625 0.025
vt 0.87625 0.025
vt 0.87625 0.225
vt 0.87625 0.025
vt 0.87625 0.225
vt 0.87625 0.225
vt 0.87625 0.025
vt 0.87625 0.025
vt 0.87625 0.225
vt 0.87625 0.025
vt 0.87625 0.225
vt 0.87625 0.025
vt 0.87625 0.225
vt 0.87625 0.225
vt 0.87625 0.025
vt 0.87625 0.025
vt 0.87625 0.225
vt 0.87625 0.025
vt 0.87625 0.225
vt 0.87625 0.225
vt 0.87625 0.025
vt 0.87625 0.025
vt 0.87625 0.225
vt 0.87625 0.025
vt 0.87625 0.225
vt 0.87625 0.225
vt 0.87625 0.025
vt 0.87625 0.025
vt 0.87625 0.225
vt 0.87625 0.225
vt 0.87625 0.025
vt 0.87625 0.025
vt 0.87625 0.225
vt 0.87625 0.025
vt 0.87625 0.225
vt 0.87625 0.225
vt 0.87625 0.025
vt 0.87625 0.025
vt 0.87625 0.225
vt 0.87625 0.025
vt 0.87625 0.225
vt 0.87625 0.225
vt 0.87625 0.025
vt 0.87625 0.025
vt 0.87625 0.225
vt 0.87625 0.025
vt 0.87625 0.225
vt 0.87625 0.225
vt 0.87625 0.025
vt 0.87625 0.025
vt 0.87625 0.225
vt 0.87625 0.025
vt 0.87625 0.225
vt 0.87625 0.025
vt 0.87625 0.225
vt 0.87625 0.225
vt 0.87625 0.025
vt 0.87625 0.025
vt 0.87625 0.225
vt 0.87625 0.025
vt 0.87625 0.225
vt 0.87625 0.225
vt 0.87625 0.025
vt 0.87625 0.025
vt 0.87625 0.225
vt 0.87625 0.025
vt 0.87625 0.225
vt 0.87625 0.225
vt 0.87625 0.025
vt 0.87625 0.025
vt 0.87625 0.225
vt 0.87625 0.225
vt 0.87625 0.025
vt 0.87625 0.025
vt 0.87625 0.225
vt 0.87625 0.025
vt 0.87625 0.225
vt 0.87625 0.225
vt 0.87625 0.025
vt 0.87625 0.025
vt 0.87625 0.225
vt 0.87625 0.025
vt 0.87625 0.225
vt 0.87625 0.225
vt 0.87625 0.025
vt 0.87625 0.025
vt 0.87625 0.225
vt 0.87625 0.025
vt 0.87625 0.225
vt 0.87625 0.225
vt 0.87625 0.025
vt 0.87625 0.025
vt 0.87625 0.225
vt 0.87625 0.025
vt 0.87625 0.225
vt 0.87625 0.025
vt 0.87625 0.225
vt 0.87625 0.225
vt 0.87625 0.025
vt 0.87625 0.025
vt 0.87625 0.225
vt 0.87625 0.025
vt 0.87625 0.225
vt 0.87625 0.225
vt 0.87625 0.025
vt 0.87625 0.025
vt 0.87625 0.225
vt 0.87625 0.025
vt 0.87625 0.225
vt 0.87625 0.225
vt 0.87625 0.025
vt 0.87625 0.025
vt 0.87625 0.225
vt 0.87625 0.225
vt 0.87625 0.025
vt 0.87625 0.025
vt 0.87625 0.225
vt 0.87625 0.025
vt 0.87625 0.225
vt 0.87625 0.225
vt 0.87625 0.025
vt 0.87625 0.025
vt 0.87625 0.225
vt 0.87625 0.025
vt 0.87625 0.225
vt 0.87625 0.225
vt 0.87625 0.025
vt 0.87625 0.025
vt 0.87625 0.225
vt 0.87625 0.025
vt 0.87625 0.225
vt 0.87625 0.225
vt 0.87625 0.025
vt 0.87625 0.025
vt 0.87625 0.225
vt 0.87625 0.025
vt 0.87625 0.225
vt 0.87625 0.025
vt 0.87625 0.225
vt 0.87625 0.225
vt 0.87625 0.025
vt 0.87625 0.025
vt 0.87625 0.225
vt 0.87625 0.025
vt 0.87625 0.225
vt 0.87625 0.225
vt 0.87625 0.025
vt 0.87625 0.025
vt 0.87625 0.225
vt 0.87625 0.025
vt 0.87625 0.225
vt 0.87625 0.225
vt 0.87625 0.025
vt 0.87625 0.025
vt 0.87625 0.225
vt 0.87625 0.225
vt 0.87625 0.025
vt 0.87625 0.025
vt 0.87625 0.225
vt 0.87625 0.025
vt 0.87625 0.225
vt 0.87625 0.225
vt 0.87625 0.025
vt 0.87625 0.025
vt 0.87625 0.225
vt 0.87625 0.025
vt 0.87625 0.225
vt 0.87625 0.225
vt 0.87625 0.025
vt 0.87625 0.025
vt 0.87625 0.225
vt 0.87625 0.025
vt 0.87625 0.225
vt 0.87625 0.225
vt 0.87625 0.025
vt 0.87625 0.025
vt 0.87625 0.225
vt 0.87625 0.025
vt 0.87625 0.225
vt 0.87625 0.025
vt 0.87625 0.225
vt 0.87625 0.225
vt 0.87625 0.025
vt 0.87625 0.025
vt 0.87625 0.225
vt 0.87625 0.025
vt 0.87625 0.225
vt 0.87625 0.225
vt 0.87625 0.025
vt 0.87625 0.025
vt 0.87625 0.225
vt 0.87625 0.025
vt 0.87625 0.225
vt 0.87625 0.225
vt 0.87625 0.025
vt 0.87625 0.025
vt 0.87625 0.225
vt 0.87625 0.225
vt 0.87625 0.025
vt 0.87625 0.025
vt 0.87625 0.225
vt 0.87625 0.025
vt 0.87625 0.225
vt 0.87625 0.225
vt 0.87625 0.025
vt 0.87625 0.025
vt 0.87625 0.225
vt 0.87625 0.025
vt 0.87625 0.225
vt 0.87625 0.225
vt 0.87625 0.025
vt 0.87625 0.025
vt 0.87625 0.225
vt 0.87625 0.025
vt 0.87625 0.225
vt 0.87625 0.225
vt 0.87625 0.025
vt 0.87625 0.025
vt 0.87625 0.225
vt 0.87625 0.025
vt 0.87625 0.225
vt 0.87625 0.025
vt 0.87625 0.225
vt 0.87625 0.225
vt 0.87625 0.025
vt 0.87625 0.025
vt 0.87625 0.225
vt 0.87625 0.025
vt 0.87625 0.225
vt 0.87625 0.225
vt 0.87625 0.025
vt 0.87625 0.025
vt 0.87625 0.225
vt 0.87625 0.025
vt 0.87625 0.225
vt 0.87625 0.225
vt 0.87625 0.025
vt 0.87625 0.025
vt 0.87625 0.225
vt 0.87625 0.225
vt 0.87625 0.025
vt 0.87625 0.025
vt 0.87625 0.225
vt 0.87625 0.025
vt 0.87625 0.225
vt 0.87625 0.225
vt 0.87625 0.025
vt 0.87625 0.025
vt 0.87625 0.225
vt 0.87625 0.025
vt 0.87625 0.225
vt 0.87625 0.225
vt 0.87625 0.025
vt 0.87625 0.025
vt 0.87625 0.225
vt 0.87625 0.025
vt 0.87625 0.225
vt 0.87625 0.225
vt 0.87625 0.025
vt 0.87625 0.025
vt 0.87625 0.225
vt 0.87625 0.025
vt 0.87625 0.225
vt 0.87625 0.025
vt 0.87625 0.225
vt 0.87625 0.225
vt 0.87625 0.025
vt 0.87625 0.025
vt 0.87625 0.225
vt 0.87625 0.025
vt 0.87625 0.225
vt 0.87625 0.225
vt 0.87625 0.025
vt 0.87625 0.025
vt 0.87625 0.225
vt 0.87625 0.025
vt 0.87625 0.225
vt 0.87625 0.225
vt 0.87625 0.025
vt 0.87625 0.025
vt 0.87625 0.225
vt 0.87625 0.225
vt 0.87625 0.025
vt 0.87625 0.025
vt 0.87625 0.225
vt 0.87625 0.025
vt 0.87625 0.225
vt 0.87625 0.225
vt 0.87625 0.025
vt 0.87625 0.025
vt 0.87625 0.225
vt 0.87625 0.025
vt 0.87625 0.225
vt 0.87625 0.225
vt 0.87625 0.025
vt 0.87625 0.025
vt 0.87625 0.225
vt 0.87625 0.025
vt 0.87625 0.225
vt 0.87625 0.225
vt 0.87625 0.025
vt 0.87625 0.025
vt 0.87625 0.225
vt 0.87625 0.025
vt 0.87625 0.225
vt 0.87625 0.025
vt 0.87625 0.225
vt 0.87625 0.225
vt 0.87625 0.025
vt 0.87625 0.025
vt 0.87625 0.225
vt 0.87625 0.025
vt 0.87625 0.225
vt 0.87625 0.225
vt 0.87625 0.025
vt 0.87625 0.025
vt 0.87625 0.225
vt 0.87625 0.025
vt 0.87625 0.225
vt 0.87625 0.225
vt 0.87625 0.025
vt 0.87625 0.025
vt 0.87625 0.225
vt 0.87625 0.225
vt 0.87625 0.025
vt 0.87625 0.025
vt 0.87625 0.225
vt 0.87625 0.025
vt 0.87625 0.225
vt 0.87625 0.225
vt 0.87625 0.025
vt 0.87625 0.025
vt 0.87625 0.225
vt 0.87625 0.025
vt 0.87625 0.225
vt 0.87625 0.225
vt 0.87625 0.025
vt 0.87625 0.025
vt 0.87625 0.225
vt 0.87625 0.025
vt 0.87625 0.225
vt 0.87625 0.225
vt 0.87625 0.025
vt 0.87625 0.025
vt 0.87625 0.225
vt 0.87625 0.025
vt 0.87625 0.225
vt 0.87625 0.025
vt 0.87625 0.225
vt 0.87625 0.225
vt 0.87625 0.025
vt 0.87625 0.025
vt 0.87625 0.225
vt 0.87625 0.025
vt 0.87625 0.225
vt 0.87625 0.225
vt 0.87625 0.025
vt 0.87625 0.025
vt 0.87625 0.225
vt 0.87625 0.025
vt 0.87625 0.225
vt 0.87625 0.225
vt 0.87625 0.025
vt 0.87625 0.025
vt 0.87625 0.225
vt 0.87625 0.225
vt 0.87625 0.025
vt 0.87625 0.025
vt 0.87625 0.225
vt 0.87625 0.025
vt 0.87625 0.225
vt 0.87625 0.225
vt 0.87625 0.025
vt 0.87625 0.025
vt 0.87625 0.225
vt 0.87625 0.025
vt 0.87625 0.225
vt 0.87625 0.225
vt 0.87625 0.025
vt 0.87625 0.025
vt 0.87625 0.225
vt 0.87625 0.025
vt 0.87625 0.225
vt 0.87625 0.225
vt 0.87625 0.025
vt 0.87625 0.025
vt 0.87625 0.225
vt 0.87625 0.025
vt 0.87625 0.225
vt 0.87625 0.025
vt 0.87625 0.225
vt 0.87625 0.225
vt 0.87625 0.025
vt 0.87625 0.025
vt 0.87625 0.225
vt 0.87625 0.025
vt 0.87625 0.225
vt 0.87625 0.225
vt 0.87625 0.025
vt 0.87625 0.025
vt 0.87625 0.225
vt 0.87625 0.025
vt 0.87625 0.225
vt 0.87625 0.225
vt 0.87625 0.025
vt 0.87625 0.025
vt 0.87625 0.225
vt 0.87625 0.225
vt 0.87625 0.025
vt 0.87625 0.025
vt 0.87625 0.225
vt 0.87625 0.025
vt 0.87625 0.225
vt 0.87625 0.225
vt 0.87625 0.025
vt 0.87625 0.025
vt 0.87625 0.225
vt 0.87625 0.025
vt 0.87625 0.225
vt 0.87625 0.225
vt 0.87625 0.025
vt 0.87625 0.025
vt 0.87625 0.225
vt 0.87625 0.025
vt 0.87625 0.225
vt 0.87625 0.225
vt 0.87625 0.025
vt 0.87625 0.025
vt 0.87625 0.225
vt 0.87625 0.025
vt 0.87625 0.225
vt 0.87625 0.025
vt 0.87625 0.225
vt 0.87625 0.225
vt 0.87625 0.025
vt 0.87625 0.025
vt 0.87625 0.225
vt 0.87625 0.025
vt 0.87625 0.225
vt 0.87625 0.225
vt 0.87625 0.025
vt 0.87625 0.025
vt 0.87625 0.225
vt 0.87625 0.025
vt 0.87625 0.225
vt 0.87625 0.225
vt 0.87625 0.025
vt 0.87625 0.025
vt 0.87625 0.225
vt 0.87625 0.225
vt 0.87625 0.025
vt 0.87625 0.025
vt 0.87625 0.225
vt 0.87625 0.025
vt 0.87625 0.225
vt 0.87625 0.225
vt 0.87625 0.025
vt 0.87625 0.025
vt 0.87625 0.225
vt 0.87625 0.025
vt 0.87625 0.225
vt 0.87625 0.225
vt 0.87625 0.025
vt 0.87625 0.025
vt 0.87625 0.225
vt 0.87625 0.025
vt 0.87625 0.225
vt 0.87625 0.225
vt 0.87625 0.025
vt 0.87625 0.025
vt 0.87625 0.225
vt 0.87625 0.025
vt 0.87625 0.225
vt 0.87625 0.025
vt 0.87625 0.225
vt 0.87625 0.225
vt 0.87625 0.025
vt 0.87625 0.025
vt 0.87625 0.225
vt 0.87625 0.025
vt 0.87625 0.225
vt 0.87625 0.225
vt 0.87625 0.025
vt 0.87625 0.025
vt 0.87625 0.225
vt 0.87625 0.025
vt 0.87625 0.225
vt 0.87625 0.225
vt 0.87625 0.025
vt 0.87625 0.025
vt 0.87625 0.225
vt 0.87625 0.225
vt 0.87625 0.025
vt 0.87625 0.025
vt 0.87625 0.225
vt 0.87625 0.025
vt 0.87625 0.225
vt 0.87625 0.225
vt 0.87625 0.025
vt 0.87625 0.025
vt 0.87625 0.225
vt 0.87625 0.025
vt 0.87625 0.225
vt 0.87625 0.225
vt 0.87625 0.025
vt 0.87625 0.025
vt 0.87625 0.225
vt 0.87625 0.025
vt 0.87625 0.225
vt 0.87625 0.225
vt 0.87625 0.025
vt 0.87625 0.025
vt 0.87625 0.225
vt 0.87625 0.025
vt 0.87625 0.225
vt 0.87625 0.025
vt 0.87625 0.225
vt 0.87625 0.225
vt 0.87625 0.025
vt 0.87625 0.025
vt 0.87625 0.225
vt 0.87625 0.025
vt 0.87625 0.225
vt 0.87625 0.225
vt 0.87625 0.025
vt 0.87625 0.025
vt 0.87625 0.225
vt 0.87625 0.025
vt 0.87625 0.225
vt 0.87625 0.225
vt 0.87625 0.025
vt 0.87625 0.025
vt 0.87625 0.225
vt 0.87625 0.225
vt 0.87625 0.025
vt 0.87625 0.025
vt 0.87625 0.225
vt 0.87625 0.025
vt 0.87625 0.225
vt 0.87625 0.225
vt 0.87625 0.025
vt 0.87625 0.025
vt 0.87625 0.225
vt 0.87625 0.025
vt 0.87625 0.225
vt 0.87625 0.225
vt 0.87625 0.025
vt 0.87625 0.025
vt 0.87625 0.225
vt 0.87625 0.025
vt 0.87625 0.225
vt 0.87625 0.225
vt 0.87625 0.025
vt 0.87625 0.025
vt 0.87625 0.225
vt 0.87625 0.025
vt 0.87625 0.225
vt 0.87625 0.025
vt 0.87625 0.225
vt 0.87625 0.225
vt 0.87625 0.025
vt 0.87625 0.025
vt 0.87625 0.225
vt 0.87625 0.025
vt 0.87625 0.225
vt 0.87625 0.225
vt 0.87625 0.025
vt 0.87625 0.025
vt 0.87625 0.225
vt 0.87625 0.025
vt 0.87625 0.225
vt 0.87625 0.225
vt 0.87625 0.025
vt 0.87625 0.025
vt 0.87625 0.225
vt 0.87625 0.225
vt 0.87625 0.025
vt 0.87625 0.025
vt 0.87625 0.225
vt 0.87625 0.025
vt 0.87625 0.225
vt 0.87625 0.225
vt 0.87625 0.025
vt 0.87625 0.025
vt 0.87625 0.225
vt 0.87625 0.025
vt 0.87625 0.225
vt 0.87625 0.225
vt 0.87625 0.025
vt 0.87625 0.025
vt 0.87625 0.225
vt 0.87625 0.025
vt 0.87625 0.225
vt 0.87625 0.225
vt 0.87625 0.025
vt 0.87625 0.025
vt 0.87625 0.225
vt 0.87625 0.025
vt 0.87625 0.225
vt 0.87625 0.025
vt 0.87625 0.225
vt 0.87625 0.225
vt 0.87625 0.025
vt 0.87625 0.025
vt 0.87625 0.225
vt 0.87625 0.025
vt 0.87625 0.225
vt 0.87625 0.225
vt 0.87625 0.025
vt 0.87625 0.025
vt 0.87625 0.225
vt 0.87625 0.025
vt 0.87625 0.225
vt 0.87625 0.225
vt 0.87625 0.025
vt 0.87625 0.025
vt 0.87625 0.225
vt 0.87625 0.225
vt 0.87625 0.025
vt 0.87625 0.025
vt 0.87625 0.225
vt 0.87625 0.025
vt 0.87625 0.225
vt 0.87625 0.225
vt 0.87625 0.025
vt 0.87625 0.025
vt 0.87625 0.225
vt 0.87625 0.025
vt 0.87625 0.225
vt 0.87625 0.225
vt 0.87625 0.025
vt 0.87625 0.025
vt 0.87625 0.225
vt 0.87625 0.025
vt 0.87625 0.225
vt 0.87625 0.225
vt 0.87625 0.025
vt 0.87625 0.025
vt 0.87625 0.225
vt 0.87625 0.025
vt 0.87625 0.225
vt 0.87625 0.025
vt 0.87625 0.225
vt 0.87625 0.225
vt 0.87625 0.025
vt 0.87625 0.025
vt 0.87625 0.225
vt 0.87625 0.025
vt 0.87625 0.225
vt 0.87625 0.225
vt 0.87625 0.025
vt 0.87625 0.025
vt 0.87625 0.225
vt 0.87625 0.025
vt 0.87625 0.225
vt 0.87625 0.225
vt 0.87625 0.025
vt 0.87625 0.025
vt 0.87625 0.225
vt 0.87625 0.225
vt 0.87625 0.025
vt 0.87625 0.025
vt 0.87625 0.225
vt 0.87625 0.025
vt 0.87625 0.225
vt 0.87625 0.225
vt 0.87625 0.025
vt 0.87625 0.025
vt 0.87625 0.225
vt 0.87625 0.025
vt 0.87625 0.225
vt 0.87625 0.225
vt 0.87625 0.025
vt 0.87625 0.025
vt 0.87625 0.225
vt 0.87625 0.025
vt 0.87625 0.225
vt 0.87625 0.225
vt 0.87625 0.025
vt 0.87625 0.025
vt 0.87625 0.225
vt 0.87625 0.025
vt 0.87625 0.225
vt 0.87625 0.025
vt 0.87625 0.225
vt 0.87625 0.225
vt 0.87625 0.025
vt 0.87625 0.025
vt 0.87625 0.225
vt 0.87625 0.025
vt 0.87625 0.225
vt 0.87625 0.225
vt 0.87625 0.025
vt 0.87625 0.025
vt 0.87625 0.225
vt 0.87625 0.025
vt 0.87625 0.225
vt 0.87625 0.225
vt 0.87625 0.025
vt 0.87625 0.025
vt 0.87625 0.225
vt 0.87625 0.225
vt 0.87625 0.025
vt 0.87625 0.025
vt 0.87625 0.225
vt 0.87625 0.025
vt 0.87625 0.225
vt 0.87625 0.225
vt 0.87625 0.025
vt 0.87625 0.025
vt 0.87625 0.225
vt 0.87625 0.025
vt 0.87625 0.225
vt 0.87625 0.225
vt 0.87625 0.025
vt 0.87625 0.025
vt 0.87625 0.225
vt 0.87625 0.025
vt 0.87625 0.225
vt 0.87625 0.225
vt 0.87625 0.025
vt 0.87625 0.025
vt 0.87625 0.225
vt 0.87625 0.025
vt 0.87625 0.225
vt 0.87625 0.025
vt 0.87625 0.225
vt 0.87625 0.225
vt 0.87625 0.025
vt 0.87625 0.025
vt 0.87625 0.225
vt 0.87625 0.025
vt 0.87625 0.225
vt 0.87625 0.225
vt 0.87625 0.025
vt 0.87625 0.025
vt 0.87625 0.225
vt 0.87625 0.025
vt 0.87625 0.225
vt 0.87625 0.225
vt 0.87625 0.025
vt 0.87625 0.025
vt 0.87625 0.225
vt 0.87625 0.225
vt 0.87625 0.025
vt 0.87625 0.025
vt 0.87625 0.225
vt 0.87625 0.025
vt 0.87625 0.225
vt 0.87625 0.225
vt 0.87625 0.025
vt 0.87625 0.025
vt 0.87625 0.225
vt 0.87625 0.025
vt 0.87625 0.225
vt 0.87625 0.225
vt 0.87625 0.025
vt 0.87625 0.025
vt 0.87625 0.225
vt 0.87625 0.025
vt 0.87625 0.225
vt 0.87625 0.225
vt 0.87625 0.025
vt 0.87625 0.025
vt 0.87625 0.225
vt 0.87625 0.025
vt 0.87625 0.225
vt 0.87625 0.025
vt 0.87625 0.225
vt 0.87625 0.225
vt 0.87625 0.025
vt 0.87625 0.025
vt 0.87625 0.225
vt 0.87625 0.025
vt 0.87625 0.225
vt 0.87625 0.225
vt 0.87625 0.025
vt 0.87625 0.025
vt 0.87625 0.225
vt 0.87625 0.025
vt 0.87625 0.225
vt 0.87625 0.225
vt 0.87625 0.025
vt 0.87625 0.025
vt 0.87625 0.225
vt 0.87625 0.225
vt 0.87625 0.025
vt 0.87625 0.025
vt 0.87625 0.225
vt 0.87625 0.025
vt 0.87625 0.225
vt 0.87625 0.225
vt 0.87625 0.025
vt 0.87625 0.025
vt 0.87625 0.225
vt 0.87625 0.025
vt 0.87625 0.225
vt 0.87625 0.225
vt 0.87625 0.025
vt 0.87625 0.025
vt 0.87625 0.225
vt 0.87625 0.025
vt 0.87625 0.225
vt 0.87625 0.225
vt 0.87625 0.025
vt 0.87625 0.025
vt 0.87625 0.225
vt 0.87625 0.025
vt 0.87625 0.225
vt 0.87625 0.025
vt 0.87625 0.225
vt 0.87625 0.225
vt 0.87625 0.025
vt 0.87625 0.025
vt 0.87625 0.225
vt 0.87625 0.025
vt 0.87625 0.225
vt 0.87625 0.225
vt 0.87625 0.025
vt 0.87625 0.025
vt 0.87625 0.225
vt 0.87625 0.025
vt 0.87625 0.225
vt 0.87625 0.225
vt 0.87625 0.025
vt 0.87625 0.025
vt 0.87625 0.225
vt 0.87625 0.225
vt 0.87625 0.025
vt 0.87625 0.025
vt 0.87625 0.225
vt 0.87625 0.025
vt 0.87625 0.225
vt 0.87625 0.225
vt 0.87625 0.025
vt 0.87625 0.025
vt 0.87625 0.225
vt 0.87625 0.025
vt 0.87625 0.225
vt 0.87625 0.225
vt 0.87625 0.025
vt 0.87625 0.025
vt 0.87625 0.225
vt 0.87625 0.025
vt 0.87625 0.225
vt 0.87625 0.225
vt 0.87625 0.025
vt 0.87625 0.025
vt 0.87625 0.225
vt 0.87625 0.025
vt 0.87625 0.225
vt 0.87625 0.025
vt 0.87625 0.225
vt 0.87625 0.225
vt 0.87625 0.025
vt 0.87625 0.025
vt 0.87625 0.225
vt 0.87625 0.025
vt 0.87625 0.225
vt 0.87625 0.225
vt 0.87625 0.025
vt 0.87625 0.025
vt 0.87625 0.225
vt 0.87625 0.025
vt 0.87625 0.225
vt 0.87625 0.225
vt 0.87625 0.025
vt 0.87625 0.025
vt 0.87625 0.225
vt 0.87625 0.225
vt 0.87625 0.025
vt 0.87625 0.025
vt 0.87625 0.225
vt 0.87625 0.025
vt 0.87625 0.225
vt 0.87625 0.225
vt 0.87625 0.025
vt 0.87625 0.025
vt 0.87625 0.225
vt 0.87625 0.025
vt 0.87625 0.225
vt 0.87625 0.225
vt 0.87625 0.025
vt 0.87625 0.025
vt 0.87625 0.225
vt 0.87625 0.025
vt 0.87625 0.225
vt 0.87625 0.225
vt 0.87625 0.025
vt 0.87625 0.025
vt 0.87625 0.225
vt 0.87625 0.025
vt 0.87625 0.225
vt 0.87625 0.025
vt 0.87625 0.225
vt 0.87625 0.225
vt 0.87625 0.025
vt 0.87625 0.025
vt 0.87625 0.225
vt 0.87625 0.025
vt 0.87625 0.225
vt 0.87625 0.225
vt 0.87625 0.025
vt 0.87625 0.025
vt 0.87625 0.225
vt 0.87625 0.025
vt 0.87625 0.225
vt 0.87625 0.225
vt 0.87625 0.025
vt 0.87625 0.025
vt 0.87625 0.225
vt 0.87625 0.225
vt 0.87625 0.025
vt 0.87625 0.025
vt 0.87625 0.225
vt 0.87625 0.025
vt 0.87625 0.225
vt 0.87625 0.225
vt 0.87625 0.025
vt 0.87625 0.025
vt 0.87625 0.225
vt 0.87625 0.025
vt 0.87625 0.225
vt 0.87625 0.225
vt 0.87625 0.025
vt 0.87625 0.025
vt 0.87625 0.225
vt 0.87625 0.025
vt 0.87625 0.225
vt 0.87625 0.225
vt 0.87625 0.025
vt 0.87625 0.025
vt 0.87625 0.225
vt 0.87625 0.025
vt 0.87625 0.225
vt 0.87625 0.025
vt 0.87625 0.225
vt 0.87625 0.225
vt 0.87625 0.025
vt 0.87625 0.025
vt 0.87625 0.225
vt 0.87625 0.025
vt 0.87625 0.225
vt 0.87625 0.225
vt 0.87625 0.025
vt 0.87625 0.025
vt 0.87625 0.225
vt 0.87625 0.025
vt 0.87625 0.225
vt 0.87625 0.225
vt 0.87625 0.025
vt 0.87625 0.025
vt 0.87625 0.225
vt 0.87625 0.225
vt 0.87625 0.025
vt 0.87625 0.025
vt 0.87625 0.225
vt 0.87625 0.025
vt 0.87625 0.225
vt 0.87625 0.225
vt 0.87625 0.025
vt 0.87625 0.025
vt 0.87625 0.225
vt 0.87625 0.025
vt 0.87625 0.225
vt 0.87625 0.225
vt 0.87625 0.025
vt 0.87625 0.025
vt 0.87625 0.225
vt 0.87625 0.025
vt 0.87625 0.225
vt 0.87625 0.225
vt 0.87625 0.025
vt 0.87625 0.025
vt 0.87625 0.225
vt 0.87625 0.025
vt 0.87625 0.225
vt 0.87625 0.025
vt 0.87625 0.225
vt 0.87625 0.225
vt 0.87625 0.025
vt 0.87625 0.025
vt 0.87625 0.225
vt 0.87625 0.025
vt 0.87625 0.225
vt 0.87625 0.225
vt 0.87625 0.025
vt 0.87625 0.025
vt 0.87625 0.225
vt 0.87625 0.025
vt 0.87625 0.225
vt 0.87625 0.225
vt 0.87625 0.025
vt 0.87625 0.025
vt 0.87625 0.225
vt 0.87625 0.225
vt 0.87625 0.025
vt 0.87625 0.025
vt 0.87625 0.225
vt 0.87625 0.025
vt 0.87625 0.225
vt 0.87625 0.225
vt 0.87625 0.025
vt 0.87625 0.025
vt 0.87625 0.225
vt 0.87625 0.025
vt 0.87625 0.225
vt 0.87625 0.225
vt 0.87625 0.025
vt 0.87625 0.025
vt 0.87625 0.225
vt 0.87625 0.025
vt 0.87625 0.225
vt 0.87625 0.225
vt 0.87625 0.025
vt 0.87625 0.025
vt 0.87625 0.225
vt 0.87625 0.025
vt 0.87625 0.225
vt 0.87625 0.025
vt 0.87625 0.225
vt 0.87625 0.225
vt 0.87625 0.025
vt 0.87625 0.025
vt 0.87625 0.225
vt 0.87625 0.025
vt 0.87625 0.225
vt 0.87625 0.225
vt 0.87625 0.025
vt 0.87625 0.025
vt 0.87625 0.225
vt 0.87625 0.025
vt 0.87625 0.225
vt 0.87625 0.225
vt 0.87625 0.025
vt 0.87625 0.025
vt 0.87625 0.225
vt 0.87625 0.225
vt 0.87625 0.025
vt 0.87625 0.025
vt 0.87625 0.225
vt 0.87625 0.025
vt 0.87625 0.225
vt 0.87625 0.225
vt 0.87625 0.025
vt 0.87625 0.025
vt 0.87625 0.225
vt 0.87625 0.025
vt 0.87625 0.225
vt 0.87625 0.225
vt 0.87625 0.025
vt 0.87625 0.025
vt 0.87625 0.225
vt 0.87625 0.025
vt 0.87625 0.225
vt 0.87625 0.225
vt 0.87625 0.025
vt 0.87625 0.025
vt 0.87625 0.225
vt 0.87625 0.025
vt 0.87625 0.225
vt 0.87625 0.025
vt 0.87625 0.225
vt 0.87625 0.225
vt 0.87625 0.025
vt 0.87625 0.025
vt 0.87625 0.225
vt 0.87625 0.025
vt 0.87625 0.225
vt 0.87625 0.225
vt 0.87625 0.025
vt 0.87625 0.025
vt 0.87625 0.225
vt 0.87625 0.025
vt 0.87625 0.225
vt 0.87625 0.225
vt 0.87625 0.025
vt 0.87625 0.025
vt 0.87625 0.225
vt 0.87625 0.225
vt 0.87625 0.025
vt 0.87625 0.025
vt 0.87625 0.225
vt 0.87625 0.025
vt 0.87625 0.225
vt 0.87625 0.225
vt 0.87625 0.025
vt 0.87625 0.025
vt 0.87625 0.225
vt 0.87625 0.025
vt 0.87625 0.225
vt 0.87625 0.225
vt 0.87625 0.025
vt 0.87625 0.025
vt 0.87625 0.225
vt 0.87625 0.025
vt 0.87625 0.225
vt 0.87625 0.225
vt 0.87625 0.025
vt 0.87625 0.025
vt 0.87625 0.225
vt 0.87625 0.025
vt 0.87625 0.225
vt 0.87625 0.025
vt 0.87625 0.225
vt 0.87625 0.225
vt 0.87625 0.025
vt 0.87625 0.025
vt 0.87625 0.225
vt 0.87625 0.025
vt 0.87625 0.225
vt 0.87625 0.225
vt 0.87625 0.025
vt 0.87625 0.025
vt 0.87625 0.225
vt 0.87625 0.025
vt 0.87625 0.225
vt 0.87625 0.225
vt 0.87625 0.025
vt 0.87625 0.025
vt 0.87625 0.225
vt 0.87625 0.225
vt 0.87625 0.025
vt 0.87625 0.025
vt 0.87625 0.225
vt 0.87625 0.025
vt 0.87625 0.225
vt 0.87625 0.225
vt 0.87625 0.025
vt 0.87625 0.025
vt 0.87625 0.225
vt 0.87625 0.025
vt 0.87625 0.225
vt 0.87625 0.225
vt 0.87625 0.025
vt 0.87625 0.025
vt 0.87625 0.225
vt 0.87625 0.025
vt 0.87625 0.225
vt 0.87625 0.225
vt 0.87625 0.025
vt 0.87625 0.025
vt 0.87625 0.225
vt 0.87625 0.025
vt 0.87625 0.225
vt 0.87625 0.025
vt 0.87625 0.225
vt 0.87625 0.225
vt 0.87625 0.025
vt 0.87625 0.025
vt 0.87625 0.225
vt 0.87625 0.025
vt 0.87625 0.225
vt 0.87625 0.225
vt 0.87625 0.025
vt 0.87625 0.025
vt 0.87625 0.225
vt 0.87625 0.025
vt 0.87625 0.225
vt 0.87625 0.225
vt 0.87625 0.025
vt 0.87625 0.025
vt 0.87625 0.225
vt 0.87625 0.225
vt 0.87625 0.025
vt 0.87625 0.025
vt 0.87625 0.225
vt 0.87625 0.025
vt 0.87625 0.225
vt 0.87625 0.225
vt 0.87625 0.025
vt 0.87625 0.025
vt 0.87625 0.225
vt 0.87625 0.025
vt 0.87625 0.225
vt 0.87625 0.225
vt 0.87625 0.025
vt 0.87625 0.025
vt 0.87625 0.225
vt 0.87625 0.025
vt 0.87625 0.225
vt 0.87625 0.225
vt 0.87625 0.025
vt 0.87625 0.025
vt 0.87625 0.225
vt 0.87625 0.025
vt 0.87625 0.225
vt 0.87625 0.025
vt 0.87625 0.225
vt 0.87625 0.225
vt 0.87625 0.025
vt 0.87625 0.025
vt 0.87625 0.225
vt 0.87625 0.025
vt 0.87625 0.225
vt 0.87625 0.225
vt 0.87625 0.025
vt 0.87625 0.025
vt 0.87625 0.225
vt 0.87625 0.025
vt 0.87625 0.225
vt 0.87625 0.225
vt 0.87625 0.025
vt 0.87625 0.025
vt 0.87625 0.225
vt 0.87625 0.225
vt 0.87625 0.025
vt 0.87625 0.025
vt 0.87625 0.225
vt 0.87625 0.025
vt 0.87625 0.225
vt 0.87625 0.225
vt 0.87625 0.025
vt 0.87625 0.025
vt 0.87625 0.225
vt 0.87625 0.025
vt 0.87625 0.225
vt 0.87625 0.225
vt 0.87625 0.025
vt 0.87625 0.025
vt 0.87625 0.225
vt 0.87625 0.025
vt 0.87625 0.225
vt 0.87625 0.225
vt 0.87625 0.025
vt 0.87625 0.025
vt 0.87625 0.225
vt 0.87625 0.025
vt 0.87625 0.225
vt 0.87625 0.025
vt 0.87625 0.225
vt 0.87625 0.225
vt 0.87625 0.025
vt 0.87625 0.025
vt 0.87625 0.225
vt 0.87625 0.025
vt 0.87625 0.225
vt 0.87625 0.225
vt 0.87625 0.025
vt 0.87625 0.025
vt 0.87625 0.225
vt 0.87625 0.025
vt 0.87625 0.225
vt 0.87625 0.225
vt 0.87625 0.025
vt 0.87625 0.025
vt 0.87625 0.225
vt 0.87625 0.225
vt 0.87625 0.025
vt 0.87625 0.025
vt 0.87625 0.225
vt 0.87625 0.025
vt 0.87625 0.225
vt 0.87625 0.225
vt 0.87625 0.025
vt 0.87625 0.025
vt 0.87625 0.225
vt 0.87625 0.025
vt 0.87625 0.225
vt 0.87625 0.225
vt 0.87625 0.025
vt 0.87625 0.025
vt 0.87625 0.225
vt 0.87625 0.025
vt 0.87625 0.225
vt 0.87625 0.225
vt 0.87625 0.025
vt 0.87625 0.025
vt 0.87625 0.225
vt 0.87625 0.025
vt 0.87625 0.225
vt 0.87625 0.025
vt 0.87625 0.225
vt 0.87625 0.225
vt 0.87625 0.025
vt 0.87625 0.025
vt 0.87625 0.225
vt 0.87625 0.025
vt 0.87625 0.225
vt 0.87625 0.225
vt 0.87625 0.025
vt 0.87625 0.025
vt 0.87625 0.225
vt 0.87625 0.025
vt 0.87625 0.225
vt 0.87625 0.225
vt 0.87625 0.025
vt 0.87625 0.025
vt 0.87625 0.225
vt 0.87625 0.225
vt 0.87625 0.025
vt 0.87625 0.025
vt 0.87625 0.225
vt 0.87625 0.025
vt 0.87625 0.225
vt 0.87625 0.225
vt 0.87625 0.025
vt 0.87625 0.025
vt 0.87625 0.225
vt 0.87625 0.025
vt 0.87625 0.225
vt 0.87625 0.225
vt 0.87625 0.025
vt 0.87625 0.025
vt 0.87625 0.225
vt 0.87625 0.025
vt 0.87625 0.225
vt 0.87625 0.225
vt 0.87625 0.025
vt 0.87625 0.025
vt 0.87625 0.225
vt 0.87625 0.025
vt 0.87625 0.225
vt 0.87625 0.025
vt 0.87625 0.225
vt 0.87625 0.225
vt 0.87625 0.025
vt 0.87625 0.025
vt 0.87625 0.225
vt 0.87625 0.025
vt 0.87625 0.225
vt 0.87625 0.225
vt 0.87625 0.025
vt 0.87625 0.025
vt 0.87625 0.225
vt 0.87625 0.025
vt 0.87625 0.225
vt 0.87625 0.225
vt 0.87625 0.025
vt 0.87625 0.025
vt 0.87625 0.225
vt 0.87625 0.225
vt 0.87625 0.025
vt 0.87625 0.025
vt 0.87625 0.225
vt 0.87625 0.025
vt 0.87625 0.225
vt 0.87625 0.225
vt 0.87625 0.025
vt 0.87625 0.025
vt 0.87625 0.225
vt 0.87625 0.025
vt 0.87625 0.225
vt 0.87625 0.225
vt 0.87625 0.025
vt 0.87625 0.025
vt 0.87625 0.225
vt 0.87625 0.025
vt 0.87625 0.225
vt 0.87625 0.225
vt 0.87625 0.025
vt 0.87625 0.025
vt 0.87625 0.225
vt 0.87625 0.025
vt 0.87625 0.225
vt 0.87625 0.025
vt 0.87625 0.225
vt 0.87625 0.225
vt 0.87625 0.025
vt 0.87625 0.025
vt 0.87625 0.225
vt 0.87625 0.025
vt 0.87625 0.225
vt 0.87625 0.225
vt 0.87625 0.025
vt 0.87625 0.025
vt 0.87625 0.225
vt 0.87625 0.025
vt 0.87625 0.225
vt 0.87625 0.225
vt 0.87625 0.025
vt 0.87625 0.025
vt 0.87625 0.225
vt 0.87625 0.225
vt 0.87625 0.025
vt 0.87625 0.025
vt 0.87625 0.225
vt 0.87625 0.025
vt 0.87625 0.225
vt 0.87625 0.225
vt 0.87625 0.025
vt 0.87625 0.025
vt 0.87625 0.225
vt 0.87625 0.025
vt 0.87625 0.225
vt 0.87625 0.225
vt 0.87625 0.025
vt 0.87625 0.025
vt 0.87625 0.225
vt 0.87625 0.025
vt 0.87625 0.225
vt 0.87625 0.225
vt 0.87625 0.025
vt 0.87625 0.025
vt 0.87625 0.225
vt 0.87625 0.025
vt 0.87625 0.225
vt 0.87625 0.025
vt 0.87625 0.225
vt 0.87625 0.225
vt 0.87625 0.025
vt 0.87625 0.025
vt 0.87625 0.225
vt 0.87625 0.025
vt 0.87625 0.225
vt 0.87625 0.225
vt 0.87625 0.025
vt 0.87625 0.025
vt 0.87625 0.225
vt 0.87625 0.025
vt 0.87625 0.225
vt 0.87625 0.225
vt 0.87625 0.025
vt 0.87625 0.025
vt 0.87625 0.225
vt 0.87625 0.225
vt 0.87625 0.025
vt 0.87625 0.025
vt 0.87625 0.225
vt 0.87625 0.025
vt 0.87625 0.225
vt 0.87625 0.225
vt 0.87625 0.025
vt 0.87625 0.025
vt 0.87625 0.225
vt 0.87625 0.025
vt 0.87625 0.225
vt 0.87625 0.225
vt 0.87625 0.025
vt 0.87625 0.025
vt 0.87625 0.225
vt 0.87625 0.025
vt 0.87625 0.225
vt 0.87625 0.225
vt 0.87625 0.025
vt 0.87625 0.025
vt 0.87625 0.225
vt 0.87625 0.025
vt 0.87625 0.225
vt 0.87625 0.025
vt 0.87625 0.225
vt 0.87625 0.225
vt 0.87625 0.025
vt 0.87625 0.025
vt 0.87625 0.225
vt 0.87625 0.025
vt 0.87625 0.225
vt 0.87625 0.225
vt 0.87625 0.025
vt 0.87625 0.025
vt 0.87625 0.225
vt 0.87625 0.025
vt 0.87625 0.225
vt 0.87625 0.225
vt 0.87625 0.025
vt 0.87625 0.025
vt 0.87625 0.225
vt 0.87625 0.225
vt 0.87625 0.025
vt 0.87625 0.025
vt 0.87625 0.225
vt 0.87625 0.025
vt 0.87625 0.225
vt 0.87625 0.225
vt 0.87625 0.025
vt 0.87625 0.025
vt 0.87625 0.225
vt 0.87625 0.025
vt 0.87625 0.225
vt 0.87625 0.225
vt 0.87625 0.025
vt 0.87625 0.025
vt 0.87625 0.225
vt 0.87625 0.025
vt 0.87625 0.225
vt 0.87625 0.225
vt 0.87625 0.025
vt 0.87625 0.025
vt 0.87625 0.225
vt 0.87625 0.025
vt 0.87625 0.225
vt 0.87625 0.025
vt 0.87625 0.225
vt 0.87625 0.225
vt 0.87625 0.025
vt 0.87625 0.025
vt 0.87625 0.225
vt 0.87625 0.025
vt 0.87625 0.225
vt 0.87625 0.225
vt 0.87625 0.025
vt 0.87625 0.025
vt 0.87625 0.225
vt 0.87625 0.025
vt 0.87625 0.225
vt 0.87625 0.225
vt 0.87625 0.025
vt 0.87625 0.025
vt 0.87625 0.225
vt 0.87625 0.225
vt 0.87625 0.025
vt 0.87625 0.025
vt 0.87625 0.225
vt 0.87625 0.025
vt 0.87625 0.225
vt 0.87625 0.225
vt 0.87625 0.025
vt 0.87625 0.025
vt 0.87625 0.225
vt 0.87625 0.025
vt 0.87625 0.225
vt 0.87625 0.225
vt 0.87625 0.025
vt 0.87625 0.025
vt 0.87625 0.225
vt 0.87625 0.025
vt 0.87625 0.225
vt 0.87625 0.225
vt 0.87625 0.025
vt 0.87625 0.025
vt 0.87625 0.225
vt 0.87625 0.025
vt 0.87625 0.225
vt 0.87625 0.025
vt 0.87625 0.225
vt 0.87625 0.225
vt 0.87625 0.025
vt 0.87625 0.025
vt 0.87625 0.225
vt 0.87625 0.025
vt 0.87625 0.225
vt 0.87625 0.225
vt 0.87625 0.025
vt 0.87625 0.025
vt 0.87625 0.225
vt 0.87625 0.025
vt 0.87625 0.225
vt 0.87625 0.225
vt 0.87625 0.025
vt 0.87625 0.025
vt 0.87625 0.225
vt 0.87625 0.225
vt 0.87625 0.025
vt 0.87625 0.025
vt 0.87625 0.225
vt 0.87625 0.025
vt 0.87625 0.225
vt 0.87625 0.225
vt 0.87625 0.025
vt 0.87625 0.025
vt 0.87625 0.225
vt 0.87625 0.025
vt 0.87625 0.225
vt 0.87625 0.225
vt 0.87625 0.025
vt 0.87625 0.025
vt 0.87625 0.225
vt 0.87625 0.025
vt 0.87625 0.225
vt 0.87625 0.225
vt 0.87625 0.025
vt 0.87625 0.025
vt 0.87625 0.225
vt 0.87625 0.025
vt 0.87625 0.225
vt 0.87625 0.025
vt 0.87625 0.225
vt 0.87625 0.225
vt 0.87625 0.025
vt 0.87625 0.025
vt 0.87625 0.225
vt 0.87625 0.025
vt 0.87625 0.225
vt 0.87625 0.225
vt 0.87625 0.025
vt 0.87625 0.025
vt 0.87625 0.225
vt 0.87625 0.025
vt 0.87625 0.225
vt 0.87625 0.225
vt 0.87625 0.025
vt 0.87625 0.025
vt 0.87625 0.225
vt 0.87625 0.225
vt 0.87625 0.025
vt 0.87625 0.025
vt 0.87625 0.225
vt 0.87625 0.025
vt 0.87625 0.225
vt 0.87625 0.225
vt 0.87625 0.025
vt 0.87625 0.025
vt 0.87625 0.225
vt 0.87625 0.025
vt 0.87625 0.225
vt 0.87625 0.225
vt 0.87625 0.025
vt 0.87625 0.025
vt 0.87625 0.225
vt 0.87625 0.025
vt 0.87625 0.225
vt 0.87625 0.225
vt 0.87625 0.025
vt 0.87625 0.025
vt 0.87625 0.225
vt 0.87625 0.025
vt 0.87625 0.225
vt 0.87625 0.025
vt 0.87625 0.225
vt 0.87625 0.225
vt 0.87625 0.025
vt 0.87625 0.025
vt 0.87625 0.225
vt 0.87625 0.025
vt 0.87625 0.225
vt 0.87625 0.225
vt 0.87625 0.025
vt 0.87625 0.025
vt 0.87625 0.225
vt 0.87625 0.025
vt 0.87625 0.225
vt 0.87625 0.225
vt 0.87625 0.025
vt 0.87625 0.025
vt 0.87625 0.225
vt 0.87625 0.225
vt 0.87625 0.025
vt 0.87625 0.025
vt 0.87625 0.225
vt 0.87625 0.025
vt 0.87625 0.225
vt 0.87625 0.225
vt 0.87625 0.025
vt 0.87625 0.025
vt 0.87625 0.225
vt 0.87625 0.025
vt 0.87625 0.225
vt 0.87625 0.225
vt 0.87625 0.025
vt 0.87625 0.025
vt 0.87625 0.225
vt 0.87625 0.025
vt 0.87625 0.225
vt 0.87625 0.225
vt 0.87625 0.025
vt 0.87625 0.025
vt 0.87625 0.225
vt 0.87625 0.025
vt 0.87625 0.225
vt 0.87625 0.025
vt 0.87625 0.225
vt 0.87625 0.225
vt 0.87625 0.025
vt 0.87625 0.025
vt 0.87625 0.225
vt 0.87625 0.025
vt 0.87625 0.225
vt 0.87625 0.225
vt 0.87625 0.025
vt 0.87625 0.025
vt 0.87625 0.225
vt 0.87625 0.025
vt 0.87625 0.225
vt 0.87625 0.225
vt 0.87625 0.025
vt 0.87625 0.025
vt 0.87625 0.225
vt 0.87625 0.225
vt 0.87625 0.025
vt 0.87625 0.025
vt 0.87625 0.225
vt 0.87625 0.025
vt 0.87625 0.225
vt 0.87625 0.225
vt 0.87625 0.025
vt 0.87625 0.025
vt 0.87625 0.225
vt 0.87625 0.025
vt 0.87625 0.225
vt 0.87625 0.225
vt 0.87625 0.025
vt 0.87625 0.025
vt 0.87625 0.225
vt 0.87625 0.025
vt 0.87625 0.225
vt 0.87625 0.225
vt 0.87625 0.025
vt 0.87625 0.025
vt 0.87625 0.225
vt 0.87625 0.025
vt 0.87625 0.225
vt 0.87625 0.025
vt 0.87625 0.225
vt 0.87625 0.225
vt 0.87625 0.025
vt 0.87625 0.025
vt 0.87625 0.225
vt 0.87625 0.025
vt 0.87625 0.225
vt 0.87625 0.225
vt 0.87625 0.025
vt 0.87625 0.025
vt 0.87625 0.225
vt 0.87625 0.025
vt 0.87625 0.225
vt 0.87625 0.225
vt 0.87625 0.025
vt 0.87625 0.025
vt 0.87625 0.225
vt 0.87625 0.225
vt 0.87625 0.025
vt 0.87625 0.025
vt 0.87625 0.225
vt 0.87625 0.025
vt 0.87625 0.225
vt 0.87625 0.225
vt 0.87625 0.025
vt 0.87625 0.025
vt 0.87625 0.225
vt 0.87625 0.025
vt 0.87625 0.225
vt 0.87625 0.225
vt 0.87625 0.025
vt 0.87625 0.025
vt 0.87625 0.225
vt 0.87625 0.025
vt 0.87625 0.225
vt 0.87625 0.225
vt 0.87625 0.025
vt 0.87625 0.025
vt 0.87625 0.225
vt 0.87625 0.025
vt 0.87625 0.225
vt 0.87625 0.025
vt 0.87625 0.225
vt 0.87625 0.225
vt 0.87625 0.025
vt 0.87625 0.025
vt 0.87625 0.225
vt 0.87625 0.025
vt 0.87625 0.225
vt 0.87625 0.225
vt 0.87625 0.025
vt 0.87625 0.025
vt 0.87625 0.225
vt 0.87625 0.025
vt 0.87625 0.225
vt 0.87625 0.225
vt 0.87625 0.025
vt 0.87625 0.025
vt 0.87625 0.225
vt 0.87625 0.225
vt 0.87625 0.025
vt 0.87625 0.025
vt 0.87625 0.225
vt 0.87625 0.025
vt 0.87625 0.225
vt 0.87625 0.225
vt 0.87625 0.025
vt 0.87625 0.025
vt 0.87625 0.225
vt 0.87625 0.025
vt 0.87625 0.225
vt 0.87625 0.225
vt 0.87625 0.025
vt 0.87625 0.025
vt 0.87625 0.225
vt 0.87625 0.025
vt 0.87625 0.225
vt 0.87625 0.225
vt 0.87625 0.025
vt 0.87625 0.025
vt 0.87625 0.225
vt 0.87625 0.025
vt 0.87625 0.225
vt 0.87625 0.025
vt 0.87625 0.225
vt 0.87625 0.225
vt 0.87625 0.025
vt 0.87625 0.025
vt 0.87625 0.225
vt 0.87625 0.025
vt 0.87625 0.225
vt 0.87625 0.225
vt 0.87625 0.025
vt 0.87625 0.025
vt 0.87625 0.225
vt 0.87625 0.025
vt 0.87625 0.225
vt 0.87625 0.225
vt 0.87625 0.025
vt 0.87625 0.025
vt 0.87625 0.225
vt 0.87625 0.225
vt 0.87625 0.025
vt 0.87625 0.025
vt 0.87625 0.225
vt 0.87625 0.025
vt 0.87625 0.225
vt 0.87625 0.225
vt 0.87625 0.025
vt 0.87625 0.025
vt 0.87625 0.225
vt 0.87625 0.025
vt 0.87625 0.225
vt 0.87625 0.225
vt 0.87625 0.025
vt 0.87625 0.025
vt 0.87625 0.225
vt 0.87625 0.025
vt 0.87625 0.225
vt 0.87625 0.225
vt 0.87625 0.025
vt 0.87625 0.025
vt 0.87625 0.225
vt 0.87625 0.025
vt 0.87625 0.225
vt 0.87625 0.025
vt 0.87625 0.225
vt 0.87625 0.225
vt 0.87625 0.025
vt 0.87625 0.025
vt 0.87625 0.225
vt 0.87625 0.025
vt 0.87625 0.225
vt 0.87625 0.225
vt 0.87625 0.025
vt 0.87625 0.025
vt 0.87625 0.225
vt 0.87625 0.025
vt 0.87625 0.225
vt 0.87625 0.225
vt 0.87625 0.025
vt 0.87625 0.025
vt 0.87625 0.225
vt 0.87625 0.225
vt 0.87625 0.025
vt 0.87625 0.025
vt 0.87625 0.225
vt 0.87625 0.025
vt 0.87625 0.225
vt 0.87625 0.225
vt 0.87625 0.025
vt 0.87625 0.025
vt 0.87625 0.225
vt 0.87625 0.025
vt 0.87625 0.225
vt 0.87625 0.225
vt 0.87625 0.025
vt 0.87625 0.025
vt 0.87625 0.225
vt 0.87625 0.025
vt 0.87625 0.225
vt 0.87625 0.225
vt 0.87625 0.025
vt 0.87625 0.025
vt 0.87625 0.225
vt 0.87625 0.025
vt 0.87625 0.225
vt 0.87625 0.025
vt 0.87625 0.225
vt 0.87625 0.225
vt 0.87625 0.025
vt 0.87625 0.025
vt 0.87625 0.225
vt 0.87625 0.025
vt 0.87625 0.225
vt 0.87625 0.225
vt 0.87625 0.025
vt 0.87625 0.025
vt 0.87625 0.225
vt 0.87625 0.025
vt 0.87625 0.225
vt 0.87625 0.225
vt 0.87625 0.025
vt 0.87625 0.025
vt 0.87625 0.225
vt 0.87625 0.225
vt 0.87625 0.025
vt 0.87625 0.025
vt 0.87625 0.225
vt 0.87625 0.025
vt 0.87625 0.225
vt 0.87625 0.225
vt 0.87625 0.025
vt 0.87625 0.025
vt 0.87625 0.225
vt 0.87625 0.025
vt 0.87625 0.225
vt 0.87625 0.225
vt 0.87625 0.025
vt 0.87625 0.025
vt 0.87625 0.225
vt 0.87625 0.025
vt 0.87625 0.225
vt 0.87625 0.225
vt 0.87625 0.025
vt 0.87625 0.025
vt 0.87625 0.225
vt 0.87625 0.025
vt 0.87625 0.225
vt 0.87625 0.025
vt 0.87625 0.225
vt 0.87625 0.225
vt 0.87625 0.025
vt 0.87625 0.025
vt 0.87625 0.225
vt 0.87625 0.025
vt 0.87625 0.225
vt 0.87625 0.225
vt 0.87625 0.025
vt 0.87625 0.025
vt 0.87625 0.225
vt 0.87625 0.025
vt 0.87625 0.225
vt 0.87625 0.225
vt 0.87625 0.025
vt 0.87625 0.025
vt 0.87625 0.225
vt 0.87625 0.225
vt 0.87625 0.025
vt 0.87625 0.025
vt 0.87625 0.225
vt 0.87625 0.025
vt 0.87625 0.225
vt 0.87625 0.225
vt 0.87625 0.025
vt 0.87625 0.025
vt 0.87625 0.225
vt 0.87625 0.025
vt 0.87625 0.225
vt 0.87625 0.225
vt 0.87625 0.025
vt 0.87625 0.025
vt 0.87625 0.225
vt 0.87625 0.025
vt 0.87625 0.225
vt 0.87625 0.225
vt 0.87625 0.025
vt 0.87625 0.025
vt 0.87625 0.225
vt 0.87625 0.025
vt 0.87625 0.225
vt 0.87625 0.025
vt 0.87625 0.225
vt 0.87625 0.225
vt 0.87625 0.025
vt 0.87625 0.025
vt 0.87625 0.225
vt 0.87625 0.025
vt 0.87625 0.225
vt 0.87625 0.225
vt 0.87625 0.025
vt 0.87625 0.025
vt 0.87625 0.225
vt 0.87625 0.025
vt 0.87625 0.225
vt 0.87625 0.225
vt 0.87625 0.025
vt 0.87625 0.025
vt 0.87625 0.225
vt 0.87625 0.225
vt 0.87625 0.025
vt 0.87625 0.025
vt 0.87625 0.225
vt 0.87625 0.025
vt 0.87625 0.225
vt 0.87625 0.225
vt 0.87625 0.025
vt 0.87625 0.025
vt 0.87625 0.225
vt 0.87625 0.025
vt 0.87625 0.225
vt 0.87625 0.225
vt 0.87625 0.025
vt 0.87625 0.025
vt 0.87625 0.225
vt 0.87625 0.025
vt 0.87625 0.225
vt 0.87625 0.225
vt 0.87625 0.025
vt 0.87625 0.025
vt 0.87625 0.225
vt 0.87625 0.025
vt 0.87625 0.225
vt 0.87625 0.025
vt 0.87625 0.225
vt 0.87625 0.225
vt 0.87625 0.025
vt 0.87625 0.025
vt 0.87625 0.225
vt 0.87625 0.025
vt 0.87625 0.225
vt 0.87625 0.225
vt 0.87625 0.025
vt 0.87625 0.025
vt 0.87625 0.225
vt 0.87625 0.025
vt 0.87625 0.225
vt 0.87625 0.225
vt 0.87625 0.025
vt 0.87625 0.025
vt 0.87625 0.225
vt 0.87625 0.225
vt 0.87625 0.025
vt 0.87625 0.025
vt 0.87625 0.225
vt 0.87625 0.025
vt 0.87625 0.225
vt 0.87625 0.225
vt 0.87625 0.025
vt 0.87625 0.025
vt 0.87625 0.225
vt 0.87625 0.025
vt 0.87625 0.225
vt 0.87625 0.225
vt 0.87625 0.025
vt 0.87625 0.025
vt 0.87625 0.225
vt 0.87625 0.025
vt 0.87625 0.225
vt 0.87625 0.225
vt 0.87625 0.025
vt 0.87625 0.025
vt 0.87625 0.225
vt 0.87625 0.025
vt 0.87625 0.225
vt 0.87625 0.025
vt 0.87625 0.225
vt 0.87625 0.225
vt 0.87625 0.025
vt 0.87625 0.025
vt 0.87625 0.225
vt 0.87625 0.025
vt 0.87625 0.225
vt 0.87625 0.225
vt 0.87625 0.025
vt 0.87625 0.025
vt 0.87625 0.225
vt 0.87625 0.025
vt 0.87625 0.225
vt 0.87625 0.225
vt 0.87625 0.025
vt 0.87625 0.025
vt 0.87625 0.225
vt 0.87625 0.225
vt 0.87625 0.025
vt 0.87625 0.025
vt 0.87625 0.225
vt 0.87625 0.025
vt 0.87625 0.225
vt 0.87625 0.225
vt 0.87625 0.025
vt 0.87625 0.025
vt 0.87625 0.225
vt 0.87625 0.025
vt 0.87625 0.225
vt 0.87625 0.225
vt 0.87625 0.025
vt 0.87625 0.025
vt 0.87625 0.225
vt 0.87625 0.025
vt 0.87625 0.225
vt 0.87625 0.225
vt 0.87625 0.025
vt 0.87625 0.025
vt 0.87625 0.225
vt 0.87625 0.025
vt 0.87625 0.225
vt 0.87625 0.025
vt 0.87625 0.225
vt 0.87625 0.225
vt 0.87625 0.025
vt 0.87625 0.025
vt 0.87625 0.225
vt 0.87625 0.025
vt 0.87625 0.225
vt 0.87625 0.225
vt 0.87625 0.025
vt 0.87625 0.025
vt 0.87625 0.225
vt 0.87625 0.025
vt 0.87625 0.225
vt 0.87625 0.225
vt 0.87625 0.025
vt 0.87625 0.025
vt 0.87625 0.225
vt 0.87625 0.225
vt 0.87625 0.025
vt 0.87625 0.025
vt 0.87625 0.225
vt 0.87625 0.025
vt 0.87625 0.225
vt 0.87625 0.225
vt 0.87625 0.025
vt 0.87625 0.025
vt 0.87625 0.225
vt 0.87625 0.025
vt 0.87625 0.225
vt 0.87625 0.225
vt 0.87625 0.025
vt 0.87625 0.025
vt 0.87625 0.225
vt 0.87625 0.025
vt 0.87625 0.225
vt 0.87625 0.225
vt 0.87625 0.025
vt 0.87625 0.025
vt 0.87625 0.225
vt 0.87625 0.025
vt 0.87625 0.225
vt 0.87625 0.025
vt 0.87625 0.225
vt 0.87625 0.225
vt 0.87625 0.025
vt 0.87625 0.025
vt 0.87625 0.225
vt 0.87625 0.025
vt 0.87625 0.225
vt 0.87625 0.225
vt 0.87625 0.025
vt 0.87625 0.025
vt 0.87625 0.225
vt 0.87625 0.025
vt 0.87625 0.225
vt 0.87625 0.225
vt 0.87625 0.025
vt 0.87625 0.025
vt 0.87625 0.225
vt 0.87625 0.225
vt 0.87625 0.025
vt 0.87625 0.025
vt 0.87625 0.225
vt 0.87625 0.025
vt 0.87625 0.225
vt 0.87625 0.225
vt 0.87625 0.025
vt 0.87625 0.025
vt 0.87625 0.225
vt 0.87625 0.025
vt 0.87625 0.225
vt 0.87625 0.225
vt 0.87625 0.025
vt 0.87625 0.025
vt 0.87625 0.225
vt 0.87625 0.025
vt 0.87625 0.225
vt 0.87625 0.225
vt 0.87625 0.025
vt 0.87625 0.025
vt 0.87625 0.225
vt 0.87625 0.025
vt 0.87625 0.225
vt 0.87625 0.025
vt 0.87625 0.225
vt 0.87625 0.225
vt 0.87625 0.025
vt 0.87625 0.025
vt 0.87625 0.225
vt 0.87625 0.025
vt 0.87625 0.225
vt 0.87625 0.225
vt 0.87625 0.025
vt 0.87625 0.025
vt 0.87625 0.225
vt 0.87625 0.025
vt 0.87625 0.225
vt 0.87625 0.225
vt 0.87625 0.025
vt 0.87625 0.025
vt 0.87625 0.225
vt 0.87625 0.225
vt 0.87625 0.025
vt 0.87625 0.025
vt 0.87625 0.225
vt 0.87625 0.025
vt 0.87625 0.225
vt 0.87625 0.225
vt 0.87625 0.025
vt 0.87625 0.025
vt 0.87625 0.225
vt 0.87625 0.025
vt 0.87625 0.225
vt 0.87625 0.225
vt 0.87625 0.025
vt 0.87625 0.025
vt 0.87625 0.225
vt 0.87625 0.025
vt 0.87625 0.225
vt 0.87625 0.225
vt 0.87625 0.025
vt 0.87625 0.025
vt 0.87625 0.225
vt 0.87625 0.025
vt 0.87625 0.225
vt 0.87625 0.025
vt 0.87625 0.225
vt 0.87625 0.225
vt 0.87625 0.025
vt 0.87625 0.025
vt 0.87625 0.225
vt 0.87625 0.025
vt 0.87625 0.225
vt 0.87625 0.225
vt 0.87625 0.025
vt 0.87625 0.025
vt 0.87625 0.225
vt 0.87625 0.025
vt 0.87625 0.225
vt 0.87625 0.225
vt 0.87625 0.025
vt 0.87625 0.025
vt 0.87625 0.225
vt 0.87625 0.225
vt 0.87625 0.025
vt 0.87625 0.025
vt 0.87625 0.225
vt 0.87625 0.025
vt 0.87625 0.225
vt 0.87625 0.225
vt 0.87625 0.025
vt 0.87625 0.025
vt 0.87625 0.225
vt 0.87625 0.025
vt 0.87625 0.225
vt 0.87625 0.225
vt 0.87625 0.025
vt 0.87625 0.025
vt 0.87625 0.225
vt 0.87625 0.025
vt 0.87625 0.225
vt 0.87625 0.225
vt 0.87625 0.025
vt 0.87625 0.025
vt 0.87625 0.225
vt 0.87625 0.025
vt 0.87625 0.225
vt 0.87625 0.025
vt 0.87625 0.225
vt 0.87625 0.225
vt 0.87625 0.025
vt 0.87625 0.025
vt 0.87625 0.225
vt 0.87625 0.025
vt 0.87625 0.225
vt 0.87625 0.225
vt 0.87625 0.025
vt 0.87625 0.025
vt 0.87625 0.225
vt 0.87625 0.025
vt 0.87625 0.225
vt 0.87625 0.225
vt 0.87625 0.025
vt 0.87625 0.025
vt 0.87625 0.225
vt 0.87625 0.225
vt 0.87625 0.025
vt 0.87625 0.025
vt 0.87625 0.225
vt 0.87625 0.025
vt 0.87625 0.225
vt 0.87625 0.225
vt 0.87625 0.025
vt 0.87625 0.025
vt 0.87625 0.225
vt 0.87625 0.025
vt 0.87625 0.225
vt 0.87625 0.225
vt 0.87625 0.025
vt 0.87625 0.025
vt 0.87625 0.225
vt 0.87625 0.025
vt 0.87625 0.225
vt 0.87625 0.225
vt 0.87625 0.025
vt 0.87625 0.025
vt 0.87625 0.225
vt 0.87625 0.025
vt 0.87625 0.225
vt 0.87625 0.025
vt 0.87625 0.225
vt 0.87625 0.225
vt 0.87625 0.025
vt 0.87625 0.025
vt 0.87625 0.225
vt 0.87625 0.025
vt 0.87625 0.225
vt 0.87625 0.225
vt 0.87625 0.025
vt 0.87625 0.025
vt 0.87625 0.225
vt 0.87625 0.025
vt 0.87625 0.225
vt 0.87625 0.225
vt 0.87625 0.025
vt 0.87625 0.025
vt 0.87625 0.225
vt 0.87625 0.225
vt 0.87625 0.025
vt 0.87625 0.025
vt 0.87625 0.225
vt 0.87625 0.025
vt 0.87625 0.225
vt 0.87625 0.225
vt 0.87625 0.025
vt 0.87625 0.025
vt 0.87625 0.225
vt 0.87625 0.025
vt 0.87625 0.225
vt 0.87625 0.225
vt 0.87625 0.025
vt 0.87625 0.025
vt 0.87625 0.225
vt 0.87625 0.025
vt 0.87625 0.225
vt 0.87625 0.225
vt 0.87625 0.025
vt 0.87625 0.025
vt 0.87625 0.225
vt 0.87625 0.025
vt 0.87625 0.225
vt 0.87625 0.025
vt 0.87625 0.225
vt 0.87625 0.225
vt 0.87625 0.025
vt 0.87625 0.025
vt 0.87625 0.225
vt 0.87625 0.025
vt 0.87625 0.225
vt 0.87625 0.225
vt 0.87625 0.025
vt 0.87625 0.025
vt 0.87625 0.225
vt 0.87625 0.025
vt 0.87625 0.225
vt 0.87625 0.225
vt 0.87625 0.025
vt 0.87625 0.025
vt 0.87625 0.225
vt 0.87625 0.225
vt 0.87625 0.025
vt 0.87625 0.025
vt 0.87625 0.225
vt 0.87625 0.025
vt 0.87625 0.225
vt 0.87625 0.225
vt 0.87625 0.025
vt 0.87625 0.025
vt 0.87625 0.225
vt 0.87625 0.025
vt 0.87625 0.225
vt 0.87625 0.225
vt 0.87625 0.025
vt 0.87625 0.025
vt 0.87625 0.225
vt 0.87625 0.025
vt 0.87625 0.225
vt 0.87625 0.225
vt 0.87625 0.025
vt 0.87625 0.025
vt 0.87625 0.225
vt 0.87625 0.025
vt 0.87625 0.225
vt 0.87625 0.025
vt 0.87625 0.225
vt 0.87625 0.225
vt 0.87625 0.025
vt 0.87625 0.025
vt 0.87625 0.225
vt 0.87625 0.025
vt 0.87625 0.225
vt 0.87625 0.225
vt 0.87625 0.025
vt 0.87625 0.025
vt 0.87625 0.225
vt 0.87625 0.025
vt 0.87625 0.225
vt 0.87625 0.225
vt 0.87625 0.025
vt 0.87625 0.025
vt 0.87625 0.225
vt 0.87625 0.225
vt 0.87625 0.025
vt 0.87625 0.025
vt 0.87625 0.225
vt 0.87625 0.025
vt 0.87625 0.225
vt 0.87625 0.225
vt 0.87625 0.025
vt 0.87625 0.025
vt 0.87625 0.225
vt 0.87625 0.025
vt 0.87625 0.225
vt 0.87625 0.225
vt 0.87625 0.025
vt 0.87625 0.025
vt 0.87625 0.225
vt 0.87625 0.025
vt 0.87625 0.225
vt 0.87625 0.225
vt 0.87625 0.025
vt 0.87625 0.025
vt 0.87625 0.225
vt 0.87625 0.025
vt 0.87625 0.225
vt 0.87625 0.025
vt 0.87625 0.225
vt 0.87625 0.225
vt 0.87625 0.025
vt 0.87625 0.025
vt 0.87625 0.225
vt 0.87625 0.025
vt 0.87625 0.225
vt 0.87625 0.225
vt 0.87625 0.025
vt 0.87625 0.025
vt 0.87625 0.225
vt 0.87625 0.025
vt 0.87625 0.225
vt 0.87625 0.225
vt 0.87625 0.025
vt 0.87625 0.025
vt 0.87625 0.225
vt 0.87625 0.225
vt 0.87625 0.025
vt 0.87625 0.025
vt 0.87625 0.225
vt 0.87625 0.025
vt 0.87625 0.225
vt 0.87625 0.225
vt 0.87625 0.025
vt 0.87625 0.025
vt 0.87625 0.225
vt 0.87625 0.025
vt 0.87625 0.225
vt 0.87625 0.225
vt 0.87625 0.025
vt 0.87625 0.025
vt 0.87625 0.225
vt 0.87625 0.025
vt 0.87625 0.225
vt 0.87625 0.225
vt 0.87625 0.025
vt 0.87625 0.025
vt 0.87625 0.225
vt 0.87625 0.025
vt 0.87625 0.225
vt 0.87625 0.025
vt 0.87625 0.225
vt 0.87625 0.225
vt 0.87625 0.025
vt 0.87625 0.025
vt 0.87625 0.225
vt 0.87625 0.025
vt 0.87625 0.225
vt 0.87625 0.225
vt 0.87625 0.025
vt 0.87625 0.025
vt 0.87625 0.225
vt 0.87625 0.025
vt 0.87625 0.225
vt 0.87625 0.225
vt 0.87625 0.025
vt 0.87625 0.025
vt 0.87625 0.225
vt 0.87625 0.225
vt 0.87625 0.025
vt 0.87625 0.025
vt 0.87625 0.225
vt 0.87625 0.025
vt 0.87625 0.225
vt 0.87625 0.225
vt 0.87625 0.025
vt 0.87625 0.025
vt 0.87625 0.225
vt 0.87625 0.025
vt 0.87625 0.225
vt 0.87625 0.225
vt 0.87625 0.025
vt 0.87625 0.025
vt 0.87625 0.225
vt 0.87625 0.025
vt 0.87625 0.225
vt 0.87625 0.225
vt 0.87625 0.025
vt 0.87625 0.025
vt 0.87625 0.225
vt 0.87625 0.025
vt 0.87625 0.225
vt 0.87625 0.025
vt 0.87625 0.225
vt 0.87625 0.225
vt 0.87625 0.025
vt 0.87625 0.025
vt 0.87625 0.225
vt 0.87625 0.025
vt 0.87625 0.225
vt 0.87625 0.225
vt 0.87625 0.025
vt 0.87625 0.025
vt 0.87625 0.225
vt 0.87625 0.025
vt 0.87625 0.225
vt 0.87625 0.225
vt 0.87625 0.025
vt 0.87625 0.025
vt 0.87625 0.225
vt 0.87625 0.225
vt 0.87625 0.025
vt 0.87625 0.025
vt 0.87625 0.225
vt 0.87625 0.025
vt 0.87625 0.225
vt 0.87625 0.225
vt 0.87625 0.025
vt 0.87625 0.025
vt 0.87625 0.225
vt 0.87625 0.025
vt 0.87625 0.225
vt 0.87625 0.225
vt 0.87625 0.025
vt 0.87625 0.025
vt 0.87625 0.225
vt 0.87625 0.025
vt 0.87625 0.225
vt 0.87625 0.225
vt 0.87625 0.025
vt 0.87625 0.025
vt 0.87625 0.225
vt 0.87625 0.025
vt 0.87625 0.225
vt 0.87625 0.025
vt 0.87625 0.225
vt 0.87625 0.225
vt 0.87625 0.025
vt 0.87625 0.025
vt 0.87625 0.225
vt 0.87625 0.025
vt 0.87625 0.225
vt 0.87625 0.225
vt 0.87625 0.025
vt 0.87625 0.025
vt 0.87625 0.225
vt 0.87625 0.025
vt 0.87625 0.225
vt 0.87625 0.225
vt 0.87625 0.025
vt 0.87625 0.025
vt 0.87625 0.225
vt 0.87625 0.225
vt 0.87625 0.025
vt 0.87625 0.025
vt 0.87625 0.225
vt 0.87625 0.025
vt 0.87625 0.225
vt 0.87625 0.225
vt 0.87625 0.025
vt 0.87625 0.025
vt 0.87625 0.225
vt 0.87625 0.025
vt 0.87625 0.225
vt 0.87625 0.225
vt 0.87625 0.025
vt 0.87625 0.025
vt 0.87625 0.225
vt 0.87625 0.025
vt 0.87625 0.225
vt 0.87625 0.225
vt 0.87625 0.025
vt 0.87625 0.025
vt 0.87625 0.225
vt 0.87625 0.025
vt 0.87625 0.225
vt 0.87625 0.025
vt 0.87625 0.225
vt 0.87625 0.225
vt 0.87625 0.025
vt 0.87625 0.025
vt 0.87625 0.225
vt 0.87625 0.025
vt 0.87625 0.225
vt 0.87625 0.225
vt 0.87625 0.025
vt 0.87625 0.025
vt 0.87625 0.225
vt 0.87625 0.025
vt 0.87625 0.225
vt 0.87625 0.225
vt 0.87625 0.025
vt 0.87625 0.025
vt 0.87625 0.225
vt 0.87625 0.225
vt 0.87625 0.025
vt 0.87625 0.025
vt 0.87625 0.225
vt 0.87625 0.025
vt 0.87625 0.225
vt 0.87625 0.225
vt 0.87625 0.025
vt 0.87625 0.025
vt 0.87625 0.225
vt 0.87625 0.025
vt 0.87625 0.225
vt 0.87625 0.225
vt 0.87625 0.025
vt 0.87625 0.025
vt 0.87625 0.225
vt 0.87625 0.025
vt 0.87625 0.225
vt 0.87625 0.225
vt 0.87625 0.025
vt 0.87625 0.025
vt 0.87625 0.225
vt 0.87625 0.025
vt 0.87625 0.225
vt 0.87625 0.025
vt 0.87625 0.225
vt 0.87625 0.225
vt 0.87625 0.025
vt 0.87625 0.025
vt 0.87625 0.225
vt 0.87625 0.025
vt 0.87625 0.225
vt 0.87625 0.225
vt 0.87625 0.025
vt 0.87625 0.025
vt 0.87625 0.225
vt 0.87625 0.025
vt 0.87625 0.225
vt 0.87625 0.225
vt 0.87625 0.025
vt 0.87625 0.025
vt 0.87625 0.225
vt 0.87625 0.225
vt 0.87625 0.025
vt 0.87625 0.025
vt 0.87625 0.225
vt 0.87625 0.025
vt 0.87625 0.225
vt 0.87625 0.225
vt 0.87625 0.025
vt 0.87625 0.025
vt 0.87625 0.225
vt 0.87625 0.025
vt 0.87625 0.225
vt 0.87625 0.225
vt 0.87625 0.025
vt 0.87625 0.025
vt 0.87625 0.225
vt 0.87625 0.025
vt 0.87625 0.225
vt 0.87625 0.225
vt 0.87625 0.025
vt 0.87625 0.025
vt 0.87625 0.225
vt 0.87625 0.025
vt 0.87625 0.225
vt 0.87625 0.025
vt 0.87625 0.225
vt 0.87625 0.225
vt 0.87625 0.025
vt 0.87625 0.025
vt 0.87625 0.225
vt 0.87625 0.025
vt 0.87625 0.225
vt 0.87625 0.225
vt 0.87625 0.025
vt 0.87625 0.025
vt 0.87625 0.225
vt 0.87625 0.025
vt 0.87625 0.225
vt 0.87625 0.225
vt 0.87625 0.025
vt 0.87625 0.025
vt 0.87625 0.225
vt 0.87625 0.225
vt 0.87625 0.025
vt 0.87625 0.025
vt 0.87625 0.225
vt 0.87625 0.025
vt 0.87625 0.225
vt 0.87625 0.225
vt 0.87625 0.025
vt 0.87625 0.025
vt 0.87625 0.225
vt 0.87625 0.025
vt 0.87625 0.225
vt 0.87625 0.225
vt 0.87625 0.025
vt 0.87625 0.025
vt 0.87625 0.225
vt 0.87625 0.025
vt 0.87625 0.225
vt 0.87625 0.225
vt 0.87625 0.025
vt 0.87625 0.025
vt 0.87625 0.225
vt 0.87625 0.025
vt 0.87625 0.225
vt 0.87625 0.025
vt 0.87625 0.225
vt 0.87625 0.225
vt 0.87625 0.025
vt 0.87625 0.025
vt 0.87625 0.225
vt 0.87625 0.025
vt 0.87625 0.225
vt 0.87625 0.225
vt 0.87625 0.025
vt 0.87625 0.025
vt 0.87625 0.225
vt 0.87625 0.025
vt 0.87625 0.225
vt 0.87625 0.225
vt 0.87625 0.025
vt 0.87625 0.025
vt 0.87625 0.225
vt 0.87625 0.225
vt 0.87625 0.025
vt 0.87625 0.025
vt 0.87625 0.225
vt 0.87625 0.025
vt 0.87625 0.225
vt 0.87625 0.225
vt 0.87625 0.025
vt 0.87625 0.025
vt 0.87625 0.225
vt 0.87625 0.025
vt 0.87625 0.225
vt 0.87625 0.225
vt 0.87625 0.025
vt 0.87625 0.025
vt 0.87625 0.225
vt 0.87625 0.025
vt 0.87625 0.225
vt 0.87625 0.225
vt 0.87625 0.025
vt 0.87625 0.025
vt 0.87625 0.225
vt 0.87625 0.025
vt 0.87625 0.225
vt 0.87625 0.025
vt 0.87625 0.225
vt 0.87625 0.225
vt 0.87625 0.025
vt 0.87625 0.025
vt 0.87625 0.225
vt 0.87625 0.025
vt 0.87625 0.225
vt 0.87625 0.225
vt 0.87625 0.025
vt 0.87625 0.025
vt 0.87625 0.225
vt 0.87625 0.025
vt 0.87625 0.225
vt 0.87625 0.225
vt 0.87625 0.025
vt 0.87625 0.025
vt 0.87625 0.225
vt 0.87625 0.225
vt 0.87625 0.025
vt 0.87625 0.025
vt 0.87625 0.225
vt 0.87625 0.025
vt 0.87625 0.225
vt 0.87625 0.225
vt 0.87625 0.025
vt 0.87625 0.025
vt 0.87625 0.225
vt 0.87625 0.025
vt 0.87625 0.225
vt 0.87625 0.225
vt 0.87625 0.025
vt 0.87625 0.025
vt 0.87625 0.225
vt 0.87625 0.025
vt 0.87625 0.225
vt 0.87625 0.225
vt 0.87625 0.025
vt 0.87625 0.025
vt 0.87625 0.225
vt 0.87625 0.025
vt 0.87625 0.225
vt 0.87625 0.025
vt 0.87625 0.225
vt 0.87625 0.225
vt 0.87625 0.025
vt 0.87625 0.025
vt 0.87625 0.225
vt 0.87625 0.025
vt 0.87625 0.225
vt 0.87625 0.225
vt 0.87625 0.025
vt 0.87625 0.025
vt 0.87625 0.225
vt 0.87625 0.025
vt 0.87625 0.225
vt 0.87625 0.225
vt 0.87625 0.025
vt 0.87625 0.025
vt 0.87625 0.225
vt 0.87625 0.225
vt 0.87625 0.025
vt 0.87625 0.025
vt 0.87625 0.225
vt 0.87625 0.025
vt 0.87625 0.225
vt 0.87625 0.225
vt 0.87625 0.025
vt 0.87625 0.025
vt 0.87625 0.225
vt 0.87625 0.025
vt 0.87625 0.225
vt 0.87625 0.225
vt 0.87625 0.025
vt 0.87625 0.025
vt 0.87625 0.225
vt 0.87625 0.025
vt 0.87625 0.225
vt 0.87625 0.225
vt 0.87625 0.025
vt 0.87625 0.025
vt 0.87625 0.225
vt 0.87625 0.025
vt 0.87625 0.225
vt 0.87625 0.025
vt 0.87625 0.225
vt 0.87625 0.225
vt 0.87625 0.025
vt 0.87625 0.025
vt 0.87625 0.225
vt 0.87625 0.025
vt 0.87625 0.225
vt 0.87625 0.225
vt 0.87625 0.025
vt 0.87625 0.025
vt 0.87625 0.225
vt 0.87625 0.025
vt 0.87625 0.225
vt 0.87625 0.225
vt 0.87625 0.025
vt 0.87625 0.025
vt 0.87625 0.225
vt 0.87625 0.225
vt 0.87625 0.025
vt 0.87625 0.025
vt 0.87625 0.225
vt 0.87625 0.025
vt 0.87625 0.225
vt 0.87625 0.225
vt 0.87625 0.025
vt 0.87625 0.025
vt 0.87625 0.225
vt 0.87625 0.025
vt 0.87625 0.225
vt 0.87625 0.225
vt 0.87625 0.025
vt 0.87625 0.025
vt 0.87625 0.225
vt 0.87625 0.025
vt 0.87625 0.225
vt 0.87625 0.225
vt 0.87625 0.025
vt 0.87625 0.025
vt 0.87625 0.225
vt 0.87625 0.025
vt 0.87625 0.225
vt 0.87625 0.025
vt 0.87625 0.225
vt 0.87625 0.225
vt 0.87625 0.025
vt 0.87625 0.025
vt 0.87625 0.225
vt 0.87625 0.025
vt 0.87625 0.225
vt 0.87625 0.225
vt 0.87625 0.025
vt 0.87625 0.025
vt 0.87625 0.225
vt 0.87625 0.025
vt 0.87625 0.225
vt 0.87625 0.225
vt 0.87625 0.025
vt 0.87625 0.025
vt 0.87625 0.225
vt 0.87625 0.225
vt 0.87625 0.025
vt 0.87625 0.025
vt 0.87625 0.225
vt 0.87625 0.025
vt 0.87625 0.225
vt 0.87625 0.225
vt 0.87625 0.025
vt 0.87625 0.025
vt 0.87625 0.225
vt 0.87625 0.025
vt 0.87625 0.225
vt 0.87625 0.225
vt 0.87625 0.025
vt 0.87625 0.025
vt 0.87625 0.225
vt 0.87625 0.025
vt 0.87625 0.225
vt 0.87625 0.225
vt 0.87625 0.025
vt 0.87625 0.025
vt 0.87625 0.225
vt 0.87625 0.025
vt 0.87625 0.225
vt 0.87625 0.025
vt 0.87625 0.225
vt 0.87625 0.225
vt 0.87625 0.025
vt 0.87625 0.025
vt 0.87625 0.225
vt 0.87625 0.025
vt 0.87625 0.225
vt 0.87625 0.225
vt 0.87625 0.025
vt 0.87625 0.025
vt 0.87625 0.225
vt 0.87625 0.025
vt 0.87625 0.225
vt 0.87625 0.225
vt 0.87625 0.025
vt 0.87625 0.025
vt 0.87625 0.225
vt 0.87625 0.225
vt 0.87625 0.025
vt 0.87625 0.025
vt 0.87625 0.225
vt 0.87625 0.025
vt 0.87625 0.225
vt 0.87625 0.225
vt 0.87625 0.025
vt 0.87625 0.025
vt 0.87625 0.225
vt 0.87625 0.025
vt 0.87625 0.225
vt 0.87625 0.225
vt 0.87625 0.025
vt 0.87625 0.025
vt 0.87625 0.225
vt 0.87625 0.025
vt 0.87625 0.225
vt 0.87625 0.225
vt 0.87625 0.025
vt 0.87625 0.025
vt 0.87625 0.225
vt 0.87625 0.025
vt 0.87625 0.225
vt 0.87625 0.025
vt 0.87625 0.225
vt 0.87625 0.225
vt 0.87625 0.025
vt 0.87625 0.025
vt 0.87625 0.225
vt 0.87625 0.025
vt 0.87625 0.225
vt 0.87625 0.225
vt 0.87625 0.025
vt 0.87625 0.025
vt 0.87625 0.225
vt 0.87625 0.025
vt 0.87625 0.225
vt 0.87625 0.225
vt 0.87625 0.025
vt 0.87625 0.025
vt 0.87625 0.225
vt 0.87625 0.225
vt 0.87625 0.025
vt 0.87625 0.025
vt 0.87625 0.225
vt 0.87625 0.025
vt 0.87625 0.225
vt 0.87625 0.225
vt 0.87625 0.025
vt 0.87625 0.025
vt 0.87625 0.225
vt 0.87625 0.025
vt 0.87625 0.225
vt 0.87625 0.225
vt 0.87625 0.025
vt 0.87625 0.025
vt 0.87625 0.225
vt 0.87625 0.025
vt 0.87625 0.225
vt 0.87625 0.225
vt 0.87625 0.025
vt 0.87625 0.025
vt 0.87625 0.225
vt 0.87625 0.025
vt 0.87625 0.225
vt 0.87625 0.025
vt 0.87625 0.225
vt 0.87625 0.225
vt 0.87625 0.025
vt 0.87625 0.025
vt 0.87625 0.225
vt 0.87625 0.025
vt 0.87625 0.225
vt 0.87625 0.225
vt 0.87625 0.025
vt 0.87625 0.025
vt 0.87625 0.225
vt 0.87625 0.025
vt 0.87625 0.225
vt 0.87625 0.225
vt 0.87625 0.025
vt 0.87625 0.025
vt 0.87625 0.225
vt 0.87625 0.225
vt 0.87625 0.025
vt 0.87625 0.025
vt 0.87625 0.225
vt 0.87625 0.025
vt 0.87625 0.225
vt 0.87625 0.225
vt 0.87625 0.025
vt 0.87625 0.025
vt 0.87625 0.225
vt 0.87625 0.025
vt 0.87625 0.225
vt 0.87625 0.225
vt 0.87625 0.025
vt 0.87625 0.025
vt 0.87625 0.225
vt 0.87625 0.025
vt 0.87625 0.225
vt 0.87625 0.225
vt 0.87625 0.025
vt 0.87625 0.025
vt 0.87625 0.225
vt 0.87625 0.025
vt 0.87625 0.225
vt 0.87625 0.025
vt 0.87625 0.225
vt 0.87625 0.225
vt 0.87625 0.025
vt 0.87625 0.025
vt 0.87625 0.225
vt 0.87625 0.025
vt 0.87625 0.225
vt 0.87625 0.225
vt 0.87625 0.025
vt 0.87625 0.025
vt 0.87625 0.225
vt 0.87625 0.025
vt 0.87625 0.225
vt 0.87625 0.225
vt 0.87625 0.025
vt 0.87625 0.025
vt 0.87625 0.225
vt 0.87625 0.225
vt 0.87625 0.025
vt 0.87625 0.025
vt 0.87625 0.225
vt 0.87625 0.025
vt 0.87625 0.225
vt 0.87625 0.225
vt 0.87625 0.025
vt 0.87625 0.025
vt 0.87625 0.225
vt 0.87625 0.025
vt 0.87625 0.225
vt 0.87625 0.225
vt 0.87625 0.025
vt 0.87625 0.025
vt 0.87625 0.225
vt 0.87625 0.025
vt 0.87625 0.225
vt 0.87625 0.225
vt 0.87625 0.025
vt 0.87625 0.025
vt 0.87625 0.225
vt 0.87625 0.025
vt 0.87625 0.225
vt 0.87625 0.025
vt 0.87625 0.225
vt 0.87625 0.225
vt 0.87625 0.025
vt 0.87625 0.025
vt 0.87625 0.225
vt 0.87625 0.025
vt 0.87625 0.225
vt 0.87625 0.225
vt 0.87625 0.025
vt 0.87625 0.025
vt 0.87625 0.225
vt 0.87625 0.025
vt 0.87625 0.225
vt 0.87625 0.225
vt 0.87625 0.025
vt 0.87625 0.025
vt 0.87625 0.225
vt 0.87625 0.225
vt 0.87625 0.025
vt 0.87625 0.025
vt 0.87625 0.225
vt 0.87625 0.025
vt 0.87625 0.225
vt 0.87625 0.225
vt 0.87625 0.025
vt 0.87625 0.025
vt 0.87625 0.225
vt 0.87625 0.025
vt 0.87625 0.225
vt 0.87625 0.225
vt 0.87625 0.025
vt 0.87625 0.025
vt 0.87625 0.225
vt 0.87625 0.025
vt 0.87625 0.225
vt 0.87625 0.225
vt 0.87625 0.025
vt 0.87625 0.025
vt 0.87625 0.225
vt 0.87625 0.025
vt 0.87625 0.225
vt 0.87625 0.025
vt 0.87625 0.225
vt 0.87625 0.225
vt 0.87625 0.025
vt 0.87625 0.025
vt 0.87625 0.225
vt 0.87625 0.025
vt 0.87625 0.225
vt 0.87625 0.225
vt 0.87625 0.025
vt 0.87625 0.025
vt 0.87625 0.225
vt 0.87625 0.025
vt 0.87625 0.225
vt 0.87625 0.225
vt 0.87625 0.025
vt 0.87625 0.025
vt 0.87625 0.225
vt 0.87625 0.225
vt 0.87625 0.025
vt 0.87625 0.025
vt 0.87625 0.225
vt 0.87625 0.025
vt 0.87625 0.225
vt 0.87625 0.225
vt 0.87625 0.025
vt 0.87625 0.025
vt 0.87625 0.225
vt 0.87625 0.025
vt 0.87625 0.225
vt 0.87625 0.225
vt 0.87625 0.025
vt 0.87625 0.025
vt 0.87625 0.225
vt 0.87625 0.025
vt 0.87625 0.225
vt 0.87625 0.225
vt 0.87625 0.025
vt 0.87625 0.025
vt 0.87625 0.225
vt 0.87625 0.025
vt 0.87625 0.225
vt 0.87625 0.025
vt 0.87625 0.225
vt 0.87625 0.225
vt 0.87625 0.025
vt 0.87625 0.025
vt 0.87625 0.225
vt 0.87625 0.025
vt 0.87625 0.225
vt 0.87625 0.225
vt 0.87625 0.025
vt 0.87625 0.025
vt 0.87625 0.225
vt 0.87625 0.025
vt 0.87625 0.225
vt 0.87625 0.225
vt 0.87625 0.025
vt 0.87625 0.025
vt 0.87625 0.225
vt 0.87625 0.225
vt 0.87625 0.025
vt 0.87625 0.025
vt 0.87625 0.225
vt 0.87625 0.025
vt 0.87625 0.225
vt 0.87625 0.225
vt 0.87625 0.025
vt 0.87625 0.025
vt 0.87625 0.225
vt 0.87625 0.025
vt 0.87625 0.225
vt 0.87625 0.225
vt 0.87625 0.025
vt 0.87625 0.025
vt 0.87625 0.225
vt 0.87625 0.025
vt 0.87625 0.225
vt 0.87625 0.225
vt 0.87625 0.025
vt 0.87625 0.025
vt 0.87625 0.225
vt 0.87625 0.025
vt 0.87625 0.225
vt 0.87625 0.025
vt 0.87625 0.225
vt 0.87625 0.225
vt 0.87625 0.025
vt 0.87625 0.025
vt 0.87625 0.225
vt 0.87625 0.025
vt 0.87625 0.225
vt 0.87625 0.225
vt 0.87625 0.025
vt 0.87625 0.025
vt 0.87625 0.225
vt 0.87625 0.025
vt 0.87625 0.225
vt 0.87625 0.225
vt 0.87625 0.025
vt 0.87625 0.025
vt 0.87625 0.225
vt 0.87625 0.225
vt 0.87625 0.025
vt 0.87625 0.025
vt 0.87625 0.225
vt 0.87625 0.025
vt 0.87625 0.225
vt 0.87625 0.225
vt 0.87625 0.025
vt 0.87625 0.025
vt 0.87625 0.225
vt 0.87625 0.025
vt 0.87625 0.225
vt 0.87625 0.225
vt 0.87625 0.025
vt 0.87625 0.025
vt 0.87625 0.225
vt 0.87625 0.025
vt 0.87625 0.225
vt 0.87625 0.225
vt 0.87625 0.025
vt 0.87625 0.025
vt 0.87625 0.225
vt 0.87625 0.025
vt 0.87625 0.225
vt 0.87625 0.025
vt 0.87625 0.225
vt 0.87625 0.225
vt 0.87625 0.025
vt 0.87625 0.025
vt 0.87625 0.225
vt 0.87625 0.025
vt 0.87625 0.225
vt 0.87625 0.225
vt 0.87625 0.025
vt 0.87625 0.025
vt 0.87625 0.225
vt 0.87625 0.025
vt 0.87625 0.225
vt 0.87625 0.225
vt 0.87625 0.025
vt 0.87625 0.025
vt 0.87625 0.225
vt 0.87625 0.225
vt 0.87625 0.025
vt 0.87625 0.025
vt 0.87625 0.225
vt 0.87625 0.025
vt 0.87625 0.225
vt 0.87625 0.225
vt 0.87625 0.025
vt 0.87625 0.025
vt 0.87625 0.225
vt 0.87625 0.025
vt 0.87625 0.225
vt 0.87625 0.225
vt 0.87625 0.025
vt 0.87625 0.025
vt 0.87625 0.225
vt 0.87625 0.025
vt 0.87625 0.225
vt 0.87625 0.225
vt 0.87625 0.025
vt 0.87625 0.025
vt 0.87625 0.225
vt 0.87625 0.025
vt 0.87625 0.225
vt 0.87625 0.025
vt 0.87625 0.225
vt 0.87625 0.225
vt 0.87625 0.025
vt 0.87625 0.025
vt 0.87625 0.225
vt 0.87625 0.025
vt 0.87625 0.225
vt 0.87625 0.225
vt 0.87625 0.025
vt 0.87625 0.025
vt 0.87625 0.225
vt 0.87625 0.025
vt 0.87625 0.225
vt 0.87625 0.225
vt 0.87625 0.025
vt 0.87625 0.025
vt 0.87625 0.225
vt 0.87625 0.225
vt 0.87625 0.025
vt 0.87625 0.025
vt 0.87625 0.225
vt 0.87625 0.025
vt 0.87625 0.225
vt 0.87625 0.225
vt 0.87625 0.025
vt 0.87625 0.025
vt 0.87625 0.225
vt 0.87625 0.025
vt 0.87625 0.225
vt 0.87625 0.225
vt 0.87625 0.025
vt 0.87625 0.025
vt 0.87625 0.225
vt 0.87625 0.025
vt 0.87625 0.225
vt 0.87625 0.225
vt 0.87625 0.025
vt 0.87625 0.025
vt 0.87625 0.225
vt 0.87625 0.025
vt 0.87625 0.225
vt 0.87625 0.025
vt 0.87625 0.225
vt 0.87625 0.225
vt 0.87625 0.025
vt 0.87625 0.025
vt 0.87625 0.225
vt 0.87625 0.025
vt 0.87625 0.225
vt 0.87625 0.225
vt 0.87625 0.025
vt 0.87625 0.025
vt 0.87625 0.225
vt 0.87625 0.025
vt 0.87625 0.225
vt 0.87625 0.225
vt 0.87625 0.025
vt 0.87625 0.025
vt 0.87625 0.225
vt 0.87625 0.225
vt 0.87625 0.025
vt 0.87625 0.025
vt 0.87625 0.225
vt 0.87625 0.025
vt 0.87625 0.225
vt 0.87625 0.225
vt 0.87625 0.025
vt 0.87625 0.025
vt 0.87625 0.225
vt 0.87625 0.025
vt 0.87625 0.225
vt 0.87625 0.225
vt 0.87625 0.025
vt 0.87625 0.025
vt 0.87625 0.225
vt 0.87625 0.025
vt 0.87625 0.225
vt 0.87625 0.225
vt 0.87625 0.025
vt 0.87625 0.025
vt 0.87625 0.225
vt 0.87625 0.025
vt 0.87625 0.225
vt 0.87625 0.025
vt 0.87625 0.225
vt 0.87625 0.225
vt 0.87625 0.025
vt 0.87625 0.025
vt 0.87625 0.225
vt 0.87625 0.025
vt 0.87625 0.225
vt 0.87625 0.225
vt 0.87625 0.025
vt 0.87625 0.025
vt 0.87625 0.225
vt 0.87625 0.025
vt 0.87625 0.225
vt 0.87625 0.225
vt 0.87625 0.025
vt 0.87625 0.025
vt 0.87625 0.225
vt 0.87625 0.225
vt 0.87625 0.025
vt 0.87625 0.025
vt 0.87625 0.225
vt 0.87625 0.025
vt 0.87625 0.225
vt 0.87625 0.225
vt 0.87625 0.025
vt 0.87625 0.025
vt 0.87625 0.225
vt 0.87625 0.025
vt 0.87625 0.225
vt 0.87625 0.225
vt 0.87625 0.025
vt 0.87625 0.025
vt 0.87625 0.225
vt 0.87625 0.025
vt 0.87625 0.225
vt 0.87625 0.225
vt 0.87625 0.025
vt 0.87625 0.025
vt 0.87625 0.225
vt 0.87625 0.025
vt 0.87625 0.225
vt 0.87625 0.025
vt 0.87625 0.225
vt 0.87625 0.225
vt 0.87625 0.025
vt 0.87625 0.025
vt 0.87625 0.225
vt 0.87625 0.025
vt 0.87625 0.225
vt 0.87625 0.225
vt 0.87625 0.025
vt 0.87625 0.025
vt 0.87625 0.225
vt 0.87625 0.025
vt 0.87625 0.225
vt 0.87625 0.225
vt 0.87625 0.025
vt 0.87625 0.025
vt 0.87625 0.225
vt 0.87625 0.225
vt 0.87625 0.025
vt 0.87625 0.025
vt 0.87625 0.225
vt 0.87625 0.025
vt 0.87625 0.225
vt 0.87625 0.225
vt 0.87625 0.025
vt 0.87625 0.025
vt 0.87625 0.225
vt 0.87625 0.025
vt 0.87625 0.225
vt 0.87625 0.225
vt 0.87625 0.025
vt 0.87625 0.025
vt 0.87625 0.225
vt 0.87625 0.025
vt 0.87625 0.225
vt 0.87625 0.225
vt 0.87625 0.025
vt 0.87625 0.025
vt 0.87625 0.225
vt 0.87625 0.025
vt 0.87625 0.225
vt 0.87625 0.025
vt 0.87625 0.225
vt 0.87625 0.225
vt 0.87625 0.025
vt 0.87625 0.025
vt 0.87625 0.225
vt 0.87625 0.025
vt 0.87625 0.225
vt 0.87625 0.225
vt 0.87625 0.025
vt 0.87625 0.025
vt 0.87625 0.225
vt 0.87625 0.025
vt 0.87625 0.225
vt 0.87625 0.225
vt 0.87625 0.025
vt 0.87625 0.025
vt 0.87625 0.225
vt 0.87625 0.225
vt 0.87625 0.025
vt 0.87625 0.025
vt 0.87625 0.225
vt 0.87625 0.025
vt 0.87625 0.225
vt 0.87625 0.225
vt 0.87625 0.025
vt 0.87625 0.025
vt 0.87625 0.225
vt 0.87625 0.025
vt 0.87625 0.225
vt 0.87625 0.225
vt 0.87625 0.025
vt 0.87625 0.025
vt 0.87625 0.225
vt 0.87625 0.025
vt 0.87625 0.225
vt 0.87625 0.225
vt 0.87625 0.025
vt 0.87625 0.025
vt 0.87625 0.225
vt 0.87625 0.025
vt 0.87625 0.225
vt 0.87625 0.025
vt 0.87625 0.225
vt 0.87625 0.225
vt 0.87625 0.025
vt 0.87625 0.025
vt 0.87625 0.225
vt 0.87625 0.025
vt 0.87625 0.225
vt 0.87625 0.225
vt 0.87625 0.025
vt 0.87625 0.025
vt 0.87625 0.225
vt 0.87625 0.025
vt 0.87625 0.225
vt 0.87625 0.225
vt 0.87625 0.025
vt 0.87625 0.025
vt 0.87625 0.225
vt 0.87625 0.225
vt 0.87625 0.025
vt 0.87625 0.025
vt 0.87625 0.225
vt 0.87625 0.025
vt 0.87625 0.225
vt 0.87625 0.225
vt 0.87625 0.025
vt 0.87625 0.025
vt 0.87625 0.225
vt 0.87625 0.025
vt 0.87625 0.225
vt 0.87625 0.225
vt 0.87625 0.025
vt 0.87625 0.025
vt 0.87625 0.225
vt 0.87625 0.025
vt 0.87625 0.225
vt 0.87625 0.225
vt 0.87625 0.025
vt 0.87625 0.025
vt 0.87625 0.225
vt 0.87625 0.025
vt 0.87625 0.225
vt 0.87625 0.025
vt 0.87625 0.225
vt 0.87625 0.225
vt 0.87625 0.025
vt 0.87625 0.025
vt 0.87625 0.225
vt 0.87625 0.025
vt 0.87625 0.225
vt 0.87625 0.225
vt 0.87625 0.025
vt 0.87625 0.025
vt 0.87625 0.225
vt 0.87625 0.025
vt 0.87625 0.225
vt 0.87625 0.225
vt 0.87625 0.025
vt 0.87625 0.025
vt 0.87625 0.225
vt 0.87625 0.225
vt 0.87625 0.025
vt 0.87625 0.025
vt 0.87625 0.225
vt 0.87625 0.025
vt 0.87625 0.225
vt 0.87625 0.225
vt 0.87625 0.025
vt 0.87625 0.025
vt 0.87625 0.225
vt 0.87625 0.025
vt 0.87625 0.225
vt 0.87625 0.225
vt 0.87625 0.025
vt 0.87625 0.025
vt 0.87625 0.225
vt 0.87625 0.025
vt 0.87625 0.225
vt 0.87625 0.225
vt 0.87625 0.025
vt 0.87625 0.025
vt 0.87625 0.225
vt 0.87625 0.025
vt 0.87625 0.225
vt 0.87625 0.025
vt 0.87625 0.225
vt 0.87625 0.225
vt 0.87625 0.025
vt 0.87625 0.025
vt 0.87625 0.225
vt 0.87625 0.025
vt 0.87625 0.225
vt 0.87625 0.225
vt 0.87625 0.025
vt 0.87625 0.025
vt 0.87625 0.225
vt 0.87625 0.025
vt 0.87625 0.225
vt 0.87625 0.225
vt 0.87625 0.025
vt 0.87625 0.025
vt 0.87625 0.225
vt 0.87625 0.225
vt 0.87625 0.025
vt 0.87625 0.025
vt 0.87625 0.225
vt 0.87625 0.025
vt 0.87625 0.225
vt 0.87625 0.225
vt 0.87625 0.025
vt 0.87625 0.025
vt 0.87625 0.225
vt 0.87625 0.025
vt 0.87625 0.225
vt 0.87625 0.225
vt 0.87625 0.025
vt 0.87625 0.025
vt 0.87625 0.225
vt 0.87625 0.025
vt 0.87625 0.225
vt 0.87625 0.225
vt 0.87625 0.025
vt 0.87625 0.025
vt 0.87625 0.225
vt 0.87625 0.025
vt 0.87625 0.225
vt 0.87625 0.025
vt 0.87625 0.225
vt 0.87625 0.225
vt 0.87625 0.025
vt 0.87625 0.025
vt 0.87625 0.225
vt 0.87625 0.025
vt 0.87625 0.225
vt 0.87625 0.225
vt 0.87625 0.025
vt 0.87625 0.025
vt 0.87625 0.225
vt 0.87625 0.025
vt 0.87625 0.225
vt 0.87625 0.225
vt 0.87625 0.025
vt 0.87625 0.025
vt 0.87625 0.225
vt 0.87625 0.225
vt 0.87625 0.025
vt 0.87625 0.025
vt 0.87625 0.225
vt 0.87625 0.025
vt 0.87625 0.225
vt 0.87625 0.225
vt 0.87625 0.025
vt 0.87625 0.025
vt 0.87625 0.225
vt 0.87625 0.025
vt 0.87625 0.225
vt 0.87625 0.225
vt 0.87625 0.025
vt 0.87625 0.025
vt 0.87625 0.225
vt 0.87625 0.025
vt 0.87625 0.225
vt 0.87625 0.225
vt 0.87625 0.025
vt 0.87625 0.025
vt 0.87625 0.225
vt 0.87625 0.025
vt 0.87625 0.225
vt 0.87625 0.025
vt 0.87625 0.225
vt 0.87625 0.225
vt 0.87625 0.025
vt 0.87625 0.025
vt 0.87625 0.225
vt 0.87625 0.025
vt 0.87625 0.225
vt 0.87625 0.225
vt 0.87625 0.025
vt 0.87625 0.025
vt 0.87625 0.225
vt 0.87625 0.025
vt 0.87625 0.225
vt 0.87625 0.225
vt 0.87625 0.025
vt 0.87625 0.025
vt 0.87625 0.225
vt 0.87625 0.225
vt 0.87625 0.025
vt 0.87625 0.025
vt 0.87625 0.225
vt 0.87625 0.025
vt 0.87625 0.225
vt 0.87625 0.225
vt 0.87625 0.025
vt 0.87625 0.025
vt 0.87625 0.225
vt 0.87625 0.025
vt 0.87625 0.225
vt 0.87625 0.225
vt 0.87625 0.025
vt 0.87625 0.025
vt 0.87625 0.225
vt 0.87625 0.025
vt 0.87625 0.225
vt 0.87625 0.225
vt 0.87625 0.025
vt 0.87625 0.025
vt 0.87625 0.225
vt 0.87625 0.025
vt 0.87625 0.225
vt 0.87625 0.025
vt 0.87625 0.225
vt 0.87625 0.225
vt 0.87625 0.025
vt 0.87625 0.025
vt 0.87625 0.225
vt 0.87625 0.025
vt 0.87625 0.225
vt 0.87625 0.225
vt 0.87625 0.025
vt 0.87625 0.025
vt 0.87625 0.225
vt 0.87625 0.025
vt 0.87625 0.225
vt 0.87625 0.225
vt 0.87625 0.025
vt 0.87625 0.025
vt 0.87625 0.225
vt 0.87625 0.225
vt 0.87625 0.025
vt 0.87625 0.025
vt 0.87625 0.225
vt 0.87625 0.025
vt 0.87625 0.225
vt 0.87625 0.225
vt 0.87625 0.025
vt 0.87625 0.025
vt 0.87625 0.225
vt 0.87625 0.025
vt 0.87625 0.225
vt 0.87625 0.225
vt 0.87625 0.025
vt 0.87625 0.025
vt 0.87625 0.225
vt 0.87625 0.025
vt 0.87625 0.225
vt 0.87625 0.225
vt 0.87625 0.025
vt 0.87625 0.025
vt 0.87625 0.225
vt 0.87625 0.025
vt 0.87625 0.225
vt 0.87625 0.025
vt 0.87625 0.225
vt 0.87625 0.225
vt 0.87625 0.025
vt 0.87625 0.025
vt 0.87625 0.225
vt 0.87625 0.025
vt 0.87625 0.225
vt 0.87625 0.225
vt 0.87625 0.025
vt 0.87625 0.025
vt 0.87625 0.225
vt 0.87625 0.025
vt 0.87625 0.225
vt 0.87625 0.225
vt 0.87625 0.025
vt 0.87625 0.025
vt 0.87625 0.225
vt 0.87625 0.225
vt 0.87625 0.025
vt 0.87625 0.025
vt 0.87625 0.225
vt 0.87625 0.025
vt 0.87625 0.225
vt 0.87625 0.225
vt 0.87625 0.025
vt 0.87625 0.025
vt 0.87625 0.225
vt 0.87625 0.025
vt 0.87625 0.225
vt 0.87625 0.225
vt 0.87625 0.025
vt 0.87625 0.025
vt 0.87625 0.225
vt 0.87625 0.025
vt 0.87625 0.225
vt 0.87625 0.225
vt 0.87625 0.025
vt 0.87625 0.025
vt 0.87625 0.225
vt 0.87625 0.025
vt 0.87625 0.225
vt 0.87625 0.025
vt 0.87625 0.225
vt 0.87625 0.225
vt 0.87625 0.025
vt 0.87625 0.025
vt 0.87625 0.225
vt 0.87625 0.025
vt 0.87625 0.225
vt 0.87625 0.225
vt 0.87625 0.025
vt 0.87625 0.025
vt 0.87625 0.225
vt 0.87625 0.025
vt 0.87625 0.225
vt 0.87625 0.225
vt 0.87625 0.025
vt 0.87625 0.025
vt 0.87625 0.225
vt 0.87625 0.225
vt 0.87625 0.025
vt 0.87625 0.025
vt 0.87625 0.225
vt 0.87625 0.025
vt 0.87625 0.225
vt 0.87625 0.225
vt 0.87625 0.025
vt 0.87625 0.025
vt 0.87625 0.225
vt 0.87625 0.025
vt 0.87625 0.225
vt 0.87625 0.225
vt 0.87625 0.025
vt 0.87625 0.025
vt 0.87625 0.225
vt 0.87625 0.025
vt 0.87625 0.225
vt 0.87625 0.225
vt 0.87625 0.025
vt 0.87625 0.025
vt 0.87625 0.225
vt 0.87625 0.025
vt 0.87625 0.225
vt 0.87625 0.025
vt 0.87625 0.225
vt 0.87625 0.225
vt 0.87625 0.025
vt 0.87625 0.025
vt 0.87625 0.225
vt 0.87625 0.025
vt 0.87625 0.225
vt 0.87625 0.225
vt 0.87625 0.025
vt 0.87625 0.025
vt 0.87625 0.225
vt 0.87625 0.025
vt 0.87625 0.225
vt 0.87625 0.225
vt 0.87625 0.025
vt 0.87625 0.025
vt 0.87625 0.225
vt 0.87625 0.225
vt 0.87625 0.025
vt 0.87625 0.025
vt 0.87625 0.225
vt 0.87625 0.025
vt 0.87625 0.225
vt 0.87625 0.225
vt 0.87625 0.025
vt 0.87625 0.025
vt 0.87625 0.225
vt 0.87625 0.025
vt 0.87625 0.225
vt 0.87625 0.225
vt 0.87625 0.025
vt 0.87625 0.025
vt 0.87625 0.225
vt 0.87625 0.025
vt 0.87625 0.225
vt 0.87625 0.225
vt 0.87625 0.025
vt 0.87625 0.025
vt 0.87625 0.225
vt 0.87625 0.025
vt 0.87625 0.225
vt 0.87625 0.025
vt 0.87625 0.225
vt 0.87625 0.225
vt 0.87625 0.025
vt 0.87625 0.025
vt 0.87625 0.225
vt 0.87625 0.025
vt 0.87625 0.225
vt 0.87625 0.225
vt 0.87625 0.025
vt 0.87625 0.025
vt 0.87625 0.225
vt 0.87625 0.025
vt 0.87625 0.225
vt 0.87625 0.225
vt 0.87625 0.025
vt 0.87625 0.025
vt 0.87625 0.225
vt 0.87625 0.225
vt 0.87625 0.025
vt 0.87625 0.025
vt 0.87625 0.225
vt 0.87625 0.025
vt 0.87625 0.225
vt 0.87625 0.225
vt 0.87625 0.025
vt 0.87625 0.025
vt 0.87625 0.225
vt 0.87625 0.025
vt 0.87625 0.225
vt 0.87625 0.225
vt 0.87625 0.025
vt 0.87625 0.025
vt 0.87625 0.225
vt 0.87625 0.025
vt 0.87625 0.225
vt 0.87625 0.225
vt 0.87625 0.025
vt 0.87625 0.025
vt 0.87625 0.225
vt 0.87625 0.025
vt 0.87625 0.225
vt 0.87625 0.025
vt 0.87625 0.225
vt 0.87625 0.225
vt 0.87625 0.025
vt 0.87625 0.025
vt 0.87625 0.225
vt 0.87625 0.025
vt 0.87625 0.225
vt 0.87625 0.225
vt 0.87625 0.025
vt 0.87625 0.025
vt 0.87625 0.225
vt 0.87625 0.025
vt 0.87625 0.225
vt 0.87625 0.225
vt 0.87625 0.025
vt 0.87625 0.025
vt 0.87625 0.225
vt 0.87625 0.225
vt 0.87625 0.025
vt 0.87625 0.025
vt 0.87625 0.225
vt 0.87625 0.025
vt 0.87625 0.225
vt 0.87625 0.225
vt 0.87625 0.025
vt 0.87625 0.025
vt 0.87625 0.225
vt 0.87625 0.025
vt 0.87625 0.225
vt 0.87625 0.225
vt 0.87625 0.025
vt 0.87625 0.025
vt 0.87625 0.225
vt 0.87625 0.025
vt 0.87625 0.225
vt 0.87625 0.225
vt 0.87625 0.025
vt 0.87625 0.025
vt 0.87625 0.225
vt 0.87625 0.025
vt 0.87625 0.225
vt 0.87625 0.025
vt 0.87625 0.225
vt 0.87625 0.225
vt 0.87625 0.025
vt 0.87625 0.025
vt 0.87625 0.225
vt 0.87625 0.025
vt 0.87625 0.225
vt 0.87625 0.225
vt 0.87625 0.025
vt 0.87625 0.025
vt 0.87625 0.225
vt 0.87625 0.025
vt 0.87625 0.225
vt 0.87625 0.225
vt 0.87625 0.025
vt 0.87625 0.025
vt 0.87625 0.225
vt 0.87625 0.225
vt 0.87625 0.025
vt 0.87625 0.025
vt 0.87625 0.225
vt 0.87625 0.025
vt 0.87625 0.225
vt 0.87625 0.225
vt 0.87625 0.025
vt 0.87625 0.025
vt 0.87625 0.225
vt 0.87625 0.025
vt 0.87625 0.225
vt 0.87625 0.225
vt 0.87625 0.025
vt 0.87625 0.025
vt 0.87625 0.225
vt 0.87625 0.025
vt 0.87625 0.225
vt 0.87625 0.225
vt 0.87625 0.025
vt 0.87625 0.025
vt 0.87625 0.225
vt 0.87625 0.025
vt 0.87625 0.225
vt 0.87625 0.025
vt 0.87625 0.225
vt 0.87625 0.225
vt 0.87625 0.025
vt 0.87625 0.025
vt 0.87625 0.225
vt 0.87625 0.025
vt 0.87625 0.225
vt 0.87625 0.225
vt 0.87625 0.025
vt 0.87625 0.025
vt 0.87625 0.225
vt 0.87625 0.025
vt 0.87625 0.225
vt 0.87625 0.225
vt 0.87625 0.025
vt 0.87625 0.025
vt 0.87625 0.225
vt 0.87625 0.225
vt 0.87625 0.025
vt 0.87625 0.025
vt 0.87625 0.225
vt 0.87625 0.025
vt 0.87625 0.225
vt 0.87625 0.225
vt 0.87625 0.025
vt 0.87625 0.025
vt 0.87625 0.225
vt 0.87625 0.025
vt 0.87625 0.225
vt 0.87625 0.225
vt 0.87625 0.025
vt 0.87625 0.025
vt 0.87625 0.225
vt 0.87625 0.025
vt 0.87625 0.225
vt 0.87625 0.225
vt 0.87625 0.025
vt 0.87625 0.025
vt 0.87625 0.225
vt 0.87625 0.025
vt 0.87625 0.225
vt 0.87625 0.025
vt 0.87625 0.225
vt 0.87625 0.225
vt 0.87625 0.025
vt 0.87625 0.025
vt 0.87625 0.225
vt 0.87625 0.025
vt 0.87625 0.225
vt 0.87625 0.225
vt 0.87625 0.025
vt 0.87625 0.025
vt 0.87625 0.225
vt 0.87625 0.025
vt 0.87625 0.225
vt 0.87625 0.225
vt 0.87625 0.025
vt 0.87625 0.025
vt 0.87625 0.225
vt 0.87625 0.225
vt 0.87625 0.025
vt 0.87625 0.025
vt 0.87625 0.225
vt 0.87625 0.025
vt 0.87625 0.225
vt 0.87625 0.225
vt 0.87625 0.025
vt 0.87625 0.025
vt 0.87625 0.225
vt 0.87625 0.025
vt 0.87625 0.225
vt 0.87625 0.225
vt 0.87625 0.025
vt 0.87625 0.025
vt 0.87625 0.225
vt 0.87625 0.025
vt 0.87625 0.225
vt 0.87625 0.225
vt 0.87625 0.025
vt 0.87625 0.025
vt 0.87625 0.225
vt 0.87625 0.025
vt 0.87625 0.225
vt 0.87625 0.025
vt 0.87625 0.225
vt 0.87625 0.225
vt 0.87625 0.025
vt 0.87625 0.025
vt 0.87625 0.225
vt 0.87625 0.025
vt 0.87625 0.225
vt 0.87625 0.225
vt 0.87625 0.025
vt 0.87625 0.025
vt 0.87625 0.225
vt 0.87625 0.025
vt 0.87625 0.225
vt 0.87625 0.225
vt 0.87625 0.025
vt 0.87625 0.025
vt 0.87625 0.225
vt 0.87625 0.225
vt 0.87625 0.025
vt 0.87625 0.025
vt 0.87625 0.225
vt 0.87625 0.025
vt 0.87625 0.225
vt 0.87625 0.225
vt 0.87625 0.025
vt 0.87625 0.025
vt 0.87625 0.225
vt 0.87625 0.025
vt 0.87625 0.225
vt 0.87625 0.225
vt 0.87625 0.025
vt 0.87625 0.025
vt 0.87625 0.225
vt 0.87625 0.025
vt 0.87625 0.225
vt 0.87625 0.225
vt 0.87625 0.025
vt 0.87625 0.025
vt 0.87625 0.225
vt 0.87625 0.025
vt 0.87625 0.225
vt 0.87625 0.025
vt 0.87625 0.225
vt 0.87625 0.225
vt 0.87625 0.025
vt 0.87625 0.025
vt 0.87625 0.225
vt 0.87625 0.025
vt 0.87625 0.225
vt 0.87625 0.225
vt 0.87625 0.025
vt 0.87625 0.025
vt 0.87625 0.225
vt 0.87625 0.025
vt 0.87625 0.225
vt 0.87625 0.225
vt 0.87625 0.025
vt 0.87625 0.025
vt 0.87625 0.225
vt 0.87625 0.225
vt 0.87625 0.025
vt 0.87625 0.025
vt 0.87625 0.225
vt 0.87625 0.025
vt 0.87625 0.225
vt 0.87625 0.225
vt 0.87625 0.025
vt 0.87625 0.025
vt 0.87625 0.225
vt 0.87625 0.025
vt 0.87625 0.225
vt 0.87625 0.225
vt 0.87625 0.025
vt 0.87625 0.025
vt 0.87625 0.225
vt 0.87625 0.025
vt 0.87625 0.225
vt 0.87625 0.225
vt 0.87625 0.025
vt 0.87625 0.025
vt 0.87625 0.225
vt 0.87625 0.025
vt 0.87625 0.225
vt 0.87625 0.025
vt 0.87625 0.225
vt 0.87625 0.225
vt 0.87625 0.025
vt 0.87625 0.025
vt 0.87625 0.225
vt 0.87625 0.025
vt 0.87625 0.225
vt 0.87625 0.225
vt 0.87625 0.025
vt 0.87625 0.025
vt 0.87625 0.225
vt 0.87625 0.025
vt 0.87625 0.225
vt 0.87625 0.225
vt 0.87625 0.025
vt 0.87625 0.025
vt 0.87625 0.225
vt 0.87625 0.225
vt 0.87625 0.025
vt 0.87625 0.025
vt 0.87625 0.225
vt 0.87625 0.025
vt 0.87625 0.225
vt 0.87625 0.225
vt 0.87625 0.025
vt 0.87625 0.025
vt 0.87625 0.225
vt 0.87625 0.025
vt 0.87625 0.225
vt 0.87625 0.225
vt 0.87625 0.025
vt 0.87625 0.025
vt 0.87625 0.225
vt 0.87625 0.025
vt 0.87625 0.225
vt 0.87625 0.225
vt 0.87625 0.025
vt 0.87625 0.025
vt 0.87625 0.225
vt 0.87625 0.025
vt 0.87625 0.225
vt 0.87625 0.025
vt 0.87625 0.225
vt 0.87625 0.225
vt 0.87625 0.025
vt 0.87625 0.025
vt 0.87625 0.225
vt 0.87625 0.025
vt 0.87625 0.225
vt 0.87625 0.225
vt 0.87625 0.025
vt 0.87625 0.025
vt 0.87625 0.225
vt 0.87625 0.025
vt 0.87625 0.225
vt 0.87625 0.225
vt 0.87625 0.025
vt 0.87625 0.025
vt 0.87625 0.225
vt 0.87625 0.225
vt 0.87625 0.025
vt 0.87625 0.025
vt 0.87625 0.225
vt 0.87625 0.025
vt 0.87625 0.225
vt 0.87625 0.225
vt 0.87625 0.025
vt 0.87625 0.025
vt 0.87625 0.225
vt 0.87625 0.025
vt 0.87625 0.225
vt 0.87625 0.225
vt 0.87625 0.025
vt 0.87625 0.025
vt 0.87625 0.225
vt 0.87625 0.025
vt 0.87625 0.225
vt 0.87625 0.225
vt 0.87625 0.025
vt 0.87625 0.025
vt 0.87625 0.225
vt 0.87625 0.025
vt 0.87625 0.225
vt 0.87625 0.025
vt 0.87625 0.225
vt 0.87625 0.225
vt 0.87625 0.025
vt 0.87625 0.025
vt 0.87625 0.225
vt 0.87625 0.025
vt 0.87625 0.225
vt 0.87625 0.225
vt 0.87625 0.025
vt 0.87625 0.025
vt 0.87625 0.225
vt 0.87625 0.025
vt 0.87625 0.225
vt 0.87625 0.225
vt 0.87625 0.025
vt 0.87625 0.025
vt 0.87625 0.225
vt 0.87625 0.225
vt 0.87625 0.025
vt 0.87625 0.025
vt 0.87625 0.225
vt 0.87625 0.025
vt 0.87625 0.225
vt 0.87625 0.225
vt 0.87625 0.025
vt 0.87625 0.025
vt 0.87625 0.225
vt 0.87625 0.025
vt 0.87625 0.225
vt 0.87625 0.225
vt 0.87625 0.025
vt 0.87625 0.025
vt 0.87625 0.225
vt 0.87625 0.025
vt 0.87625 0.225
vt 0.87625 0.225
vt 0.87625 0.025
vt 0.87625 0.025
vt 0.87625 0.225
vt 0.87625 0.025
vt 0.87625 0.225
vt 0.87625 0.025
vt 0.87625 0.225
vt 0.87625 0.225
vt 0.87625 0.025
vt 0.87625 0.025
vt 0.87625 0.225
vt 0.87625 0.025
vt 0.87625 0.225
vt 0.87625 0.225
vt 0.87625 0.025
vt 0.87625 0.025
vt 0.87625 0.225
vt 0.87625 0.025
vt 0.87625 0.225
vt 0.87625 0.225
vt 0.87625 0.025
vt 0.87625 0.025
vt 0.87625 0.225
vt 0.87625 0.225
vt 0.87625 0.025
vt 0.87625 0.025
vt 0.87625 0.225
vt 0.87625 0.025
vt 0.87625 0.225
vt 0.87625 0.225
vt 0.87625 0.025
vt 0.87625 0.025
vt 0.87625 0.225
vt 0.87625 0.025
vt 0.87625 0.225
vt 0.87625 0.225
vt 0.87625 0.025
vt 0.87625 0.025
vt 0.87625 0.225
vt 0.87625 0.025
vt 0.87625 0.225
vt 0.87625 0.225
vt 0.87625 0.025
vt 0.87625 0.025
vt 0.87625 0.225
vt 0.87625 0.025
vt 0.87625 0.225
vt 0.87625 0.025
vt 0.87625 0.225
vt 0.87625 0.225
vt 0.87625 0.025
vt 0.87625 0.025
vt 0.87625 0.225
vt 0.87625 0.025
vt 0.87625 0.225
vt 0.87625 0.225
vt 0.87625 0.025
vt 0.87625 0.025
vt 0.87625 0.225
vt 0.87625 0.025
vt 0.87625 0.225
vt 0.87625 0.225
vt 0.87625 0.025
vt 0.87625 0.025
vt 0.87625 0.225
vt 0.87625 0.225
vt 0.87625 0.025
vt 0.87625 0.025
vt 0.87625 0.225
vt 0.87625 0.025
vt 0.87625 0.225
vt 0.87625 0.225
vt 0.87625 0.025
vt 0.87625 0.025
vt 0.87625 0.225
vt 0.87625 0.025
vt 0.87625 0.225
vt 0.87625 0.225
vt 0.87625 0.025
vt 0.87625 0.025
vt 0.87625 0.225
vt 0.87625 0.025
vt 0.87625 0.225
vt 0.87625 0.225
vt 0.87625 0.025
vt 0.87625 0.025
vt 0.87625 0.225
vt 0.87625 0.025
vt 0.87625 0.225
vt 0.87625 0.025
vt 0.87625 0.225
vt 0.87625 0.225
vt 0.87625 0.025
vt 0.87625 0.025
vt 0.87625 0.225
vt 0.87625 0.025
vt 0.87625 0.225
vt 0.87625 0.225
vt 0.87625 0.025
vt 0.87625 0.025
vt 0.87625 0.225
vt 0.87625 0.025
vt 0.87625 0.225
vt 0.87625 0.225
vt 0.87625 0.025
vt 0.87625 0.025
vt 0.87625 0.225
vt 0.87625 0.225
vt 0.87625 0.025
vt 0.87625 0.025
vt 0.87625 0.225
vt 0.87625 0.025
vt 0.87625 0.225
vt 0.87625 0.225
vt 0.87625 0.025
vt 0.87625 0.025
vt 0.87625 0.225
vt 0.87625 0.025
vt 0.87625 0.225
vt 0.87625 0.225
vt 0.87625 0.025
vt 0.87625 0.025
vt 0.87625 0.225
vt 0.87625 0.025
vt 0.87625 0.225
vt 0.87625 0.225
vt 0.87625 0.025
vt 0.87625 0.025
vt 0.87625 0.225
vt 0.87625 0.025
vt 0.87625 0.225
vt 0.87625 0.025
vt 0.87625 0.225
vt 0.87625 0.225
vt 0.87625 0.025
vt 0.87625 0.025
vt 0.87625 0.225
vt 0.87625 0.025
vt 0.87625 0.225
vt 0.87625 0.225
vt 0.87625 0.025
vt 0.87625 0.025
vt 0.87625 0.225
vt 0.87625 0.025
vt 0.87625 0.225
vt 0.87625 0.225
vt 0.87625 0.025
vt 0.87625 0.025
vt 0.87625 0.225
vt 0.87625 0.225
vt 0.87625 0.025
vt 0.87625 0.025
vt 0.87625 0.225
vt 0.87625 0.025
vt 0.87625 0.225
vt 0.87625 0.225
vt 0.87625 0.025
vt 0.87625 0.025
vt 0.87625 0.225
vt 0.87625 0.025
vt 0.87625 0.225
vt 0.87625 0.225
vt 0.87625 0.025
vt 0.87625 0.025
vt 0.87625 0.225
vt 0.87625 0.025
vt 0.87625 0.225
vt 0.87625 0.225
vt 0.87625 0.025
vt 0.87625 0.025
vt 0.87625 0.225
vt 0.87625 0.025
vt 0.87625 0.225
vt 0.87625 0.025
vt 0.87625 0.225
vt 0.87625 0.225
vt 0.87625 0.025
vt 0.87625 0.025
vt 0.87625 0.225
vt 0.87625 0.025
vt 0.87625 0.225
vt 0.87625 0.225
vt 0.87625 0.025
vt 0.87625 0.025
vt 0.87625 0.225
vt 0.87625 0.025
vt 0.87625 0.225
vt 0.87625 0.225
vt 0.87625 0.025
vt 0.87625 0.025
vt 0.87625 0.225
vt 0.87625 0.225
vt 0.87625 0.025
vt 0.87625 0.025
vt 0.87625 0.225
vt 0.87625 0.025
vt 0.87625 0.225
vt 0.87625 0.225
vt 0.87625 0.025
vt 0.87625 0.025
vt 0.87625 0.225
vt 0.87625 0.025
vt 0.87625 0.225
vt 0.87625 0.225
vt 0.87625 0.025
vt 0.87625 0.025
vt 0.87625 0.225
vt 0.87625 0.025
vt 0.87625 0.225
vt 0.87625 0.225
vt 0.87625 0.025
vt 0.87625 0.025
vt 0.87625 0.225
vt 0.87625 0.025
vt 0.87625 0.225
vt 0.87625 0.025
vt 0.87625 0.225
vt 0.87625 0.225
vt 0.87625 0.025
vt 0.87625 0.025
vt 0.87625 0.225
vt 0.87625 0.025
vt 0.87625 0.225
vt 0.87625 0.225
vt 0.87625 0.025
vt 0.87625 0.025
vt 0.87625 0.225
vt 0.87625 0.025
vt 0.87625 0.225
vt 0.87625 0.225
vt 0.87625 0.025
vt 0.87625 0.025
vt 0.87625 0.225
vt 0.87625 0.225
vt 0.87625 0.025
vt 0.87625 0.025
vt 0.87625 0.225
vt 0.87625 0.025
vt 0.87625 0.225
vt 0.87625 0.225
vt 0.87625 0.025
vt 0.87625 0.025
vt 0.87625 0.225
vt 0.87625 0.025
vt 0.87625 0.225
vt 0.87625 0.225
vt 0.87625 0.025
vt 0.87625 0.025
vt 0.87625 0.225
vt 0.87625 0.025
vt 0.87625 0.225
vt 0.87625 0.225
vt 0.87625 0.025
vt 0.87625 0.025
vt 0.87625 0.225
vt 0.87625 0.025
vt 0.87625 0.225
vt 0.87625 0.025
vt 0.87625 0.225
vt 0.87625 0.225
vt 0.87625 0.025
vt 0.87625 0.025
vt 0.87625 0.225
vt 0.87625 0.025
vt 0.87625 0.225
vt 0.87625 0.225
vt 0.87625 0.025
vt 0.87625 0.025
vt 0.87625 0.225
vt 0.87625 0.025
vt 0.87625 0.225
vt 0.87625 0.225
vt 0.87625 0.025
vt 0.87625 0.025
vt 0.87625 0.225
vt 0.87625 0.225
vt 0.87625 0.025
vt 0.87625 0.025
vt 0.87625 0.225
vt 0.87625 0.025
vt 0.87625 0.225
vt 0.87625 0.225
vt 0.87625 0.025
vt 0.87625 0.025
vt 0.87625 0.225
vt 0.87625 0.025
vt 0.87625 0.225
vt 0.87625 0.225
vt 0.87625 0.025
vt 0.87625 0.025
vt 0.87625 0.225
vt 0.87625 0.025
vt 0.87625 0.225
vt 0.87625 0.225
vt 0.87625 0.025
vt 0.87625 0.025
vt 0.87625 0.225
vt 0.87625 0.025
vt 0.87625 0.225
vt 0.87625 0.025
vt 0.87625 0.225
vt 0.87625 0.225
vt 0.87625 0.025
vt 0.87625 0.025
vt 0.87625 0.225
vt 0.87625 0.025
vt 0.87625 0.225
vt 0.87625 0.225
vt 0.87625 0.025
vt 0.87625 0.025
vt 0.87625 0.225
vt 0.87625 0.025
vt 0.87625 0.225
vt 0.87625 0.225
vt 0.87625 0.025
vt 0.87625 0.025
vt 0.87625 0.225
vt 0.87625 0.225
vt 0.87625 0.025
vt 0.87625 0.025
vt 0.87625 0.225
vt 0.87625 0.025
vt 0.87625 0.225
vt 0.87625 0.225
vt 0.87625 0.025
vt 0.87625 0.025
vt 0.87625 0.225
vt 0.87625 0.025
vt 0.87625 0.225
vt 0.87625 0.225
vt 0.87625 0.025
vt 0.87625 0.025
vt 0.87625 0.225
vt 0.87625 0.025
vt 0.87625 0.225
vt 0.87625 0.225
vt 0.87625 0.025
vt 0.87625 0.025
vt 0.87625 0.225
vt 0.87625 0.025
vt 0.87625 0.225
vt 0.87625 0.025
vt 0.87625 0.225
vt 0.87625 0.225
vt 0.87625 0.025
vt 0.87625 0.025
vt 0.87625 0.225
vt 0.87625 0.025
vt 0.87625 0.225
vt 0.87625 0.225
vt 0.87625 0.025
vt 0.87625 0.025
vt 0.87625 0.225
vt 0.87625 0.025
vt 0.87625 0.225
vt 0.87625 0.225
vt 0.87625 0.025
vt 0.87625 0.025
vt 0.87625 0.225
vt 0.87625 0.225
vt 0.87625 0.025
vt 0.87625 0.025
vt 0.87625 0.225
vt 0.87625 0.025
vt 0.87625 0.225
vt 0.87625 0.225
vt 0.87625 0.025
vt 0.87625 0.025
vt 0.87625 0.225
vt 0.87625 0.025
vt 0.87625 0.225
vt 0.87625 0.225
vt 0.87625 0.025
vt 0.87625 0.025
vt 0.87625 0.225
vt 0.87625 0.025
vt 0.87625 0.225
vt 0.87625 0.225
vt 0.87625 0.025
vt 0.87625 0.025
vt 0.87625 0.225
vt 0.87625 0.025
vt 0.87625 0.225
vt 0.87625 0.025
vt 0.87625 0.225
vt 0.87625 0.225
vt 0.87625 0.025
vt 0.87625 0.025
vt 0.87625 0.225
vt 0.87625 0.025
vt 0.87625 0.225
vt 0.87625 0.225
vt 0.87625 0.025
vt 0.87625 0.025
vt 0.87625 0.225
vt 0.87625 0.025
vt 0.87625 0.225
vt 0.87625 0.225
vt 0.87625 0.025
vt 0.87625 0.025
vt 0.87625 0.225
vt 0.87625 0.225
vt 0.87625 0.025
vt 0.87625 0.025
vt 0.87625 0.225
vt 0.87625 0.025
vt 0.87625 0.225
vt 0.87625 0.225
vt 0.87625 0.025
vt 0.87625 0.025
vt 0.87625 0.225
vt 0.87625 0.025
vt 0.87625 0.225
vt 0.87625 0.225
vt 0.87625 0.025
vt 0.87625 0.025
vt 0.87625 0.225
vt 0.87625 0.025
vt 0.87625 0.225
vt 0.87625 0.225
vt 0.87625 0.025
vt 0.87625 0.025
vt 0.87625 0.225
vt 0.87625 0.025
vt 0.87625 0.225
vt 0.87625 0.025
vt 0.87625 0.225
vt 0.87625 0.225
vt 0.87625 0.025
vt 0.87625 0.025
vt 0.87625 0.225
vt 0.87625 0.025
vt 0.87625 0.225
vt 0.87625 0.225
vt 0.87625 0.025
vt 0.87625 0.025
vt 0.87625 0.225
vt 0.87625 0.025
vt 0.87625 0.225
vt 0.87625 0.225
vt 0.87625 0.025
vt 0.87625 0.025
vt 0.87625 0.225
vt 0.87625 0.225
vt 0.87625 0.025
vt 0.87625 0.025
vt 0.87625 0.225
vt 0.87625 0.025
vt 0.87625 0.225
vt 0.87625 0.225
vt 0.87625 0.025
vt 0.87625 0.025
vt 0.87625 0.225
vt 0.87625 0.025
vt 0.87625 0.225
vt 0.87625 0.225
vt 0.87625 0.025
vt 0.87625 0.025
vt 0.87625 0.225
vt 0.87625 0.025
vt 0.87625 0.225
vt 0.87625 0.225
vt 0.87625 0.025
vt 0.87625 0.025
vt 0.87625 0.225
vt 0.87625 0.025
vt 0.87625 0.225
vt 0.87625 0.025
vt 0.87625 0.225
vt 0.87625 0.225
vt 0.87625 0.025
vt 0.87625 0.025
vt 0.87625 0.225
vt 0.87625 0.025
vt 0.87625 0.225
vt 0.87625 0.225
vt 0.87625 0.025
vt 0.87625 0.025
vt 0.87625 0.225
vt 0.87625 0.025
vt 0.87625 0.225
vt 0.87625 0.225
vt 0.87625 0.025
vt 0.87625 0.025
vt 0.87625 0.225
vt 0.87625 0.225
vt 0.87625 0.025
vt 0.87625 0.025
vt 0.87625 0.225
vt 0.87625 0.025
vt 0.87625 0.225
vt 0.87625 0.225
vt 0.87625 0.025
vt 0.87625 0.025
vt 0.87625 0.225
vt 0.87625 0.025
vt 0.87625 0.225
vt 0.87625 0.225
vt 0.87625 0.025
vt 0.87625 0.025
vt 0.87625 0.225
vt 0.87625 0.025
vt 0.87625 0.225
vt 0.87625 0.225
vt 0.87625 0.025
vt 0.87625 0.025
vt 0.87625 0.225
vt 0.87625 0.025
vt 0.87625 0.225
vt 0.87625 0.025
vt 0.87625 0.225
vt 0.87625 0.225
vt 0.87625 0.025
vt 0.87625 0.025
vt 0.87625 0.225
vt 0.87625 0.025
vt 0.87625 0.225
vt 0.87625 0.225
vt 0.87625 0.025
vt 0.87625 0.025
vt 0.87625 0.225
vt 0.87625 0.025
vt 0.87625 0.225
vt 0.87625 0.225
vt 0.87625 0.025
vt 0.87625 0.025
vt 0.87625 0.225
vt 0.87625 0.225
vt 0.87625 0.025
vt 0.87625 0.025
vt 0.87625 0.225
vt 0.87625 0.025
vt 0.87625 0.225
vt 0.87625 0.225
vt 0.87625 0.025
vt 0.87625 0.025
vt 0.87625 0.225
vt 0.87625 0.025
vt 0.87625 0.225
vt 0.87625 0.225
vt 0.87625 0.025
vt 0.87625 0.025
vt 0.87625 0.225
vt 0.87625 0.025
vt 0.87625 0.225
vt 0.87625 0.225
vt 0.87625 0.025
vt 0.87625 0.025
vt 0.87625 0.225
vt 0.87625 0.025
vt 0.87625 0.225
vt 0.87625 0.025
vt 0.87625 0.225
vt 0.87625 0.225
vt 0.87625 0.025
vt 0.87625 0.025
vt 0.87625 0.225
vt 0.87625 0.025
vt 0.87625 0.225
vt 0.87625 0.225
vt 0.87625 0.025
vt 0.87625 0.025
vt 0.87625 0.225
vt 0.87625 0.025
vt 0.87625 0.225
vt 0.87625 0.225
vt 0.87625 0.025
vt 0.87625 0.025
vt 0.87625 0.225
vt 0.87625 0.225
vt 0.87625 0.025
vt 0.87625 0.025
vt 0.87625 0.225
vt 0.87625 0.025
vt 0.87625 0.225
vt 0.87625 0.225
vt 0.87625 0.025
vt 0.87625 0.025
vt 0.87625 0.225
vt 0.87625 0.025
vt 0.87625 0.225
vt 0.87625 0.225
vt 0.87625 0.025
vt 0.87625 0.025
vt 0.87625 0.225
vt 0.87625 0.025
vt 0.87625 0.225
vt 0.87625 0.225
vt 0.87625 0.025
vt 0.87625 0.025
vt 0.87625 0.225
vt 0.87625 0.025
vt 0.87625 0.225
vt 0.87625 0.025
vt 0.87625 0.225
vt 0.87625 0.225
vt 0.87625 0.025
vt 0.87625 0.025
vt 0.87625 0.225
vt 0.87625 0.025
vt 0.87625 0.225
vt 0.87625 0.225
vt 0.87625 0.025
vt 0.87625 0.025
vt 0.87625 0.225
vt 0.87625 0.025
vt 0.87625 0.225
vt 0.87625 0.225
vt 0.87625 0.025
vt 0.87625 0.025
vt 0.87625 0.225
vt 0.87625 0.225
vt 0.87625 0.025
vt 0.87625 0.025
vt 0.87625 0.225
vt 0.87625 0.025
vt 0.87625 0.225
vt 0.87625 0.225
vt 0.87625 0.025
vt 0.87625 0.025
vt 0.87625 0.225
vt 0.87625 0.025
vt 0.87625 0.225
vt 0.87625 0.225
vt 0.87625 0.025
vt 0.87625 0.025
vt 0.87625 0.225
vt 0.87625 0.025
vt 0.87625 0.225
vt 0.87625 0.225
vt 0.87625 0.025
vt 0.87625 0.025
vt 0.87625 0.225
vt 0.87625 0.025
vt 0.87625 0.225
vt 0.87625 0.025
vt 0.87625 0.225
vt 0.87625 0.225
vt 0.87625 0.025
vt 0.87625 0.025
vt 0.87625 0.225
vt 0.87625 0.025
vt 0.87625 0.225
vt 0.87625 0.225
vt 0.87625 0.025
vt 0.87625 0.025
vt 0.87625 0.225
vt 0.87625 0.025
vt 0.87625 0.225
vt 0.87625 0.225
vt 0.87625 0.025
vt 0.87625 0.025
vt 0.87625 0.225
vt 0.87625 0.225
vt 0.87625 0.025
vt 0.87625 0.025
vt 0.87625 0.225
vt 0.87625 0.025
vt 0.87625 0.225
vt 0.87625 0.225
vt 0.87625 0.025
vt 0.87625 0.025
vt 0.87625 0.225
vt 0.87625 0.025
vt 0.87625 0.225
vt 0.87625 0.225
vt 0.87625 0.025
vt 0.87625 0.025
vt 0.87625 0.225
vt 0.87625 0.025
vt 0.87625 0.225
vt 0.87625 0.225
vt 0.87625 0.025
vt 0.87625 0.025
vt 0.87625 0.225
vt 0.87625 0.025
vt 0.87625 0.225
vt 0.87625 0.025
vt 0.87625 0.225
vt 0.87625 0.225
vt 0.87625 0.025
vt 0.87625 0.025
vt 0.87625 0.225
vt 0.87625 0.025
vt 0.87625 0.225
vt 0.87625 0.225
vt 0.87625 0.025
vt 0.87625 0.025
vt 0.87625 0.225
vt 0.87625 0.025
vt 0.87625 0.225
vt 0.87625 0.225
vt 0.87625 0.025
vt 0.87625 0.025
vt 0.87625 0.225
vt 0.87625 0.225
vt 0.87625 0.025
vt 0.87625 0.025
vt 0.87625 0.225
vt 0.87625 0.025
vt 0.87625 0.225
vt 0.87625 0.225
vt 0.87625 0.025
vt 0.87625 0.025
vt 0.87625 0.225
vt 0.87625 0.025
vt 0.87625 0.225
vt 0.87625 0.225
vt 0.87625 0.025
vt 0.87625 0.025
vt 0.87625 0.225
vt 0.87625 0.025
vt 0.87625 0.225
vt 0.87625 0.225
vt 0.87625 0.025
vt 0.87625 0.025
vt 0.87625 0.225
vt 0.87625 0.025
vt 0.87625 0.225
vt 0.87625 0.025
vt 0.87625 0.225
vt 0.87625 0.225
vt 0.87625 0.025
vt 0.87625 0.025
vt 0.87625 0.225
vt 0.87625 0.025
vt 0.87625 0.225
vt 0.87625 0.225
vt 0.87625 0.025
vt 0.87625 0.025
vt 0.87625 0.225
vt 0.87625 0.025
vt 0.87625 0.225
vt 0.87625 0.225
vt 0.87625 0.025
vt 0.87625 0.025
vt 0.87625 0.225
vt 0.87625 0.225
vt 0.87625 0.025
vt 0.87625 0.025
vt 0.87625 0.225
vt 0.87625 0.025
vt 0.87625 0.225
vt 0.87625 0.225
vt 0.87625 0.025
vt 0.87625 0.025
vt 0.87625 0.225
vt 0.87625 0.025
vt 0.87625 0.225
vt 0.87625 0.225
vt 0.87625 0.025
vt 0.87625 0.025
vt 0.87625 0.225
vt 0.87625 0.025
vt 0.87625 0.225
vt 0.87625 0.225
vt 0.87625 0.025
vt 0.87625 0.025
vt 0.87625 0.225
vt 0.87625 0.025
vt 0.87625 0.225
vt 0.87625 0.025
vt 0.87625 0.225
vt 0.87625 0.225
vt 0.87625 0.025
vt 0.87625 0.025
vt 0.87625 0.225
vt 0.87625 0.025
vt 0.87625 0.225
vt 0.87625 0.225
vt 0.87625 0.025
vt 0.87625 0.025
vt 0.87625 0.225
vt 0.87625 0.025
vt 0.87625 0.225
vt 0.87625 0.225
vt 0.87625 0.025
vt 0.87625 0.025
vt 0.87625 0.225
vt 0.87625 0.225
vt 0.87625 0.025
vt 0.87625 0.025
vt 0.87625 0.225
vt 0.87625 0.025
vt 0.87625 0.225
vt 0.87625 0.225
vt 0.87625 0.025
vt 0.87625 0.025
vt 0.87625 0.225
vt 0.87625 0.025
vt 0.87625 0.225
vt 0.87625 0.225
vt 0.87625 0.025
vt 0.87625 0.025
vt 0.87625 0.225
vt 0.87625 0.025
vt 0.87625 0.225
vt 0.87625 0.225
vt 0.87625 0.025
vt 0.87625 0.025
vt 0.87625 0.225
vt 0.87625 0.025
vt 0.87625 0.225
vt 0.87625 0.025
vt 0.87625 0.225
vt 0.87625 0.225
vt 0.87625 0.025
vt 0.87625 0.025
vt 0.87625 0.225
vt 0.87625 0.025
vt 0.87625 0.225
vt 0.87625 0.225
vt 0.87625 0.025
vt 0.87625 0.025
vt 0.87625 0.225
vt 0.87625 0.025
vt 0.87625 0.225
vt 0.87625 0.225
vt 0.87625 0.025
vt 0.87625 0.025
vt 0.87625 0.225
vt 0.87625 0.225
vt 0.87625 0.025
vt 0.87625 0.025
vt 0.87625 0.225
vt 0.87625 0.025
vt 0.87625 0.225
vt 0.87625 0.225
vt 0.87625 0.025
vt 0.87625 0.025
vt 0.87625 0.225
vt 0.87625 0.025
vt 0.87625 0.225
vt 0.87625 0.225
vt 0.87625 0.025
vt 0.87625 0.025
vt 0.87625 0.225
vt 0.87625 0.025
vt 0.87625 0.225
vt 0.87625 0.225
vt 0.87625 0.025
vt 0.87625 0.025
vt 0.87625 0.225
vt 0.87625 0.025
vt 0.87625 0.225
vt 0.87625 0.025
vt 0.87625 0.225
vt 0.87625 0.225
vt 0.87625 0.025
vt 0.87625 0.025
vt 0.87625 0.225
vt 0.87625 0.025
vt 0.87625 0.225
vt 0.87625 0.225
vt 0.87625 0.025
vt 0.87625 0.025
vt 0.87625 0.225
vt 0.87625 0.025
vt 0.87625 0.225
vt 0.87625 0.225
vt 0.87625 0.025
vt 0.87625 0.025
vt 0.87625 0.225
vt 0.87625 0.225
vt 0.87625 0.025
vt 0.87625 0.025
vt 0.87625 0.225
vt 0.87625 0.025
vt 0.87625 0.225
vt 0.87625 0.225
vt 0.87625 0.025
vt 0.87625 0.025
vt 0.87625 0.225
vt 0.87625 0.025
vt 0.87625 0.225
vt 0.87625 0.225
vt 0.87625 0.025
vt 0.87625 0.025
vt 0.87625 0.225
vt 0.87625 0.025
vt 0.87625 0.225
vt 0.87625 0.225
vt 0.87625 0.025
vt 0.87625 0.025
vt 0.87625 0.225
vt 0.87625 0.025
vt 0.87625 0.225
vt 0.87625 0.025
vt 0.87625 0.225
vt 0.87625 0.225
vt 0.87625 0.025
vt 0.87625 0.025
vt 0.87625 0.225
vt 0.87625 0.025
vt 0.87625 0.225
vt 0.87625 0.225
vt 0.87625 0.025
vt 0.87625 0.025
vt 0.87625 0.225
vt 0.87625 0.025
vt 0.87625 0.225
vt 0.87625 0.225
vt 0.87625 0.025
vt 0.87625 0.025
vt 0.87625 0.225
vt 0.87625 0.225
vt 0.87625 0.025
vt 0.87625 0.025
vt 0.87625 0.225
vt 0.87625 0.025
vt 0.87625 0.225
vt 0.87625 0.225
vt 0.87625 0.025
vt 0.87625 0.025
vt 0.87625 0.225
vt 0.87625 0.025
vt 0.87625 0.225
vt 0.87625 0.225
vt 0.87625 0.025
vt 0.87625 0.025
vt 0.87625 0.225
vt 0.87625 0.025
vt 0.87625 0.225
vt 0.87625 0.225
vt 0.87625 0.025
vt 0.87625 0.025
vt 0.87625 0.225
vt 0.87625 0.025
vt 0.87625 0.225
vt 0.87625 0.025
vt 0.87625 0.225
vt 0.87625 0.225
vt 0.87625 0.025
vt 0.87625 0.025
vt 0.87625 0.225
vt 0.87625 0.025
vt 0.87625 0.225
vt 0.87625 0.225
vt 0.87625 0.025
vt 0.87625 0.025
vt 0.87625 0.225
vt 0.87625 0.025
vt 0.87625 0.225
vt 0.87625 0.225
vt 0.87625 0.025
vt 0.87625 0.025
vt 0.87625 0.225
vt 0.87625 0.225
vt 0.87625 0.025
vt 0.87625 0.025
vt 0.87625 0.225
vt 0.87625 0.025
vt 0.87625 0.225
vt 0.87625 0.225
vt 0.87625 0.025
vt 0.87625 0.025
vt 0.87625 0.225
vt 0.87625 0.025
vt 0.87625 0.225
vt 0.87625 0.225
vt 0.87625 0.025
vt 0.87625 0.025
vt 0.87625 0.225
vt 0.87625 0.025
vt 0.87625 0.225
vt 0.87625 0.225
vt 0.87625 0.025
vt 0.87625 0.025
vt 0.87625 0.225
vt 0.87625 0.025
vt 0.87625 0.225
vt 0.87625 0.025
vt 0.87625 0.225
vt 0.87625 0.225
vt 0.87625 0.025
vt 0.87625 0.025
vt 0.87625 0.225
vt 0.87625 0.025
vt 0.87625 0.225
vt 0.87625 0.225
vt 0.87625 0.025
vt 0.87625 0.025
vt 0.87625 0.225
vt 0.87625 0.025
vt 0.87625 0.225
vt 0.87625 0.225
vt 0.87625 0.025
vt 0.87625 0.025
vt 0.87625 0.225
vt 0.87625 0.225
vt 0.87625 0.025
vt 0.87625 0.025
vt 0.87625 0.225
vt 0.87625 0.025
vt 0.87625 0.225
vt 0.87625 0.225
vt 0.87625 0.025
vt 0.87625 0.025
vt 0.87625 0.225
vt 0.87625 0.025
vt 0.87625 0.225
vt 0.87625 0.225
vt 0.87625 0.025
vt 0.87625 0.025
vt 0.87625 0.225
vt 0.87625 0.025
vt 0.87625 0.225
vt 0.87625 0.225
vt 0.87625 0.025
vt 0.87625 0.025
vt 0.87625 0.225
vt 0.87625 0.025
vt 0.87625 0.225
vt 0.87625 0.025
vt 0.87625 0.225
vt 0.87625 0.225
vt 0.87625 0.025
vt 0.87625 0.025
vt 0.87625 0.225
vt 0.87625 0.025
vt 0.87625 0.225
vt 0.87625 0.225
vt 0.87625 0.025
vt 0.87625 0.025
vt 0.87625 0.225
vt 0.87625 0.025
vt 0.87625 0.225
vt 0.87625 0.225
vt 0.87625 0.025
vt 0.87625 0.025
vt 0.87625 0.225
vt 0.87625 0.225
vt 0.87625 0.025
vt 0.87625 0.025
vt 0.87625 0.225
vt 0.87625 0.025
vt 0.87625 0.225
vt 0.87625 0.225
vt 0.87625 0.025
vt 0.87625 0.025
vt 0.87625 0.225
vt 0.87625 0.025
vt 0.87625 0.225
vt 0.87625 0.225
vt 0.87625 0.025
vt 0.87625 0.025
vt 0.87625 0.225
vt 0.87625 0.025
vt 0.87625 0.225
vt 0.87625 0.225
vt 0.87625 0.025
vt 0.87625 0.025
vt 0.87625 0.225
vt 0.87625 0.025
vt 0.87625 0.225
vt 0.87625 0.025
vt 0.87625 0.225
vt 0.87625 0.225
vt 0.87625 0.025
vt 0.87625 0.025
vt 0.87625 0.225
vt 0.87625 0.025
vt 0.87625 0.225
vt 0.87625 0.225
vt 0.87625 0.025
vt 0.87625 0.025
vt 0.87625 0.225
vt 0.87625 0.025
vt 0.87625 0.225
vt 0.87625 0.225
vt 0.87625 0.025
vt 0.87625 0.025
vt 0.87625 0.225
vt 0.87625 0.225
vt 0.87625 0.025
vt 0.87625 0.025
vt 0.87625 0.225
vt 0.87625 0.025
vt 0.87625 0.225
vt 0.87625 0.225
vt 0.87625 0.025
vt 0.87625 0.025
vt 0.87625 0.225
vt 0.87625 0.025
vt 0.87625 0.225
vt 0.87625 0.225
vt 0.87625 0.025
vt 0.87625 0.025
vt 0.87625 0.225
vt 0.87625 0.025
vt 0.87625 0.225
vt 0.87625 0.225
vt 0.87625 0.025
vt 0.87625 0.025
vt 0.87625 0.225
vt 0.87625 0.025
vt 0.87625 0.225
vt 0.87625 0.025
vt 0.87625 0.225
vt 0.87625 0.225
vt 0.87625 0.025
vt 0.87625 0.025
vt 0.87625 0.225
vt 0.87625 0.025
vt 0.87625 0.225
vt 0.87625 0.225
vt 0.87625 0.025
vt 0.87625 0.025
vt 0.87625 0.225
vt 0.87625 0.025
vt 0.87625 0.225
vt 0.87625 0.225
vt 0.87625 0.025
vt 0.87625 0.025
vt 0.87625 0.225
vt 0.87625 0.225
vt 0.87625 0.025
vt 0.87625 0.025
vt 0.87625 0.225
vt 0.87625 0.025
vt 0.87625 0.225
vt 0.87625 0.225
vt 0.87625 0.025
vt 0.87625 0.025
vt 0.87625 0.225
vt 0.87625 0.025
vt 0.87625 0.225
vt 0.87625 0.225
vt 0.87625 0.025
vt 0.87625 0.025
vt 0.87625 0.225
vt 0.87625 0.025
vt 0.87625 0.225
vt 0.87625 0.225
vt 0.87625 0.025
vt 0.87625 0.025
vt 0.87625 0.225
vt 0.87625 0.025
vt 0.87625 0.225
vt 0.87625 0.025
vt 0.87625 0.225
vt 0.87625 0.225
vt 0.87625 0.025
vt 0.87625 0.025
vt 0.87625 0.225
vt 0.87625 0.025
vt 0.87625 0.225
vt 0.87625 0.225
vt 0.87625 0.025
vt 0.87625 0.025
vt 0.87625 0.225
vt 0.87625 0.025
vt 0.87625 0.225
vt 0.87625 0.225
vt 0.87625 0.025
vt 0.87625 0.025
vt 0.87625 0.225
vt 0.87625 0.225
vt 0.87625 0.025
vt 0.87625 0.025
vt 0.87625 0.225
vt 0.87625 0.025
vt 0.87625 0.225
vt 0.87625 0.225
vt 0.87625 0.025
vt 0.87625 0.025
vt 0.87625 0.225
vt 0.87625 0.025
vt 0.87625 0.225
vt 0.87625 0.225
vt 0.87625 0.025
vt 0.87625 0.025
vt 0.87625 0.225
vt 0.87625 0.025
vt 0.87625 0.225
vt 0.87625 0.225
vt 0.87625 0.025
vt 0.87625 0.025
vt 0.87625 0.225
vt 0.87625 0.025
vt 0.87625 0.225
vt 0.87625 0.025
vt 0.87625 0.225
vt 0.87625 0.225
vt 0.87625 0.025
vt 0.87625 0.025
vt 0.87625 0.225
vt 0.87625 0.025
vt 0.87625 0.225
vt 0.87625 0.225
vt 0.87625 0.025
vt 0.87625 0.025
vt 0.87625 0.225
vt 0.87625 0.025
vt 0.87625 0.225
vt 0.87625 0.225
vt 0.87625 0.025
vt 0.87625 0.025
vt 0.87625 0.225
vt 0.87625 0.225
vt 0.87625 0.025
vt 0.87625 0.025
vt 0.87625 0.225
vt 0.87625 0.025
vt 0.87625 0.225
vt 0.87625 0.225
vt 0.87625 0.025
vt 0.87625 0.025
vt 0.87625 0.225
vt 0.87625 0.025
vt 0.87625 0.225
vt 0.87625 0.225
vt 0.87625 0.025
vt 0.87625 0.025
vt 0.87625 0.225
vt 0.87625 0.025
vt 0.87625 0.225
vt 0.87625 0.225
vt 0.87625 0.025
vt 0.87625 0.025
vt 0.87625 0.225
vt 0.87625 0.025
vt 0.87625 0.225
vt 0.87625 0.025
vt 0.87625 0.225
vt 0.87625 0.225
vt 0.87625 0.025
vt 0.87625 0.025
vt 0.87625 0.225
vt 0.87625 0.025
vt 0.87625 0.225
vt 0.87625 0.225
vt 0.87625 0.025
vt 0.87625 0.025
vt 0.87625 0.225
vt 0.87625 0.025
vt 0.87625 0.225
vt 0.87625 0.225
vt 0.87625 0.025
vt 0.87625 0.025
vt 0.87625 0.225
vt 0.87625 0.225
vt 0.87625 0.025
vt 0.87625 0.025
vt 0.87625 0.225
vt 0.87625 0.025
vt 0.87625 0.225
vt 0.87625 0.225
vt 0.87625 0.025
vt 0.87625 0.025
vt 0.87625 0.225
vt 0.87625 0.025
vt 0.87625 0.225
vt 0.87625 0.225
vt 0.87625 0.025
vt 0.87625 0.025
vt 0.87625 0.225
vt 0.87625 0.025
vt 0.87625 0.225
vt 0.87625 0.225
vt 0.87625 0.025
vt 0.87625 0.025
vt 0.87625 0.225
vt 0.87625 0.025
vt 0.87625 0.225
vt 0.87625 0.025
vt 0.87625 0.225
vt 0.87625 0.225
vt 0.87625 0.025
vt 0.87625 0.025
vt 0.87625 0.225
vt 0.87625 0.025
vt 0.87625 0.225
vt 0.87625 0.225
vt 0.87625 0.025
vt 0.87625 0.025
vt 0.87625 0.225
vt 0.87625 0.025
vt 0.87625 0.225
vt 0.87625 0.225
vt 0.87625 0.025
vt 0.87625 0.025
vt 0.87625 0.225
vt 0.87625 0.025
vt 0.87625 0.225
vt 0.87625 0.225
vt 0.87625 0.025
vt 0.87625 0.025
vt 0.87625 0.225
vt 0.87625 0.225
vt 0.87625 0.025
vt 0.87625 0.025
vt 0.87625 0.225
vt 0.87625 0.025
vt 0.87625 0.225
vt 0.87625 0.225
vt 0.87625 0.025
vt 0.87625 0.025
vt 0.87625 0.225
vt 0.87625 0.025
vt 0.87625 0.225
vt 0.87625 0.225
vt 0.87625 0.025
vt 0.87625 0.025
vt 0.87625 0.225
vt 0.87625 0.025
vt 0.87625 0.225
vt 0.87625 0.225
vt 0.87625 0.025
vt 0.87625 0.025
vt 0.87625 0.225
vt 0.87625 0.025
vt 0.87625 0.225
vt 0.87625 0.025
vt 0.87625 0.225
vt 0.87625 0.225
vt 0.87625 0.025
vt 0.87625 0.025
vt 0.87625 0.225
vt 0.87625 0.025
vt 0.87625 0.225
vt 0.87625 0.225
vt 0.87625 0.025
vt 0.87625 0.025
vt 0.87625 0.225
vt 0.87625 0.025
vt 0.87625 0.225
vt 0.87625 0.225
vt 0.87625 0.025
vt 0.87625 0.025
vt 0.87625 0.225
vt 0.87625 0.025
vt 0.87625 0.225
vt 0.87625 0.225
vt 0.87625 0.025
vt 0.87625 0.025
vt 0.87625 0.225
vt 0.87625 0.225
vt 0.87625 0.025
vt 0.87625 0.025
vt 0.87625 0.225
vt 0.87625 0.025
vt 0.87625 0.225
vt 0.87625 0.225
vt 0.87625 0.025
vt 0.87625 0.025
vt 0.87625 0.225
vt 0.87625 0.025
vt 0.87625 0.225
vt 0.87625 0.225
vt 0.87625 0.025
vt 0.87625 0.025
vt 0.87625 0.225
vt 0.87625 0.025
vt 0.87625 0.225
vt 0.87625 0.225
vt 0.87625 0.025
vt 0.87625 0.025
vt 0.87625 0.225
vt 0.87625 0.025
vt 0.87625 0.225
vt 0.87625 0.025
vt 0.87625 0.225
vt 0.87625 0.225
vt 0.87625 0.025
vt 0.87625 0.025
vt 0.87625 0.225
vt 0.87625 0.025
vt 0.87625 0.225
vt 0.87625 0.225
vt 0.87625 0.025
vt 0.87625 0.025
vt 0.87625 0.225
vt 0.87625 0.025
vt 0.87625 0.225
vt 0.87625 0.225
vt 0.87625 0.025
vt 0.87625 0.025
vt 0.87625 0.225
vt 0.87625 0.025
vt 0.87625 0.225
vt 0.87625 0.225
vt 0.87625 0.025
vt 0.87625 0.025
vt 0.87625 0.225
vt 0.87625 0.225
vt 0.87625 0.025
vt 0.87625 0.025
vt 0.87625 0.225
vt 0.87625 0.025
vt 0.87625 0.225
vt 0.87625 0.225
vt 0.87625 0.025
vt 0.87625 0.025
vt 0.87625 0.225
vt 0.87625 0.025
vt 0.87625 0.225
vt 0.87625 0.225
vt 0.87625 0.025
vt 0.87625 0.025
vt 0.87625 0.225
vt 0.87625 0.025
vt 0.87625 0.225
vt 0.87625 0.225
vt 0.87625 0.025
vt 0.87625 0.025
vt 0.87625 0.225
vt 0.87625 0.025
vt 0.87625 0.225
vt 0.87625 0.025
vt 0.87625 0.225
vt 0.87625 0.225
vt 0.87625 0.025
vt 0.87625 0.025
vt 0.87625 0.225
vt 0.87625 0.025
vt 0.87625 0.225
vt 0.87625 0.225
vt 0.87625 0.025
vt 0.87625 0.025
vt 0.87625 0.225
vt 0.87625 0.025
vt 0.87625 0.225
vt 0.87625 0.225
vt 0.87625 0.025
vt 0.87625 0.025
vt 0.87625 0.225
vt 0.87625 0.025
vt 0.87625 0.225
vt 0.87625 0.225
vt 0.87625 0.025
vt 0.87625 0.025
vt 0.87625 0.225
vt 0.87625 0.225
vt 0.87625 0.025
vt 0.87625 0.025
vt 0.87625 0.225
vt 0.87625 0.025
vt 0.87625 0.225
vt 0.87625 0.225
vt 0.87625 0.025
vt 0.87625 0.025
vt 0.87625 0.225
vt 0.87625 0.025
vt 0.87625 0.225
vt 0.87625 0.225
vt 0.87625 0.025
vt 0.87625 0.025
vt 0.87625 0.225
vt 0.87625 0.025
vt 0.87625 0.225
vt 0.87625 0.225
vt 0.87625 0.025
vt 0.87625 0.025
vt 0.87625 0.225
vt 0.87625 0.025
vt 0.87625 0.225
vt 0.87625 0.025
vt 0.87625 0.225
vt 0.87625 0.225
vt 0.87625 0.025
vt 0.87625 0.025
vt 0.87625 0.225
vt 0.87625 0.025
vt 0.87625 0.225
vt 0.87625 0.225
vt 0.87625 0.025
vt 0.87625 0.025
vt 0.87625 0.225
vt 0.87625 0.025
vt 0.87625 0.225
vt 0.87625 0.225
vt 0.87625 0.025
vt 0.87625 0.025
vt 0.87625 0.225
vt 0.87625 0.025
vt 0.87625 0.225
vt 0.87625 0.225
vt 0.87625 0.025
vt 0.87625 0.025
vt 0.87625 0.225
vt 0.87625 0.225
vt 0.87625 0.025
vt 0.87625 0.025
vt 0.87625 0.225
vt 0.87625 0.025
vt 0.87625 0.225
vt 0.87625 0.225
vt 0.87625 0.025
vt 0.87625 0.025
vt 0.87625 0.225
vt 0.87625 0.025
vt 0.87625 0.225
vt 0.87625 0.225
vt 0.87625 0.025
vt 0.87625 0.025
vt 0.87625 0.225
vt 0.87625 0.025
vt 0.87625 0.225
vt 0.87625 0.225
vt 0.87625 0.025
vt 0.87625 0.025
vt 0.87625 0.225
vt 0.87625 0.025
vt 0.87625 0.225
vt 0.87625 0.025
vt 0.87625 0.225
vt 0.87625 0.225
vt 0.87625 0.025
vt 0.87625 0.025
vt 0.87625 0.225
vt 0.87625 0.025
vt 0.87625 0.225
vt 0.87625 0.225
vt 0.87625 0.025
vt 0.87625 0.025
vt 0.87625 0.225
vt 0.87625 0.025
vt 0.87625 0.225
vt 0.87625 0.225
vt 0.87625 0.025
vt 0.87625 0.025
vt 0.87625 0.225
vt 0.87625 0.025
vt 0.87625 0.225
vt 0.87625 0.225
vt 0.87625 0.025
vt 0.87625 0.025
vt 0.87625 0.225
vt 0.87625 0.225
vt 0.87625 0.025
vt 0.87625 0.025
vt 0.87625 0.225
vt 0.87625 0.025
vt 0.87625 0.225
vt 0.87625 0.225
vt 0.87625 0.025
vt 0.87625 0.025
vt 0.87625 0.225
vt 0.87625 0.025
vt 0.87625 0.225
vt 0.87625 0.225
vt 0.87625 0.025
vt 0.87625 0.025
vt 0.87625 0.225
vt 0.87625 0.025
vt 0.87625 0.225
vt 0.87625 0.225
vt 0.87625 0.025
vt 0.87625 0.025
vt 0.87625 0.225
vt 0.87625 0.025
vt 0.87625 0.225
vt 0.87625 0.025
vt 0.87625 0.225
vt 0.87625 0.225
vt 0.87625 0.025
vt 0.87625 0.025
vt 0.87625 0.225
vt 0.87625 0.025
vt 0.87625 0.225
vt 0.87625 0.225
vt 0.87625 0.025
vt 0.87625 0.025
vt 0.87625 0.225
vt 0.87625 0.025
vt 0.87625 0.225
vt 0.87625 0.225
vt 0.87625 0.025
vt 0.87625 0.025
vt 0.87625 0.225
vt 0.87625 0.025
vt 0.87625 0.225
vt 0.87625 0.225
vt 0.87625 0.025
vt 0.87625 0.025
vt 0.87625 0.225
vt 0.87625 0.225
vt 0.87625 0.025
vt 0.87625 0.025
vt 0.87625 0.225
vt 0.87625 0.025
vt 0.87625 0.225
vt 0.87625 0.225
vt 0.87625 0.025
vt 0.87625 0.025
vt 0.87625 0.225
vt 0.87625 0.025
vt 0.87625 0.225
vt 0.87625 0.225
vt 0.87625 0.025
vt 0.87625 0.025
vt 0.87625 0.225
vt 0.87625 0.025
vt 0.87625 0.225
vt 0.87625 0.225
vt 0.87625 0.025
vt 0.87625 0.025
vt 0.87625 0.225
vt 0.87625 0.025
vt 0.87625 0.225
vt 0.87625 0.025
vt 0.87625 0.225
vt 0.87625 0.225
vt 0.87625 0.025
vt 0.87625 0.025
vt 0.87625 0.225
vt 0.87625 0.025
vt 0.87625 0.225
vt 0.87625 0.225
vt 0.87625 0.025
vt 0.87625 0.025
vt 0.87625 0.225
vt 0.87625 0.025
vt 0.87625 0.225
vt 0.87625 0.225
vt 0.87625 0.025
vt 0.87625 0.025
vt 0.87625 0.225
vt 0.87625 0.025
vt 0.87625 0.225
vt 0.87625 0.225
vt 0.87625 0.025
vt 0.87625 0.025
vt 0.87625 0.225
vt 0.87625 0.225
vt 0.87625 0.025
vt 0.87625 0.025
vt 0.87625 0.225
vt 0.87625 0.025
vt 0.87625 0.225
vt 0.87625 0.225
vt 0.87625 0.025
vt 0.87625 0.025
vt 0.87625 0.225
vt 0.87625 0.025
vt 0.87625 0.225
vt 0.87625 0.225
vt 0.87625 0.025
vt 0.87625 0.025
vt 0.87625 0.225
vt 0.87625 0.025
vt 0.87625 0.225
vt 0.87625 0.225
vt 0.87625 0.025
vt 0.87625 0.025
vt 0.87625 0.225
vt 0.87625 0.025
vt 0.87625 0.225
vt 0.87625 0.025
vt 0.87625 0.225
vt 0.87625 0.225
vt 0.87625 0.025
vt 0.87625 0.025
vt 0.87625 0.225
vt 0.87625 0.025
vt 0.87625 0.225
vt 0.87625 0.225
vt 0.87625 0.025
vt 0.87625 0.025
vt 0.87625 0.225
vt 0.87625 0.025
vt 0.87625 0.225
vt 0.87625 0.225
vt 0.87625 0.025
vt 0.87625 0.025
vt 0.87625 0.225
vt 0.87625 0.025
vt 0.87625 0.225
vt 0.87625 0.225
vt 0.87625 0.025
vt 0.87625 0.025
vt 0.87625 0.225
vt 0.87625 0.225
vt 0.87625 0.025
vt 0.87625 0.025
vt 0.87625 0.225
vt 0.87625 0.025
vt 0.87625 0.225
vt 0.87625 0.225
vt 0.87625 0.025
vt 0.87625 0.025
vt 0.87625 0.225
vt 0.87625 0.025
vt 0.87625 0.225
vt 0.87625 0.225
vt 0.87625 0.025
vt 0.87625 0.025
vt 0.87625 0.225
vt 0.87625 0.025
vt 0.87625 0.225
vt 0.87625 0.225
vt 0.87625 0.025
vt 0.87625 0.025
vt 0.87625 0.225
vt 0.87625 0.025
vt 0.87625 0.225
vt 0.87625 0.025
vt 0.87625 0.225
vt 0.87625 0.225
vt 0.87625 0.025
vt 0.87625 0.025
vt 0.87625 0.225
vt 0.87625 0.025
vt 0.87625 0.225
vt 0.87625 0.225
vt 0.87625 0.025
vt 0.87625 0.025
vt 0.87625 0.225
vt 0.87625 0.025
vt 0.87625 0.225
vt 0.87625 0.225
vt 0.87625 0.025
vt 0.87625 0.025
vt 0.87625 0.225
vt 0.87625 0.025
vt 0.87625 0.225
vt 0.87625 0.225
vt 0.87625 0.025
vt 0.87625 0.025
vt 0.87625 0.225
vt 0.87625 0.225
vt 0.87625 0.025
vt 0.87625 0.025
vt 0.87625 0.225
vt 0.87625 0.025
vt 0.87625 0.225
vt 0.87625 0.225
vt 0.87625 0.025
vt 0.87625 0.025
vt 0.87625 0.225
vt 0.87625 0.025
vt 0.87625 0.225
vt 0.87625 0.225
vt 0.87625 0.025
vt 0.87625 0.025
vt 0.87625 0.225
vt 0.87625 0.025
vt 0.87625 0.225
vt 0.87625 0.225
vt 0.87625 0.025
vt 0.87625 0.025
vt 0.87625 0.225
vt 0.87625 0.025
vt 0.87625 0.225
vt 0.87625 0.025
vt 0.87625 0.225
vt 0.87625 0.225
vt 0.87625 0.025
vt 0.87625 0.025
vt 0.87625 0.225
vt 0.87625 0.025
vt 0.87625 0.225
vt 0.87625 0.225
vt 0.87625 0.025
vt 0.87625 0.025
vt 0.87625 0.225
vt 0.87625 0.025
vt 0.87625 0.225
vt 0.87625 0.225
vt 0.87625 0.025
vt 0.87625 0.025
vt 0.87625 0.225
vt 0.87625 0.025
vt 0.87625 0.225
vt 0.87625 0.225
vt 0.87625 0.025
vt 0.87625 0.025
vt 0.87625 0.225
vt 0.87625 0.225
vt 0.87625 0.025
vt 0.87625 0.025
vt 0.87625 0.225
vt 0.87625 0.025
vt 0.87625 0.225
vt 0.87625 0.225
vt 0.87625 0.025
vt 0.87625 0.025
vt 0.87625 0.225
vt 0.87625 0.025
vt 0.87625 0.225
vt 0.87625 0.225
vt 0.87625 0.025
vt 0.87625 0.025
vt 0.87625 0.225
vt 0.87625 0.025
vt 0.87625 0.225
vt 0.87625 0.225
vt 0.87625 0.025
vt 0.87625 0.025
vt 0.87625 0.225
vt 0.87625 0.025
vt 0.87625 0.225
vt 0.87625 0.025
vt 0.87625 0.225
vt 0.87625 0.225
vt 0.87625 0.025
vt 0.87625 0.025
vt 0.87625 0.225
vt 0.87625 0.025
vt 0.87625 0.225
vt 0.87625 0.225
vt 0.87625 0.025
vt 0.87625 0.025
vt 0.87625 0.225
vt 0.87625 0.025
vt 0.87625 0.225
vt 0.87625 0.225
vt 0.87625 0.025
vt 0.87625 0.025
vt 0.87625 0.225
vt 0.87625 0.025
vt 0.87625 0.225
vt 0.87625 0.225
vt 0.87625 0.025
vt 0.87625 0.025
vt 0.87625 0.225
vt 0.87625 0.225
vt 0.87625 0.025
vt 0.87625 0.025
vt 0.87625 0.225
vt 0.87625 0.025
vt 0.87625 0.225
vt 0.87625 0.225
vt 0.87625 0.025
vt 0.87625 0.025
vt 0.87625 0.225
vt 0.87625 0.025
vt 0.87625 0.225
vt 0.87625 0.225
vt 0.87625 0.025
vt 0.87625 0.025
vt 0.87625 0.225
vt 0.87625 0.025
vt 0.87625 0.225
vt 0.87625 0.225
vt 0.87625 0.025
vt 0.87625 0.025
vt 0.87625 0.225
vt 0.87625 0.025
vt 0.87625 0.225
vt 0.87625 0.025
vt 0.87625 0.225
vt 0.87625 0.225
vt 0.87625 0.025
vt 0.87625 0.025
vt 0.87625 0.225
vt 0.87625 0.025
vt 0.87625 0.225
vt 0.87625 0.225
vt 0.87625 0.025
vt 0.87625 0.025
vt 0.87625 0.225
vt 0.87625 0.025
vt 0.87625 0.225
vt 0.87625 0.225
vt 0.87625 0.025
vt 0.87625 0.025
vt 0.87625 0.225
vt 0.87625 0.025
vt 0.87625 0.225
vt 0.87625 0.225
vt 0.87625 0.025
vt 0.87625 0.025
vt 0.87625 0.225
vt 0.87625 0.225
vt 0.87625 0.025
vt 0.87625 0.025
vt 0.87625 0.225
vt 0.87625 0.025
vt 0.87625 0.225
vt 0.87625 0.225
vt 0.87625 0.025
vt 0.87625 0.025
vt 0.87625 0.225
vt 0.87625 0.025
vt 0.87625 0.225
vt 0.87625 0.225
vt 0.87625 0.025
vt 0.87625 0.025
vt 0.87625 0.225
vt 0.87625 0.025
vt 0.87625 0.225
vt 0.87625 0.225
vt 0.87625 0.025
vt 0.87625 0.025
vt 0.87625 0.225
vt 0.87625 0.025
vt 0.87625 0.225
vt 0.87625 0.025
vt 0.87625 0.225
vt 0.87625 0.225
vt 0.87625 0.025
vt 0.87625 0.025
vt 0.87625 0.225
vt 0.87625 0.025
vt 0.87625 0.225
vt 0.87625 0.225
vt 0.87625 0.025
vt 0.87625 0.025
vt 0.87625 0.225
vt 0.87625 0.025
vt 0.87625 0.225
vt 0.87625 0.225
vt 0.87625 0.025
vt 0.87625 0.025
vt 0.87625 0.225
vt 0.87625 0.025
vt 0.87625 0.225
vt 0.87625 0.225
vt 0.87625 0.025
vt 0.87625 0.025
vt 0.87625 0.225
vt 0.87625 0.225
vt 0.87625 0.025
vt 0.87625 0.025
vt 0.87625 0.225
vt 0.87625 0.025
vt 0.87625 0.225
vt 0.87625 0.225
vt 0.87625 0.025
vt 0.87625 0.025
vt 0.87625 0.225
vt 0.87625 0.025
vt 0.87625 0.225
vt 0.87625 0.225
vt 0.87625 0.025
vt 0.87625 0.025
vt 0.87625 0.225
vt 0.87625 0.025
vt 0.87625 0.225
vt 0.87625 0.225
vt 0.87625 0.025
vt 0.87625 0.025
vt 0.87625 0.225
vt 0.87625 0.025
vt 0.87625 0.225
vt 0.87625 0.025
vt 0.87625 0.225
vt 0.87625 0.225
vt 0.87625 0.025
vt 0.87625 0.025
vt 0.87625 0.225
vt 0.87625 0.025
vt 0.87625 0.225
vt 0.87625 0.225
vt 0.87625 0.025
vt 0.87625 0.025
vt 0.87625 0.225
vt 0.87625 0.025
vt 0.87625 0.225
vt 0.87625 0.225
vt 0.87625 0.025
vt 0.87625 0.025
vt 0.87625 0.225
vt 0.87625 0.025
vt 0.87625 0.225
vt 0.87625 0.225
vt 0.87625 0.025
vt 0.87625 0.025
vt 0.87625 0.225
vt 0.87625 0.225
vt 0.87625 0.025
vt 0.87625 0.025
vt 0.87625 0.225
vt 0.87625 0.025
vt 0.87625 0.225
vt 0.87625 0.225
vt 0.87625 0.025
vt 0.87625 0.025
vt 0.87625 0.225
vt 0.87625 0.025
vt 0.87625 0.225
vt 0.87625 0.225
vt 0.87625 0.025
vt 0.87625 0.025
vt 0.87625 0.225
vt 0.87625 0.025
vt 0.87625 0.225
vt 0.87625 0.225
vt 0.87625 0.025
vt 0.87625 0.025
vt 0.87625 0.225
vt 0.87625 0.025
vt 0.87625 0.225
vt 0.87625 0.025
vt 0.87625 0.225
vt 0.87625 0.225
vt 0.87625 0.025
vt 0.87625 0.025
vt 0.87625 0.225
vt 0.87625 0.025
vt 0.87625 0.225
vt 0.87625 0.225
vt 0.87625 0.025
vt 0.87625 0.025
vt 0.87625 0.225
vt 0.87625 0.025
vt 0.87625 0.225
vt 0.87625 0.225
vt 0.87625 0.025
vt 0.87625 0.025
vt 0.87625 0.225
vt 0.87625 0.025
vt 0.87625 0.225
vt 0.87625 0.225
vt 0.87625 0.025
vt 0.87625 0.025
vt 0.87625 0.225
vt 0.87625 0.225
vt 0.87625 0.025
vt 0.87625 0.025
vt 0.87625 0.225
vt 0.87625 0.025
vt 0.87625 0.225
vt 0.87625 0.225
vt 0.87625 0.025
vt 0.87625 0.025
vt 0.87625 0.225
vt 0.87625 0.025
vt 0.87625 0.225
vt 0.87625 0.225
vt 0.87625 0.025
vt 0.87625 0.025
vt 0.87625 0.225
vt 0.87625 0.025
vt 0.87625 0.225
vt 0.87625 0.225
vt 0.87625 0.025
vt 0.87625 0.025
vt 0.87625 0.225
vt 0.87625 0.025
vt 0.87625 0.225
vt 0.87625 0.025
vt 0.87625 0.225
vt 0.87625 0.225
vt 0.87625 0.025
vt 0.87625 0.025
vt 0.87625 0.225
vt 0.87625 0.025
vt 0.87625 0.225
vt 0.87625 0.225
vt 0.87625 0.025
vt 0.87625 0.025
vt 0.87625 0.225
vt 0.87625 0.025
vt 0.87625 0.225
vt 0.87625 0.225
vt 0.87625 0.025
vt 0.87625 0.025
vt 0.87625 0.225
vt 0.87625 0.025
vt 0.87625 0.225
vt 0.87625 0.225
vt 0.87625 0.025
vt 0.87625 0.025
vt 0.87625 0.225
vt 0.87625 0.225
vt 0.87625 0.025
vt 0.87625 0.025
vt 0.87625 0.225
vt 0.87625 0.025
vt 0.87625 0.225
vt 0.87625 0.225
vt 0.87625 0.025
vt 0.87625 0.025
vt 0.87625 0.225
vt 0.87625 0.025
vt 0.87625 0.225
vt 0.87625 0.225
vt 0.87625 0.025
vt 0.87625 0.025
vt 0.87625 0.225
vt 0.87625 0.025
vt 0.87625 0.225
vt 0.87625 0.225
vt 0.87625 0.025
vt 0.87625 0.025
vt 0.87625 0.225
vt 0.87625 0.025
vt 0.87625 0.225
vt 0.87625 0.025
vt 0.87625 0.225
vt 0.87625 0.225
vt 0.87625 0.025
vt 0.87625 0.025
vt 0.87625 0.225
vt 0.87625 0.025
vt 0.87625 0.225
vt 0.87625 0.225
vt 0.87625 0.025
vt 0.87625 0.025
vt 0.87625 0.225
vt 0.87625 0.025
vt 0.87625 0.225
vt 0.87625 0.225
vt 0.87625 0.025
vt 0.87625 0.025
vt 0.87625 0.225
vt 0.87625 0.025
vt 0.87625 0.225
vt 0.87625 0.225
vt 0.87625 0.025
vt 0.87625 0.025
vt 0.87625 0.225
vt 0.87625 0.225
vt 0.87625 0.025
vt 0.87625 0.025
vt 0.87625 0.225
vt 0.87625 0.025
vt 0.87625 0.225
vt 0.87625 0.225
vt 0.87625 0.025
vt 0.87625 0.025
vt 0.87625 0.225
vt 0.87625 0.025
vt 0.87625 0.225
vt 0.87625 0.225
vt 0.87625 0.025
vt 0.87625 0.025
vt 0.87625 0.225
vt 0.87625 0.025
vt 0.87625 0.225
vt 0.87625 0.225
vt 0.87625 0.025
vt 0.87625 0.025
vt 0.87625 0.225
vt 0.87625 0.025
vt 0.87625 0.225
vt 0.87625 0.025
vt 0.87625 0.225
vt 0.87625 0.225
vt 0.87625 0.025
vt 0.87625 0.025
vt 0.87625 0.225
vt 0.87625 0.025
vt 0.87625 0.225
vt 0.87625 0.225
vt 0.87625 0.025
vt 0.87625 0.025
vt 0.87625 0.225
vt 0.87625 0.025
vt 0.87625 0.225
vt 0.87625 0.225
vt 0.87625 0.025
vt 0.87625 0.025
vt 0.87625 0.225
vt 0.87625 0.025
vt 0.87625 0.225
vt 0.87625 0.225
vt 0.87625 0.025
vt 0.87625 0.025
vt 0.87625 0.225
vt 0.87625 0.225
vt 0.87625 0.025
vt 0.87625 0.025
vt 0.87625 0.225
vt 0.87625 0.025
vt 0.87625 0.225
vt 0.87625 0.225
vt 0.87625 0.025
vt 0.87625 0.025
vt 0.87625 0.225
vt 0.87625 0.025
vt 0.87625 0.225
vt 0.87625 0.225
vt 0.87625 0.025
vt 0.87625 0.025
vt 0.87625 0.225
vt 0.87625 0.025
vt 0.87625 0.225
vt 0.87625 0.225
vt 0.87625 0.025
vt 0.87625 0.025
vt 0.87625 0.225
vt 0.87625 0.025
vt 0.87625 0.225
vt 0.87625 0.025
vt 0.87625 0.225
vt 0.87625 0.225
vt 0.87625 0.025
vt 0.87625 0.025
vt 0.87625 0.225
vt 0.87625 0.025
vt 0.87625 0.225
vt 0.87625 0.225
vt 0.87625 0.025
vt 0.87625 0.025
vt 0.87625 0.225
vt 0.87625 0.025
vt 0.87625 0.225
vt 0.87625 0.225
vt 0.87625 0.025
vt 0.87625 0.025
vt 0.87625 0.225
vt 0.87625 0.025
vt 0.87625 0.225
vt 0.87625 0.225
vt 0.87625 0.025
vt 0.87625 0.025
vt 0.87625 0.225
vt 0.87625 0.225
vt 0.87625 0.025
vt 0.87625 0.025
vt 0.87625 0.225
vt 0.87625 0.025
vt 0.87625 0.225
vt 0.87625 0.225
vt 0.87625 0.025
vt 0.87625 0.025
vt 0.87625 0.225
vt 0.87625 0.025
vt 0.87625 0.225
vt 0.87625 0.225
vt 0.87625 0.025
vt 0.87625 0.025
vt 0.87625 0.225
vt 0.87625 0.025
vt 0.87625 0.225
vt 0.87625 0.225
vt 0.87625 0.025
vt 0.87625 0.025
vt 0.87625 0.225
vt 0.87625 0.025
vt 0.87625 0.225
vt 0.87625 0.025
vt 0.87625 0.225
vt 0.87625 0.225
vt 0.87625 0.025
vt 0.87625 0.025
vt 0.87625 0.225
vt 0.87625 0.025
vt 0.87625 0.225
vt 0.87625 0.225
vt 0.87625 0.025
vt 0.87625 0.025
vt 0.87625 0.225
vt 0.87625 0.025
vt 0.87625 0.225
vt 0.87625 0.225
vt 0.87625 0.025
vt 0.87625 0.025
vt 0.87625 0.225
vt 0.87625 0.025
vt 0.87625 0.225
vt 0.87625 0.225
vt 0.87625 0.025
vt 0.87625 0.025
vt 0.87625 0.225
vt 0.87625 0.225
vt 0.87625 0.025
vt 0.87625 0.025
vt 0.87625 0.225
vt 0.87625 0.025
vt 0.87625 0.225
vt 0.87625 0.225
vt 0.87625 0.025
vt 0.87625 0.025
vt 0.87625 0.225
vt 0.87625 0.025
vt 0.87625 0.225
vt 0.87625 0.225
vt 0.87625 0.025
vt 0.87625 0.025
vt 0.87625 0.225
vt 0.87625 0.025
vt 0.87625 0.225
vt 0.87625 0.225
vt 0.87625 0.025
vt 0.87625 0.025
vt 0.87625 0.225
vt 0.87625 0.025
vt 0.87625 0.225
vt 0.87625 0.025
vt 0.87625 0.225
vt 0.87625 0.225
vt 0.87625 0.025
vt 0.87625 0.025
vt 0.87625 0.225
vt 0.87625 0.025
vt 0.87625 0.225
vt 0.87625 0.225
vt 0.87625 0.025
vt 0.87625 0.025
vt 0.87625 0.225
vt 0.87625 0.025
vt 0.87625 0.225
vt 0.87625 0.225
vt 0.87625 0.025
vt 0.87625 0.025
vt 0.87625 0.225
vt 0.87625 0.025
vt 0.87625 0.225
vt 0.87625 0.225
vt 0.87625 0.025
vt 0.87625 0.025
vt 0.87625 0.225
vt 0.87625 0.225
vt 0.87625 0.025
vt 0.87625 0.025
vt 0.87625 0.225
vt 0.87625 0.025
vt 0.87625 0.225
vt 0.87625 0.225
vt 0.87625 0.025
vt 0.87625 0.025
vt 0.87625 0.225
vt 0.87625 0.025
vt 0.87625 0.225
vt 0.87625 0.225
vt 0.87625 0.025
vt 0.87625 0.025
vt 0.87625 0.225
vt 0.87625 0.025
vt 0.87625 0.225
vt 0.87625 0.225
vt 0.87625 0.025
vt 0.87625 0.025
vt 0.87625 0.225
vt 0.87625 0.025
vt 0.87625 0.225
vt 0.87625 0.025
vt 0.87625 0.225
vt 0.87625 0.225
vt 0.87625 0.025
vt 0.87625 0.025
vt 0.87625 0.225
vt 0.87625 0.025
vt 0.87625 0.225
vt 0.87625 0.225
vt 0.87625 0.025
vt 0.87625 0.025
vt 0.87625 0.225
vt 0.87625 0.025
vt 0.87625 0.225
vt 0.87625 0.225
vt 0.87625 0.025
vt 0.87625 0.025
vt 0.87625 0.225
vt 0.87625 0.025
vt 0.87625 0.225
vt 0.87625 0.225
vt 0.87625 0.025
vt 0.87625 0.025
vt 0.87625 0.225
vt 0.87625 0.225
vt 0.87625 0.025
vt 0.87625 0.025
vt 0.87625 0.225
vt 0.87625 0.025
vt 0.87625 0.225
vt 0.87625 0.225
vt 0.87625 0.025
vt 0.87625 0.025
vt 0.87625 0.225
vt 0.87625 0.025
vt 0.87625 0.225
vt 0.87625 0.225
vt 0.87625 0.025
vt 0.87625 0.025
vt 0.87625 0.225
vt 0.87625 0.025
vt 0.87625 0.225
vt 0.87625 0.225
vt 0.87625 0.025
vt 0.87625 0.025
vt 0.87625 0.225
vt 0.87625 0.025
vt 0.87625 0.225
vt 0.87625 0.025
vt 0.87625 0.225
vt 0.87625 0.225
vt 0.87625 0.025
vt 0.87625 0.025
vt 0.87625 0.225
vt 0.87625 0.025
vt 0.87625 0.225
vt 0.87625 0.225
vt 0.87625 0.025
vt 0.87625 0.025
vt 0.87625 0.225
vt 0.87625 0.025
vt 0.87625 0.225
vt 0.87625 0.225
vt 0.87625 0.025
vt 0.87625 0.025
vt 0.87625 0.225
vt 0.87625 0.025
vt 0.87625 0.225
vt 0.87625 0.225
vt 0.87625 0.025
vt 0.87625 0.025
vt 0.87625 0.225
vt 0.87625 0.225
vt 0.87625 0.025
vt 0.87625 0.025
vt 0.87625 0.225
vt 0.87625 0.025
vt 0.87625 0.225
vt 0.87625 0.225
vt 0.87625 0.025
vt 0.87625 0.025
vt 0.87625 0.225
vt 0.87625 0.025
vt 0.87625 0.225
vt 0.87625 0.225
vt 0.87625 0.025
vt 0.87625 0.025
vt 0.87625 0.225
vt 0.87625 0.025
vt 0.87625 0.225
vt 0.87625 0.225
vt 0.87625 0.025
vt 0.87625 0.025
vt 0.87625 0.225
vt 0.87625 0.025
vt 0.87625 0.225
vt 0.87625 0.025
vt 0.87625 0.225
vt 0.87625 0.225
vt 0.87625 0.025
vt 0.87625 0.025
vt 0.87625 0.225
vt 0.87625 0.025
vt 0.87625 0.225
vt 0.87625 0.225
vt 0.87625 0.025
vt 0.87625 0.025
vt 0.87625 0.225
vt 0.87625 0.025
vt 0.87625 0.225
vt 0.87625 0.225
vt 0.87625 0.025
vt 0.87625 0.025
vt 0.87625 0.225
vt 0.87625 0.025
vt 0.87625 0.225
vt 0.87625 0.225
vt 0.87625 0.025
vt 0.87625 0.025
vt 0.87625 0.225
vt 0.87625 0.225
vt 0.87625 0.025
vt 0.87625 0.025
vt 0.87625 0.225
vt 0.87625 0.025
vt 0.87625 0.225
vt 0.87625 0.225
vt 0.87625 0.025
vt 0.87625 0.025
vt 0.87625 0.225
vt 0.87625 0.025
vt 0.87625 0.225
vt 0.87625 0.225
vt 0.87625 0.025
vt 0.87625 0.025
vt 0.87625 0.225
vt 0.87625 0.025
vt 0.87625 0.225
vt 0.87625 0.225
vt 0.87625 0.025
vt 0.87625 0.025
vt 0.87625 0.225
vt 0.87625 0.025
vt 0.87625 0.225
vt 0.87625 0.025
vt 0.87625 0.225
vt 0.87625 0.225
vt 0.87625 0.025
vt 0.87625 0.025
vt 0.87625 0.225
vt 0.87625 0.025
vt 0.87625 0.225
vt 0.87625 0.225
vt 0.87625 0.025
vt 0.87625 0.025
vt 0.87625 0.225
vt 0.87625 0.025
vt 0.87625 0.225
vt 0.87625 0.225
vt 0.87625 0.025
vt 0.87625 0.025
vt 0.87625 0.225
vt 0.87625 0.025
vt 0.87625 0.225
vt 0.87625 0.225
vt 0.87625 0.025
vt 0.87625 0.025
vt 0.87625 0.225
vt 0.87625 0.225
vt 0.87625 0.025
vt 0.87625 0.025
vt 0.87625 0.225
vt 0.87625 0.025
vt 0.87625 0.225
vt 0.87625 0.225
vt 0.87625 0.025
vt 0.87625 0.025
vt 0.87625 0.225
vt 0.87625 0.025
vt 0.87625 0.225
vt 0.87625 0.225
vt 0.87625 0.025
vt 0.87625 0.025
vt 0.87625 0.225
vt 0.87625 0.025
vt 0.87625 0.225
vt 0.87625 0.225
vt 0.87625 0.025
vt 0.87625 0.025
vt 0.87625 0.225
vt 0.87625 0.025
vt 0.87625 0.225
vt 0.87625 0.025
vt 0.87625 0.225
vt 0.87625 0.225
vt 0.87625 0.025
vt 0.87625 0.025
vt 0.87625 0.225
vt 0.87625 0.025
vt 0.87625 0.225
vt 0.87625 0.225
vt 0.87625 0.025
vt 0.87625 0.025
vt 0.87625 0.225
vt 0.87625 0.025
vt 0.87625 0.225
vt 0.87625 0.225
vt 0.87625 0.025
vt 0.87625 0.025
vt 0.87625 0.225
vt 0.87625 0.025
vt 0.87625 0.225
vt 0.87625 0.225
vt 0.87625 0.025
vt 0.87625 0.025
vt 0.87625 0.225
vt 0.87625 0.225
vt 0.87625 0.025
vt 0.87625 0.025
vt 0.87625 0.225
vt 0.87625 0.025
vt 0.87625 0.225
vt 0.87625 0.225
vt 0.87625 0.025
vt 0.87625 0.025
vt 0.87625 0.225
vt 0.87625 0.025
vt 0.87625 0.225
vt 0.87625 0.225
vt 0.87625 0.025
vt 0.87625 0.025
vt 0.87625 0.225
vt 0.87625 0.025
vt 0.87625 0.225
vt 0.87625 0.225
vt 0.87625 0.025
vt 0.87625 0.025
vt 0.87625 0.225
vt 0.87625 0.025
vt 0.87625 0.225
vt 0.87625 0.025
vt 0.87625 0.225
vt 0.87625 0.225
vt 0.87625 0.025
vt 0.87625 0.025
vt 0.87625 0.225
vt 0.87625 0.025
vt 0.87625 0.225
vt 0.87625 0.225
vt 0.87625 0.025
vt 0.87625 0.025
vt 0.87625 0.225
vt 0.87625 0.025
vt 0.87625 0.225
vt 0.87625 0.225
vt 0.87625 0.025
vt 0.87625 0.025
vt 0.87625 0.225
vt 0.87625 0.025
vt 0.87625 0.225
vt 0.87625 0.225
vt 0.87625 0.025
vt 0.87625 0.025
vt 0.87625 0.225
vt 0.87625 0.225
vt 0.87625 0.025
vt 0.87625 0.025
vt 0.87625 0.225
vt 0.87625 0.025
vt 0.87625 0.225
vt 0.87625 0.225
vt 0.87625 0.025
vt 0.87625 0.025
vt 0.87625 0.225
vt 0.87625 0.025
vt 0.87625 0.225
vt 0.87625 0.225
vt 0.87625 0.025
vt 0.87625 0.025
vt 0.87625 0.225
vt 0.87625 0.025
vt 0.87625 0.225
vt 0.87625 0.225
vt 0.87625 0.025
vt 0.87625 0.025
vt 0.87625 0.225
vt 0.87625 0.025
vt 0.87625 0.225
vt 0.87625 0.025
vt 0.87625 0.225
vt 0.87625 0.225
vt 0.87625 0.025
vt 0.87625 0.025
vt 0.87625 0.225
vt 0.87625 0.025
vt 0.87625 0.225
vt 0.87625 0.225
vt 0.87625 0.025
vt 0.87625 0.025
vt 0.87625 0.225
vt 0.87625 0.025
vt 0.87625 0.225
vt 0.87625 0.225
vt 0.87625 0.025
vt 0.87625 0.025
vt 0.87625 0.225
vt 0.87625 0.025
vt 0.87625 0.225
vt 0.87625 0.225
vt 0.87625 0.025
vt 0.87625 0.025
vt 0.87625 0.225
vt 0.87625 0.225
vt 0.87625 0.025
vt 0.87625 0.025
vt 0.87625 0.225
vt 0.87625 0.025
vt 0.87625 0.225
vt 0.87625 0.225
vt 0.87625 0.025
vt 0.87625 0.025
vt 0.87625 0.225
vt 0.87625 0.025
vt 0.87625 0.225
vt 0.87625 0.225
vt 0.87625 0.025
vt 0.87625 0.025
vt 0.87625 0.225
vt 0.87625 0.025
vt 0.87625 0.225
vt 0.87625 0.225
vt 0.87625 0.025
vt 0.87625 0.025
vt 0.87625 0.225
vt 0.87625 0.025
vt 0.87625 0.225
vt 0.87625 0.025
vt 0.87625 0.225
vt 0.87625 0.225
vt 0.87625 0.025
vt 0.87625 0.025
vt 0.87625 0.225
vt 0.87625 0.025
vt 0.87625 0.225
vt 0.87625 0.225
vt 0.87625 0.025
vt 0.87625 0.025
vt 0.87625 0.225
vt 0.87625 0.025
vt 0.87625 0.225
vt 0.87625 0.225
vt 0.87625 0.025
vt 0.87625 0.025
vt 0.87625 0.225
vt 0.87625 0.025
vt 0.87625 0.225
vt 0.87625 0.225
vt 0.87625 0.025
vt 0.87625 0.025
vt 0.87625 0.225
vt 0.87625 0.225
vt 0.87625 0.025
vt 0.87625 0.025
vt 0.87625 0.225
vt 0.87625 0.025
vt 0.87625 0.225
vt 0.87625 0.225
vt 0.87625 0.025
vt 0.87625 0.025
vt 0.87625 0.225
vt 0.87625 0.025
vt 0.87625 0.225
vt 0.87625 0.225
vt 0.87625 0.025
vt 0.87625 0.025
vt 0.87625 0.225
vt 0.87625 0.025
vt 0.87625 0.225
vt 0.87625 0.225
vt 0.87625 0.025
vt 0.87625 0.025
vt 0.87625 0.225
vt 0.87625 0.025
vt 0.87625 0.225
vt 0.87625 0.025
vt 0.87625 0.225
vt 0.87625 0.225
vt 0.87625 0.025
vt 0.87625 0.025
vt 0.87625 0.225
vt 0.87625 0.025
vt 0.87625 0.225
vt 0.87625 0.225
vt 0.87625 0.025
vt 0.87625 0.025
vt 0.87625 0.225
vt 0.87625 0.025
vt 0.87625 0.225
vt 0.87625 0.225
vt 0.87625 0.025
vt 0.87625 0.025
vt 0.87625 0.225
vt 0.87625 0.025
vt 0.87625 0.225
vt 0.87625 0.225
vt 0.87625 0.025
vt 0.87625 0.025
vt 0.87625 0.225
vt 0.87625 0.225
vt 0.87625 0.025
vt 0.87625 0.025
vt 0.87625 0.225
vt 0.87625 0.025
vt 0.87625 0.225
vt 0.87625 0.225
vt 0.87625 0.025
vt 0.87625 0.025
vt 0.87625 0.225
vt 0.87625 0.025
vt 0.87625 0.225
vt 0.87625 0.225
vt 0.87625 0.025
vt 0.87625 0.025
vt 0.87625 0.225
vt 0.87625 0.025
vt 0.87625 0.225
vt 0.87625 0.225
vt 0.87625 0.025
vt 0.87625 0.025
vt 0.87625 0.225
vt 0.87625 0.025
vt 0.87625 0.225
vt 0.87625 0.025
vt 0.87625 0.225
vt 0.87625 0.225
vt 0.87625 0.025
vt 0.87625 0.025
vt 0.87625 0.225
vt 0.87625 0.025
vt 0.87625 0.225
vt 0.87625 0.225
vt 0.87625 0.025
vt 0.87625 0.025
vt 0.87625 0.225
vt 0.87625 0.025
vt 0.87625 0.225
vt 0.87625 0.225
vt 0.87625 0.025
vt 0.87625 0.025
vt 0.87625 0.225
vt 0.87625 0.025
vt 0.87625 0.225
vt 0.87625 0.225
vt 0.87625 0.025
vt 0.87625 0.025
vt 0.87625 0.225
vt 0.87625 0.225
vt 0.87625 0.025
vt 0.87625 0.025
vt 0.87625 0.225
vt 0.87625 0.025
vt 0.87625 0.225
vt 0.87625 0.225
vt 0.87625 0.025
vt 0.87625 0.025
vt 0.87625 0.225
vt 0.87625 0.025
vt 0.87625 0.225
vt 0.87625 0.225
vt 0.87625 0.025
vt 0.87625 0.025
vt 0.87625 0.225
vt 0.87625 0.025
vt 0.87625 0.225
vt 0.87625 0.225
vt 0.87625 0.025
vt 0.87625 0.025
vt 0.87625 0.225
vt 0.87625 0.025
vt 0.87625 0.225
vt 0.87625 0.025
vt 0.87625 0.225
vt 0.87625 0.225
vt 0.87625 0.025
vt 0.87625 0.025
vt 0.87625 0.225
vt 0.87625 0.025
vt 0.87625 0.225
vt 0.87625 0.225
vt 0.87625 0.025
vt 0.87625 0.025
vt 0.87625 0.225
vt 0.87625 0.025
vt 0.87625 0.225
vt 0.87625 0.225
vt 0.87625 0.025
vt 0.87625 0.025
vt 0.87625 0.225
vt 0.87625 0.025
vt 0.87625 0.225
vt 0.87625 0.225
vt 0.87625 0.025
vt 0.87625 0.025
vt 0.87625 0.225
vt 0.87625 0.225
vt 0.87625 0.025
vt 0.87625 0.025
vt 0.87625 0.225
vt 0.87625 0.025
vt 0.87625 0.225
vt 0.87625 0.225
vt 0.87625 0.025
vt 0.87625 0.025
vt 0.87625 0.225
vt 0.87625 0.025
vt 0.87625 0.225
vt 0.87625 0.225
vt 0.87625 0.025
vt 0.87625 0.025
vt 0.87625 0.225
vt 0.87625 0.025
vt 0.87625 0.225
vt 0.87625 0.225
vt 0.87625 0.025
vt 0.87625 0.025
vt 0.87625 0.225
vt 0.87625 0.025
vt 0.87625 0.225
vt 0.87625 0.025
vt 0.87625 0.225
vt 0.87625 0.225
vt 0.87625 0.025
vt 0.87625 0.025
vt 0.87625 0.225
vt 0.87625 0.025
vt 0.87625 0.225
vt 0.87625 0.225
vt 0.87625 0.025
vt 0.87625 0.025
vt 0.87625 0.225
vt 0.87625 0.025
vt 0.87625 0.225
vt 0.87625 0.225
vt 0.87625 0.025
vt 0.87625 0.025
vt 0.87625 0.225
vt 0.87625 0.025
vt 0.87625 0.225
vt 0.87625 0.225
vt 0.87625 0.025
vt 0.87625 0.025
vt 0.87625 0.225
vt 0.87625 0.225
vt 0.87625 0.025
vt 0.87625 0.025
vt 0.87625 0.225
vt 0.87625 0.025
vt 0.87625 0.225
vt 0.87625 0.225
vt 0.87625 0.025
vt 0.87625 0.025
vt 0.87625 0.225
vt 0.87625 0.025
vt 0.87625 0.225
vt 0.87625 0.225
vt 0.87625 0.025
vt 0.87625 0.025
vt 0.87625 0.225
vt 0.87625 0.025
vt 0.87625 0.225
vt 0.87625 0.225
vt 0.87625 0.025
vt 0.87625 0.025
vt 0.87625 0.225
vt 0.87625 0.025
vt 0.87625 0.225
vt 0.87625 0.025
vt 0.87625 0.225
vt 0.87625 0.225
vt 0.87625 0.025
vt 0.87625 0.025
vt 0.87625 0.225
vt 0.87625 0.025
vt 0.87625 0.225
vt 0.87625 0.225
vt 0.87625 0.025
vt 0.87625 0.025
vt 0.87625 0.225
vt 0.87625 0.025
vt 0.87625 0.225
vt 0.87625 0.225
vt 0.87625 0.025
vt 0.87625 0.025
vt 0.87625 0.225
vt 0.87625 0.025
vt 0.87625 0.225
vt 0.87625 0.225
vt 0.87625 0.025
vt 0.87625 0.025
vt 0.87625 0.225
vt 0.87625 0.225
vt 0.87625 0.025
vt 0.87625 0.025
vt 0.87625 0.225
vt 0.87625 0.025
vt 0.87625 0.225
vt 0.87625 0.225
vt 0.87625 0.025
vt 0.87625 0.025
vt 0.87625 0.225
vt 0.87625 0.025
vt 0.87625 0.225
vt 0.87625 0.225
vt 0.87625 0.025
vt 0.87625 0.025
vt 0.87625 0.225
vt 0.87625 0.025
vt 0.87625 0.225
vt 0.87625 0.225
vt 0.87625 0.025
vt 0.87625 0.025
vt 0.87625 0.225
vt 0.87625 0.025
vt 0.87625 0.225
vt 0.87625 0.025
vt 0.87625 0.225
vt 0.87625 0.225
vt 0.87625 0.025
vt 0.87625 0.025
vt 0.87625 0.225
vt 0.87625 0.025
vt 0.87625 0.225
vt 0.87625 0.225
vt 0.87625 0.025
vt 0.87625 0.025
vt 0.87625 0.225
vt 0.87625 0.025
vt 0.87625 0.225
vt 0.87625 0.225
vt 0.87625 0.025
vt 0.87625 0.025
vt 0.87625 0.225
vt 0.87625 0.025
vt 0.87625 0.225
vt 0.87625 0.225
vt 0.87625 0.025
vt 0.87625 0.025
vt 0.87625 0.225
vt 0.87625 0.225
vt 0.87625 0.025
vt 0.87625 0.025
vt 0.87625 0.225
vt 0.87625 0.025
vt 0.87625 0.225
vt 0.87625 0.225
vt 0.87625 0.025
vt 0.87625 0.025
vt 0.87625 0.225
vt 0.87625 0.025
vt 0.87625 0.225
vt 0.87625 0.225
vt 0.87625 0.025
vt 0.87625 0.025
vt 0.87625 0.225
vt 0.87625 0.025
vt 0.87625 0.225
vt 0.87625 0.225
vt 0.87625 0.025
vt 0.87625 0.025
vt 0.87625 0.225
vt 0.87625 0.025
vt 0.87625 0.225
vt 0.87625 0.025
vt 0.87625 0.225
vt 0.87625 0.225
vt 0.87625 0.025
vt 0.87625 0.025
vt 0.87625 0.225
vt 0.87625 0.025
vt 0.87625 0.225
vt 0.87625 0.225
vt 0.87625 0.025
vt 0.87625 0.025
vt 0.87625 0.225
vt 0.87625 0.025
vt 0.87625 0.225
vt 0.87625 0.225
vt 0.87625 0.025
vt 0.87625 0.025
vt 0.87625 0.225
vt 0.87625 0.025
vt 0.87625 0.225
vt 0.87625 0.225
vt 0.87625 0.025
vt 0.87625 0.025
vt 0.87625 0.225
vt 0.87625 0.225
vt 0.87625 0.025
vt 0.87625 0.025
vt 0.87625 0.225
vt 0.87625 0.025
vt 0.87625 0.225
vt 0.87625 0.225
vt 0.87625 0.025
vt 0.87625 0.025
vt 0.87625 0.225
vt 0.87625 0.025
vt 0.87625 0.225
vt 0.87625 0.225
vt 0.87625 0.025
vt 0.87625 0.025
vt 0.87625 0.225
vt 0.87625 0.025
vt 0.87625 0.225
vt 0.87625 0.225
vt 0.87625 0.025
vt 0.87625 0.025
vt 0.87625 0.225
vt 0.87625 0.025
vt 0.87625 0.225
vt 0.87625 0.025
vt 0.87625 0.225
vt 0.87625 0.225
vt 0.87625 0.025
vt 0.87625 0.025
vt 0.87625 0.225
vt 0.87625 0.025
vt 0.87625 0.225
vt 0.87625 0.225
vt 0.87625 0.025
vt 0.87625 0.025
vt 0.87625 0.225
vt 0.87625 0.025
vt 0.87625 0.225
vt 0.87625 0.225
vt 0.87625 0.025
vt 0.87625 0.025
vt 0.87625 0.225
vt 0.87625 0.025
vt 0.87625 0.225
vt 0.87625 0.225
vt 0.87625 0.025

f 19/1 1/2 2/3
f 20/4 19/5 2/6
f 20/7 2/8 3/9
f 21/10 20/11 3/12
f 21/13 3/14 4/15
f 22/16 21/17 4/18
f 22/19 4/20 5/21
f 23/22 22/23 5/24
f 23/25 5/26 6/27
f 24/28 23/29 6/30
f 24/31 6/32 7/33
f 25/34 24/35 7/36
f 25/37 7/38 8/39
f 26/40 25/41 8/42
f 26/43 8/44 9/45
f 27/46 26/47 9/48
f 27/49 9/50 10/51
f 28/52 27/53 10/54
f 28/55 10/56 29/57
f 10/58 11/59 29/60
f 29/61 11/62 30/63
f 11/64 12/65 30/66
f 30/67 12/68 31/69
f 12/70 13/71 31/72
f 31/73 13/74 32/75
f 13/76 14/77 32/78
f 32/79 14/80 33/81
f 14/82 15/83 33/84
f 33/85 15/86 34/87
f 15/88 16/89 34/90
f 34/91 16/92 35/93
f 16/94 17/95 35/96
f 35/97 17/98 36/99
f 17/100 18/101 36/102
f 36/103 18/104 19/105
f 18/106 1/107 19/108
f 37/109 19/110 20/111
f 38/112 37/113 20/114
f 38/115 20/116 21/117
f 39/118 38/119 21/120
f 39/121 21/122 22/123
f 40/124 39/125 22/126
f 40/127 22/128 23/129
f 41/130 40/131 23/132
f 41/133 23/134 24/135
f 42/136 41/137 24/138
f 42/139 24/140 25/141
f 43/142 42/143 25/144
f 43/145 25/146 26/147
f 44/148 43/149 26/150
f 44/151 26/152 27/153
f 45/154 44/155 27/156
f 45/157 27/158 28/159
f 46/160 45/161 28/162
f 46/163 28/164 47/165
f 28/166 29/167 47/168
f 47/169 29/170 48/171
f 29/172 30/173 48/174
f 48/175 30/176 49/177
f 30/178 31/179 49/180
f 49/181 31/182 50/183
f 31/184 32/185 50/186
f 50/187 32/188 51/189
f 32/190 33/191 51/192
f 51/193 33/194 52/195
f 33/196 34/197 52/198
f 52/199 34/200 53/201
f 34/202 35/203 53/204
f 53/205 35/206 54/207
f 35/208 36/209 54/210
f 54/211 36/212 37/213
f 36/214 19/215 37/216
f 55/217 37/218 38/219
f 56/220 55/221 38/222
f 56/223 38/224 39/225
f 57/226 56/227 39/228
f 57/229 39/230 40/231
f 58/232 57/233 40/234
f 58/235 40/236 41/237
f 59/238 58/239 41/240
f 59/241 41/242 42/243
f 60/244 59/245 42/246
f 60/247 42/248 43/249
f 61/250 60/251 43/252
f 61/253 43/254 44/255
f 62/256 61/257 44/258
f 62/259 44/260 45/261
f 63/262 62/263 45/264
f 63/265 45/266 46/267
f 64/268 63/269 46/270
f 64/271 46/272 65/273
f 46/274 47/275 65/276
f 65/277 47/278 66/279
f 47/280 48/281 66/282
f 66/283 48/284 67/285
f 48/286 49/287 67/288
f 67/289 49/290 68/291
f 49/292 50/293 68/294
f 68/295 50/296 69/297
f 50/298 51/299 69/300
f 69/301 51/302 70/303
f 51/304 52/305 70/306
f 70/307 52/308 71/309
f 52/310 53/311 71/312
f 71/313 53/314 72/315
f 53/316 54/317 72/318
f 72/319 54/320 55/321
f 54/322 37/323 55/324
f 73/325 55/326 56/327
f 74/328 73/329 56/330
f 74/331 56/332 57/333
f 75/334 74/335 57/336
f 75/337 57/338 58/339
f 76/340 75/341 58/342
f 76/343 58/344 59/345
f 77/346 76/347 59/348
f 77/349 59/350 60/351
f 78/352 77/353 60/354
f 78/355 60/356 61/357
f 79/358 78/359 61/360
f 79/361 61/362 62/363
f 80/364 79/365 62/366
f 80/367 62/368 63/369
f 81/370 80/371 63/372
f 81/373 63/374 64/375
f 82/376 81/377 64/378
f 82/379 64/380 83/381
f 64/382 65/383 83/384
f 83/385 65/386 84/387
f 65/388 66/389 84/390
f 84/391 66/392 85/393
f 66/394 67/395 85/396
f 85/397 67/398 86/399
f 67/400 68/401 86/402
f 86/403 68/404 87/405
f 68/406 69/407 87/408
f 87/409 69/410 88/411
f 69/412 70/413 88/414
f 88/415 70/416 89/417
f 70/418 71/419 89/420
f 89/421 71/422 90/423
f 71/424 72/425 90/426
f 90/427 72/428 73/429
f 72/430 55/431 73/432
f 91/433 73/434 74/435
f 92/436 91/437 74/438
f 92/439 74/440 75/441
f 93/442 92/443 75/444
f 93/445 75/446 76/447
f 94/448 93/449 76/450
f 94/451 76/452 77/453
f 95/454 94/455 77/456
f 95/457 77/458 78/459
f 96/460 95/461 78/462
f 96/463 78/464 79/465
f 97/466 96/467 79/468
f 97/469 79/470 80/471
f 98/472 97/473 80/474
f 98/475 80/476 81/477
f 99/478 98/479 81/480
f 99/481 81/482 82/483
f 100/484 99/485 82/486
f 100/487 82/488 101/489
f 82/490 83/491 101/492
f 101/493 83/494 102/495
f 83/496 84/497 102/498
f 102/499 84/500 103/501
f 84/502 85/503 103/504
f 103/505 85/506 104/507
f 85/508 86/509 104/510
f 104/511 86/512 105/513
f 86/514 87/515 105/516
f 105/517 87/518 106/519
f 87/520 88/521 106/522
f 106/523 88/524 107/525
f 88/526 89/527 107/528
f 107/529 89/530 108/531
f 89/532 90/533 108/534
f 108/535 90/536 91/537
f 90/538 73/539 91/540
f 109/541 91/542 92/543
f 110/544 109/545 92/546
f 110/547 92/548 93/549
f 111/550 110/551 93/552
f 111/553 93/554 94/555
f 112/556 111/557 94/558
f 112/559 94/560 95/561
f 113/562 112/563 95/564
f 113/565 95/566 96/567
f 114/568 113/569 96/570
f 114/571 96/572 97/573
f 115/574 114/575 97/576
f 115/577 97/578 98/579
f 116/580 115/581 98/582
f 116/583 98/584 99/585
f 117/586 116/587 99/588
f 117/589 99/590 100/591
f 118/592 117/593 100/594
f 118/595 100/596 119/597
f 100/598 101/599 119/600
f 119/601 101/602 120/603
f 101/604 102/605 120/606
f 120/607 102/608 121/609
f 102/610 103/611 121/612
f 121/613 103/614 122/615
f 103/616 104/617 122/618
f 122/619 104/620 123/621
f 104/622 105/623 123/624
f 123/625 105/626 124/627
f 105/628 106/629 124/630
f 124/631 106/632 125/633
f 106/634 107/635 125/636
f 125/637 107/638 126/639
f 107/640 108/641 126/642
f 126/643 108/644 109/645
f 108/646 91/647 109/648
f 143/649 127/650 128/651
f 144/652 143/653 128/654
f 144/655 128/656 129/657
f 145/658 144/659 129/660
f 145/661 129/662 130/663
f 146/664 145/665 130/666
f 146/667 130/668 131/669
f 147/670 146/671 131/672
f 147/673 131/674 132/675
f 148/676 147/677 132/678
f 148/679 132/680 133/681
f 149/682 148/683 133/684
f 149/685 133/686 134/687
f 150/688 149/689 134/690
f 150/691 134/692 135/693
f 151/694 150/695 135/696
f 151/697 135/698 152/699
f 135/700 136/701 152/702
f 152/703 136/704 153/705
f 136/706 137/707 153/708
f 153/709 137/710 154/711
f 137/712 138/713 154/714
f 154/715 138/716 155/717
f 138/718 139/719 155/720
f 155/721 139/722 156/723
f 139/724 140/725 156/726
f 156/727 140/728 157/729
f 140/730 141/731 157/732
f 157/733 141/734 158/735
f 141/736 142/737 158/738
f 158/739 142/740 143/741
f 142/742 127/743 143/744
f 159/745 143/746 144/747
f 160/748 159/749 144/750
f 160/751 144/752 145/753
f 161/754 160/755 145/756
f 161/757 145/758 146/759
f 162/760 161/761 146/762
f 162/763 146/764 147/765
f 163/766 162/767 147/768
f 163/769 147/770 148/771
f 164/772 163/773 148/774
f 164/775 148/776 149/777
f 165/778 164/779 149/780
f 165/781 149/782 150/783
f 166/784 165/785 150/786
f 166/787 150/788 151/789
f 167/790 166/791 151/792
f 167/793 151/794 168/795
f 151/796 152/797 168/798
f 168/799 152/800 169/801
f 152/802 153/803 169/804
f 169/805 153/806 170/807
f 153/808 154/809 170/810
f 170/811 154/812 171/813
f 154/814 155/815 171/816
f 171/817 155/818 172/819
f 155/820 156/821 172/822
f 172/823 156/824 173/825
f 156/826 157/827 173/828
f 173/829 157/830 174/831
f 157/832 158/833 174/834
f 174/835 158/836 159/837
f 158/838 143/839 159/840
f 175/841 159/842 160/843
f 176/844 175/845 160/846
f 176/847 160/848 161/849
f 177/850 176/851 161/852
f 177/853 161/854 162/855
f 178/856 177/857 162/858
f 178/859 162/860 163/861
f 179/862 178/863 163/864
f 179/865 163/866 164/867
f 180/868 179/869 164/870
f 180/871 164/872 165/873
f 181/874 180/875 165/876
f 181/877 165/878 166/879
f 182/880 181/881 166/882
f 182/883 166/884 167/885
f 183/886 182/887 167/888
f 183/889 167/890 184/891
f 167/892 168/893 184/894
f 184/895 168/896 185/897
f 168/898 169/899 185/900
f 185/901 169/902 186/903
f 169/904 170/905 186/906
f 186/907 170/908 187/909
f 170/910 171/911 187/912
f 187/913 171/914 188/915
f 171/916 172/917 188/918
f 188/919 172/920 189/921
f 172/922 173/923 189/924
f 189/925 173/926 190/927
f 173/928 174/929 190/930
f 190/931 174/932 175/933
f 174/934 159/935 175/936
f 191/937 175/938 176/939
f 192/940 191/941 176/942
f 192/943 176/944 177/945
f 193/946 192/947 177/948
f 193/949 177/950 178/951
f 194/952 193/953 178/954
f 194/955 178/956 179/957
f 195/958 194/959 179/960
f 195/961 179/962 180/963
f 196/964 195/965 180/966
f 196/967 180/968 181/969
f 197/970 196/971 181/972
f 197/973 181/974 182/975
f 198/976 197/977 182/978
f 198/979 182/980 183/981
f 199/982 198/983 183/984
f 199/985 183/986 200/987
f 183/988 184/989 200/990
f 200/991 184/992 201/993
f 184/994 185/995 201/996
f 201/997 185/998 202/999
f 185/1000 186/1001 202/1002
f 202/1003 186/1004 203/1005
f 186/1006 187/1007 203/1008
f 203/1009 187/1010 204/1011
f 187/1012 188/1013 204/1014
f 204/1015 188/1016 205/1017
f 188/1018 189/1019 205/1020
f 205/1021 189/1022 206/1023
f 189/1024 190/1025 206/1026
f 206/1027 190/1028 191/1029
f 190/1030 175/1031 191/1032
f 207/1033 191/1034 192/1035
f 208/1036 207/1037 192/1038
f 208/1039 192/1040 193/1041
f 209/1042 208/1043 193/1044
f 209/1045 193/1046 194/1047
f 210/1048 209/1049 194/1050
f 210/1051 194/1052 195/1053
f 211/1054 210/1055 195/1056
f 211/1057 195/1058 196/1059
f 212/1060 211/1061 196/1062
f 212/1063 196/1064 197/1065
f 213/1066 212/1067 197/1068
f 213/1069 197/1070 198/1071
f 214/1072 213/1073 198/1074
f 214/1075 198/1076 199/1077
f 215/1078 214/1079 199/1080
f 215/1081 199/1082 216/1083
f 199/1084 200/1085 216/1086
f 216/1087 200/1088 217/1089
f 200/1090 201/1091 217/1092
f 217/1093 201/1094 218/1095
f 201/1096 202/1097 218/1098
f 218/1099 202/1100 219/1101
f 202/1102 203/1103 219/1104
f 219/1105 203/1106 220/1107
f 203/1108 204/1109 220/1110
f 220/1111 204/1112 221/1113
f 204/1114 205/1115 221/1116
f 221/1117 205/1118 222/1119
f 205/1120 206/1121 222/1122
f 222/1123 206/1124 207/1125
f 206/1126 191/1127 207/1128
f 239/1129 223/1130 224/1131
f 240/1132 239/1133 224/1134
f 240/1135 224/1136 225/1137
f 241/1138 240/1139 225/1140
f 241/1141 225/1142 226/1143
f 242/1144 241/1145 226/1146
f 242/1147 226/1148 227/1149
f 243/1150 242/1151 227/1152
f 243/1153 227/1154 228/1155
f 244/1156 243/1157 228/1158
f 244/1159 228/1160 229/1161
f 245/1162 244/1163 229/1164
f 245/1165 229/1166 230/1167
f 246/1168 245/1169 230/1170
f 246/1171 230/1172 231/1173
f 247/1174 246/1175 231/1176
f 247/1177 231/1178 248/1179
f 231/1180 232/1181 248/1182
f 248/1183 232/1184 249/1185
f 232/1186 233/1187 249/1188
f 249/1189 233/1190 250/1191
f 233/1192 234/1193 250/1194
f 250/1195 234/1196 251/1197
f 234/1198 235/1199 251/1200
f 251/1201 235/1202 252/1203
f 235/1204 236/1205 252/1206
f 252/1207 236/1208 253/1209
f 236/1210 237/1211 253/1212
f 253/1213 237/1214 254/1215
f 237/1216 238/1217 254/1218
f 254/1219 238/1220 239/1221
f 238/1222 223/1223 239/1224
f 255/1225 239/1226 240/1227
f 256/1228 255/1229 240/1230
f 256/1231 240/1232 241/1233
f 257/1234 256/1235 241/1236
f 257/1237 241/1238 242/1239
f 258/1240 257/1241 242/1242
f 258/1243 242/1244 243/1245
f 259/1246 258/1247 243/1248
f 259/1249 243/1250 244/1251
f 260/1252 259/1253 244/1254
f 260/1255 244/1256 245/1257
f 261/1258 260/1259 245/1260
f 261/1261 245/1262 246/1263
f 262/1264 261/1265 246/1266
f 262/1267 246/1268 247/1269
f 263/1270 262/1271 247/1272
f 263/1273 247/1274 264/1275
f 247/1276 248/1277 264/1278
f 264/1279 248/1280 265/1281
f 248/1282 249/1283 265/1284
f 265/1285 249/1286 266/1287
f 249/1288 250/1289 266/1290
f 266/1291 250/1292 267/1293
f 250/1294 251/1295 267/1296
f 267/1297 251/1298 268/1299
f 251/1300 252/1301 268/1302
f 268/1303 252/1304 269/1305
f 252/1306 253/1307 269/1308
f 269/1309 253/1310 270/1311
f 253/1312 254/1313 270/1314
f 270/1315 254/1316 255/1317
f 254/1318 239/1319 255/1320
f 271/1321 255/1322 256/1323
f 272/1324 271/1325 256/1326
f 272/1327 256/1328 257/1329
f 273/1330 272/1331 257/1332
f 273/1333 257/1334 258/1335
f 274/1336 273/1337 258/1338
f 274/1339 258/1340 259/1341
f 275/1342 274/1343 259/1344
f 275/1345 259/1346 260/1347
f 276/1348 275/1349 260/1350
f 276/1351 260/1352 261/1353
f 277/1354 276/1355 261/1356
f 277/1357 261/1358 262/1359
f 278/1360 277/1361 262/1362
f 278/1363 262/1364 263/1365
f 279/1366 278/1367 263/1368
f 279/1369 263/1370 280/1371
f 263/1372 264/1373 280/1374
f 280/1375 264/1376 281/1377
f 264/1378 265/1379 281/1380
f 281/1381 265/1382 282/1383
f 265/1384 266/1385 282/1386
f 282/1387 266/1388 283/1389
f 266/1390 267/1391 283/1392
f 283/1393 267/1394 284/1395
f 267/1396 268/1397 284/1398
f 284/1399 268/1400 285/1401
f 268/1402 269/1403 285/1404
f 285/1405 269/1406 286/1407
f 269/1408 270/1409 286/1410
f 286/1411 270/1412 271/1413
f 270/1414 255/1415 271/1416
f 287/1417 271/1418 272/1419
f 288/1420 287/1421 272/1422
f 288/1423 272/1424 273/1425
f 289/1426 288/1427 273/1428
f 289/1429 273/1430 274/1431
f 290/1432 289/1433 274/1434
f 290/1435 274/1436 275/1437
f 291/1438 290/1439 275/1440
f 291/1441 275/1442 276/1443
f 292/1444 291/1445 276/1446
f 292/1447 276/1448 277/1449
f 293/1450 292/1451 277/1452
f 293/1453 277/1454 278/1455
f 294/1456 293/1457 278/1458
f 294/1459 278/1460 279/1461
f 295/1462 294/1463 279/1464
f 295/1465 279/1466 296/1467
f 279/1468 280/1469 296/1470
f 296/1471 280/1472 297/1473
f 280/1474 281/1475 297/1476
f 297/1477 281/1478 298/1479
f 281/1480 282/1481 298/1482
f 298/1483 282/1484 299/1485
f 282/1486 283/1487 299/1488
f 299/1489 283/1490 300/1491
f 283/1492 284/1493 300/1494
f 300/1495 284/1496 301/1497
f 284/1498 285/1499 301/1500
f 301/1501 285/1502 302/1503
f 285/1504 286/1505 302/1506
f 302/1507 286/1508 287/1509
f 286/1510 271/1511 287/1512
f 315/1513 303/1514 304/1515
f 316/1516 315/1517 304/1518
f 316/1519 304/1520 305/1521
f 317/1522 316/1523 305/1524
f 317/1525 305/1526 306/1527
f 318/1528 317/1529 306/1530
f 318/1531 306/1532 307/1533
f 319/1534 318/1535 307/1536
f 319/1537 307/1538 308/1539
f 320/1540 319/1541 308/1542
f 320/1543 308/1544 309/1545
f 321/1546 320/1547 309/1548
f 321/1549 309/1550 322/1551
f 309/1552 310/1553 322/1554
f 322/1555 310/1556 323/1557
f 310/1558 311/1559 323/1560
f 323/1561 311/1562 324/1563
f 311/1564 312/1565 324/1566
f 324/1567 312/1568 325/1569
f 312/1570 313/1571 325/1572
f 325/1573 313/1574 326/1575
f 313/1576 314/1577 326/1578
f 326/1579 314/1580 315/1581
f 314/1582 303/1583 315/1584
f 327/1585 315/1586 316/1587
f 328/1588 327/1589 316/1590
f 328/1591 316/1592 317/1593
f 329/1594 328/1595 317/1596
f 329/1597 317/1598 318/1599
f 330/1600 329/1601 318/1602
f 330/1603 318/1604 319/1605
f 331/1606 330/1607 319/1608
f 331/1609 319/1610 320/1611
f 332/1612 331/1613 320/1614
f 332/1615 320/1616 321/1617
f 333/1618 332/1619 321/1620
f 333/1621 321/1622 334/1623
f 321/1624 322/1625 334/1626
f 334/1627 322/1628 335/1629
f 322/1630 323/1631 335/1632
f 335/1633 323/1634 336/1635
f 323/1636 324/1637 336/1638
f 336/1639 324/1640 337/1641
f 324/1642 325/1643 337/1644
f 337/1645 325/1646 338/1647
f 325/1648 326/1649 338/1650
f 338/1651 326/1652 327/1653
f 326/1654 315/1655 327/1656
f 339/1657 327/1658 328/1659
f 340/1660 339/1661 328/1662
f 340/1663 328/1664 329/1665
f 341/1666 340/1667 329/1668
f 341/1669 329/1670 330/1671
f 342/1672 341/1673 330/1674
f 342/1675 330/1676 331/1677
f 343/1678 342/1679 331/1680
f 343/1681 331/1682 332/1683
f 344/1684 343/1685 332/1686
f 344/1687 332/1688 333/1689
f 345/1690 344/1691 333/1692
f 345/1693 333/1694 346/1695
f 333/1696 334/1697 346/1698
f 346/1699 334/1700 347/1701
f 334/1702 335/1703 347/1704
f 347/1705 335/1706 348/1707
f 335/1708 336/1709 348/1710
f 348/1711 336/1712 349/1713
f 336/1714 337/1715 349/1716
f 349/1717 337/1718 350/1719
f 337/1720 338/1721 350/1722
f 350/1723 338/1724 339/1725
f 338/1726 327/1727 339/1728
f 351/1729 339/1730 340/1731
f 352/1732 351/1733 340/1734
f 352/1735 340/1736 341/1737
f 353/1738 352/1739 341/1740
f 353/1741 341/1742 342/1743
f 354/1744 353/1745 342/1746
f 354/1747 342/1748 343/1749
f 355/1750 354/1751 343/1752
f 355/1753 343/1754 344/1755
f 356/1756 355/1757 344/1758
f 356/1759 344/1760 345/1761
f 357/1762 356/1763 345/1764
f 357/1765 345/1766 358/1767
f 345/1768 346/1769 358/1770
f 358/1771 346/1772 359/1773
f 346/1774 347/1775 359/1776
f 359/1777 347/1778 360/1779
f 347/1780 348/1781 360/1782
f 360/1783 348/1784 361/1785
f 348/1786 349/1787 361/1788
f 361/1789 349/1790 362/1791
f 349/1792 350/1793 362/1794
f 362/1795 350/1796 351/1797
f 350/1798 339/1799 351/1800
f 375/1801 363/1802 364/1803
f 376/1804 375/1805 364/1806
f 376/1807 364/1808 365/1809
f 377/1810 376/1811 365/1812
f 377/1813 365/1814 366/1815
f 378/1816 377/1817 366/1818
f 378/1819 366/1820 367/1821
f 379/1822 378/1823 367/1824
f 379/1825 367/1826 368/1827
f 380/1828 379/1829 368/1830
f 380/1831 368/1832 369/1833
f 381/1834 380/1835 369/1836
f 381/1837 369/1838 382/1839
f 369/1840 370/1841 382/1842
f 382/1843 370/1844 383/1845
f 370/1846 371/1847 383/1848
f 383/1849 371/1850 384/1851
f 371/1852 372/1853 384/1854
f 384/1855 372/1856 385/1857
f 372/1858 373/1859 385/1860
f 385/1861 373/1862 386/1863
f 373/1864 374/1865 386/1866
f 386/1867 374/1868 375/1869
f 374/1870 363/1871 375/1872
f 387/1873 375/1874 376/1875
f 388/1876 387/1877 376/1878
f 388/1879 376/1880 377/1881
f 389/1882 388/1883 377/1884
f 389/1885 377/1886 378/1887
f 390/1888 389/1889 378/1890
f 390/1891 378/1892 379/1893
f 391/1894 390/1895 379/1896
f 391/1897 379/1898 380/1899
f 392/1900 391/1901 380/1902
f 392/1903 380/1904 381/1905
f 393/1906 392/1907 381/1908
f 393/1909 381/1910 394/1911
f 381/1912 382/1913 394/1914
f 394/1915 382/1916 395/1917
f 382/1918 383/1919 395/1920
f 395/1921 383/1922 396/1923
f 383/1924 384/1925 396/1926
f 396/1927 384/1928 397/1929
f 384/1930 385/1931 397/1932
f 397/1933 385/1934 398/1935
f 385/1936 386/1937 398/1938
f 398/1939 386/1940 387/1941
f 386/1942 375/1943 387/1944
f 399/1945 387/1946 388/1947
f 400/1948 399/1949 388/1950
f 400/1951 388/1952 389/1953
f 401/1954 400/1955 389/1956
f 401/1957 389/1958 390/1959
f 402/1960 401/1961 390/1962
f 402/1963 390/1964 391/1965
f 403/1966 402/1967 391/1968
f 403/1969 391/1970 392/1971
f 404/1972 403/1973 392/1974
f 404/1975 392/1976 393/1977
f 405/1978 404/1979 393/1980
f 405/1981 393/1982 406/1983
f 393/1984 394/1985 406/1986
f 406/1987 394/1988 407/1989
f 394/1990 395/1991 407/1992
f 407/1993 395/1994 408/1995
f 395/1996 396/1997 408/1998
f 408/1999 396/2000 409/2001
f 396/2002 397/2003 409/2004
f 409/2005 397/2006 410/2007
f 397/2008 398/2009 410/2010
f 410/2011 398/2012 399/2013
f 398/2014 387/2015 399/2016
f 411/2017 399/2018 400/2019
f 412/2020 411/2021 400/2022
f 412/2023 400/2024 401/2025
f 413/2026 412/2027 401/2028
f 413/2029 401/2030 402/2031
f 414/2032 413/2033 402/2034
f 414/2035 402/2036 403/2037
f 415/2038 414/2039 403/2040
f 415/2041 403/2042 404/2043
f 416/2044 415/2045 404/2046
f 416/2047 404/2048 405/2049
f 417/2050 416/2051 405/2052
f 417/2053 405/2054 418/2055
f 405/2056 406/2057 418/2058
f 418/2059 406/2060 419/2061
f 406/2062 407/2063 419/2064
f 419/2065 407/2066 420/2067
f 407/2068 408/2069 420/2070
f 420/2071 408/2072 421/2073
f 408/2074 409/2075 421/2076
f 421/2077 409/2078 422/2079
f 409/2080 410/2081 422/2082
f 422/2083 410/2084 411/2085
f 410/2086 399/2087 411/2088
f 433/2089 423/2090 424/2091
f 434/2092 433/2093 424/2094
f 434/2095 424/2096 425/2097
f 435/2098 434/2099 425/2100
f 435/2101 425/2102 426/2103
f 436/2104 435/2105 426/2106
f 436/2107 426/2108 427/2109
f 437/2110 436/2111 427/2112
f 437/2113 427/2114 428/2115
f 438/2116 437/2117 428/2118
f 438/2119 428/2120 439/2121
f 428/2122 429/2123 439/2124
f 439/2125 429/2126 440/2127
f 429/2128 430/2129 440/2130
f 440/2131 430/2132 441/2133
f 430/2134 431/2135 441/2136
f 441/2137 431/2138 442/2139
f 431/2140 432/2141 442/2142
f 442/2143 432/2144 433/2145
f 432/2146 423/2147 433/2148
f 443/2149 433/2150 434/2151
f 444/2152 443/2153 434/2154
f 444/2155 434/2156 435/2157
f 445/2158 444/2159 435/2160
f 445/2161 435/2162 436/2163
f 446/2164 445/2165 436/2166
f 446/2167 436/2168 437/2169
f 447/2170 446/2171 437/2172
f 447/2173 437/2174 438/2175
f 448/2176 447/2177 438/2178
f 448/2179 438/2180 449/2181
f 438/2182 439/2183 449/2184
f 449/2185 439/2186 450/2187
f 439/2188 440/2189 450/2190
f 450/2191 440/2192 451/2193
f 440/2194 441/2195 451/2196
f 451/2197 441/2198 452/2199
f 441/2200 442/2201 452/2202
f 452/2203 442/2204 443/2205
f 442/2206 433/2207 443/2208
f 453/2209 443/2210 444/2211
f 454/2212 453/2213 444/2214
f 454/2215 444/2216 445/2217
f 455/2218 454/2219 445/2220
f 455/2221 445/2222 446/2223
f 456/2224 455/2225 446/2226
f 456/2227 446/2228 447/2229
f 457/2230 456/2231 447/2232
f 457/2233 447/2234 448/2235
f 458/2236 457/2237 448/2238
f 458/2239 448/2240 459/2241
f 448/2242 449/2243 459/2244
f 459/2245 449/2246 460/2247
f 449/2248 450/2249 460/2250
f 460/2251 450/2252 461/2253
f 450/2254 451/2255 461/2256
f 461/2257 451/2258 462/2259
f 451/2260 452/2261 462/2262
f 462/2263 452/2264 453/2265
f 452/2266 443/2267 453/2268
f 473/2269 463/2270 464/2271
f 474/2272 473/2273 464/2274
f 474/2275 464/2276 465/2277
f 475/2278 474/2279 465/2280
f 475/2281 465/2282 466/2283
f 476/2284 475/2285 466/2286
f 476/2287 466/2288 467/2289
f 477/2290 476/2291 467/2292
f 477/2293 467/2294 468/2295
f 478/2296 477/2297 468/2298
f 478/2299 468/2300 479/2301
f 468/2302 469/2303 479/2304
f 479/2305 469/2306 480/2307
f 469/2308 470/2309 480/2310
f 480/2311 470/2312 481/2313
f 470/2314 471/2315 481/2316
f 481/2317 471/2318 482/2319
f 471/2320 472/2321 482/2322
f 482/2323 472/2324 473/2325
f 472/2326 463/2327 473/2328
f 483/2329 473/2330 474/2331
f 484/2332 483/2333 474/2334
f 484/2335 474/2336 475/2337
f 485/2338 484/2339 475/2340
f 485/2341 475/2342 476/2343
f 486/2344 485/2345 476/2346
f 486/2347 476/2348 477/2349
f 487/2350 486/2351 477/2352
f 487/2353 477/2354 478/2355
f 488/2356 487/2357 478/2358
f 488/2359 478/2360 489/2361
f 478/2362 479/2363 489/2364
f 489/2365 479/2366 490/2367
f 479/2368 480/2369 490/2370
f 490/2371 480/2372 491/2373
f 480/2374 481/2375 491/2376
f 491/2377 481/2378 492/2379
f 481/2380 482/2381 492/2382
f 492/2383 482/2384 483/2385
f 482/2386 473/2387 483/2388
f 493/2389 483/2390 484/2391
f 494/2392 493/2393 484/2394
f 494/2395 484/2396 485/2397
f 495/2398 494/2399 485/2400
f 495/2401 485/2402 486/2403
f 496/2404 495/2405 486/2406
f 496/2407 486/2408 487/2409
f 497/2410 496/2411 487/2412
f 497/2413 487/2414 488/2415
f 498/2416 497/2417 488/2418
f 498/2419 488/2420 499/2421
f 488/2422 489/2423 499/2424
f 499/2425 489/2426 500/2427
f 489/2428 490/2429 500/2430
f 500/2431 490/2432 501/2433
f 490/2434 491/2435 501/2436
f 501/2437 491/2438 502/2439
f 491/2440 492/2441 502/2442
f 502/2443 492/2444 493/2445
f 492/2446 483/2447 493/2448
f 513/2449 503/2450 504/2451
f 514/2452 513/2453 504/2454
f 514/2455 504/2456 505/2457
f 515/2458 514/2459 505/2460
f 515/2461 505/2462 506/2463
f 516/2464 515/2465 506/2466
f 516/2467 506/2468 507/2469
f 517/2470 516/2471 507/2472
f 517/2473 507/2474 508/2475
f 518/2476 517/2477 508/2478
f 518/2479 508/2480 519/2481
f 508/2482 509/2483 519/2484
f 519/2485 509/2486 520/2487
f 509/2488 510/2489 520/2490
f 520/2491 510/2492 521/2493
f 510/2494 511/2495 521/2496
f 521/2497 511/2498 522/2499
f 511/2500 512/2501 522/2502
f 522/2503 512/2504 513/2505
f 512/2506 503/2507 513/2508
f 523/2509 513/2510 514/2511
f 524/2512 523/2513 514/2514
f 524/2515 514/2516 515/2517
f 525/2518 524/2519 515/2520
f 525/2521 515/2522 516/2523
f 526/2524 525/2525 516/2526
f 526/2527 516/2528 517/2529
f 527/2530 526/2531 517/2532
f 527/2533 517/2534 518/2535
f 528/2536 527/2537 518/2538
f 528/2539 518/2540 529/2541
f 518/2542 519/2543 529/2544
f 529/2545 519/2546 530/2547
f 519/2548 520/2549 530/2550
f 530/2551 520/2552 531/2553
f 520/2554 521/2555 531/2556
f 531/2557 521/2558 532/2559
f 521/2560 522/2561 532/2562
f 532/2563 522/2564 523/2565
f 522/2566 513/2567 523/2568
f 533/2569 523/2570 524/2571
f 534/2572 533/2573 524/2574
f 534/2575 524/2576 525/2577
f 535/2578 534/2579 525/2580
f 535/2581 525/2582 526/2583
f 536/2584 535/2585 526/2586
f 536/2587 526/2588 527/2589
f 537/2590 536/2591 527/2592
f 537/2593 527/2594 528/2595
f 538/2596 537/2597 528/2598
f 538/2599 528/2600 539/2601
f 528/2602 529/2603 539/2604
f 539/2605 529/2606 540/2607
f 529/2608 530/2609 540/2610
f 540/2611 530/2612 541/2613
f 530/2614 531/2615 541/2616
f 541/2617 531/2618 542/2619
f 531/2620 532/2621 542/2622
f 542/2623 532/2624 533/2625
f 532/2626 523/2627 533/2628
f 553/2629 543/2630 544/2631
f 554/2632 553/2633 544/2634
f 554/2635 544/2636 545/2637
f 555/2638 554/2639 545/2640
f 555/2641 545/2642 546/2643
f 556/2644 555/2645 546/2646
f 556/2647 546/2648 547/2649
f 557/2650 556/2651 547/2652
f 557/2653 547/2654 548/2655
f 558/2656 557/2657 548/2658
f 558/2659 548/2660 559/2661
f 548/2662 549/2663 559/2664
f 559/2665 549/2666 560/2667
f 549/2668 550/2669 560/2670
f 560/2671 550/2672 561/2673
f 550/2674 551/2675 561/2676
f 561/2677 551/2678 562/2679
f 551/2680 552/2681 562/2682
f 562/2683 552/2684 553/2685
f 552/2686 543/2687 553/2688
f 563/2689 553/2690 554/2691
f 564/2692 563/2693 554/2694
f 564/2695 554/2696 555/2697
f 565/2698 564/2699 555/2700
f 565/2701 555/2702 556/2703
f 566/2704 565/2705 556/2706
f 566/2707 556/2708 557/2709
f 567/2710 566/2711 557/2712
f 567/2713 557/2714 558/2715
f 568/2716 567/2717 558/2718
f 568/2719 558/2720 569/2721
f 558/2722 559/2723 569/2724
f 569/2725 559/2726 570/2727
f 559/2728 560/2729 570/2730
f 570/2731 560/2732 571/2733
f 560/2734 561/2735 571/2736
f 571/2737 561/2738 572/2739
f 561/2740 562/2741 572/2742
f 572/2743 562/2744 563/2745
f 562/2746 553/2747 563/2748
f 573/2749 563/2750 564/2751
f 574/2752 573/2753 564/2754
f 574/2755 564/2756 565/2757
f 575/2758 574/2759 565/2760
f 575/2761 565/2762 566/2763
f 576/2764 575/2765 566/2766
f 576/2767 566/2768 567/2769
f 577/2770 576/2771 567/2772
f 577/2773 567/2774 568/2775
f 578/2776 577/2777 568/2778
f 578/2779 568/2780 579/2781
f 568/2782 569/2783 579/2784
f 579/2785 569/2786 580/2787
f 569/2788 570/2789 580/2790
f 580/2791 570/2792 581/2793
f 570/2794 571/2795 581/2796
f 581/2797 571/2798 582/2799
f 571/2800 572/2801 582/2802
f 582/2803 572/2804 573/2805
f 572/2806 563/2807 573/2808
f 595/2809 583/2810 584/2811
f 596/2812 595/2813 584/2814
f 596/2815 584/2816 585/2817
f 597/2818 596/2819 585/2820
f 597/2821 585/2822 586/2823
f 598/2824 597/2825 586/2826
f 598/2827 586/2828 587/2829
f 599/2830 598/2831 587/2832
f 599/2833 587/2834 588/2835
f 600/2836 599/2837 588/2838
f 600/2839 588/2840 589/2841
f 601/2842 600/2843 589/2844
f 601/2845 589/2846 602/2847
f 589/2848 590/2849 602/2850
f 602/2851 590/2852 603/2853
f 590/2854 591/2855 603/2856
f 603/2857 591/2858 604/2859
f 591/2860 592/2861 604/2862
f 604/2863 592/2864 605/2865
f 592/2866 593/2867 605/2868
f 605/2869 593/2870 606/2871
f 593/2872 594/2873 606/2874
f 606/2875 594/2876 595/2877
f 594/2878 583/2879 595/2880
f 607/2881 595/2882 596/2883
f 608/2884 607/2885 596/2886
f 608/2887 596/2888 597/2889
f 609/2890 608/2891 597/2892
f 609/2893 597/2894 598/2895
f 610/2896 609/2897 598/2898
f 610/2899 598/2900 599/2901
f 611/2902 610/2903 599/2904
f 611/2905 599/2906 600/2907
f 612/2908 611/2909 600/2910
f 612/2911 600/2912 601/2913
f 613/2914 612/2915 601/2916
f 613/2917 601/2918 614/2919
f 601/2920 602/2921 614/2922
f 614/2923 602/2924 615/2925
f 602/2926 603/2927 615/2928
f 615/2929 603/2930 616/2931
f 603/2932 604/2933 616/2934
f 616/2935 604/2936 617/2937
f 604/2938 605/2939 617/2940
f 617/2941 605/2942 618/2943
f 605/2944 606/2945 618/2946
f 618/2947 606/2948 607/2949
f 606/2950 595/2951 607/2952
f 619/2953 607/2954 608/2955
f 620/2956 619/2957 608/2958
f 620/2959 608/2960 609/2961
f 621/2962 620/2963 609/2964
f 621/2965 609/2966 610/2967
f 622/2968 621/2969 610/2970
f 622/2971 610/2972 611/2973
f 623/2974 622/2975 611/2976
f 623/2977 611/2978 612/2979
f 624/2980 623/2981 612/2982
f 624/2983 612/2984 613/2985
f 625/2986 624/2987 613/2988
f 625/2989 613/2990 626/2991
f 613/2992 614/2993 626/2994
f 626/2995 614/2996 627/2997
f 614/2998 615/2999 627/3000
f 627/3001 615/3002 628/3003
f 615/3004 616/3005 628/3006
f 628/3007 616/3008 629/3009
f 616/3010 617/3011 629/3012
f 629/3013 617/3014 630/3015
f 617/3016 618/3017 630/3018
f 630/3019 618/3020 619/3021
f 618/3022 607/3023 619/3024
f 631/3025 619/3026 620/3027
f 632/3028 631/3029 620/3030
f 632/3031 620/3032 621/3033
f 633/3034 632/3035 621/3036
f 633/3037 621/3038 622/3039
f 634/3040 633/3041 622/3042
f 634/3043 622/3044 623/3045
f 635/3046 634/3047 623/3048
f 635/3049 623/3050 624/3051
f 636/3052 635/3053 624/3054
f 636/3055 624/3056 625/3057
f 637/3058 636/3059 625/3060
f 637/3061 625/3062 638/3063
f 625/3064 626/3065 638/3066
f 638/3067 626/3068 639/3069
f 626/3070 627/3071 639/3072
f 639/3073 627/3074 640/3075
f 627/3076 628/3077 640/3078
f 640/3079 628/3080 641/3081
f 628/3082 629/3083 641/3084
f 641/3085 629/3086 642/3087
f 629/3088 630/3089 642/3090
f 642/3091 630/3092 631/3093
f 630/3094 619/3095 631/3096
f 655/3097 643/3098 644/3099
f 656/3100 655/3101 644/3102
f 656/3103 644/3104 645/3105
f 657/3106 656/3107 645/3108
f 657/3109 645/3110 646/3111
f 658/3112 657/3113 646/3114
f 658/3115 646/3116 647/3117
f 659/3118 658/3119 647/3120
f 659/3121 647/3122 648/3123
f 660/3124 659/3125 648/3126
f 660/3127 648/3128 649/3129
f 661/3130 660/3131 649/3132
f 661/3133 649/3134 662/3135
f 649/3136 650/3137 662/3138
f 662/3139 650/3140 663/3141
f 650/3142 651/3143 663/3144
f 663/3145 651/3146 664/3147
f 651/3148 652/3149 664/3150
f 664/3151 652/3152 665/3153
f 652/3154 653/3155 665/3156
f 665/3157 653/3158 666/3159
f 653/3160 654/3161 666/3162
f 666/3163 654/3164 655/3165
f 654/3166 643/3167 655/3168
f 667/3169 655/3170 656/3171
f 668/3172 667/3173 656/3174
f 668/3175 656/3176 657/3177
f 669/3178 668/3179 657/3180
f 669/3181 657/3182 658/3183
f 670/3184 669/3185 658/3186
f 670/3187 658/3188 659/3189
f 671/3190 670/3191 659/3192
f 671/3193 659/3194 660/3195
f 672/3196 671/3197 660/3198
f 672/3199 660/3200 661/3201
f 673/3202 672/3203 661/3204
f 673/3205 661/3206 674/3207
f 661/3208 662/3209 674/3210
f 674/3211 662/3212 675/3213
f 662/3214 663/3215 675/3216
f 675/3217 663/3218 676/3219
f 663/3220 664/3221 676/3222
f 676/3223 664/3224 677/3225
f 664/3226 665/3227 677/3228
f 677/3229 665/3230 678/3231
f 665/3232 666/3233 678/3234
f 678/3235 666/3236 667/3237
f 666/3238 655/3239 667/3240
f 679/3241 667/3242 668/3243
f 680/3244 679/3245 668/3246
f 680/3247 668/3248 669/3249
f 681/3250 680/3251 669/3252
f 681/3253 669/3254 670/3255
f 682/3256 681/3257 670/3258
f 682/3259 670/3260 671/3261
f 683/3262 682/3263 671/3264
f 683/3265 671/3266 672/3267
f 684/3268 683/3269 672/3270
f 684/3271 672/3272 673/3273
f 685/3274 684/3275 673/3276
f 685/3277 673/3278 686/3279
f 673/3280 674/3281 686/3282
f 686/3283 674/3284 687/3285
f 674/3286 675/3287 687/3288
f 687/3289 675/3290 688/3291
f 675/3292 676/3293 688/3294
f 688/3295 676/3296 689/3297
f 676/3298 677/3299 689/3300
f 689/3301 677/3302 690/3303
f 677/3304 678/3305 690/3306
f 690/3307 678/3308 679/3309
f 678/3310 667/3311 679/3312
f 691/3313 679/3314 680/3315
f 692/3316 691/3317 680/3318
f 692/3319 680/3320 681/3321
f 693/3322 692/3323 681/3324
f 693/3325 681/3326 682/3327
f 694/3328 693/3329 682/3330
f 694/3331 682/3332 683/3333
f 695/3334 694/3335 683/3336
f 695/3337 683/3338 684/3339
f 696/3340 695/3341 684/3342
f 696/3343 684/3344 685/3345
f 697/3346 696/3347 685/3348
f 697/3349 685/3350 698/3351
f 685/3352 686/3353 698/3354
f 698/3355 686/3356 699/3357
f 686/3358 687/3359 699/3360
f 699/3361 687/3362 700/3363
f 687/3364 688/3365 700/3366
f 700/3367 688/3368 701/3369
f 688/3370 689/3371 701/3372
f 701/3373 689/3374 702/3375
f 689/3376 690/3377 702/3378
f 702/3379 690/3380 691/3381
f 690/3382 679/3383 691/3384
f 713/3385 703/3386 704/3387
f 714/3388 713/3389 704/3390
f 714/3391 704/3392 705/3393
f 715/3394 714/3395 705/3396
f 715/3397 705/3398 706/3399
f 716/3400 715/3401 706/3402
f 716/3403 706/3404 707/3405
f 717/3406 716/3407 707/3408
f 717/3409 707/3410 708/3411
f 718/3412 717/3413 708/3414
f 718/3415 708/3416 719/3417
f 708/3418 709/3419 719/3420
f 719/3421 709/3422 720/3423
f 709/3424 710/3425 720/3426
f 720/3427 710/3428 721/3429
f 710/3430 711/3431 721/3432
f 721/3433 711/3434 722/3435
f 711/3436 712/3437 722/3438
f 722/3439 712/3440 713/3441
f 712/3442 703/3443 713/3444
f 723/3445 713/3446 714/3447
f 724/3448 723/3449 714/3450
f 724/3451 714/3452 715/3453
f 725/3454 724/3455 715/3456
f 725/3457 715/3458 716/3459
f 726/3460 725/3461 716/3462
f 726/3463 716/3464 717/3465
f 727/3466 726/3467 717/3468
f 727/3469 717/3470 718/3471
f 728/3472 727/3473 718/3474
f 728/3475 718/3476 729/3477
f 718/3478 719/3479 729/3480
f 729/3481 719/3482 730/3483
f 719/3484 720/3485 730/3486
f 730/3487 720/3488 731/3489
f 720/3490 721/3491 731/3492
f 731/3493 721/3494 732/3495
f 721/3496 722/3497 732/3498
f 732/3499 722/3500 723/3501
f 722/3502 713/3503 723/3504
f 733/3505 723/3506 724/3507
f 734/3508 733/3509 724/3510
f 734/3511 724/3512 725/3513
f 735/3514 734/3515 725/3516
f 735/3517 725/3518 726/3519
f 736/3520 735/3521 726/3522
f 736/3523 726/3524 727/3525
f 737/3526 736/3527 727/3528
f 737/3529 727/3530 728/3531
f 738/3532 737/3533 728/3534
f 738/3535 728/3536 739/3537
f 728/3538 729/3539 739/3540
f 739/3541 729/3542 740/3543
f 729/3544 730/3545 740/3546
f 740/3547 730/3548 741/3549
f 730/3550 731/3551 741/3552
f 741/3553 731/3554 742/3555
f 731/3556 732/3557 742/3558
f 742/3559 732/3560 733/3561
f 732/3562 723/3563 733/3564
f 753/3565 743/3566 744/3567
f 754/3568 753/3569 744/3570
f 754/3571 744/3572 745/3573
f 755/3574 754/3575 745/3576
f 755/3577 745/3578 746/3579
f 756/3580 755/3581 746/3582
f 756/3583 746/3584 747/3585
f 757/3586 756/3587 747/3588
f 757/3589 747/3590 748/3591
f 758/3592 757/3593 748/3594
f 758/3595 748/3596 759/3597
f 748/3598 749/3599 759/3600
f 759/3601 749/3602 760/3603
f 749/3604 750/3605 760/3606
f 760/3607 750/3608 761/3609
f 750/3610 751/3611 761/3612
f 761/3613 751/3614 762/3615
f 751/3616 752/3617 762/3618
f 762/3619 752/3620 753/3621
f 752/3622 743/3623 753/3624
f 763/3625 753/3626 754/3627
f 764/3628 763/3629 754/3630
f 764/3631 754/3632 755/3633
f 765/3634 764/3635 755/3636
f 765/3637 755/3638 756/3639
f 766/3640 765/3641 756/3642
f 766/3643 756/3644 757/3645
f 767/3646 766/3647 757/3648
f 767/3649 757/3650 758/3651
f 768/3652 767/3653 758/3654
f 768/3655 758/3656 769/3657
f 758/3658 759/3659 769/3660
f 769/3661 759/3662 770/3663
f 759/3664 760/3665 770/3666
f 770/3667 760/3668 771/3669
f 760/3670 761/3671 771/3672
f 771/3673 761/3674 772/3675
f 761/3676 762/3677 772/3678
f 772/3679 762/3680 763/3681
f 762/3682 753/3683 763/3684
f 773/3685 763/3686 764/3687
f 774/3688 773/3689 764/3690
f 774/3691 764/3692 765/3693
f 775/3694 774/3695 765/3696
f 775/3697 765/3698 766/3699
f 776/3700 775/3701 766/3702
f 776/3703 766/3704 767/3705
f 777/3706 776/3707 767/3708
f 777/3709 767/3710 768/3711
f 778/3712 777/3713 768/3714
f 778/3715 768/3716 779/3717
f 768/3718 769/3719 779/3720
f 779/3721 769/3722 780/3723
f 769/3724 770/3725 780/3726
f 780/3727 770/3728 781/3729
f 770/3730 771/3731 781/3732
f 781/3733 771/3734 782/3735
f 771/3736 772/3737 782/3738
f 782/3739 772/3740 773/3741
f 772/3742 763/3743 773/3744
f 793/3745 783/3746 784/3747
f 794/3748 793/3749 784/3750
f 794/3751 784/3752 785/3753
f 795/3754 794/3755 785/3756
f 795/3757 785/3758 786/3759
f 796/3760 795/3761 786/3762
f 796/3763 786/3764 787/3765
f 797/3766 796/3767 787/3768
f 797/3769 787/3770 788/3771
f 798/3772 797/3773 788/3774
f 798/3775 788/3776 799/3777
f 788/3778 789/3779 799/3780
f 799/3781 789/3782 800/3783
f 789/3784 790/3785 800/3786
f 800/3787 790/3788 801/3789
f 790/3790 791/3791 801/3792
f 801/3793 791/3794 802/3795
f 791/3796 792/3797 802/3798
f 802/3799 792/3800 793/3801
f 792/3802 783/3803 793/3804
f 803/3805 793/3806 794/3807
f 804/3808 803/3809 794/3810
f 804/3811 794/3812 795/3813
f 805/3814 804/3815 795/3816
f 805/3817 795/3818 796/3819
f 806/3820 805/3821 796/3822
f 806/3823 796/3824 797/3825
f 807/3826 806/3827 797/3828
f 807/3829 797/3830 798/3831
f 808/3832 807/3833 798/3834
f 808/3835 798/3836 809/3837
f 798/3838 799/3839 809/3840
f 809/3841 799/3842 810/3843
f 799/3844 800/3845 810/3846
f 810/3847 800/3848 811/3849
f 800/3850 801/3851 811/3852
f 811/3853 801/3854 812/3855
f 801/3856 802/3857 812/3858
f 812/3859 802/3860 803/3861
f 802/3862 793/3863 803/3864
f 813/3865 803/3866 804/3867
f 814/3868 813/3869 804/3870
f 814/3871 804/3872 805/3873
f 815/3874 814/3875 805/3876
f 815/3877 805/3878 806/3879
f 816/3880 815/3881 806/3882
f 816/3883 806/3884 807/3885
f 817/3886 816/3887 807/3888
f 817/3889 807/3890 808/3891
f 818/3892 817/3893 808/3894
f 818/3895 808/3896 819/3897
f 808/3898 809/3899 819/3900
f 819/3901 809/3902 820/3903
f 809/3904 810/3905 820/3906
f 820/3907 810/3908 821/3909
f 810/3910 811/3911 821/3912
f 821/3913 811/3914 822/3915
f 811/3916 812/3917 822/3918
f 822/3919 812/3920 813/3921
f 812/3922 803/3923 813/3924
f 833/3925 823/3926 824/3927
f 834/3928 833/3929 824/3930
f 834/3931 824/3932 825/3933
f 835/3934 834/3935 825/3936
f 835/3937 825/3938 826/3939
f 836/3940 835/3941 826/3942
f 836/3943 826/3944 827/3945
f 837/3946 836/3947 827/3948
f 837/3949 827/3950 828/3951
f 838/3952 837/3953 828/3954
f 838/3955 828/3956 839/3957
f 828/3958 829/3959 839/3960
f 839/3961 829/3962 840/3963
f 829/3964 830/3965 840/3966
f 840/3967 830/3968 841/3969
f 830/3970 831/3971 841/3972
f 841/3973 831/3974 842/3975
f 831/3976 832/3977 842/3978
f 842/3979 832/3980 833/3981
f 832/3982 823/3983 833/3984
f 843/3985 833/3986 834/3987
f 844/3988 843/3989 834/3990
f 844/3991 834/3992 835/3993
f 845/3994 844/3995 835/3996
f 845/3997 835/3998 836/3999
f 846/4000 845/4001 836/4002
f 846/4003 836/4004 837/4005
f 847/4006 846/4007 837/4008
f 847/4009 837/4010 838/4011
f 848/4012 847/4013 838/4014
f 848/4015 838/4016 849/4017
f 838/4018 839/4019 849/4020
f 849/4021 839/4022 850/4023
f 839/4024 840/4025 850/4026
f 850/4027 840/4028 851/4029
f 840/4030 841/4031 851/4032
f 851/4033 841/4034 852/4035
f 841/4036 842/4037 852/4038
f 852/4039 842/4040 843/4041
f 842/4042 833/4043 843/4044
f 853/4045 843/4046 844/4047
f 854/4048 853/4049 844/4050
f 854/4051 844/4052 845/4053
f 855/4054 854/4055 845/4056
f 855/4057 845/4058 846/4059
f 856/4060 855/4061 846/4062
f 856/4063 846/4064 847/4065
f 857/4066 856/4067 847/4068
f 857/4069 847/4070 848/4071
f 858/4072 857/4073 848/4074
f 858/4075 848/4076 859/4077
f 848/4078 849/4079 859/4080
f 859/4081 849/4082 860/4083
f 849/4084 850/4085 860/4086
f 860/4087 850/4088 861/4089
f 850/4090 851/4091 861/4092
f 861/4093 851/4094 862/4095
f 851/4096 852/4097 862/4098
f 862/4099 852/4100 853/4101
f 852/4102 843/4103 853/4104
f 877/4105 863/4106 864/4107
f 878/4108 877/4109 864/4110
f 878/4111 864/4112 865/4113
f 879/4114 878/4115 865/4116
f 879/4117 865/4118 866/4119
f 880/4120 879/4121 866/4122
f 880/4123 866/4124 867/4125
f 881/4126 880/4127 867/4128
f 881/4129 867/4130 868/4131
f 882/4132 881/4133 868/4134
f 882/4135 868/4136 869/4137
f 883/4138 882/4139 869/4140
f 883/4141 869/4142 870/4143
f 884/4144 883/4145 870/4146
f 884/4147 870/4148 885/4149
f 870/4150 871/4151 885/4152
f 885/4153 871/4154 886/4155
f 871/4156 872/4157 886/4158
f 886/4159 872/4160 887/4161
f 872/4162 873/4163 887/4164
f 887/4165 873/4166 888/4167
f 873/4168 874/4169 888/4170
f 888/4171 874/4172 889/4173
f 874/4174 875/4175 889/4176
f 889/4177 875/4178 890/4179
f 875/4180 876/4181 890/4182
f 890/4183 876/4184 877/4185
f 876/4186 863/4187 877/4188
f 891/4189 877/4190 878/4191
f 892/4192 891/4193 878/4194
f 892/4195 878/4196 879/4197
f 893/4198 892/4199 879/4200
f 893/4201 879/4202 880/4203
f 894/4204 893/4205 880/4206
f 894/4207 880/4208 881/4209
f 895/4210 894/4211 881/4212
f 895/4213 881/4214 882/4215
f 896/4216 895/4217 882/4218
f 896/4219 882/4220 883/4221
f 897/4222 896/4223 883/4224
f 897/4225 883/4226 884/4227
f 898/4228 897/4229 884/4230
f 898/4231 884/4232 899/4233
f 884/4234 885/4235 899/4236
f 899/4237 885/4238 900/4239
f 885/4240 886/4241 900/4242
f 900/4243 886/4244 901/4245
f 886/4246 887/4247 901/4248
f 901/4249 887/4250 902/4251
f 887/4252 888/4253 902/4254
f 902/4255 888/4256 903/4257
f 888/4258 889/4259 903/4260
f 903/4261 889/4262 904/4263
f 889/4264 890/4265 904/4266
f 904/4267 890/4268 891/4269
f 890/4270 877/4271 891/4272
f 905/4273 891/4274 892/4275
f 906/4276 905/4277 892/4278
f 906/4279 892/4280 893/4281
f 907/4282 906/4283 893/4284
f 907/4285 893/4286 894/4287
f 908/4288 907/4289 894/4290
f 908/4291 894/4292 895/4293
f 909/4294 908/4295 895/4296
f 909/4297 895/4298 896/4299
f 910/4300 909/4301 896/4302
f 910/4303 896/4304 897/4305
f 911/4306 910/4307 897/4308
f 911/4309 897/4310 898/4311
f 912/4312 911/4313 898/4314
f 912/4315 898/4316 913/4317
f 898/4318 899/4319 913/4320
f 913/4321 899/4322 914/4323
f 899/4324 900/4325 914/4326
f 914/4327 900/4328 915/4329
f 900/4330 901/4331 915/4332
f 915/4333 901/4334 916/4335
f 901/4336 902/4337 916/4338
f 916/4339 902/4340 917/4341
f 902/4342 903/4343 917/4344
f 917/4345 903/4346 918/4347
f 903/4348 904/4349 918/4350
f 918/4351 904/4352 905/4353
f 904/4354 891/4355 905/4356
f 919/4357 905/4358 906/4359
f 920/4360 919/4361 906/4362
f 920/4363 906/4364 907/4365
f 921/4366 920/4367 907/4368
f 921/4369 907/4370 908/4371
f 922/4372 921/4373 908/4374
f 922/4375 908/4376 909/4377
f 923/4378 922/4379 909/4380
f 923/4381 909/4382 910/4383
f 924/4384 923/4385 910/4386
f 924/4387 910/4388 911/4389
f 925/4390 924/4391 911/4392
f 925/4393 911/4394 912/4395
f 926/4396 925/4397 912/4398
f 926/4399 912/4400 927/4401
f 912/4402 913/4403 927/4404
f 927/4405 913/4406 928/4407
f 913/4408 914/4409 928/4410
f 928/4411 914/4412 929/4413
f 914/4414 915/4415 929/4416
f 929/4417 915/4418 930/4419
f 915/4420 916/4421 930/4422
f 930/4423 916/4424 931/4425
f 916/4426 917/4427 931/4428
f 931/4429 917/4430 932/4431
f 917/4432 918/4433 932/4434
f 932/4435 918/4436 919/4437
f 918/4438 905/4439 919/4440
f 947/4441 933/4442 934/4443
f 948/4444 947/4445 934/4446
f 948/4447 934/4448 935/4449
f 949/4450 948/4451 935/4452
f 949/4453 935/4454 936/4455
f 950/4456 949/4457 936/4458
f 950/4459 936/4460 937/4461
f 951/4462 950/4463 937/4464
f 951/4465 937/4466 938/4467
f 952/4468 951/4469 938/4470
f 952/4471 938/4472 939/4473
f 953/4474 952/4475 939/4476
f 953/4477 939/4478 940/4479
f 954/4480 953/4481 940/4482
f 954/4483 940/4484 955/4485
f 940/4486 941/4487 955/4488
f 955/4489 941/4490 956/4491
f 941/4492 942/4493 956/4494
f 956/4495 942/4496 957/4497
f 942/4498 943/4499 957/4500
f 957/4501 943/4502 958/4503
f 943/4504 944/4505 958/4506
f 958/4507 944/4508 959/4509
f 944/4510 945/4511 959/4512
f 959/4513 945/4514 960/4515
f 945/4516 946/4517 960/4518
f 960/4519 946/4520 947/4521
f 946/4522 933/4523 947/4524
f 961/4525 947/4526 948/4527
f 962/4528 961/4529 948/4530
f 962/4531 948/4532 949/4533
f 963/4534 962/4535 949/4536
f 963/4537 949/4538 950/4539
f 964/4540 963/4541 950/4542
f 964/4543 950/4544 951/4545
f 965/4546 964/4547 951/4548
f 965/4549 951/4550 952/4551
f 966/4552 965/4553 952/4554
f 966/4555 952/4556 953/4557
f 967/4558 966/4559 953/4560
f 967/4561 953/4562 954/4563
f 968/4564 967/4565 954/4566
f 968/4567 954/4568 969/4569
f 954/4570 955/4571 969/4572
f 969/4573 955/4574 970/4575
f 955/4576 956/4577 970/4578
f 970/4579 956/4580 971/4581
f 956/4582 957/4583 971/4584
f 971/4585 957/4586 972/4587
f 957/4588 958/4589 972/4590
f 972/4591 958/4592 973/4593
f 958/4594 959/4595 973/4596
f 973/4597 959/4598 974/4599
f 959/4600 960/4601 974/4602
f 974/4603 960/4604 961/4605
f 960/4606 947/4607 961/4608
f 975/4609 961/4610 962/4611
f 976/4612 975/4613 962/4614
f 976/4615 962/4616 963/4617
f 977/4618 976/4619 963/4620
f 977/4621 963/4622 964/4623
f 978/4624 977/4625 964/4626
f 978/4627 964/4628 965/4629
f 979/4630 978/4631 965/4632
f 979/4633 965/4634 966/4635
f 980/4636 979/4637 966/4638
f 980/4639 966/4640 967/4641
f 981/4642 980/4643 967/4644
f 981/4645 967/4646 968/4647
f 982/4648 981/4649 968/4650
f 982/4651 968/4652 983/4653
f 968/4654 969/4655 983/4656
f 983/4657 969/4658 984/4659
f 969/4660 970/4661 984/4662
f 984/4663 970/4664 985/4665
f 970/4666 971/4667 985/4668
f 985/4669 971/4670 986/4671
f 971/4672 972/4673 986/4674
f 986/4675 972/4676 987/4677
f 972/4678 973/4679 987/4680
f 987/4681 973/4682 988/4683
f 973/4684 974/4685 988/4686
f 988/4687 974/4688 975/4689
f 974/4690 961/4691 975/4692
f 989/4693 975/4694 976/4695
f 990/4696 989/4697 976/4698
f 990/4699 976/4700 977/4701
f 991/4702 990/4703 977/4704
f 991/4705 977/4706 978/4707
f 992/4708 991/4709 978/4710
f 992/4711 978/4712 979/4713
f 993/4714 992/4715 979/4716
f 993/4717 979/4718 980/4719
f 994/4720 993/4721 980/4722
f 994/4723 980/4724 981/4725
f 995/4726 994/4727 981/4728
f 995/4729 981/4730 982/4731
f 996/4732 995/4733 982/4734
f 996/4735 982/4736 997/4737
f 982/4738 983/4739 997/4740
f 997/4741 983/4742 998/4743
f 983/4744 984/4745 998/4746
f 998/4747 984/4748 999/4749
f 984/4750 985/4751 999/4752
f 999/4753 985/4754 1000/4755
f 985/4756 986/4757 1000/4758
f 1000/4759 986/4760 1001/4761
f 986/4762 987/4763 1001/4764
f 1001/4765 987/4766 1002/4767
f 987/4768 988/4769 1002/4770
f 1002/4771 988/4772 989/4773
f 988/4774 975/4775 989/4776
f 1012/4777 1003/4778 1004/4779
f 1013/4780 1012/4781 1004/4782
f 1013/4783 1004/4784 1005/4785
f 1014/4786 1013/4787 1005/4788
f 1014/4789 1005/4790 1006/4791
f 1015/4792 1014/4793 1006/4794
f 1015/4795 1006/4796 1007/4797
f 1016/4798 1015/4799 1007/4800
f 1016/4801 1007/4802 1008/4803
f 1017/4804 1016/4805 1008/4806
f 1017/4807 1008/4808 1018/4809
f 1008/4810 1009/4811 1018/4812
f 1018/4813 1009/4814 1019/4815
f 1009/4816 1010/4817 1019/4818
f 1019/4819 1010/4820 1020/4821
f 1010/4822 1011/4823 1020/4824
f 1020/4825 1011/4826 1012/4827
f 1011/4828 1003/4829 1012/4830
f 1021/4831 1012/4832 1013/4833
f 1022/4834 1021/4835 1013/4836
f 1022/4837 1013/4838 1014/4839
f 1023/4840 1022/4841 1014/4842
f 1023/4843 1014/4844 1015/4845
f 1024/4846 1023/4847 1015/4848
f 1024/4849 1015/4850 1016/4851
f 1025/4852 1024/4853 1016/4854
f 1025/4855 1016/4856 1017/4857
f 1026/4858 1025/4859 1017/4860
f 1026/4861 1017/4862 1027/4863
f 1017/4864 1018/4865 1027/4866
f 1027/4867 1018/4868 1028/4869
f 1018/4870 1019/4871 1028/4872
f 1028/4873 1019/4874 1029/4875
f 1019/4876 1020/4877 1029/4878
f 1029/4879 1020/4880 1021/4881
f 1020/4882 1012/4883 1021/4884
f 1030/4885 1021/4886 1022/4887
f 1031/4888 1030/4889 1022/4890
f 1031/4891 1022/4892 1023/4893
f 1032/4894 1031/4895 1023/4896
f 1032/4897 1023/4898 1024/4899
f 1033/4900 1032/4901 1024/4902
f 1033/4903 1024/4904 1025/4905
f 1034/4906 1033/4907 1025/4908
f 1034/4909 1025/4910 1026/4911
f 1035/4912 1034/4913 1026/4914
f 1035/4915 1026/4916 1036/4917
f 1026/4918 1027/4919 1036/4920
f 1036/4921 1027/4922 1037/4923
f 1027/4924 1028/4925 1037/4926
f 1037/4927 1028/4928 1038/4929
f 1028/4930 1029/4931 1038/4932
f 1038/4933 1029/4934 1030/4935
f 1029/4936 1021/4937 1030/4938
f 1039/4939 1030/4940 1031/4941
f 1040/4942 1039/4943 1031/4944
f 1040/4945 1031/4946 1032/4947
f 1041/4948 1040/4949 1032/4950
f 1041/4951 1032/4952 1033/4953
f 1042/4954 1041/4955 1033/4956
f 1042/4957 1033/4958 1034/4959
f 1043/4960 1042/4961 1034/4962
f 1043/4963 1034/4964 1035/4965
f 1044/4966 1043/4967 1035/4968
f 1044/4969 1035/4970 1045/4971
f 1035/4972 1036/4973 1045/4974
f 1045/4975 1036/4976 1046/4977
f 1036/4978 1037/4979 1046/4980
f 1046/4981 1037/4982 1047/4983
f 1037/4984 1038/4985 1047/4986
f 1047/4987 1038/4988 1039/4989
f 1038/4990 1030/4991 1039/4992
f 1057/4993 1048/4994 1049/4995
f 1058/4996 1057/4997 1049/4998
f 1058/4999 1049/5000 1050/5001
f 1059/5002 1058/5003 1050/5004
f 1059/5005 1050/5006 1051/5007
f 1060/5008 1059/5009 1051/5010
f 1060/5011 1051/5012 1052/5013
f 1061/5014 1060/5015 1052/5016
f 1061/5017 1052/5018 1053/5019
f 1062/5020 1061/5021 1053/5022
f 1062/5023 1053/5024 1063/5025
f 1053/5026 1054/5027 1063/5028
f 1063/5029 1054/5030 1064/5031
f 1054/5032 1055/5033 1064/5034
f 1064/5035 1055/5036 1065/5037
f 1055/5038 1056/5039 1065/5040
f 1065/5041 1056/5042 1057/5043
f 1056/5044 1048/5045 1057/5046
f 1066/5047 1057/5048 1058/5049
f 1067/5050 1066/5051 1058/5052
f 1067/5053 1058/5054 1059/5055
f 1068/5056 1067/5057 1059/5058
f 1068/5059 1059/5060 1060/5061
f 1069/5062 1068/5063 1060/5064
f 1069/5065 1060/5066 1061/5067
f 1070/5068 1069/5069 1061/5070
f 1070/5071 1061/5072 1062/5073
f 1071/5074 1070/5075 1062/5076
f 1071/5077 1062/5078 1072/5079
f 1062/5080 1063/5081 1072/5082
f 1072/5083 1063/5084 1073/5085
f 1063/5086 1064/5087 1073/5088
f 1073/5089 1064/5090 1074/5091
f 1064/5092 1065/5093 1074/5094
f 1074/5095 1065/5096 1066/5097
f 1065/5098 1057/5099 1066/5100
f 1075/5101 1066/5102 1067/5103
f 1076/5104 1075/5105 1067/5106
f 1076/5107 1067/5108 1068/5109
f 1077/5110 1076/5111 1068/5112
f 1077/5113 1068/5114 1069/5115
f 1078/5116 1077/5117 1069/5118
f 1078/5119 1069/5120 1070/5121
f 1079/5122 1078/5123 1070/5124
f 1079/5125 1070/5126 1071/5127
f 1080/5128 1079/5129 1071/5130
f 1080/5131 1071/5132 1081/5133
f 1071/5134 1072/5135 1081/5136
f 1081/5137 1072/5138 1082/5139
f 1072/5140 1073/5141 1082/5142
f 1082/5143 1073/5144 1083/5145
f 1073/5146 1074/5147 1083/5148
f 1083/5149 1074/5150 1075/5151
f 1074/5152 1066/5153 1075/5154
f 1084/5155 1075/5156 1076/5157
f 1085/5158 1084/5159 1076/5160
f 1085/5161 1076/5162 1077/5163
f 1086/5164 1085/5165 1077/5166
f 1086/5167 1077/5168 1078/5169
f 1087/5170 1086/5171 1078/5172
f 1087/5173 1078/5174 1079/5175
f 1088/5176 1087/5177 1079/5178
f 1088/5179 1079/5180 1080/5181
f 1089/5182 1088/5183 1080/5184
f 1089/5185 1080/5186 1090/5187
f 1080/5188 1081/5189 1090/5190
f 1090/5191 1081/5192 1091/5193
f 1081/5194 1082/5195 1091/5196
f 1091/5197 1082/5198 1092/5199
f 1082/5200 1083/5201 1092/5202
f 1092/5203 1083/5204 1084/5205
f 1083/5206 1075/5207 1084/5208
f 1101/5209 1093/5210 1094/5211
f 1102/5212 1101/5213 1094/5214
f 1102/5215 1094/5216 1095/5217
f 1103/5218 1102/5219 1095/5220
f 1103/5221 1095/5222 1096/5223
f 1104/5224 1103/5225 1096/5226
f 1104/5227 1096/5228 1097/5229
f 1105/5230 1104/5231 1097/5232
f 1105/5233 1097/5234 1106/5235
f 1097/5236 1098/5237 1106/5238
f 1106/5239 1098/5240 1107/5241
f 1098/5242 1099/5243 1107/5244
f 1107/5245 1099/5246 1108/5247
f 1099/5248 1100/5249 1108/5250
f 1108/5251 1100/5252 1101/5253
f 1100/5254 1093/5255 1101/5256
f 1109/5257 1101/5258 1102/5259
f 1110/5260 1109/5261 1102/5262
f 1110/5263 1102/5264 1103/5265
f 1111/5266 1110/5267 1103/5268
f 1111/5269 1103/5270 1104/5271
f 1112/5272 1111/5273 1104/5274
f 1112/5275 1104/5276 1105/5277
f 1113/5278 1112/5279 1105/5280
f 1113/5281 1105/5282 1114/5283
f 1105/5284 1106/5285 1114/5286
f 1114/5287 1106/5288 1115/5289
f 1106/5290 1107/5291 1115/5292
f 1115/5293 1107/5294 1116/5295
f 1107/5296 1108/5297 1116/5298
f 1116/5299 1108/5300 1109/5301
f 1108/5302 1101/5303 1109/5304
f 1125/5305 1117/5306 1118/5307
f 1126/5308 1125/5309 1118/5310
f 1126/5311 1118/5312 1119/5313
f 1127/5314 1126/5315 1119/5316
f 1127/5317 1119/5318 1120/5319
f 1128/5320 1127/5321 1120/5322
f 1128/5323 1120/5324 1121/5325
f 1129/5326 1128/5327 1121/5328
f 1129/5329 1121/5330 1130/5331
f 1121/5332 1122/5333 1130/5334
f 1130/5335 1122/5336 1131/5337
f 1122/5338 1123/5339 1131/5340
f 1131/5341 1123/5342 1132/5343
f 1123/5344 1124/5345 1132/5346
f 1132/5347 1124/5348 1125/5349
f 1124/5350 1117/5351 1125/5352
f 1133/5353 1125/5354 1126/5355
f 1134/5356 1133/5357 1126/5358
f 1134/5359 1126/5360 1127/5361
f 1135/5362 1134/5363 1127/5364
f 1135/5365 1127/5366 1128/5367
f 1136/5368 1135/5369 1128/5370
f 1136/5371 1128/5372 1129/5373
f 1137/5374 1136/5375 1129/5376
f 1137/5377 1129/5378 1138/5379
f 1129/5380 1130/5381 1138/5382
f 1138/5383 1130/5384 1139/5385
f 1130/5386 1131/5387 1139/5388
f 1139/5389 1131/5390 1140/5391
f 1131/5392 1132/5393 1140/5394
f 1140/5395 1132/5396 1133/5397
f 1132/5398 1125/5399 1133/5400
f 1150/5401 1141/5402 1142/5403
f 1151/5404 1150/5405 1142/5406
f 1151/5407 1142/5408 1143/5409
f 1152/5410 1151/5411 1143/5412
f 1152/5413 1143/5414 1144/5415
f 1153/5416 1152/5417 1144/5418
f 1153/5419 1144/5420 1145/5421
f 1154/5422 1153/5423 1145/5424
f 1154/5425 1145/5426 1146/5427
f 1155/5428 1154/5429 1146/5430
f 1155/5431 1146/5432 1156/5433
f 1146/5434 1147/5435 1156/5436
f 1156/5437 1147/5438 1157/5439
f 1147/5440 1148/5441 1157/5442
f 1157/5443 1148/5444 1158/5445
f 1148/5446 1149/5447 1158/5448
f 1158/5449 1149/5450 1150/5451
f 1149/5452 1141/5453 1150/5454
f 1159/5455 1150/5456 1151/5457
f 1160/5458 1159/5459 1151/5460
f 1160/5461 1151/5462 1152/5463
f 1161/5464 1160/5465 1152/5466
f 1161/5467 1152/5468 1153/5469
f 1162/5470 1161/5471 1153/5472
f 1162/5473 1153/5474 1154/5475
f 1163/5476 1162/5477 1154/5478
f 1163/5479 1154/5480 1155/5481
f 1164/5482 1163/5483 1155/5484
f 1164/5485 1155/5486 1165/5487
f 1155/5488 1156/5489 1165/5490
f 1165/5491 1156/5492 1166/5493
f 1156/5494 1157/5495 1166/5496
f 1166/5497 1157/5498 1167/5499
f 1157/5500 1158/5501 1167/5502
f 1167/5503 1158/5504 1159/5505
f 1158/5506 1150/5507 1159/5508
f 1168/5509 1159/5510 1160/5511
f 1169/5512 1168/5513 1160/5514
f 1169/5515 1160/5516 1161/5517
f 1170/5518 1169/5519 1161/5520
f 1170/5521 1161/5522 1162/5523
f 1171/5524 1170/5525 1162/5526
f 1171/5527 1162/5528 1163/5529
f 1172/5530 1171/5531 1163/5532
f 1172/5533 1163/5534 1164/5535
f 1173/5536 1172/5537 1164/5538
f 1173/5539 1164/5540 1174/5541
f 1164/5542 1165/5543 1174/5544
f 1174/5545 1165/5546 1175/5547
f 1165/5548 1166/5549 1175/5550
f 1175/5551 1166/5552 1176/5553
f 1166/5554 1167/5555 1176/5556
f 1176/5557 1167/5558 1168/5559
f 1167/5560 1159/5561 1168/5562
f 1177/5563 1168/5564 1169/5565
f 1178/5566 1177/5567 1169/5568
f 1178/5569 1169/5570 1170/5571
f 1179/5572 1178/5573 1170/5574
f 1179/5575 1170/5576 1171/5577
f 1180/5578 1179/5579 1171/5580
f 1180/5581 1171/5582 1172/5583
f 1181/5584 1180/5585 1172/5586
f 1181/5587 1172/5588 1173/5589
f 1182/5590 1181/5591 1173/5592
f 1182/5593 1173/5594 1183/5595
f 1173/5596 1174/5597 1183/5598
f 1183/5599 1174/5600 1184/5601
f 1174/5602 1175/5603 1184/5604
f 1184/5605 1175/5606 1185/5607
f 1175/5608 1176/5609 1185/5610
f 1185/5611 1176/5612 1177/5613
f 1176/5614 1168/5615 1177/5616
f 1195/5617 1186/5618 1187/5619
f 1196/5620 1195/5621 1187/5622
f 1196/5623 1187/5624 1188/5625
f 1197/5626 1196/5627 1188/5628
f 1197/5629 1188/5630 1189/5631
f 1198/5632 1197/5633 1189/5634
f 1198/5635 1189/5636 1190/5637
f 1199/5638 1198/5639 1190/5640
f 1199/5641 1190/5642 1191/5643
f 1200/5644 1199/5645 1191/5646
f 1200/5647 1191/5648 1201/5649
f 1191/5650 1192/5651 1201/5652
f 1201/5653 1192/5654 1202/5655
f 1192/5656 1193/5657 1202/5658
f 1202/5659 1193/5660 1203/5661
f 1193/5662 1194/5663 1203/5664
f 1203/5665 1194/5666 1195/5667
f 1194/5668 1186/5669 1195/5670
f 1204/5671 1195/5672 1196/5673
f 1205/5674 1204/5675 1196/5676
f 1205/5677 1196/5678 1197/5679
f 1206/5680 1205/5681 1197/5682
f 1206/5683 1197/5684 1198/5685
f 1207/5686 1206/5687 1198/5688
f 1207/5689 1198/5690 1199/5691
f 1208/5692 1207/5693 1199/5694
f 1208/5695 1199/5696 1200/5697
f 1209/5698 1208/5699 1200/5700
f 1209/5701 1200/5702 1210/5703
f 1200/5704 1201/5705 1210/5706
f 1210/5707 1201/5708 1211/5709
f 1201/5710 1202/5711 1211/5712
f 1211/5713 1202/5714 1212/5715
f 1202/5716 1203/5717 1212/5718
f 1212/5719 1203/5720 1204/5721
f 1203/5722 1195/5723 1204/5724
f 1213/5725 1204/5726 1205/5727
f 1214/5728 1213/5729 1205/5730
f 1214/5731 1205/5732 1206/5733
f 1215/5734 1214/5735 1206/5736
f 1215/5737 1206/5738 1207/5739
f 1216/5740 1215/5741 1207/5742
f 1216/5743 1207/5744 1208/5745
f 1217/5746 1216/5747 1208/5748
f 1217/5749 1208/5750 1209/5751
f 1218/5752 1217/5753 1209/5754
f 1218/5755 1209/5756 1219/5757
f 1209/5758 1210/5759 1219/5760
f 1219/5761 1210/5762 1220/5763
f 1210/5764 1211/5765 1220/5766
f 1220/5767 1211/5768 1221/5769
f 1211/5770 1212/5771 1221/5772
f 1221/5773 1212/5774 1213/5775
f 1212/5776 1204/5777 1213/5778
f 1222/5779 1213/5780 1214/5781
f 1223/5782 1222/5783 1214/5784
f 1223/5785 1214/5786 1215/5787
f 1224/5788 1223/5789 1215/5790
f 1224/5791 1215/5792 1216/5793
f 1225/5794 1224/5795 1216/5796
f 1225/5797 1216/5798 1217/5799
f 1226/5800 1225/5801 1217/5802
f 1226/5803 1217/5804 1218/5805
f 1227/5806 1226/5807 1218/5808
f 1227/5809 1218/5810 1228/5811
f 1218/5812 1219/5813 1228/5814
f 1228/5815 1219/5816 1229/5817
f 1219/5818 1220/5819 1229/5820
f 1229/5821 1220/5822 1230/5823
f 1220/5824 1221/5825 1230/5826
f 1230/5827 1221/5828 1222/5829
f 1221/5830 1213/5831 1222/5832
f 1239/5833 1231/5834 1232/5835
f 1240/5836 1239/5837 1232/5838
f 1240/5839 1232/5840 1233/5841
f 1241/5842 1240/5843 1233/5844
f 1241/5845 1233/5846 1234/5847
f 1242/5848 1241/5849 1234/5850
f 1242/5851 1234/5852 1235/5853
f 1243/5854 1242/5855 1235/5856
f 1243/5857 1235/5858 1244/5859
f 1235/5860 1236/5861 1244/5862
f 1244/5863 1236/5864 1245/5865
f 1236/5866 1237/5867 1245/5868
f 1245/5869 1237/5870 1246/5871
f 1237/5872 1238/5873 1246/5874
f 1246/5875 1238/5876 1239/5877
f 1238/5878 1231/5879 1239/5880
f 1247/5881 1239/5882 1240/5883
f 1248/5884 1247/5885 1240/5886
f 1248/5887 1240/5888 1241/5889
f 1249/5890 1248/5891 1241/5892
f 1249/5893 1241/5894 1242/5895
f 1250/5896 1249/5897 1242/5898
f 1250/5899 1242/5900 1243/5901
f 1251/5902 1250/5903 1243/5904
f 1251/5905 1243/5906 1252/5907
f 1243/5908 1244/5909 1252/5910
f 1252/5911 1244/5912 1253/5913
f 1244/5914 1245/5915 1253/5916
f 1253/5917 1245/5918 1254/5919
f 1245/5920 1246/5921 1254/5922
f 1254/5923 1246/5924 1247/5925
f 1246/5926 1239/5927 1247/5928
f 1263/5929 1255/5930 1256/5931
f 1264/5932 1263/5933 1256/5934
f 1264/5935 1256/5936 1257/5937
f 1265/5938 1264/5939 1257/5940
f 1265/5941 1257/5942 1258/5943
f 1266/5944 1265/5945 1258/5946
f 1266/5947 1258/5948 1259/5949
f 1267/5950 1266/5951 1259/5952
f 1267/5953 1259/5954 1268/5955
f 1259/5956 1260/5957 1268/5958
f 1268/5959 1260/5960 1269/5961
f 1260/5962 1261/5963 1269/5964
f 1269/5965 1261/5966 1270/5967
f 1261/5968 1262/5969 1270/5970
f 1270/5971 1262/5972 1263/5973
f 1262/5974 1255/5975 1263/5976
f 1271/5977 1263/5978 1264/5979
f 1272/5980 1271/5981 1264/5982
f 1272/5983 1264/5984 1265/5985
f 1273/5986 1272/5987 1265/5988
f 1273/5989 1265/5990 1266/5991
f 1274/5992 1273/5993 1266/5994
f 1274/5995 1266/5996 1267/5997
f 1275/5998 1274/5999 1267/6000
f 1275/6001 1267/6002 1276/6003
f 1267/6004 1268/6005 1276/6006
f 1276/6007 1268/6008 1277/6009
f 1268/6010 1269/6011 1277/6012
f 1277/6013 1269/6014 1278/6015
f 1269/6016 1270/6017 1278/6018
f 1278/6019 1270/6020 1271/6021
f 1270/6022 1263/6023 1271/6024
f 1287/6025 1279/6026 1280/6027
f 1288/6028 1287/6029 1280/6030
f 1288/6031 1280/6032 1281/6033
f 1289/6034 1288/6035 1281/6036
f 1289/6037 1281/6038 1282/6039
f 1290/6040 1289/6041 1282/6042
f 1290/6043 1282/6044 1283/6045
f 1291/6046 1290/6047 1283/6048
f 1291/6049 1283/6050 1292/6051
f 1283/6052 1284/6053 1292/6054
f 1292/6055 1284/6056 1293/6057
f 1284/6058 1285/6059 1293/6060
f 1293/6061 1285/6062 1294/6063
f 1285/6064 1286/6065 1294/6066
f 1294/6067 1286/6068 1287/6069
f 1286/6070 1279/6071 1287/6072
f 1295/6073 1287/6074 1288/6075
f 1296/6076 1295/6077 1288/6078
f 1296/6079 1288/6080 1289/6081
f 1297/6082 1296/6083 1289/6084
f 1297/6085 1289/6086 1290/6087
f 1298/6088 1297/6089 1290/6090
f 1298/6091 1290/6092 1291/6093
f 1299/6094 1298/6095 1291/6096
f 1299/6097 1291/6098 1300/6099
f 1291/6100 1292/6101 1300/6102
f 1300/6103 1292/6104 1301/6105
f 1292/6106 1293/6107 1301/6108
f 1301/6109 1293/6110 1302/6111
f 1293/6112 1294/6113 1302/6114
f 1302/6115 1294/6116 1295/6117
f 1294/6118 1287/6119 1295/6120
f 1303/6121 1295/6122 1296/6123
f 1304/6124 1303/6125 1296/6126
f 1304/6127 1296/6128 1297/6129
f 1305/6130 1304/6131 1297/6132
f 1305/6133 1297/6134 1298/6135
f 1306/6136 1305/6137 1298/6138
f 1306/6139 1298/6140 1299/6141
f 1307/6142 1306/6143 1299/6144
f 1307/6145 1299/6146 1308/6147
f 1299/6148 1300/6149 1308/6150
f 1308/6151 1300/6152 1309/6153
f 1300/6154 1301/6155 1309/6156
f 1309/6157 1301/6158 1310/6159
f 1301/6160 1302/6161 1310/6162
f 1310/6163 1302/6164 1303/6165
f 1302/6166 1295/6167 1303/6168
f 1311/6169 1303/6170 1304/6171
f 1312/6172 1311/6173 1304/6174
f 1312/6175 1304/6176 1305/6177
f 1313/6178 1312/6179 1305/6180
f 1313/6181 1305/6182 1306/6183
f 1314/6184 1313/6185 1306/6186
f 1314/6187 1306/6188 1307/6189
f 1315/6190 1314/6191 1307/6192
f 1315/6193 1307/6194 1316/6195
f 1307/6196 1308/6197 1316/6198
f 1316/6199 1308/6200 1317/6201
f 1308/6202 1309/6203 1317/6204
f 1317/6205 1309/6206 1318/6207
f 1309/6208 1310/6209 1318/6210
f 1318/6211 1310/6212 1311/6213
f 1310/6214 1303/6215 1311/6216
f 1319/6217 1311/6218 1312/6219
f 1320/6220 1319/6221 1312/6222
f 1320/6223 1312/6224 1313/6225
f 1321/6226 1320/6227 1313/6228
f 1321/6229 1313/6230 1314/6231
f 1322/6232 1321/6233 1314/6234
f 1322/6235 1314/6236 1315/6237
f 1323/6238 1322/6239 1315/6240
f 1323/6241 1315/6242 1324/6243
f 1315/6244 1316/6245 1324/6246
f 1324/6247 1316/6248 1325/6249
f 1316/6250 1317/6251 1325/6252
f 1325/6253 1317/6254 1326/6255
f 1317/6256 1318/6257 1326/6258
f 1326/6259 1318/6260 1319/6261
f 1318/6262 1311/6263 1319/6264
f 1327/6265 1319/6266 1320/6267
f 1328/6268 1327/6269 1320/6270
f 1328/6271 1320/6272 1321/6273
f 1329/6274 1328/6275 1321/6276
f 1329/6277 1321/6278 1322/6279
f 1330/6280 1329/6281 1322/6282
f 1330/6283 1322/6284 1323/6285
f 1331/6286 1330/6287 1323/6288
f 1331/6289 1323/6290 1332/6291
f 1323/6292 1324/6293 1332/6294
f 1332/6295 1324/6296 1333/6297
f 1324/6298 1325/6299 1333/6300
f 1333/6301 1325/6302 1334/6303
f 1325/6304 1326/6305 1334/6306
f 1334/6307 1326/6308 1327/6309
f 1326/6310 1319/6311 1327/6312
f 1343/6313 1335/6314 1336/6315
f 1344/6316 1343/6317 1336/6318
f 1344/6319 1336/6320 1337/6321
f 1345/6322 1344/6323 1337/6324
f 1345/6325 1337/6326 1338/6327
f 1346/6328 1345/6329 1338/6330
f 1346/6331 1338/6332 1339/6333
f 1347/6334 1346/6335 1339/6336
f 1347/6337 1339/6338 1348/6339
f 1339/6340 1340/6341 1348/6342
f 1348/6343 1340/6344 1349/6345
f 1340/6346 1341/6347 1349/6348
f 1349/6349 1341/6350 1350/6351
f 1341/6352 1342/6353 1350/6354
f 1350/6355 1342/6356 1343/6357
f 1342/6358 1335/6359 1343/6360
f 1351/6361 1343/6362 1344/6363
f 1352/6364 1351/6365 1344/6366
f 1352/6367 1344/6368 1345/6369
f 1353/6370 1352/6371 1345/6372
f 1353/6373 1345/6374 1346/6375
f 1354/6376 1353/6377 1346/6378
f 1354/6379 1346/6380 1347/6381
f 1355/6382 1354/6383 1347/6384
f 1355/6385 1347/6386 1356/6387
f 1347/6388 1348/6389 1356/6390
f 1356/6391 1348/6392 1357/6393
f 1348/6394 1349/6395 1357/6396
f 1357/6397 1349/6398 1358/6399
f 1349/6400 1350/6401 1358/6402
f 1358/6403 1350/6404 1351/6405
f 1350/6406 1343/6407 1351/6408
f 1359/6409 1351/6410 1352/6411
f 1360/6412 1359/6413 1352/6414
f 1360/6415 1352/6416 1353/6417
f 1361/6418 1360/6419 1353/6420
f 1361/6421 1353/6422 1354/6423
f 1362/6424 1361/6425 1354/6426
f 1362/6427 1354/6428 1355/6429
f 1363/6430 1362/6431 1355/6432
f 1363/6433 1355/6434 1364/6435
f 1355/6436 1356/6437 1364/6438
f 1364/6439 1356/6440 1365/6441
f 1356/6442 1357/6443 1365/6444
f 1365/6445 1357/6446 1366/6447
f 1357/6448 1358/6449 1366/6450
f 1366/6451 1358/6452 1359/6453
f 1358/6454 1351/6455 1359/6456
f 1367/6457 1359/6458 1360/6459
f 1368/6460 1367/6461 1360/6462
f 1368/6463 1360/6464 1361/6465
f 1369/6466 1368/6467 1361/6468
f 1369/6469 1361/6470 1362/6471
f 1370/6472 1369/6473 1362/6474
f 1370/6475 1362/6476 1363/6477
f 1371/6478 1370/6479 1363/6480
f 1371/6481 1363/6482 1372/6483
f 1363/6484 1364/6485 1372/6486
f 1372/6487 1364/6488 1373/6489
f 1364/6490 1365/6491 1373/6492
f 1373/6493 1365/6494 1374/6495
f 1365/6496 1366/6497 1374/6498
f 1374/6499 1366/6500 1367/6501
f 1366/6502 1359/6503 1367/6504
f 1375/6505 1367/6506 1368/6507
f 1376/6508 1375/6509 1368/6510
f 1376/6511 1368/6512 1369/6513
f 1377/6514 1376/6515 1369/6516
f 1377/6517 1369/6518 1370/6519
f 1378/6520 1377/6521 1370/6522
f 1378/6523 1370/6524 1371/6525
f 1379/6526 1378/6527 1371/6528
f 1379/6529 1371/6530 1380/6531
f 1371/6532 1372/6533 1380/6534
f 1380/6535 1372/6536 1381/6537
f 1372/6538 1373/6539 1381/6540
f 1381/6541 1373/6542 1382/6543
f 1373/6544 1374/6545 1382/6546
f 1382/6547 1374/6548 1375/6549
f 1374/6550 1367/6551 1375/6552
f 1383/6553 1375/6554 1376/6555
f 1384/6556 1383/6557 1376/6558
f 1384/6559 1376/6560 1377/6561
f 1385/6562 1384/6563 1377/6564
f 1385/6565 1377/6566 1378/6567
f 1386/6568 1385/6569 1378/6570
f 1386/6571 1378/6572 1379/6573
f 1387/6574 1386/6575 1379/6576
f 1387/6577 1379/6578 1388/6579
f 1379/6580 1380/6581 1388/6582
f 1388/6583 1380/6584 1389/6585
f 1380/6586 1381/6587 1389/6588
f 1389/6589 1381/6590 1390/6591
f 1381/6592 1382/6593 1390/6594
f 1390/6595 1382/6596 1383/6597
f 1382/6598 1375/6599 1383/6600
f 1399/6601 1391/6602 1392/6603
f 1400/6604 1399/6605 1392/6606
f 1400/6607 1392/6608 1393/6609
f 1401/6610 1400/6611 1393/6612
f 1401/6613 1393/6614 1394/6615
f 1402/6616 1401/6617 1394/6618
f 1402/6619 1394/6620 1395/6621
f 1403/6622 1402/6623 1395/6624
f 1403/6625 1395/6626 1404/6627
f 1395/6628 1396/6629 1404/6630
f 1404/6631 1396/6632 1405/6633
f 1396/6634 1397/6635 1405/6636
f 1405/6637 1397/6638 1406/6639
f 1397/6640 1398/6641 1406/6642
f 1406/6643 1398/6644 1399/6645
f 1398/6646 1391/6647 1399/6648
f 1407/6649 1399/6650 1400/6651
f 1408/6652 1407/6653 1400/6654
f 1408/6655 1400/6656 1401/6657
f 1409/6658 1408/6659 1401/6660
f 1409/6661 1401/6662 1402/6663
f 1410/6664 1409/6665 1402/6666
f 1410/6667 1402/6668 1403/6669
f 1411/6670 1410/6671 1403/6672
f 1411/6673 1403/6674 1412/6675
f 1403/6676 1404/6677 1412/6678
f 1412/6679 1404/6680 1413/6681
f 1404/6682 1405/6683 1413/6684
f 1413/6685 1405/6686 1414/6687
f 1405/6688 1406/6689 1414/6690
f 1414/6691 1406/6692 1407/6693
f 1406/6694 1399/6695 1407/6696
f 1415/6697 1407/6698 1408/6699
f 1416/6700 1415/6701 1408/6702
f 1416/6703 1408/6704 1409/6705
f 1417/6706 1416/6707 1409/6708
f 1417/6709 1409/6710 1410/6711
f 1418/6712 1417/6713 1410/6714
f 1418/6715 1410/6716 1411/6717
f 1419/6718 1418/6719 1411/6720
f 1419/6721 1411/6722 1420/6723
f 1411/6724 1412/6725 1420/6726
f 1420/6727 1412/6728 1421/6729
f 1412/6730 1413/6731 1421/6732
f 1421/6733 1413/6734 1422/6735
f 1413/6736 1414/6737 1422/6738
f 1422/6739 1414/6740 1415/6741
f 1414/6742 1407/6743 1415/6744
f 1423/6745 1415/6746 1416/6747
f 1424/6748 1423/6749 1416/6750
f 1424/6751 1416/6752 1417/6753
f 1425/6754 1424/6755 1417/6756
f 1425/6757 1417/6758 1418/6759
f 1426/6760 1425/6761 1418/6762
f 1426/6763 1418/6764 1419/6765
f 1427/6766 1426/6767 1419/6768
f 1427/6769 1419/6770 1428/6771
f 1419/6772 1420/6773 1428/6774
f 1428/6775 1420/6776 1429/6777
f 1420/6778 1421/6779 1429/6780
f 1429/6781 1421/6782 1430/6783
f 1421/6784 1422/6785 1430/6786
f 1430/6787 1422/6788 1423/6789
f 1422/6790 1415/6791 1423/6792
f 1431/6793 1423/6794 1424/6795
f 1432/6796 1431/6797 1424/6798
f 1432/6799 1424/6800 1425/6801
f 1433/6802 1432/6803 1425/6804
f 1433/6805 1425/6806 1426/6807
f 1434/6808 1433/6809 1426/6810
f 1434/6811 1426/6812 1427/6813
f 1435/6814 1434/6815 1427/6816
f 1435/6817 1427/6818 1436/6819
f 1427/6820 1428/6821 1436/6822
f 1436/6823 1428/6824 1437/6825
f 1428/6826 1429/6827 1437/6828
f 1437/6829 1429/6830 1438/6831
f 1429/6832 1430/6833 1438/6834
f 1438/6835 1430/6836 1431/6837
f 1430/6838 1423/6839 1431/6840
f 1439/6841 1431/6842 1432/6843
f 1440/6844 1439/6845 1432/6846
f 1440/6847 1432/6848 1433/6849
f 1441/6850 1440/6851 1433/6852
f 1441/6853 1433/6854 1434/6855
f 1442/6856 1441/6857 1434/6858
f 1442/6859 1434/6860 1435/6861
f 1443/6862 1442/6863 1435/6864
f 1443/6865 1435/6866 1444/6867
f 1435/6868 1436/6869 1444/6870
f 1444/6871 1436/6872 1445/6873
f 1436/6874 1437/6875 1445/6876
f 1445/6877 1437/6878 1446/6879
f 1437/6880 1438/6881 1446/6882
f 1446/6883 1438/6884 1439/6885
f 1438/6886 1431/6887 1439/6888
f 1455/6889 1447/6890 1448/6891
f 1456/6892 1455/6893 1448/6894
f 1456/6895 1448/6896 1449/6897
f 1457/6898 1456/6899 1449/6900
f 1457/6901 1449/6902 1450/6903
f 1458/6904 1457/6905 1450/6906
f 1458/6907 1450/6908 1451/6909
f 1459/6910 1458/6911 1451/6912
f 1459/6913 1451/6914 1460/6915
f 1451/6916 1452/6917 1460/6918
f 1460/6919 1452/6920 1461/6921
f 1452/6922 1453/6923 1461/6924
f 1461/6925 1453/6926 1462/6927
f 1453/6928 1454/6929 1462/6930
f 1462/6931 1454/6932 1455/6933
f 1454/6934 1447/6935 1455/6936
f 1463/6937 1455/6938 1456/6939
f 1464/6940 1463/6941 1456/6942
f 1464/6943 1456/6944 1457/6945
f 1465/6946 1464/6947 1457/6948
f 1465/6949 1457/6950 1458/6951
f 1466/6952 1465/6953 1458/6954
f 1466/6955 1458/6956 1459/6957
f 1467/6958 1466/6959 1459/6960
f 1467/6961 1459/6962 1468/6963
f 1459/6964 1460/6965 1468/6966
f 1468/6967 1460/6968 1469/6969
f 1460/6970 1461/6971 1469/6972
f 1469/6973 1461/6974 1470/6975
f 1461/6976 1462/6977 1470/6978
f 1470/6979 1462/6980 1463/6981
f 1462/6982 1455/6983 1463/6984
f 1471/6985 1463/6986 1464/6987
f 1472/6988 1471/6989 1464/6990
f 1472/6991 1464/6992 1465/6993
f 1473/6994 1472/6995 1465/6996
f 1473/6997 1465/6998 1466/6999
f 1474/7000 1473/7001 1466/7002
f 1474/7003 1466/7004 1467/7005
f 1475/7006 1474/7007 1467/7008
f 1475/7009 1467/7010 1476/7011
f 1467/7012 1468/7013 1476/7014
f 1476/7015 1468/7016 1477/7017
f 1468/7018 1469/7019 1477/7020
f 1477/7021 1469/7022 1478/7023
f 1469/7024 1470/7025 1478/7026
f 1478/7027 1470/7028 1471/7029
f 1470/7030 1463/7031 1471/7032
f 1479/7033 1471/7034 1472/7035
f 1480/7036 1479/7037 1472/7038
f 1480/7039 1472/7040 1473/7041
f 1481/7042 1480/7043 1473/7044
f 1481/7045 1473/7046 1474/7047
f 1482/7048 1481/7049 1474/7050
f 1482/7051 1474/7052 1475/7053
f 1483/7054 1482/7055 1475/7056
f 1483/7057 1475/7058 1484/7059
f 1475/7060 1476/7061 1484/7062
f 1484/7063 1476/7064 1485/7065
f 1476/7066 1477/7067 1485/7068
f 1485/7069 1477/7070 1486/7071
f 1477/7072 1478/7073 1486/7074
f 1486/7075 1478/7076 1479/7077
f 1478/7078 1471/7079 1479/7080
f 1487/7081 1479/7082 1480/7083
f 1488/7084 1487/7085 1480/7086
f 1488/7087 1480/7088 1481/7089
f 1489/7090 1488/7091 1481/7092
f 1489/7093 1481/7094 1482/7095
f 1490/7096 1489/7097 1482/7098
f 1490/7099 1482/7100 1483/7101
f 1491/7102 1490/7103 1483/7104
f 1491/7105 1483/7106 1492/7107
f 1483/7108 1484/7109 1492/7110
f 1492/7111 1484/7112 1493/7113
f 1484/7114 1485/7115 1493/7116
f 1493/7117 1485/7118 1494/7119
f 1485/7120 1486/7121 1494/7122
f 1494/7123 1486/7124 1487/7125
f 1486/7126 1479/7127 1487/7128
f 1495/7129 1487/7130 1488/7131
f 1496/7132 1495/7133 1488/7134
f 1496/7135 1488/7136 1489/7137
f 1497/7138 1496/7139 1489/7140
f 1497/7141 1489/7142 1490/7143
f 1498/7144 1497/7145 1490/7146
f 1498/7147 1490/7148 1491/7149
f 1499/7150 1498/7151 1491/7152
f 1499/7153 1491/7154 1500/7155
f 1491/7156 1492/7157 1500/7158
f 1500/7159 1492/7160 1501/7161
f 1492/7162 1493/7163 1501/7164
f 1501/7165 1493/7166 1502/7167
f 1493/7168 1494/7169 1502/7170
f 1502/7171 1494/7172 1495/7173
f 1494/7174 1487/7175 1495/7176
f 1511/7177 1503/7178 1504/7179
f 1512/7180 1511/7181 1504/7182
f 1512/7183 1504/7184 1505/7185
f 1513/7186 1512/7187 1505/7188
f 1513/7189 1505/7190 1506/7191
f 1514/7192 1513/7193 1506/7194
f 1514/7195 1506/7196 1507/7197
f 1515/7198 1514/7199 1507/7200
f 1515/7201 1507/7202 1516/7203
f 1507/7204 1508/7205 1516/7206
f 1516/7207 1508/7208 1517/7209
f 1508/7210 1509/7211 1517/7212
f 1517/7213 1509/7214 1518/7215
f 1509/7216 1510/7217 1518/7218
f 1518/7219 1510/7220 1511/7221
f 1510/7222 1503/7223 1511/7224
f 1519/7225 1511/7226 1512/7227
f 1520/7228 1519/7229 1512/7230
f 1520/7231 1512/7232 1513/7233
f 1521/7234 1520/7235 1513/7236
f 1521/7237 1513/7238 1514/7239
f 1522/7240 1521/7241 1514/7242
f 1522/7243 1514/7244 1515/7245
f 1523/7246 1522/7247 1515/7248
f 1523/7249 1515/7250 1524/7251
f 1515/7252 1516/7253 1524/7254
f 1524/7255 1516/7256 1525/7257
f 1516/7258 1517/7259 1525/7260
f 1525/7261 1517/7262 1526/7263
f 1517/7264 1518/7265 1526/7266
f 1526/7267 1518/7268 1519/7269
f 1518/7270 1511/7271 1519/7272
f 1527/7273 1519/7274 1520/7275
f 1528/7276 1527/7277 1520/7278
f 1528/7279 1520/7280 1521/7281
f 1529/7282 1528/7283 1521/7284
f 1529/7285 1521/7286 1522/7287
f 1530/7288 1529/7289 1522/7290
f 1530/7291 1522/7292 1523/7293
f 1531/7294 1530/7295 1523/7296
f 1531/7297 1523/7298 1532/7299
f 1523/7300 1524/7301 1532/7302
f 1532/7303 1524/7304 1533/7305
f 1524/7306 1525/7307 1533/7308
f 1533/7309 1525/7310 1534/7311
f 1525/7312 1526/7313 1534/7314
f 1534/7315 1526/7316 1527/7317
f 1526/7318 1519/7319 1527/7320
f 1535/7321 1527/7322 1528/7323
f 1536/7324 1535/7325 1528/7326
f 1536/7327 1528/7328 1529/7329
f 1537/7330 1536/7331 1529/7332
f 1537/7333 1529/7334 1530/7335
f 1538/7336 1537/7337 1530/7338
f 1538/7339 1530/7340 1531/7341
f 1539/7342 1538/7343 1531/7344
f 1539/7345 1531/7346 1540/7347
f 1531/7348 1532/7349 1540/7350
f 1540/7351 1532/7352 1541/7353
f 1532/7354 1533/7355 1541/7356
f 1541/7357 1533/7358 1542/7359
f 1533/7360 1534/7361 1542/7362
f 1542/7363 1534/7364 1535/7365
f 1534/7366 1527/7367 1535/7368
f 1543/7369 1535/7370 1536/7371
f 1544/7372 1543/7373 1536/7374
f 1544/7375 1536/7376 1537/7377
f 1545/7378 1544/7379 1537/7380
f 1545/7381 1537/7382 1538/7383
f 1546/7384 1545/7385 1538/7386
f 1546/7387 1538/7388 1539/7389
f 1547/7390 1546/7391 1539/7392
f 1547/7393 1539/7394 1548/7395
f 1539/7396 1540/7397 1548/7398
f 1548/7399 1540/7400 1549/7401
f 1540/7402 1541/7403 1549/7404
f 1549/7405 1541/7406 1550/7407
f 1541/7408 1542/7409 1550/7410
f 1550/7411 1542/7412 1543/7413
f 1542/7414 1535/7415 1543/7416
f 1551/7417 1543/7418 1544/7419
f 1552/7420 1551/7421 1544/7422
f 1552/7423 1544/7424 1545/7425
f 1553/7426 1552/7427 1545/7428
f 1553/7429 1545/7430 1546/7431
f 1554/7432 1553/7433 1546/7434
f 1554/7435 1546/7436 1547/7437
f 1555/7438 1554/7439 1547/7440
f 1555/7441 1547/7442 1556/7443
f 1547/7444 1548/7445 1556/7446
f 1556/7447 1548/7448 1557/7449
f 1548/7450 1549/7451 1557/7452
f 1557/7453 1549/7454 1558/7455
f 1549/7456 1550/7457 1558/7458
f 1558/7459 1550/7460 1551/7461
f 1550/7462 1543/7463 1551/7464
f 1567/7465 1559/7466 1560/7467
f 1568/7468 1567/7469 1560/7470
f 1568/7471 1560/7472 1561/7473
f 1569/7474 1568/7475 1561/7476
f 1569/7477 1561/7478 1562/7479
f 1570/7480 1569/7481 1562/7482
f 1570/7483 1562/7484 1563/7485
f 1571/7486 1570/7487 1563/7488
f 1571/7489 1563/7490 1572/7491
f 1563/7492 1564/7493 1572/7494
f 1572/7495 1564/7496 1573/7497
f 1564/7498 1565/7499 1573/7500
f 1573/7501 1565/7502 1574/7503
f 1565/7504 1566/7505 1574/7506
f 1574/7507 1566/7508 1567/7509
f 1566/7510 1559/7511 1567/7512
f 1575/7513 1567/7514 1568/7515
f 1576/7516 1575/7517 1568/7518
f 1576/7519 1568/7520 1569/7521
f 1577/7522 1576/7523 1569/7524
f 1577/7525 1569/7526 1570/7527
f 1578/7528 1577/7529 1570/7530
f 1578/7531 1570/7532 1571/7533
f 1579/7534 1578/7535 1571/7536
f 1579/7537 1571/7538 1580/7539
f 1571/7540 1572/7541 1580/7542
f 1580/7543 1572/7544 1581/7545
f 1572/7546 1573/7547 1581/7548
f 1581/7549 1573/7550 1582/7551
f 1573/7552 1574/7553 1582/7554
f 1582/7555 1574/7556 1575/7557
f 1574/7558 1567/7559 1575/7560
f 1583/7561 1575/7562 1576/7563
f 1584/7564 1583/7565 1576/7566
f 1584/7567 1576/7568 1577/7569
f 1585/7570 1584/7571 1577/7572
f 1585/7573 1577/7574 1578/7575
f 1586/7576 1585/7577 1578/7578
f 1586/7579 1578/7580 1579/7581
f 1587/7582 1586/7583 1579/7584
f 1587/7585 1579/7586 1588/7587
f 1579/7588 1580/7589 1588/7590
f 1588/7591 1580/7592 1589/7593
f 1580/7594 1581/7595 1589/7596
f 1589/7597 1581/7598 1590/7599
f 1581/7600 1582/7601 1590/7602
f 1590/7603 1582/7604 1583/7605
f 1582/7606 1575/7607 1583/7608
f 1591/7609 1583/7610 1584/7611
f 1592/7612 1591/7613 1584/7614
f 1592/7615 1584/7616 1585/7617
f 1593/7618 1592/7619 1585/7620
f 1593/7621 1585/7622 1586/7623
f 1594/7624 1593/7625 1586/7626
f 1594/7627 1586/7628 1587/7629
f 1595/7630 1594/7631 1587/7632
f 1595/7633 1587/7634 1596/7635
f 1587/7636 1588/7637 1596/7638
f 1596/7639 1588/7640 1597/7641
f 1588/7642 1589/7643 1597/7644
f 1597/7645 1589/7646 1598/7647
f 1589/7648 1590/7649 1598/7650
f 1598/7651 1590/7652 1591/7653
f 1590/7654 1583/7655 1591/7656
f 1599/7657 1591/7658 1592/7659
f 1600/7660 1599/7661 1592/7662
f 1600/7663 1592/7664 1593/7665
f 1601/7666 1600/7667 1593/7668
f 1601/7669 1593/7670 1594/7671
f 1602/7672 1601/7673 1594/7674
f 1602/7675 1594/7676 1595/7677
f 1603/7678 1602/7679 1595/7680
f 1603/7681 1595/7682 1604/7683
f 1595/7684 1596/7685 1604/7686
f 1604/7687 1596/7688 1605/7689
f 1596/7690 1597/7691 1605/7692
f 1605/7693 1597/7694 1606/7695
f 1597/7696 1598/7697 1606/7698
f 1606/7699 1598/7700 1599/7701
f 1598/7702 1591/7703 1599/7704
f 1607/7705 1599/7706 1600/7707
f 1608/7708 1607/7709 1600/7710
f 1608/7711 1600/7712 1601/7713
f 1609/7714 1608/7715 1601/7716
f 1609/7717 1601/7718 1602/7719
f 1610/7720 1609/7721 1602/7722
f 1610/7723 1602/7724 1603/7725
f 1611/7726 1610/7727 1603/7728
f 1611/7729 1603/7730 1612/7731
f 1603/7732 1604/7733 1612/7734
f 1612/7735 1604/7736 1613/7737
f 1604/7738 1605/7739 1613/7740
f 1613/7741 1605/7742 1614/7743
f 1605/7744 1606/7745 1614/7746
f 1614/7747 1606/7748 1607/7749
f 1606/7750 1599/7751 1607/7752
f 1623/7753 1615/7754 1616/7755
f 1624/7756 1623/7757 1616/7758
f 1624/7759 1616/7760 1617/7761
f 1625/7762 1624/7763 1617/7764
f 1625/7765 1617/7766 1618/7767
f 1626/7768 1625/7769 1618/7770
f 1626/7771 1618/7772 1619/7773
f 1627/7774 1626/7775 1619/7776
f 1627/7777 1619/7778 1628/7779
f 1619/7780 1620/7781 1628/7782
f 1628/7783 1620/7784 1629/7785
f 1620/7786 1621/7787 1629/7788
f 1629/7789 1621/7790 1630/7791
f 1621/7792 1622/7793 1630/7794
f 1630/7795 1622/7796 1623/7797
f 1622/7798 1615/7799 1623/7800
f 1631/7801 1623/7802 1624/7803
f 1632/7804 1631/7805 1624/7806
f 1632/7807 1624/7808 1625/7809
f 1633/7810 1632/7811 1625/7812
f 1633/7813 1625/7814 1626/7815
f 1634/7816 1633/7817 1626/7818
f 1634/7819 1626/7820 1627/7821
f 1635/7822 1634/7823 1627/7824
f 1635/7825 1627/7826 1636/7827
f 1627/7828 1628/7829 1636/7830
f 1636/7831 1628/7832 1637/7833
f 1628/7834 1629/7835 1637/7836
f 1637/7837 1629/7838 1638/7839
f 1629/7840 1630/7841 1638/7842
f 1638/7843 1630/7844 1631/7845
f 1630/7846 1623/7847 1631/7848
f 1639/7849 1631/7850 1632/7851
f 1640/7852 1639/7853 1632/7854
f 1640/7855 1632/7856 1633/7857
f 1641/7858 1640/7859 1633/7860
f 1641/7861 1633/7862 1634/7863
f 1642/7864 1641/7865 1634/7866
f 1642/7867 1634/7868 1635/7869
f 1643/7870 1642/7871 1635/7872
f 1643/7873 1635/7874 1644/7875
f 1635/7876 1636/7877 1644/7878
f 1644/7879 1636/7880 1645/7881
f 1636/7882 1637/7883 1645/7884
f 1645/7885 1637/7886 1646/7887
f 1637/7888 1638/7889 1646/7890
f 1646/7891 1638/7892 1639/7893
f 1638/7894 1631/7895 1639/7896
f 1647/7897 1639/7898 1640/7899
f 1648/7900 1647/7901 1640/7902
f 1648/7903 1640/7904 1641/7905
f 1649/7906 1648/7907 1641/7908
f 1649/7909 1641/7910 1642/7911
f 1650/7912 1649/7913 1642/7914
f 1650/7915 1642/7916 1643/7917
f 1651/7918 1650/7919 1643/7920
f 1651/7921 1643/7922 1652/7923
f 1643/7924 1644/7925 1652/7926
f 1652/7927 1644/7928 1653/7929
f 1644/7930 1645/7931 1653/7932
f 1653/7933 1645/7934 1654/7935
f 1645/7936 1646/7937 1654/7938
f 1654/7939 1646/7940 1647/7941
f 1646/7942 1639/7943 1647/7944
f 1655/7945 1647/7946 1648/7947
f 1656/7948 1655/7949 1648/7950
f 1656/7951 1648/7952 1649/7953
f 1657/7954 1656/7955 1649/7956
f 1657/7957 1649/7958 1650/7959
f 1658/7960 1657/7961 1650/7962
f 1658/7963 1650/7964 1651/7965
f 1659/7966 1658/7967 1651/7968
f 1659/7969 1651/7970 1660/7971
f 1651/7972 1652/7973 1660/7974
f 1660/7975 1652/7976 1661/7977
f 1652/7978 1653/7979 1661/7980
f 1661/7981 1653/7982 1662/7983
f 1653/7984 1654/7985 1662/7986
f 1662/7987 1654/7988 1655/7989
f 1654/7990 1647/7991 1655/7992
f 1663/7993 1655/7994 1656/7995
f 1664/7996 1663/7997 1656/7998
f 1664/7999 1656/8000 1657/8001
f 1665/8002 1664/8003 1657/8004
f 1665/8005 1657/8006 1658/8007
f 1666/8008 1665/8009 1658/8010
f 1666/8011 1658/8012 1659/8013
f 1667/8014 1666/8015 1659/8016
f 1667/8017 1659/8018 1668/8019
f 1659/8020 1660/8021 1668/8022
f 1668/8023 1660/8024 1669/8025
f 1660/8026 1661/8027 1669/8028
f 1669/8029 1661/8030 1670/8031
f 1661/8032 1662/8033 1670/8034
f 1670/8035 1662/8036 1663/8037
f 1662/8038 1655/8039 1663/8040
f 1679/8041 1671/8042 1672/8043
f 1680/8044 1679/8045 1672/8046
f 1680/8047 1672/8048 1673/8049
f 1681/8050 1680/8051 1673/8052
f 1681/8053 1673/8054 1674/8055
f 1682/8056 1681/8057 1674/8058
f 1682/8059 1674/8060 1675/8061
f 1683/8062 1682/8063 1675/8064
f 1683/8065 1675/8066 1684/8067
f 1675/8068 1676/8069 1684/8070
f 1684/8071 1676/8072 1685/8073
f 1676/8074 1677/8075 1685/8076
f 1685/8077 1677/8078 1686/8079
f 1677/8080 1678/8081 1686/8082
f 1686/8083 1678/8084 1679/8085
f 1678/8086 1671/8087 1679/8088
f 1687/8089 1679/8090 1680/8091
f 1688/8092 1687/8093 1680/8094
f 1688/8095 1680/8096 1681/8097
f 1689/8098 1688/8099 1681/8100
f 1689/8101 1681/8102 1682/8103
f 1690/8104 1689/8105 1682/8106
f 1690/8107 1682/8108 1683/8109
f 1691/8110 1690/8111 1683/8112
f 1691/8113 1683/8114 1692/8115
f 1683/8116 1684/8117 1692/8118
f 1692/8119 1684/8120 1693/8121
f 1684/8122 1685/8123 1693/8124
f 1693/8125 1685/8126 1694/8127
f 1685/8128 1686/8129 1694/8130
f 1694/8131 1686/8132 1687/8133
f 1686/8134 1679/8135 1687/8136
f 1695/8137 1687/8138 1688/8139
f 1696/8140 1695/8141 1688/8142
f 1696/8143 1688/8144 1689/8145
f 1697/8146 1696/8147 1689/8148
f 1697/8149 1689/8150 1690/8151
f 1698/8152 1697/8153 1690/8154
f 1698/8155 1690/8156 1691/8157
f 1699/8158 1698/8159 1691/8160
f 1699/8161 1691/8162 1700/8163
f 1691/8164 1692/8165 1700/8166
f 1700/8167 1692/8168 1701/8169
f 1692/8170 1693/8171 1701/8172
f 1701/8173 1693/8174 1702/8175
f 1693/8176 1694/8177 1702/8178
f 1702/8179 1694/8180 1695/8181
f 1694/8182 1687/8183 1695/8184
f 1711/8185 1703/8186 1704/8187
f 1712/8188 1711/8189 1704/8190
f 1712/8191 1704/8192 1705/8193
f 1713/8194 1712/8195 1705/8196
f 1713/8197 1705/8198 1706/8199
f 1714/8200 1713/8201 1706/8202
f 1714/8203 1706/8204 1707/8205
f 1715/8206 1714/8207 1707/8208
f 1715/8209 1707/8210 1716/8211
f 1707/8212 1708/8213 1716/8214
f 1716/8215 1708/8216 1717/8217
f 1708/8218 1709/8219 1717/8220
f 1717/8221 1709/8222 1718/8223
f 1709/8224 1710/8225 1718/8226
f 1718/8227 1710/8228 1711/8229
f 1710/8230 1703/8231 1711/8232
f 1719/8233 1711/8234 1712/8235
f 1720/8236 1719/8237 1712/8238
f 1720/8239 1712/8240 1713/8241
f 1721/8242 1720/8243 1713/8244
f 1721/8245 1713/8246 1714/8247
f 1722/8248 1721/8249 1714/8250
f 1722/8251 1714/8252 1715/8253
f 1723/8254 1722/8255 1715/8256
f 1723/8257 1715/8258 1724/8259
f 1715/8260 1716/8261 1724/8262
f 1724/8263 1716/8264 1725/8265
f 1716/8266 1717/8267 1725/8268
f 1725/8269 1717/8270 1726/8271
f 1717/8272 1718/8273 1726/8274
f 1726/8275 1718/8276 1719/8277
f 1718/8278 1711/8279 1719/8280
f 1727/8281 1719/8282 1720/8283
f 1728/8284 1727/8285 1720/8286
f 1728/8287 1720/8288 1721/8289
f 1729/8290 1728/8291 1721/8292
f 1729/8293 1721/8294 1722/8295
f 1730/8296 1729/8297 1722/8298
f 1730/8299 1722/8300 1723/8301
f 1731/8302 1730/8303 1723/8304
f 1731/8305 1723/8306 1732/8307
f 1723/8308 1724/8309 1732/8310
f 1732/8311 1724/8312 1733/8313
f 1724/8314 1725/8315 1733/8316
f 1733/8317 1725/8318 1734/8319
f 1725/8320 1726/8321 1734/8322
f 1734/8323 1726/8324 1727/8325
f 1726/8326 1719/8327 1727/8328
f 1743/8329 1735/8330 1736/8331
f 1744/8332 1743/8333 1736/8334
f 1744/8335 1736/8336 1737/8337
f 1745/8338 1744/8339 1737/8340
f 1745/8341 1737/8342 1738/8343
f 1746/8344 1745/8345 1738/8346
f 1746/8347 1738/8348 1739/8349
f 1747/8350 1746/8351 1739/8352
f 1747/8353 1739/8354 1748/8355
f 1739/8356 1740/8357 1748/8358
f 1748/8359 1740/8360 1749/8361
f 1740/8362 1741/8363 1749/8364
f 1749/8365 1741/8366 1750/8367
f 1741/8368 1742/8369 1750/8370
f 1750/8371 1742/8372 1743/8373
f 1742/8374 1735/8375 1743/8376
f 1751/8377 1743/8378 1744/8379
f 1752/8380 1751/8381 1744/8382
f 1752/8383 1744/8384 1745/8385
f 1753/8386 1752/8387 1745/8388
f 1753/8389 1745/8390 1746/8391
f 1754/8392 1753/8393 1746/8394
f 1754/8395 1746/8396 1747/8397
f 1755/8398 1754/8399 1747/8400
f 1755/8401 1747/8402 1756/8403
f 1747/8404 1748/8405 1756/8406
f 1756/8407 1748/8408 1757/8409
f 1748/8410 1749/8411 1757/8412
f 1757/8413 1749/8414 1758/8415
f 1749/8416 1750/8417 1758/8418
f 1758/8419 1750/8420 1751/8421
f 1750/8422 1743/8423 1751/8424
f 1759/8425 1751/8426 1752/8427
f 1760/8428 1759/8429 1752/8430
f 1760/8431 1752/8432 1753/8433
f 1761/8434 1760/8435 1753/8436
f 1761/8437 1753/8438 1754/8439
f 1762/8440 1761/8441 1754/8442
f 1762/8443 1754/8444 1755/8445
f 1763/8446 1762/8447 1755/8448
f 1763/8449 1755/8450 1764/8451
f 1755/8452 1756/8453 1764/8454
f 1764/8455 1756/8456 1765/8457
f 1756/8458 1757/8459 1765/8460
f 1765/8461 1757/8462 1766/8463
f 1757/8464 1758/8465 1766/8466
f 1766/8467 1758/8468 1759/8469
f 1758/8470 1751/8471 1759/8472
f 1775/8473 1767/8474 1768/8475
f 1776/8476 1775/8477 1768/8478
f 1776/8479 1768/8480 1769/8481
f 1777/8482 1776/8483 1769/8484
f 1777/8485 1769/8486 1770/8487
f 1778/8488 1777/8489 1770/8490
f 1778/8491 1770/8492 1771/8493
f 1779/8494 1778/8495 1771/8496
f 1779/8497 1771/8498 1780/8499
f 1771/8500 1772/8501 1780/8502
f 1780/8503 1772/8504 1781/8505
f 1772/8506 1773/8507 1781/8508
f 1781/8509 1773/8510 1782/8511
f 1773/8512 1774/8513 1782/8514
f 1782/8515 1774/8516 1775/8517
f 1774/8518 1767/8519 1775/8520
f 1783/8521 1775/8522 1776/8523
f 1784/8524 1783/8525 1776/8526
f 1784/8527 1776/8528 1777/8529
f 1785/8530 1784/8531 1777/8532
f 1785/8533 1777/8534 1778/8535
f 1786/8536 1785/8537 1778/8538
f 1786/8539 1778/8540 1779/8541
f 1787/8542 1786/8543 1779/8544
f 1787/8545 1779/8546 1788/8547
f 1779/8548 1780/8549 1788/8550
f 1788/8551 1780/8552 1789/8553
f 1780/8554 1781/8555 1789/8556
f 1789/8557 1781/8558 1790/8559
f 1781/8560 1782/8561 1790/8562
f 1790/8563 1782/8564 1783/8565
f 1782/8566 1775/8567 1783/8568
f 1791/8569 1783/8570 1784/8571
f 1792/8572 1791/8573 1784/8574
f 1792/8575 1784/8576 1785/8577
f 1793/8578 1792/8579 1785/8580
f 1793/8581 1785/8582 1786/8583
f 1794/8584 1793/8585 1786/8586
f 1794/8587 1786/8588 1787/8589
f 1795/8590 1794/8591 1787/8592
f 1795/8593 1787/8594 1796/8595
f 1787/8596 1788/8597 1796/8598
f 1796/8599 1788/8600 1797/8601
f 1788/8602 1789/8603 1797/8604
f 1797/8605 1789/8606 1798/8607
f 1789/8608 1790/8609 1798/8610
f 1798/8611 1790/8612 1791/8613
f 1790/8614 1783/8615 1791/8616
f 1807/8617 1799/8618 1800/8619
f 1808/8620 1807/8621 1800/8622
f 1808/8623 1800/8624 1801/8625
f 1809/8626 1808/8627 1801/8628
f 1809/8629 1801/8630 1802/8631
f 1810/8632 1809/8633 1802/8634
f 1810/8635 1802/8636 1803/8637
f 1811/8638 1810/8639 1803/8640
f 1811/8641 1803/8642 1812/8643
f 1803/8644 1804/8645 1812/8646
f 1812/8647 1804/8648 1813/8649
f 1804/8650 1805/8651 1813/8652
f 1813/8653 1805/8654 1814/8655
f 1805/8656 1806/8657 1814/8658
f 1814/8659 1806/8660 1807/8661
f 1806/8662 1799/8663 1807/8664
f 1815/8665 1807/8666 1808/8667
f 1816/8668 1815/8669 1808/8670
f 1816/8671 1808/8672 1809/8673
f 1817/8674 1816/8675 1809/8676
f 1817/8677 1809/8678 1810/8679
f 1818/8680 1817/8681 1810/8682
f 1818/8683 1810/8684 1811/8685
f 1819/8686 1818/8687 1811/8688
f 1819/8689 1811/8690 1820/8691
f 1811/8692 1812/8693 1820/8694
f 1820/8695 1812/8696 1821/8697
f 1812/8698 1813/8699 1821/8700
f 1821/8701 1813/8702 1822/8703
f 1813/8704 1814/8705 1822/8706
f 1822/8707 1814/8708 1815/8709
f 1814/8710 1807/8711 1815/8712
f 1823/8713 1815/8714 1816/8715
f 1824/8716 1823/8717 1816/8718
f 1824/8719 1816/8720 1817/8721
f 1825/8722 1824/8723 1817/8724
f 1825/8725 1817/8726 1818/8727
f 1826/8728 1825/8729 1818/8730
f 1826/8731 1818/8732 1819/8733
f 1827/8734 1826/8735 1819/8736
f 1827/8737 1819/8738 1828/8739
f 1819/8740 1820/8741 1828/8742
f 1828/8743 1820/8744 1829/8745
f 1820/8746 1821/8747 1829/8748
f 1829/8749 1821/8750 1830/8751
f 1821/8752 1822/8753 1830/8754
f 1830/8755 1822/8756 1823/8757
f 1822/8758 1815/8759 1823/8760
f 1839/8761 1831/8762 1832/8763
f 1840/8764 1839/8765 1832/8766
f 1840/8767 1832/8768 1833/8769
f 1841/8770 1840/8771 1833/8772
f 1841/8773 1833/8774 1834/8775
f 1842/8776 1841/8777 1834/8778
f 1842/8779 1834/8780 1835/8781
f 1843/8782 1842/8783 1835/8784
f 1843/8785 1835/8786 1844/8787
f 1835/8788 1836/8789 1844/8790
f 1844/8791 1836/8792 1845/8793
f 1836/8794 1837/8795 1845/8796
f 1845/8797 1837/8798 1846/8799
f 1837/8800 1838/8801 1846/8802
f 1846/8803 1838/8804 1839/8805
f 1838/8806 1831/8807 1839/8808
f 1847/8809 1839/8810 1840/8811
f 1848/8812 1847/8813 1840/8814
f 1848/8815 1840/8816 1841/8817
f 1849/8818 1848/8819 1841/8820
f 1849/8821 1841/8822 1842/8823
f 1850/8824 1849/8825 1842/8826
f 1850/8827 1842/8828 1843/8829
f 1851/8830 1850/8831 1843/8832
f 1851/8833 1843/8834 1852/8835
f 1843/8836 1844/8837 1852/8838
f 1852/8839 1844/8840 1853/8841
f 1844/8842 1845/8843 1853/8844
f 1853/8845 1845/8846 1854/8847
f 1845/8848 1846/8849 1854/8850
f 1854/8851 1846/8852 1847/8853
f 1846/8854 1839/8855 1847/8856
f 1855/8857 1847/8858 1848/8859
f 1856/8860 1855/8861 1848/8862
f 1856/8863 1848/8864 1849/8865
f 1857/8866 1856/8867 1849/8868
f 1857/8869 1849/8870 1850/8871
f 1858/8872 1857/8873 1850/8874
f 1858/8875 1850/8876 1851/8877
f 1859/8878 1858/8879 1851/8880
f 1859/8881 1851/8882 1860/8883
f 1851/8884 1852/8885 1860/8886
f 1860/8887 1852/8888 1861/8889
f 1852/8890 1853/8891 1861/8892
f 1861/8893 1853/8894 1862/8895
f 1853/8896 1854/8897 1862/8898
f 1862/8899 1854/8900 1855/8901
f 1854/8902 1847/8903 1855/8904
f 1871/8905 1863/8906 1864/8907
f 1872/8908 1871/8909 1864/8910
f 1872/8911 1864/8912 1865/8913
f 1873/8914 1872/8915 1865/8916
f 1873/8917 1865/8918 1866/8919
f 1874/8920 1873/8921 1866/8922
f 1874/8923 1866/8924 1867/8925
f 1875/8926 1874/8927 1867/8928
f 1875/8929 1867/8930 1876/8931
f 1867/8932 1868/8933 1876/8934
f 1876/8935 1868/8936 1877/8937
f 1868/8938 1869/8939 1877/8940
f 1877/8941 1869/8942 1878/8943
f 1869/8944 1870/8945 1878/8946
f 1878/8947 1870/8948 1871/8949
f 1870/8950 1863/8951 1871/8952
f 1879/8953 1871/8954 1872/8955
f 1880/8956 1879/8957 1872/8958
f 1880/8959 1872/8960 1873/8961
f 1881/8962 1880/8963 1873/8964
f 1881/8965 1873/8966 1874/8967
f 1882/8968 1881/8969 1874/8970
f 1882/8971 1874/8972 1875/8973
f 1883/8974 1882/8975 1875/8976
f 1883/8977 1875/8978 1884/8979
f 1875/8980 1876/8981 1884/8982
f 1884/8983 1876/8984 1885/8985
f 1876/8986 1877/8987 1885/8988
f 1885/8989 1877/8990 1886/8991
f 1877/8992 1878/8993 1886/8994
f 1886/8995 1878/8996 1879/8997
f 1878/8998 1871/8999 1879/9000
f 1887/9001 1879/9002 1880/9003
f 1888/9004 1887/9005 1880/9006
f 1888/9007 1880/9008 1881/9009
f 1889/9010 1888/9011 1881/9012
f 1889/9013 1881/9014 1882/9015
f 1890/9016 1889/9017 1882/9018
f 1890/9019 1882/9020 1883/9021
f 1891/9022 1890/9023 1883/9024
f 1891/9025 1883/9026 1892/9027
f 1883/9028 1884/9029 1892/9030
f 1892/9031 1884/9032 1893/9033
f 1884/9034 1885/9035 1893/9036
f 1893/9037 1885/9038 1894/9039
f 1885/9040 1886/9041 1894/9042
f 1894/9043 1886/9044 1887/9045
f 1886/9046 1879/9047 1887/9048
f 1903/9049 1895/9050 1896/9051
f 1904/9052 1903/9053 1896/9054
f 1904/9055 1896/9056 1897/9057
f 1905/9058 1904/9059 1897/9060
f 1905/9061 1897/9062 1898/9063
f 1906/9064 1905/9065 1898/9066
f 1906/9067 1898/9068 1899/9069
f 1907/9070 1906/9071 1899/9072
f 1907/9073 1899/9074 1908/9075
f 1899/9076 1900/9077 1908/9078
f 1908/9079 1900/9080 1909/9081
f 1900/9082 1901/9083 1909/9084
f 1909/9085 1901/9086 1910/9087
f 1901/9088 1902/9089 1910/9090
f 1910/9091 1902/9092 1903/9093
f 1902/9094 1895/9095 1903/9096
f 1911/9097 1903/9098 1904/9099
f 1912/9100 1911/9101 1904/9102
f 1912/9103 1904/9104 1905/9105
f 1913/9106 1912/9107 1905/9108
f 1913/9109 1905/9110 1906/9111
f 1914/9112 1913/9113 1906/9114
f 1914/9115 1906/9116 1907/9117
f 1915/9118 1914/9119 1907/9120
f 1915/9121 1907/9122 1916/9123
f 1907/9124 1908/9125 1916/9126
f 1916/9127 1908/9128 1917/9129
f 1908/9130 1909/9131 1917/9132
f 1917/9133 1909/9134 1918/9135
f 1909/9136 1910/9137 1918/9138
f 1918/9139 1910/9140 1911/9141
f 1910/9142 1903/9143 1911/9144
f 1919/9145 1911/9146 1912/9147
f 1920/9148 1919/9149 1912/9150
f 1920/9151 1912/9152 1913/9153
f 1921/9154 1920/9155 1913/9156
f 1921/9157 1913/9158 1914/9159
f 1922/9160 1921/9161 1914/9162
f 1922/9163 1914/9164 1915/9165
f 1923/9166 1922/9167 1915/9168
f 1923/9169 1915/9170 1924/9171
f 1915/9172 1916/9173 1924/9174
f 1924/9175 1916/9176 1925/9177
f 1916/9178 1917/9179 1925/9180
f 1925/9181 1917/9182 1926/9183
f 1917/9184 1918/9185 1926/9186
f 1926/9187 1918/9188 1919/9189
f 1918/9190 1911/9191 1919/9192
f 1935/9193 1927/9194 1928/9195
f 1936/9196 1935/9197 1928/9198
f 1936/9199 1928/9200 1929/9201
f 1937/9202 1936/9203 1929/9204
f 1937/9205 1929/9206 1930/9207
f 1938/9208 1937/9209 1930/9210
f 1938/9211 1930/9212 1931/9213
f 1939/9214 1938/9215 1931/9216
f 1939/9217 1931/9218 1940/9219
f 1931/9220 1932/9221 1940/9222
f 1940/9223 1932/9224 1941/9225
f 1932/9226 1933/9227 1941/9228
f 1941/9229 1933/9230 1942/9231
f 1933/9232 1934/9233 1942/9234
f 1942/9235 1934/9236 1935/9237
f 1934/9238 1927/9239 1935/9240
f 1943/9241 1935/9242 1936/9243
f 1944/9244 1943/9245 1936/9246
f 1944/9247 1936/9248 1937/9249
f 1945/9250 1944/9251 1937/9252
f 1945/9253 1937/9254 1938/9255
f 1946/9256 1945/9257 1938/9258
f 1946/9259 1938/9260 1939/9261
f 1947/9262 1946/9263 1939/9264
f 1947/9265 1939/9266 1948/9267
f 1939/9268 1940/9269 1948/9270
f 1948/9271 1940/9272 1949/9273
f 1940/9274 1941/9275 1949/9276
f 1949/9277 1941/9278 1950/9279
f 1941/9280 1942/9281 1950/9282
f 1950/9283 1942/9284 1943/9285
f 1942/9286 1935/9287 1943/9288
f 1951/9289 1943/9290 1944/9291
f 1952/9292 1951/9293 1944/9294
f 1952/9295 1944/9296 1945/9297
f 1953/9298 1952/9299 1945/9300
f 1953/9301 1945/9302 1946/9303
f 1954/9304 1953/9305 1946/9306
f 1954/9307 1946/9308 1947/9309
f 1955/9310 1954/9311 1947/9312
f 1955/9313 1947/9314 1956/9315
f 1947/9316 1948/9317 1956/9318
f 1956/9319 1948/9320 1957/9321
f 1948/9322 1949/9323 1957/9324
f 1957/9325 1949/9326 1958/9327
f 1949/9328 1950/9329 1958/9330
f 1958/9331 1950/9332 1951/9333
f 1950/9334 1943/9335 1951/9336
f 1967/9337 1959/9338 1960/9339
f 1968/9340 1967/9341 1960/9342
f 1968/9343 1960/9344 1961/9345
f 1969/9346 1968/9347 1961/9348
f 1969/9349 1961/9350 1962/9351
f 1970/9352 1969/9353 1962/9354
f 1970/9355 1962/9356 1963/9357
f 1971/9358 1970/9359 1963/9360
f 1971/9361 1963/9362 1972/9363
f 1963/9364 1964/9365 1972/9366
f 1972/9367 1964/9368 1973/9369
f 1964/9370 1965/9371 1973/9372
f 1973/9373 1965/9374 1974/9375
f 1965/9376 1966/9377 1974/9378
f 1974/9379 1966/9380 1967/9381
f 1966/9382 1959/9383 1967/9384
f 1975/9385 1967/9386 1968/9387
f 1976/9388 1975/9389 1968/9390
f 1976/9391 1968/9392 1969/9393
f 1977/9394 1976/9395 1969/9396
f 1977/9397 1969/9398 1970/9399
f 1978/9400 1977/9401 1970/9402
f 1978/9403 1970/9404 1971/9405
f 1979/9406 1978/9407 1971/9408
f 1979/9409 1971/9410 1980/9411
f 1971/9412 1972/9413 1980/9414
f 1980/9415 1972/9416 1981/9417
f 1972/9418 1973/9419 1981/9420
f 1981/9421 1973/9422 1982/9423
f 1973/9424 1974/9425 1982/9426
f 1982/9427 1974/9428 1975/9429
f 1974/9430 1967/9431 1975/9432
f 1983/9433 1975/9434 1976/9435
f 1984/9436 1983/9437 1976/9438
f 1984/9439 1976/9440 1977/9441
f 1985/9442 1984/9443 1977/9444
f 1985/9445 1977/9446 1978/9447
f 1986/9448 1985/9449 1978/9450
f 1986/9451 1978/9452 1979/9453
f 1987/9454 1986/9455 1979/9456
f 1987/9457 1979/9458 1988/9459
f 1979/9460 1980/9461 1988/9462
f 1988/9463 1980/9464 1989/9465
f 1980/9466 1981/9467 1989/9468
f 1989/9469 1981/9470 1990/9471
f 1981/9472 1982/9473 1990/9474
f 1990/9475 1982/9476 1983/9477
f 1982/9478 1975/9479 1983/9480
f 1999/9481 1991/9482 1992/9483
f 2000/9484 1999/9485 1992/9486
f 2000/9487 1992/9488 1993/9489
f 2001/9490 2000/9491 1993/9492
f 2001/9493 1993/9494 1994/9495
f 2002/9496 2001/9497 1994/9498
f 2002/9499 1994/9500 1995/9501
f 2003/9502 2002/9503 1995/9504
f 2003/9505 1995/9506 2004/9507
f 1995/9508 1996/9509 2004/9510
f 2004/9511 1996/9512 2005/9513
f 1996/9514 1997/9515 2005/9516
f 2005/9517 1997/9518 2006/9519
f 1997/9520 1998/9521 2006/9522
f 2006/9523 1998/9524 1999/9525
f 1998/9526 1991/9527 1999/9528
f 2007/9529 1999/9530 2000/9531
f 2008/9532 2007/9533 2000/9534
f 2008/9535 2000/9536 2001/9537
f 2009/9538 2008/9539 2001/9540
f 2009/9541 2001/9542 2002/9543
f 2010/9544 2009/9545 2002/9546
f 2010/9547 2002/9548 2003/9549
f 2011/9550 2010/9551 2003/9552
f 2011/9553 2003/9554 2012/9555
f 2003/9556 2004/9557 2012/9558
f 2012/9559 2004/9560 2013/9561
f 2004/9562 2005/9563 2013/9564
f 2013/9565 2005/9566 2014/9567
f 2005/9568 2006/9569 2014/9570
f 2014/9571 2006/9572 2007/9573
f 2006/9574 1999/9575 2007/9576
f 2015/9577 2007/9578 2008/9579
f 2016/9580 2015/9581 2008/9582
f 2016/9583 2008/9584 2009/9585
f 2017/9586 2016/9587 2009/9588
f 2017/9589 2009/9590 2010/9591
f 2018/9592 2017/9593 2010/9594
f 2018/9595 2010/9596 2011/9597
f 2019/9598 2018/9599 2011/9600
f 2019/9601 2011/9602 2020/9603
f 2011/9604 2012/9605 2020/9606
f 2020/9607 2012/9608 2021/9609
f 2012/9610 2013/9611 2021/9612
f 2021/9613 2013/9614 2022/9615
f 2013/9616 2014/9617 2022/9618
f 2022/9619 2014/9620 2015/9621
f 2014/9622 2007/9623 2015/9624
f 2031/9625 2023/9626 2024/9627
f 2032/9628 2031/9629 2024/9630
f 2032/9631 2024/9632 2025/9633
f 2033/9634 2032/9635 2025/9636
f 2033/9637 2025/9638 2026/9639
f 2034/9640 2033/9641 2026/9642
f 2034/9643 2026/9644 2027/9645
f 2035/9646 2034/9647 2027/9648
f 2035/9649 2027/9650 2036/9651
f 2027/9652 2028/9653 2036/9654
f 2036/9655 2028/9656 2037/9657
f 2028/9658 2029/9659 2037/9660
f 2037/9661 2029/9662 2038/9663
f 2029/9664 2030/9665 2038/9666
f 2038/9667 2030/9668 2031/9669
f 2030/9670 2023/9671 2031/9672
f 2039/9673 2031/9674 2032/9675
f 2040/9676 2039/9677 2032/9678
f 2040/9679 2032/9680 2033/9681
f 2041/9682 2040/9683 2033/9684
f 2041/9685 2033/9686 2034/9687
f 2042/9688 2041/9689 2034/9690
f 2042/9691 2034/9692 2035/9693
f 2043/9694 2042/9695 2035/9696
f 2043/9697 2035/9698 2044/9699
f 2035/9700 2036/9701 2044/9702
f 2044/9703 2036/9704 2045/9705
f 2036/9706 2037/9707 2045/9708
f 2045/9709 2037/9710 2046/9711
f 2037/9712 2038/9713 2046/9714
f 2046/9715 2038/9716 2039/9717
f 2038/9718 2031/9719 2039/9720
f 2047/9721 2039/9722 2040/9723
f 2048/9724 2047/9725 2040/9726
f 2048/9727 2040/9728 2041/9729
f 2049/9730 2048/9731 2041/9732
f 2049/9733 2041/9734 2042/9735
f 2050/9736 2049/9737 2042/9738
f 2050/9739 2042/9740 2043/9741
f 2051/9742 2050/9743 2043/9744
f 2051/9745 2043/9746 2052/9747
f 2043/9748 2044/9749 2052/9750
f 2052/9751 2044/9752 2053/9753
f 2044/9754 2045/9755 2053/9756
f 2053/9757 2045/9758 2054/9759
f 2045/9760 2046/9761 2054/9762
f 2054/9763 2046/9764 2047/9765
f 2046/9766 2039/9767 2047/9768
f 2063/9769 2055/9770 2056/9771
f 2064/9772 2063/9773 2056/9774
f 2064/9775 2056/9776 2057/9777
f 2065/9778 2064/9779 2057/9780
f 2065/9781 2057/9782 2058/9783
f 2066/9784 2065/9785 2058/9786
f 2066/9787 2058/9788 2059/9789
f 2067/9790 2066/9791 2059/9792
f 2067/9793 2059/9794 2068/9795
f 2059/9796 2060/9797 2068/9798
f 2068/9799 2060/9800 2069/9801
f 2060/9802 2061/9803 2069/9804
f 2069/9805 2061/9806 2070/9807
f 2061/9808 2062/9809 2070/9810
f 2070/9811 2062/9812 2063/9813
f 2062/9814 2055/9815 2063/9816
f 2071/9817 2063/9818 2064/9819
f 2072/9820 2071/9821 2064/9822
f 2072/9823 2064/9824 2065/9825
f 2073/9826 2072/9827 2065/9828
f 2073/9829 2065/9830 2066/9831
f 2074/9832 2073/9833 2066/9834
f 2074/9835 2066/9836 2067/9837
f 2075/9838 2074/9839 2067/9840
f 2075/9841 2067/9842 2076/9843
f 2067/9844 2068/9845 2076/9846
f 2076/9847 2068/9848 2077/9849
f 2068/9850 2069/9851 2077/9852
f 2077/9853 2069/9854 2078/9855
f 2069/9856 2070/9857 2078/9858
f 2078/9859 2070/9860 2071/9861
f 2070/9862 2063/9863 2071/9864
f 2079/9865 2071/9866 2072/9867
f 2080/9868 2079/9869 2072/9870
f 2080/9871 2072/9872 2073/9873
f 2081/9874 2080/9875 2073/9876
f 2081/9877 2073/9878 2074/9879
f 2082/9880 2081/9881 2074/9882
f 2082/9883 2074/9884 2075/9885
f 2083/9886 2082/9887 2075/9888
f 2083/9889 2075/9890 2084/9891
f 2075/9892 2076/9893 2084/9894
f 2084/9895 2076/9896 2085/9897
f 2076/9898 2077/9899 2085/9900
f 2085/9901 2077/9902 2086/9903
f 2077/9904 2078/9905 2086/9906
f 2086/9907 2078/9908 2079/9909
f 2078/9910 2071/9911 2079/9912
f 2095/9913 2087/9914 2088/9915
f 2096/9916 2095/9917 2088/9918
f 2096/9919 2088/9920 2089/9921
f 2097/9922 2096/9923 2089/9924
f 2097/9925 2089/9926 2090/9927
f 2098/9928 2097/9929 2090/9930
f 2098/9931 2090/9932 2091/9933
f 2099/9934 2098/9935 2091/9936
f 2099/9937 2091/9938 2100/9939
f 2091/9940 2092/9941 2100/9942
f 2100/9943 2092/9944 2101/9945
f 2092/9946 2093/9947 2101/9948
f 2101/9949 2093/9950 2102/9951
f 2093/9952 2094/9953 2102/9954
f 2102/9955 2094/9956 2095/9957
f 2094/9958 2087/9959 2095/9960
f 2103/9961 2095/9962 2096/9963
f 2104/9964 2103/9965 2096/9966
f 2104/9967 2096/9968 2097/9969
f 2105/9970 2104/9971 2097/9972
f 2105/9973 2097/9974 2098/9975
f 2106/9976 2105/9977 2098/9978
f 2106/9979 2098/9980 2099/9981
f 2107/9982 2106/9983 2099/9984
f 2107/9985 2099/9986 2108/9987
f 2099/9988 2100/9989 2108/9990
f 2108/9991 2100/9992 2109/9993
f 2100/9994 2101/9995 2109/9996
f 2109/9997 2101/9998 2110/9999
f 2101/10000 2102/10001 2110/10002
f 2110/10003 2102/10004 2103/10005
f 2102/10006 2095/10007 2103/10008
f 2111/10009 2103/10010 2104/10011
f 2112/10012 2111/10013 2104/10014
f 2112/10015 2104/10016 2105/10017
f 2113/10018 2112/10019 2105/10020
f 2113/10021 2105/10022 2106/10023
f 2114/10024 2113/10025 2106/10026
f 2114/10027 2106/10028 2107/10029
f 2115/10030 2114/10031 2107/10032
f 2115/10033 2107/10034 2116/10035
f 2107/10036 2108/10037 2116/10038
f 2116/10039 2108/10040 2117/10041
f 2108/10042 2109/10043 2117/10044
f 2117/10045 2109/10046 2118/10047
f 2109/10048 2110/10049 2118/10050
f 2118/10051 2110/10052 2111/10053
f 2110/10054 2103/10055 2111/10056
f 2127/10057 2119/10058 2120/10059
f 2128/10060 2127/10061 2120/10062
f 2128/10063 2120/10064 2121/10065
f 2129/10066 2128/10067 2121/10068
f 2129/10069 2121/10070 2122/10071
f 2130/10072 2129/10073 2122/10074
f 2130/10075 2122/10076 2123/10077
f 2131/10078 2130/10079 2123/10080
f 2131/10081 2123/10082 2132/10083
f 2123/10084 2124/10085 2132/10086
f 2132/10087 2124/10088 2133/10089
f 2124/10090 2125/10091 2133/10092
f 2133/10093 2125/10094 2134/10095
f 2125/10096 2126/10097 2134/10098
f 2134/10099 2126/10100 2127/10101
f 2126/10102 2119/10103 2127/10104
f 2135/10105 2127/10106 2128/10107
f 2136/10108 2135/10109 2128/10110
f 2136/10111 2128/10112 2129/10113
f 2137/10114 2136/10115 2129/10116
f 2137/10117 2129/10118 2130/10119
f 2138/10120 2137/10121 2130/10122
f 2138/10123 2130/10124 2131/10125
f 2139/10126 2138/10127 2131/10128
f 2139/10129 2131/10130 2140/10131
f 2131/10132 2132/10133 2140/10134
f 2140/10135 2132/10136 2141/10137
f 2132/10138 2133/10139 2141/10140
f 2141/10141 2133/10142 2142/10143
f 2133/10144 2134/10145 2142/10146
f 2142/10147 2134/10148 2135/10149
f 2134/10150 2127/10151 2135/10152
f 2143/10153 2135/10154 2136/10155
f 2144/10156 2143/10157 2136/10158
f 2144/10159 2136/10160 2137/10161
f 2145/10162 2144/10163 2137/10164
f 2145/10165 2137/10166 2138/10167
f 2146/10168 2145/10169 2138/10170
f 2146/10171 2138/10172 2139/10173
f 2147/10174 2146/10175 2139/10176
f 2147/10177 2139/10178 2148/10179
f 2139/10180 2140/10181 2148/10182
f 2148/10183 2140/10184 2149/10185
f 2140/10186 2141/10187 2149/10188
f 2149/10189 2141/10190 2150/10191
f 2141/10192 2142/10193 2150/10194
f 2150/10195 2142/10196 2143/10197
f 2142/10198 2135/10199 2143/10200
f 2159/10201 2151/10202 2152/10203
f 2160/10204 2159/10205 2152/10206
f 2160/10207 2152/10208 2153/10209
f 2161/10210 2160/10211 2153/10212
f 2161/10213 2153/10214 2154/10215
f 2162/10216 2161/10217 2154/10218
f 2162/10219 2154/10220 2155/10221
f 2163/10222 2162/10223 2155/10224
f 2163/10225 2155/10226 2164/10227
f 2155/10228 2156/10229 2164/10230
f 2164/10231 2156/10232 2165/10233
f 2156/10234 2157/10235 2165/10236
f 2165/10237 2157/10238 2166/10239
f 2157/10240 2158/10241 2166/10242
f 2166/10243 2158/10244 2159/10245
f 2158/10246 2151/10247 2159/10248
f 2167/10249 2159/10250 2160/10251
f 2168/10252 2167/10253 2160/10254
f 2168/10255 2160/10256 2161/10257
f 2169/10258 2168/10259 2161/10260
f 2169/10261 2161/10262 2162/10263
f 2170/10264 2169/10265 2162/10266
f 2170/10267 2162/10268 2163/10269
f 2171/10270 2170/10271 2163/10272
f 2171/10273 2163/10274 2172/10275
f 2163/10276 2164/10277 2172/10278
f 2172/10279 2164/10280 2173/10281
f 2164/10282 2165/10283 2173/10284
f 2173/10285 2165/10286 2174/10287
f 2165/10288 2166/10289 2174/10290
f 2174/10291 2166/10292 2167/10293
f 2166/10294 2159/10295 2167/10296
f 2175/10297 2167/10298 2168/10299
f 2176/10300 2175/10301 2168/10302
f 2176/10303 2168/10304 2169/10305
f 2177/10306 2176/10307 2169/10308
f 2177/10309 2169/10310 2170/10311
f 2178/10312 2177/10313 2170/10314
f 2178/10315 2170/10316 2171/10317
f 2179/10318 2178/10319 2171/10320
f 2179/10321 2171/10322 2180/10323
f 2171/10324 2172/10325 2180/10326
f 2180/10327 2172/10328 2181/10329
f 2172/10330 2173/10331 2181/10332
f 2181/10333 2173/10334 2182/10335
f 2173/10336 2174/10337 2182/10338
f 2182/10339 2174/10340 2175/10341
f 2174/10342 2167/10343 2175/10344
f 2191/10345 2183/10346 2184/10347
f 2192/10348 2191/10349 2184/10350
f 2192/10351 2184/10352 2185/10353
f 2193/10354 2192/10355 2185/10356
f 2193/10357 2185/10358 2186/10359
f 2194/10360 2193/10361 2186/10362
f 2194/10363 2186/10364 2187/10365
f 2195/10366 2194/10367 2187/10368
f 2195/10369 2187/10370 2196/10371
f 2187/10372 2188/10373 2196/10374
f 2196/10375 2188/10376 2197/10377
f 2188/10378 2189/10379 2197/10380
f 2197/10381 2189/10382 2198/10383
f 2189/10384 2190/10385 2198/10386
f 2198/10387 2190/10388 2191/10389
f 2190/10390 2183/10391 2191/10392
f 2199/10393 2191/10394 2192/10395
f 2200/10396 2199/10397 2192/10398
f 2200/10399 2192/10400 2193/10401
f 2201/10402 2200/10403 2193/10404
f 2201/10405 2193/10406 2194/10407
f 2202/10408 2201/10409 2194/10410
f 2202/10411 2194/10412 2195/10413
f 2203/10414 2202/10415 2195/10416
f 2203/10417 2195/10418 2204/10419
f 2195/10420 2196/10421 2204/10422
f 2204/10423 2196/10424 2205/10425
f 2196/10426 2197/10427 2205/10428
f 2205/10429 2197/10430 2206/10431
f 2197/10432 2198/10433 2206/10434
f 2206/10435 2198/10436 2199/10437
f 2198/10438 2191/10439 2199/10440
f 2207/10441 2199/10442 2200/10443
f 2208/10444 2207/10445 2200/10446
f 2208/10447 2200/10448 2201/10449
f 2209/10450 2208/10451 2201/10452
f 2209/10453 2201/10454 2202/10455
f 2210/10456 2209/10457 2202/10458
f 2210/10459 2202/10460 2203/10461
f 2211/10462 2210/10463 2203/10464
f 2211/10465 2203/10466 2212/10467
f 2203/10468 2204/10469 2212/10470
f 2212/10471 2204/10472 2213/10473
f 2204/10474 2205/10475 2213/10476
f 2213/10477 2205/10478 2214/10479
f 2205/10480 2206/10481 2214/10482
f 2214/10483 2206/10484 2207/10485
f 2206/10486 2199/10487 2207/10488
f 2223/10489 2215/10490 2216/10491
f 2224/10492 2223/10493 2216/10494
f 2224/10495 2216/10496 2217/10497
f 2225/10498 2224/10499 2217/10500
f 2225/10501 2217/10502 2218/10503
f 2226/10504 2225/10505 2218/10506
f 2226/10507 2218/10508 2219/10509
f 2227/10510 2226/10511 2219/10512
f 2227/10513 2219/10514 2228/10515
f 2219/10516 2220/10517 2228/10518
f 2228/10519 2220/10520 2229/10521
f 2220/10522 2221/10523 2229/10524
f 2229/10525 2221/10526 2230/10527
f 2221/10528 2222/10529 2230/10530
f 2230/10531 2222/10532 2223/10533
f 2222/10534 2215/10535 2223/10536
f 2231/10537 2223/10538 2224/10539
f 2232/10540 2231/10541 2224/10542
f 2232/10543 2224/10544 2225/10545
f 2233/10546 2232/10547 2225/10548
f 2233/10549 2225/10550 2226/10551
f 2234/10552 2233/10553 2226/10554
f 2234/10555 2226/10556 2227/10557
f 2235/10558 2234/10559 2227/10560
f 2235/10561 2227/10562 2236/10563
f 2227/10564 2228/10565 2236/10566
f 2236/10567 2228/10568 2237/10569
f 2228/10570 2229/10571 2237/10572
f 2237/10573 2229/10574 2238/10575
f 2229/10576 2230/10577 2238/10578
f 2238/10579 2230/10580 2231/10581
f 2230/10582 2223/10583 2231/10584
f 2239/10585 2231/10586 2232/10587
f 2240/10588 2239/10589 2232/10590
f 2240/10591 2232/10592 2233/10593
f 2241/10594 2240/10595 2233/10596
f 2241/10597 2233/10598 2234/10599
f 2242/10600 2241/10601 2234/10602
f 2242/10603 2234/10604 2235/10605
f 2243/10606 2242/10607 2235/10608
f 2243/10609 2235/10610 2244/10611
f 2235/10612 2236/10613 2244/10614
f 2244/10615 2236/10616 2245/10617
f 2236/10618 2237/10619 2245/10620
f 2245/10621 2237/10622 2246/10623
f 2237/10624 2238/10625 2246/10626
f 2246/10627 2238/10628 2239/10629
f 2238/10630 2231/10631 2239/10632
f 2255/10633 2247/10634 2248/10635
f 2256/10636 2255/10637 2248/10638
f 2256/10639 2248/10640 2249/10641
f 2257/10642 2256/10643 2249/10644
f 2257/10645 2249/10646 2250/10647
f 2258/10648 2257/10649 2250/10650
f 2258/10651 2250/10652 2251/10653
f 2259/10654 2258/10655 2251/10656
f 2259/10657 2251/10658 2260/10659
f 2251/10660 2252/10661 2260/10662
f 2260/10663 2252/10664 2261/10665
f 2252/10666 2253/10667 2261/10668
f 2261/10669 2253/10670 2262/10671
f 2253/10672 2254/10673 2262/10674
f 2262/10675 2254/10676 2255/10677
f 2254/10678 2247/10679 2255/10680
f 2263/10681 2255/10682 2256/10683
f 2264/10684 2263/10685 2256/10686
f 2264/10687 2256/10688 2257/10689
f 2265/10690 2264/10691 2257/10692
f 2265/10693 2257/10694 2258/10695
f 2266/10696 2265/10697 2258/10698
f 2266/10699 2258/10700 2259/10701
f 2267/10702 2266/10703 2259/10704
f 2267/10705 2259/10706 2268/10707
f 2259/10708 2260/10709 2268/10710
f 2268/10711 2260/10712 2269/10713
f 2260/10714 2261/10715 2269/10716
f 2269/10717 2261/10718 2270/10719
f 2261/10720 2262/10721 2270/10722
f 2270/10723 2262/10724 2263/10725
f 2262/10726 2255/10727 2263/10728
f 2271/10729 2263/10730 2264/10731
f 2272/10732 2271/10733 2264/10734
f 2272/10735 2264/10736 2265/10737
f 2273/10738 2272/10739 2265/10740
f 2273/10741 2265/10742 2266/10743
f 2274/10744 2273/10745 2266/10746
f 2274/10747 2266/10748 2267/10749
f 2275/10750 2274/10751 2267/10752
f 2275/10753 2267/10754 2276/10755
f 2267/10756 2268/10757 2276/10758
f 2276/10759 2268/10760 2277/10761
f 2268/10762 2269/10763 2277/10764
f 2277/10765 2269/10766 2278/10767
f 2269/10768 2270/10769 2278/10770
f 2278/10771 2270/10772 2271/10773
f 2270/10774 2263/10775 2271/10776
f 2287/10777 2279/10778 2280/10779
f 2288/10780 2287/10781 2280/10782
f 2288/10783 2280/10784 2281/10785
f 2289/10786 2288/10787 2281/10788
f 2289/10789 2281/10790 2282/10791
f 2290/10792 2289/10793 2282/10794
f 2290/10795 2282/10796 2283/10797
f 2291/10798 2290/10799 2283/10800
f 2291/10801 2283/10802 2292/10803
f 2283/10804 2284/10805 2292/10806
f 2292/10807 2284/10808 2293/10809
f 2284/10810 2285/10811 2293/10812
f 2293/10813 2285/10814 2294/10815
f 2285/10816 2286/10817 2294/10818
f 2294/10819 2286/10820 2287/10821
f 2286/10822 2279/10823 2287/10824
f 2295/10825 2287/10826 2288/10827
f 2296/10828 2295/10829 2288/10830
f 2296/10831 2288/10832 2289/10833
f 2297/10834 2296/10835 2289/10836
f 2297/10837 2289/10838 2290/10839
f 2298/10840 2297/10841 2290/10842
f 2298/10843 2290/10844 2291/10845
f 2299/10846 2298/10847 2291/10848
f 2299/10849 2291/10850 2300/10851
f 2291/10852 2292/10853 2300/10854
f 2300/10855 2292/10856 2301/10857
f 2292/10858 2293/10859 2301/10860
f 2301/10861 2293/10862 2302/10863
f 2293/10864 2294/10865 2302/10866
f 2302/10867 2294/10868 2295/10869
f 2294/10870 2287/10871 2295/10872
f 2303/10873 2295/10874 2296/10875
f 2304/10876 2303/10877 2296/10878
f 2304/10879 2296/10880 2297/10881
f 2305/10882 2304/10883 2297/10884
f 2305/10885 2297/10886 2298/10887
f 2306/10888 2305/10889 2298/10890
f 2306/10891 2298/10892 2299/10893
f 2307/10894 2306/10895 2299/10896
f 2307/10897 2299/10898 2308/10899
f 2299/10900 2300/10901 2308/10902
f 2308/10903 2300/10904 2309/10905
f 2300/10906 2301/10907 2309/10908
f 2309/10909 2301/10910 2310/10911
f 2301/10912 2302/10913 2310/10914
f 2310/10915 2302/10916 2303/10917
f 2302/10918 2295/10919 2303/10920
f 2319/10921 2311/10922 2312/10923
f 2320/10924 2319/10925 2312/10926
f 2320/10927 2312/10928 2313/10929
f 2321/10930 2320/10931 2313/10932
f 2321/10933 2313/10934 2314/10935
f 2322/10936 2321/10937 2314/10938
f 2322/10939 2314/10940 2315/10941
f 2323/10942 2322/10943 2315/10944
f 2323/10945 2315/10946 2324/10947
f 2315/10948 2316/10949 2324/10950
f 2324/10951 2316/10952 2325/10953
f 2316/10954 2317/10955 2325/10956
f 2325/10957 2317/10958 2326/10959
f 2317/10960 2318/10961 2326/10962
f 2326/10963 2318/10964 2319/10965
f 2318/10966 2311/10967 2319/10968
f 2327/10969 2319/10970 2320/10971
f 2328/10972 2327/10973 2320/10974
f 2328/10975 2320/10976 2321/10977
f 2329/10978 2328/10979 2321/10980
f 2329/10981 2321/10982 2322/10983
f 2330/10984 2329/10985 2322/10986
f 2330/10987 2322/10988 2323/10989
f 2331/10990 2330/10991 2323/10992
f 2331/10993 2323/10994 2332/10995
f 2323/10996 2324/10997 2332/10998
f 2332/10999 2324/11000 2333/11001
f 2324/11002 2325/11003 2333/11004
f 2333/11005 2325/11006 2334/11007
f 2325/11008 2326/11009 2334/11010
f 2334/11011 2326/11012 2327/11013
f 2326/11014 2319/11015 2327/11016
f 2343/11017 2335/11018 2336/11019
f 2344/11020 2343/11021 2336/11022
f 2344/11023 2336/11024 2337/11025
f 2345/11026 2344/11027 2337/11028
f 2345/11029 2337/11030 2338/11031
f 2346/11032 2345/11033 2338/11034
f 2346/11035 2338/11036 2339/11037
f 2347/11038 2346/11039 2339/11040
f 2347/11041 2339/11042 2348/11043
f 2339/11044 2340/11045 2348/11046
f 2348/11047 2340/11048 2349/11049
f 2340/11050 2341/11051 2349/11052
f 2349/11053 2341/11054 2350/11055
f 2341/11056 2342/11057 2350/11058
f 2350/11059 2342/11060 2343/11061
f 2342/11062 2335/11063 2343/11064
f 2351/11065 2343/11066 2344/11067
f 2352/11068 2351/11069 2344/11070
f 2352/11071 2344/11072 2345/11073
f 2353/11074 2352/11075 2345/11076
f 2353/11077 2345/11078 2346/11079
f 2354/11080 2353/11081 2346/11082
f 2354/11083 2346/11084 2347/11085
f 2355/11086 2354/11087 2347/11088
f 2355/11089 2347/11090 2356/11091
f 2347/11092 2348/11093 2356/11094
f 2356/11095 2348/11096 2357/11097
f 2348/11098 2349/11099 2357/11100
f 2357/11101 2349/11102 2358/11103
f 2349/11104 2350/11105 2358/11106
f 2358/11107 2350/11108 2351/11109
f 2350/11110 2343/11111 2351/11112
f 2367/11113 2359/11114 2360/11115
f 2368/11116 2367/11117 2360/11118
f 2368/11119 2360/11120 2361/11121
f 2369/11122 2368/11123 2361/11124
f 2369/11125 2361/11126 2362/11127
f 2370/11128 2369/11129 2362/11130
f 2370/11131 2362/11132 2363/11133
f 2371/11134 2370/11135 2363/11136
f 2371/11137 2363/11138 2372/11139
f 2363/11140 2364/11141 2372/11142
f 2372/11143 2364/11144 2373/11145
f 2364/11146 2365/11147 2373/11148
f 2373/11149 2365/11150 2374/11151
f 2365/11152 2366/11153 2374/11154
f 2374/11155 2366/11156 2367/11157
f 2366/11158 2359/11159 2367/11160
f 2375/11161 2367/11162 2368/11163
f 2376/11164 2375/11165 2368/11166
f 2376/11167 2368/11168 2369/11169
f 2377/11170 2376/11171 2369/11172
f 2377/11173 2369/11174 2370/11175
f 2378/11176 2377/11177 2370/11178
f 2378/11179 2370/11180 2371/11181
f 2379/11182 2378/11183 2371/11184
f 2379/11185 2371/11186 2380/11187
f 2371/11188 2372/11189 2380/11190
f 2380/11191 2372/11192 2381/11193
f 2372/11194 2373/11195 2381/11196
f 2381/11197 2373/11198 2382/11199
f 2373/11200 2374/11201 2382/11202
f 2382/11203 2374/11204 2375/11205
f 2374/11206 2367/11207 2375/11208
f 2391/11209 2383/11210 2384/11211
f 2392/11212 2391/11213 2384/11214
f 2392/11215 2384/11216 2385/11217
f 2393/11218 2392/11219 2385/11220
f 2393/11221 2385/11222 2386/11223
f 2394/11224 2393/11225 2386/11226
f 2394/11227 2386/11228 2387/11229
f 2395/11230 2394/11231 2387/11232
f 2395/11233 2387/11234 2396/11235
f 2387/11236 2388/11237 2396/11238
f 2396/11239 2388/11240 2397/11241
f 2388/11242 2389/11243 2397/11244
f 2397/11245 2389/11246 2398/11247
f 2389/11248 2390/11249 2398/11250
f 2398/11251 2390/11252 2391/11253
f 2390/11254 2383/11255 2391/11256
f 2399/11257 2391/11258 2392/11259
f 2400/11260 2399/11261 2392/11262
f 2400/11263 2392/11264 2393/11265
f 2401/11266 2400/11267 2393/11268
f 2401/11269 2393/11270 2394/11271
f 2402/11272 2401/11273 2394/11274
f 2402/11275 2394/11276 2395/11277
f 2403/11278 2402/11279 2395/11280
f 2403/11281 2395/11282 2404/11283
f 2395/11284 2396/11285 2404/11286
f 2404/11287 2396/11288 2405/11289
f 2396/11290 2397/11291 2405/11292
f 2405/11293 2397/11294 2406/11295
f 2397/11296 2398/11297 2406/11298
f 2406/11299 2398/11300 2399/11301
f 2398/11302 2391/11303 2399/11304
f 2415/11305 2407/11306 2408/11307
f 2416/11308 2415/11309 2408/11310
f 2416/11311 2408/11312 2409/11313
f 2417/11314 2416/11315 2409/11316
f 2417/11317 2409/11318 2410/11319
f 2418/11320 2417/11321 2410/11322
f 2418/11323 2410/11324 2411/11325
f 2419/11326 2418/11327 2411/11328
f 2419/11329 2411/11330 2420/11331
f 2411/11332 2412/11333 2420/11334
f 2420/11335 2412/11336 2421/11337
f 2412/11338 2413/11339 2421/11340
f 2421/11341 2413/11342 2422/11343
f 2413/11344 2414/11345 2422/11346
f 2422/11347 2414/11348 2415/11349
f 2414/11350 2407/11351 2415/11352
f 2423/11353 2415/11354 2416/11355
f 2424/11356 2423/11357 2416/11358
f 2424/11359 2416/11360 2417/11361
f 2425/11362 2424/11363 2417/11364
f 2425/11365 2417/11366 2418/11367
f 2426/11368 2425/11369 2418/11370
f 2426/11371 2418/11372 2419/11373
f 2427/11374 2426/11375 2419/11376
f 2427/11377 2419/11378 2428/11379
f 2419/11380 2420/11381 2428/11382
f 2428/11383 2420/11384 2429/11385
f 2420/11386 2421/11387 2429/11388
f 2429/11389 2421/11390 2430/11391
f 2421/11392 2422/11393 2430/11394
f 2430/11395 2422/11396 2423/11397
f 2422/11398 2415/11399 2423/11400
f 2439/11401 2431/11402 2432/11403
f 2440/11404 2439/11405 2432/11406
f 2440/11407 2432/11408 2433/11409
f 2441/11410 2440/11411 2433/11412
f 2441/11413 2433/11414 2434/11415
f 2442/11416 2441/11417 2434/11418
f 2442/11419 2434/11420 2435/11421
f 2443/11422 2442/11423 2435/11424
f 2443/11425 2435/11426 2444/11427
f 2435/11428 2436/11429 2444/11430
f 2444/11431 2436/11432 2445/11433
f 2436/11434 2437/11435 2445/11436
f 2445/11437 2437/11438 2446/11439
f 2437/11440 2438/11441 2446/11442
f 2446/11443 2438/11444 2439/11445
f 2438/11446 2431/11447 2439/11448
f 2447/11449 2439/11450 2440/11451
f 2448/11452 2447/11453 2440/11454
f 2448/11455 2440/11456 2441/11457
f 2449/11458 2448/11459 2441/11460
f 2449/11461 2441/11462 2442/11463
f 2450/11464 2449/11465 2442/11466
f 2450/11467 2442/11468 2443/11469
f 2451/11470 2450/11471 2443/11472
f 2451/11473 2443/11474 2452/11475
f 2443/11476 2444/11477 2452/11478
f 2452/11479 2444/11480 2453/11481
f 2444/11482 2445/11483 2453/11484
f 2453/11485 2445/11486 2454/11487
f 2445/11488 2446/11489 2454/11490
f 2454/11491 2446/11492 2447/11493
f 2446/11494 2439/11495 2447/11496
f 2463/11497 2455/11498 2456/11499
f 2464/11500 2463/11501 2456/11502
f 2464/11503 2456/11504 2457/11505
f 2465/11506 2464/11507 2457/11508
f 2465/11509 2457/11510 2458/11511
f 2466/11512 2465/11513 2458/11514
f 2466/11515 2458/11516 2459/11517
f 2467/11518 2466/11519 2459/11520
f 2467/11521 2459/11522 2468/11523
f 2459/11524 2460/11525 2468/11526
f 2468/11527 2460/11528 2469/11529
f 2460/11530 2461/11531 2469/11532
f 2469/11533 2461/11534 2470/11535
f 2461/11536 2462/11537 2470/11538
f 2470/11539 2462/11540 2463/11541
f 2462/11542 2455/11543 2463/11544
f 2471/11545 2463/11546 2464/11547
f 2472/11548 2471/11549 2464/11550
f 2472/11551 2464/11552 2465/11553
f 2473/11554 2472/11555 2465/11556
f 2473/11557 2465/11558 2466/11559
f 2474/11560 2473/11561 2466/11562
f 2474/11563 2466/11564 2467/11565
f 2475/11566 2474/11567 2467/11568
f 2475/11569 2467/11570 2476/11571
f 2467/11572 2468/11573 2476/11574
f 2476/11575 2468/11576 2477/11577
f 2468/11578 2469/11579 2477/11580
f 2477/11581 2469/11582 2478/11583
f 2469/11584 2470/11585 2478/11586
f 2478/11587 2470/11588 2471/11589
f 2470/11590 2463/11591 2471/11592
f 2487/11593 2479/11594 2480/11595
f 2488/11596 2487/11597 2480/11598
f 2488/11599 2480/11600 2481/11601
f 2489/11602 2488/11603 2481/11604
f 2489/11605 2481/11606 2482/11607
f 2490/11608 2489/11609 2482/11610
f 2490/11611 2482/11612 2483/11613
f 2491/11614 2490/11615 2483/11616
f 2491/11617 2483/11618 2492/11619
f 2483/11620 2484/11621 2492/11622
f 2492/11623 2484/11624 2493/11625
f 2484/11626 2485/11627 2493/11628
f 2493/11629 2485/11630 2494/11631
f 2485/11632 2486/11633 2494/11634
f 2494/11635 2486/11636 2487/11637
f 2486/11638 2479/11639 2487/11640
f 2495/11641 2487/11642 2488/11643
f 2496/11644 2495/11645 2488/11646
f 2496/11647 2488/11648 2489/11649
f 2497/11650 2496/11651 2489/11652
f 2497/11653 2489/11654 2490/11655
f 2498/11656 2497/11657 2490/11658
f 2498/11659 2490/11660 2491/11661
f 2499/11662 2498/11663 2491/11664
f 2499/11665 2491/11666 2500/11667
f 2491/11668 2492/11669 2500/11670
f 2500/11671 2492/11672 2501/11673
f 2492/11674 2493/11675 2501/11676
f 2501/11677 2493/11678 2502/11679
f 2493/11680 2494/11681 2502/11682
f 2502/11683 2494/11684 2495/11685
f 2494/11686 2487/11687 2495/11688
f 2511/11689 2503/11690 2504/11691
f 2512/11692 2511/11693 2504/11694
f 2512/11695 2504/11696 2505/11697
f 2513/11698 2512/11699 2505/11700
f 2513/11701 2505/11702 2506/11703
f 2514/11704 2513/11705 2506/11706
f 2514/11707 2506/11708 2507/11709
f 2515/11710 2514/11711 2507/11712
f 2515/11713 2507/11714 2516/11715
f 2507/11716 2508/11717 2516/11718
f 2516/11719 2508/11720 2517/11721
f 2508/11722 2509/11723 2517/11724
f 2517/11725 2509/11726 2518/11727
f 2509/11728 2510/11729 2518/11730
f 2518/11731 2510/11732 2511/11733
f 2510/11734 2503/11735 2511/11736
f 2519/11737 2511/11738 2512/11739
f 2520/11740 2519/11741 2512/11742
f 2520/11743 2512/11744 2513/11745
f 2521/11746 2520/11747 2513/11748
f 2521/11749 2513/11750 2514/11751
f 2522/11752 2521/11753 2514/11754
f 2522/11755 2514/11756 2515/11757
f 2523/11758 2522/11759 2515/11760
f 2523/11761 2515/11762 2524/11763
f 2515/11764 2516/11765 2524/11766
f 2524/11767 2516/11768 2525/11769
f 2516/11770 2517/11771 2525/11772
f 2525/11773 2517/11774 2526/11775
f 2517/11776 2518/11777 2526/11778
f 2526/11779 2518/11780 2519/11781
f 2518/11782 2511/11783 2519/11784
f 2535/11785 2527/11786 2528/11787
f 2536/11788 2535/11789 2528/11790
f 2536/11791 2528/11792 2529/11793
f 2537/11794 2536/11795 2529/11796
f 2537/11797 2529/11798 2530/11799
f 2538/11800 2537/11801 2530/11802
f 2538/11803 2530/11804 2531/11805
f 2539/11806 2538/11807 2531/11808
f 2539/11809 2531/11810 2540/11811
f 2531/11812 2532/11813 2540/11814
f 2540/11815 2532/11816 2541/11817
f 2532/11818 2533/11819 2541/11820
f 2541/11821 2533/11822 2542/11823
f 2533/11824 2534/11825 2542/11826
f 2542/11827 2534/11828 2535/11829
f 2534/11830 2527/11831 2535/11832
f 2543/11833 2535/11834 2536/11835
f 2544/11836 2543/11837 2536/11838
f 2544/11839 2536/11840 2537/11841
f 2545/11842 2544/11843 2537/11844
f 2545/11845 2537/11846 2538/11847
f 2546/11848 2545/11849 2538/11850
f 2546/11851 2538/11852 2539/11853
f 2547/11854 2546/11855 2539/11856
f 2547/11857 2539/11858 2548/11859
f 2539/11860 2540/11861 2548/11862
f 2548/11863 2540/11864 2549/11865
f 2540/11866 2541/11867 2549/11868
f 2549/11869 2541/11870 2550/11871
f 2541/11872 2542/11873 2550/11874
f 2550/11875 2542/11876 2543/11877
f 2542/11878 2535/11879 2543/11880
f 2559/11881 2551/11882 2552/11883
f 2560/11884 2559/11885 2552/11886
f 2560/11887 2552/11888 2553/11889
f 2561/11890 2560/11891 2553/11892
f 2561/11893 2553/11894 2554/11895
f 2562/11896 2561/11897 2554/11898
f 2562/11899 2554/11900 2555/11901
f 2563/11902 2562/11903 2555/11904
f 2563/11905 2555/11906 2564/11907
f 2555/11908 2556/11909 2564/11910
f 2564/11911 2556/11912 2565/11913
f 2556/11914 2557/11915 2565/11916
f 2565/11917 2557/11918 2566/11919
f 2557/11920 2558/11921 2566/11922
f 2566/11923 2558/11924 2559/11925
f 2558/11926 2551/11927 2559/11928
f 2567/11929 2559/11930 2560/11931
f 2568/11932 2567/11933 2560/11934
f 2568/11935 2560/11936 2561/11937
f 2569/11938 2568/11939 2561/11940
f 2569/11941 2561/11942 2562/11943
f 2570/11944 2569/11945 2562/11946
f 2570/11947 2562/11948 2563/11949
f 2571/11950 2570/11951 2563/11952
f 2571/11953 2563/11954 2572/11955
f 2563/11956 2564/11957 2572/11958
f 2572/11959 2564/11960 2573/11961
f 2564/11962 2565/11963 2573/11964
f 2573/11965 2565/11966 2574/11967
f 2565/11968 2566/11969 2574/11970
f 2574/11971 2566/11972 2567/11973
f 2566/11974 2559/11975 2567/11976
f 2583/11977 2575/11978 2576/11979
f 2584/11980 2583/11981 2576/11982
f 2584/11983 2576/11984 2577/11985
f 2585/11986 2584/11987 2577/11988
f 2585/11989 2577/11990 2578/11991
f 2586/11992 2585/11993 2578/11994
f 2586/11995 2578/11996 2579/11997
f 2587/11998 2586/11999 2579/12000
f 2587/12001 2579/12002 2588/12003
f 2579/12004 2580/12005 2588/12006
f 2588/12007 2580/12008 2589/12009
f 2580/12010 2581/12011 2589/12012
f 2589/12013 2581/12014 2590/12015
f 2581/12016 2582/12017 2590/12018
f 2590/12019 2582/12020 2583/12021
f 2582/12022 2575/12023 2583/12024
f 2591/12025 2583/12026 2584/12027
f 2592/12028 2591/12029 2584/12030
f 2592/12031 2584/12032 2585/12033
f 2593/12034 2592/12035 2585/12036
f 2593/12037 2585/12038 2586/12039
f 2594/12040 2593/12041 2586/12042
f 2594/12043 2586/12044 2587/12045
f 2595/12046 2594/12047 2587/12048
f 2595/12049 2587/12050 2596/12051
f 2587/12052 2588/12053 2596/12054
f 2596/12055 2588/12056 2597/12057
f 2588/12058 2589/12059 2597/12060
f 2597/12061 2589/12062 2598/12063
f 2589/12064 2590/12065 2598/12066
f 2598/12067 2590/12068 2591/12069
f 2590/12070 2583/12071 2591/12072
f 2607/12073 2599/12074 2600/12075
f 2608/12076 2607/12077 2600/12078
f 2608/12079 2600/12080 2601/12081
f 2609/12082 2608/12083 2601/12084
f 2609/12085 2601/12086 2602/12087
f 2610/12088 2609/12089 2602/12090
f 2610/12091 2602/12092 2603/12093
f 2611/12094 2610/12095 2603/12096
f 2611/12097 2603/12098 2612/12099
f 2603/12100 2604/12101 2612/12102
f 2612/12103 2604/12104 2613/12105
f 2604/12106 2605/12107 2613/12108
f 2613/12109 2605/12110 2614/12111
f 2605/12112 2606/12113 2614/12114
f 2614/12115 2606/12116 2607/12117
f 2606/12118 2599/12119 2607/12120
f 2615/12121 2607/12122 2608/12123
f 2616/12124 2615/12125 2608/12126
f 2616/12127 2608/12128 2609/12129
f 2617/12130 2616/12131 2609/12132
f 2617/12133 2609/12134 2610/12135
f 2618/12136 2617/12137 2610/12138
f 2618/12139 2610/12140 2611/12141
f 2619/12142 2618/12143 2611/12144
f 2619/12145 2611/12146 2620/12147
f 2611/12148 2612/12149 2620/12150
f 2620/12151 2612/12152 2621/12153
f 2612/12154 2613/12155 2621/12156
f 2621/12157 2613/12158 2622/12159
f 2613/12160 2614/12161 2622/12162
f 2622/12163 2614/12164 2615/12165
f 2614/12166 2607/12167 2615/12168
f 2631/12169 2623/12170 2624/12171
f 2632/12172 2631/12173 2624/12174
f 2632/12175 2624/12176 2625/12177
f 2633/12178 2632/12179 2625/12180
f 2633/12181 2625/12182 2626/12183
f 2634/12184 2633/12185 2626/12186
f 2634/12187 2626/12188 2627/12189
f 2635/12190 2634/12191 2627/12192
f 2635/12193 2627/12194 2636/12195
f 2627/12196 2628/12197 2636/12198
f 2636/12199 2628/12200 2637/12201
f 2628/12202 2629/12203 2637/12204
f 2637/12205 2629/12206 2638/12207
f 2629/12208 2630/12209 2638/12210
f 2638/12211 2630/12212 2631/12213
f 2630/12214 2623/12215 2631/12216
f 2639/12217 2631/12218 2632/12219
f 2640/12220 2639/12221 2632/12222
f 2640/12223 2632/12224 2633/12225
f 2641/12226 2640/12227 2633/12228
f 2641/12229 2633/12230 2634/12231
f 2642/12232 2641/12233 2634/12234
f 2642/12235 2634/12236 2635/12237
f 2643/12238 2642/12239 2635/12240
f 2643/12241 2635/12242 2644/12243
f 2635/12244 2636/12245 2644/12246
f 2644/12247 2636/12248 2645/12249
f 2636/12250 2637/12251 2645/12252
f 2645/12253 2637/12254 2646/12255
f 2637/12256 2638/12257 2646/12258
f 2646/12259 2638/12260 2639/12261
f 2638/12262 2631/12263 2639/12264
f 2655/12265 2647/12266 2648/12267
f 2656/12268 2655/12269 2648/12270
f 2656/12271 2648/12272 2649/12273
f 2657/12274 2656/12275 2649/12276
f 2657/12277 2649/12278 2650/12279
f 2658/12280 2657/12281 2650/12282
f 2658/12283 2650/12284 2651/12285
f 2659/12286 2658/12287 2651/12288
f 2659/12289 2651/12290 2660/12291
f 2651/12292 2652/12293 2660/12294
f 2660/12295 2652/12296 2661/12297
f 2652/12298 2653/12299 2661/12300
f 2661/12301 2653/12302 2662/12303
f 2653/12304 2654/12305 2662/12306
f 2662/12307 2654/12308 2655/12309
f 2654/12310 2647/12311 2655/12312
f 2663/12313 2655/12314 2656/12315
f 2664/12316 2663/12317 2656/12318
f 2664/12319 2656/12320 2657/12321
f 2665/12322 2664/12323 2657/12324
f 2665/12325 2657/12326 2658/12327
f 2666/12328 2665/12329 2658/12330
f 2666/12331 2658/12332 2659/12333
f 2667/12334 2666/12335 2659/12336
f 2667/12337 2659/12338 2668/12339
f 2659/12340 2660/12341 2668/12342
f 2668/12343 2660/12344 2669/12345
f 2660/12346 2661/12347 2669/12348
f 2669/12349 2661/12350 2670/12351
f 2661/12352 2662/12353 2670/12354
f 2670/12355 2662/12356 2663/12357
f 2662/12358 2655/12359 2663/12360
f 2679/12361 2671/12362 2672/12363
f 2680/12364 2679/12365 2672/12366
f 2680/12367 2672/12368 2673/12369
f 2681/12370 2680/12371 2673/12372
f 2681/12373 2673/12374 2674/12375
f 2682/12376 2681/12377 2674/12378
f 2682/12379 2674/12380 2675/12381
f 2683/12382 2682/12383 2675/12384
f 2683/12385 2675/12386 2684/12387
f 2675/12388 2676/12389 2684/12390
f 2684/12391 2676/12392 2685/12393
f 2676/12394 2677/12395 2685/12396
f 2685/12397 2677/12398 2686/12399
f 2677/12400 2678/12401 2686/12402
f 2686/12403 2678/12404 2679/12405
f 2678/12406 2671/12407 2679/12408
f 2687/12409 2679/12410 2680/12411
f 2688/12412 2687/12413 2680/12414
f 2688/12415 2680/12416 2681/12417
f 2689/12418 2688/12419 2681/12420
f 2689/12421 2681/12422 2682/12423
f 2690/12424 2689/12425 2682/12426
f 2690/12427 2682/12428 2683/12429
f 2691/12430 2690/12431 2683/12432
f 2691/12433 2683/12434 2692/12435
f 2683/12436 2684/12437 2692/12438
f 2692/12439 2684/12440 2693/12441
f 2684/12442 2685/12443 2693/12444
f 2693/12445 2685/12446 2694/12447
f 2685/12448 2686/12449 2694/12450
f 2694/12451 2686/12452 2687/12453
f 2686/12454 2679/12455 2687/12456
f 2702/12457 2695/12458 2696/12459
f 2703/12460 2702/12461 2696/12462
f 2703/12463 2696/12464 2697/12465
f 2704/12466 2703/12467 2697/12468
f 2704/12469 2697/12470 2698/12471
f 2705/12472 2704/12473 2698/12474
f 2705/12475 2698/12476 2699/12477
f 2706/12478 2705/12479 2699/12480
f 2706/12481 2699/12482 2707/12483
f 2699/12484 2700/12485 2707/12486
f 2707/12487 2700/12488 2708/12489
f 2700/12490 2701/12491 2708/12492
f 2708/12493 2701/12494 2702/12495
f 2701/12496 2695/12497 2702/12498
f 2709/12499 2702/12500 2703/12501
f 2710/12502 2709/12503 2703/12504
f 2710/12505 2703/12506 2704/12507
f 2711/12508 2710/12509 2704/12510
f 2711/12511 2704/12512 2705/12513
f 2712/12514 2711/12515 2705/12516
f 2712/12517 2705/12518 2706/12519
f 2713/12520 2712/12521 2706/12522
f 2713/12523 2706/12524 2714/12525
f 2706/12526 2707/12527 2714/12528
f 2714/12529 2707/12530 2715/12531
f 2707/12532 2708/12533 2715/12534
f 2715/12535 2708/12536 2709/12537
f 2708/12538 2702/12539 2709/12540
f 2723/12541 2716/12542 2717/12543
f 2724/12544 2723/12545 2717/12546
f 2724/12547 2717/12548 2718/12549
f 2725/12550 2724/12551 2718/12552
f 2725/12553 2718/12554 2719/12555
f 2726/12556 2725/12557 2719/12558
f 2726/12559 2719/12560 2720/12561
f 2727/12562 2726/12563 2720/12564
f 2727/12565 2720/12566 2728/12567
f 2720/12568 2721/12569 2728/12570
f 2728/12571 2721/12572 2729/12573
f 2721/12574 2722/12575 2729/12576
f 2729/12577 2722/12578 2723/12579
f 2722/12580 2716/12581 2723/12582
f 2730/12583 2723/12584 2724/12585
f 2731/12586 2730/12587 2724/12588
f 2731/12589 2724/12590 2725/12591
f 2732/12592 2731/12593 2725/12594
f 2732/12595 2725/12596 2726/12597
f 2733/12598 2732/12599 2726/12600
f 2733/12601 2726/12602 2727/12603
f 2734/12604 2733/12605 2727/12606
f 2734/12607 2727/12608 2735/12609
f 2727/12610 2728/12611 2735/12612
f 2735/12613 2728/12614 2736/12615
f 2728/12616 2729/12617 2736/12618
f 2736/12619 2729/12620 2730/12621
f 2729/12622 2723/12623 2730/12624
f 2744/12625 2737/12626 2738/12627
f 2745/12628 2744/12629 2738/12630
f 2745/12631 2738/12632 2739/12633
f 2746/12634 2745/12635 2739/12636
f 2746/12637 2739/12638 2740/12639
f 2747/12640 2746/12641 2740/12642
f 2747/12643 2740/12644 2741/12645
f 2748/12646 2747/12647 2741/12648
f 2748/12649 2741/12650 2749/12651
f 2741/12652 2742/12653 2749/12654
f 2749/12655 2742/12656 2750/12657
f 2742/12658 2743/12659 2750/12660
f 2750/12661 2743/12662 2744/12663
f 2743/12664 2737/12665 2744/12666
f 2751/12667 2744/12668 2745/12669
f 2752/12670 2751/12671 2745/12672
f 2752/12673 2745/12674 2746/12675
f 2753/12676 2752/12677 2746/12678
f 2753/12679 2746/12680 2747/12681
f 2754/12682 2753/12683 2747/12684
f 2754/12685 2747/12686 2748/12687
f 2755/12688 2754/12689 2748/12690
f 2755/12691 2748/12692 2756/12693
f 2748/12694 2749/12695 2756/12696
f 2756/12697 2749/12698 2757/12699
f 2749/12700 2750/12701 2757/12702
f 2757/12703 2750/12704 2751/12705
f 2750/12706 2744/12707 2751/12708
f 2765/12709 2758/12710 2759/12711
f 2766/12712 2765/12713 2759/12714
f 2766/12715 2759/12716 2760/12717
f 2767/12718 2766/12719 2760/12720
f 2767/12721 2760/12722 2761/12723
f 2768/12724 2767/12725 2761/12726
f 2768/12727 2761/12728 2762/12729
f 2769/12730 2768/12731 2762/12732
f 2769/12733 2762/12734 2770/12735
f 2762/12736 2763/12737 2770/12738
f 2770/12739 2763/12740 2771/12741
f 2763/12742 2764/12743 2771/12744
f 2771/12745 2764/12746 2765/12747
f 2764/12748 2758/12749 2765/12750
f 2772/12751 2765/12752 2766/12753
f 2773/12754 2772/12755 2766/12756
f 2773/12757 2766/12758 2767/12759
f 2774/12760 2773/12761 2767/12762
f 2774/12763 2767/12764 2768/12765
f 2775/12766 2774/12767 2768/12768
f 2775/12769 2768/12770 2769/12771
f 2776/12772 2775/12773 2769/12774
f 2776/12775 2769/12776 2777/12777
f 2769/12778 2770/12779 2777/12780
f 2777/12781 2770/12782 2778/12783
f 2770/12784 2771/12785 2778/12786
f 2778/12787 2771/12788 2772/12789
f 2771/12790 2765/12791 2772/12792
f 2786/12793 2779/12794 2780/12795
f 2787/12796 2786/12797 2780/12798
f 2787/12799 2780/12800 2781/12801
f 2788/12802 2787/12803 2781/12804
f 2788/12805 2781/12806 2782/12807
f 2789/12808 2788/12809 2782/12810
f 2789/12811 2782/12812 2783/12813
f 2790/12814 2789/12815 2783/12816
f 2790/12817 2783/12818 2791/12819
f 2783/12820 2784/12821 2791/12822
f 2791/12823 2784/12824 2792/12825
f 2784/12826 2785/12827 2792/12828
f 2792/12829 2785/12830 2786/12831
f 2785/12832 2779/12833 2786/12834
f 2793/12835 2786/12836 2787/12837
f 2794/12838 2793/12839 2787/12840
f 2794/12841 2787/12842 2788/12843
f 2795/12844 2794/12845 2788/12846
f 2795/12847 2788/12848 2789/12849
f 2796/12850 2795/12851 2789/12852
f 2796/12853 2789/12854 2790/12855
f 2797/12856 2796/12857 2790/12858
f 2797/12859 2790/12860 2798/12861
f 2790/12862 2791/12863 2798/12864
f 2798/12865 2791/12866 2799/12867
f 2791/12868 2792/12869 2799/12870
f 2799/12871 2792/12872 2793/12873
f 2792/12874 2786/12875 2793/12876
f 2807/12877 2800/12878 2801/12879
f 2808/12880 2807/12881 2801/12882
f 2808/12883 2801/12884 2802/12885
f 2809/12886 2808/12887 2802/12888
f 2809/12889 2802/12890 2803/12891
f 2810/12892 2809/12893 2803/12894
f 2810/12895 2803/12896 2804/12897
f 2811/12898 2810/12899 2804/12900
f 2811/12901 2804/12902 2812/12903
f 2804/12904 2805/12905 2812/12906
f 2812/12907 2805/12908 2813/12909
f 2805/12910 2806/12911 2813/12912
f 2813/12913 2806/12914 2807/12915
f 2806/12916 2800/12917 2807/12918
f 2814/12919 2807/12920 2808/12921
f 2815/12922 2814/12923 2808/12924
f 2815/12925 2808/12926 2809/12927
f 2816/12928 2815/12929 2809/12930
f 2816/12931 2809/12932 2810/12933
f 2817/12934 2816/12935 2810/12936
f 2817/12937 2810/12938 2811/12939
f 2818/12940 2817/12941 2811/12942
f 2818/12943 2811/12944 2819/12945
f 2811/12946 2812/12947 2819/12948
f 2819/12949 2812/12950 2820/12951
f 2812/12952 2813/12953 2820/12954
f 2820/12955 2813/12956 2814/12957
f 2813/12958 2807/12959 2814/12960
f 2828/12961 2821/12962 2822/12963
f 2829/12964 2828/12965 2822/12966
f 2829/12967 2822/12968 2823/12969
f 2830/12970 2829/12971 2823/12972
f 2830/12973 2823/12974 2824/12975
f 2831/12976 2830/12977 2824/12978
f 2831/12979 2824/12980 2825/12981
f 2832/12982 2831/12983 2825/12984
f 2832/12985 2825/12986 2833/12987
f 2825/12988 2826/12989 2833/12990
f 2833/12991 2826/12992 2834/12993
f 2826/12994 2827/12995 2834/12996
f 2834/12997 2827/12998 2828/12999
f 2827/13000 2821/13001 2828/13002
f 2835/13003 2828/13004 2829/13005
f 2836/13006 2835/13007 2829/13008
f 2836/13009 2829/13010 2830/13011
f 2837/13012 2836/13013 2830/13014
f 2837/13015 2830/13016 2831/13017
f 2838/13018 2837/13019 2831/13020
f 2838/13021 2831/13022 2832/13023
f 2839/13024 2838/13025 2832/13026
f 2839/13027 2832/13028 2840/13029
f 2832/13030 2833/13031 2840/13032
f 2840/13033 2833/13034 2841/13035
f 2833/13036 2834/13037 2841/13038
f 2841/13039 2834/13040 2835/13041
f 2834/13042 2828/13043 2835/13044
f 2849/13045 2842/13046 2843/13047
f 2850/13048 2849/13049 2843/13050
f 2850/13051 2843/13052 2844/13053
f 2851/13054 2850/13055 2844/13056
f 2851/13057 2844/13058 2845/13059
f 2852/13060 2851/13061 2845/13062
f 2852/13063 2845/13064 2846/13065
f 2853/13066 2852/13067 2846/13068
f 2853/13069 2846/13070 2854/13071
f 2846/13072 2847/13073 2854/13074
f 2854/13075 2847/13076 2855/13077
f 2847/13078 2848/13079 2855/13080
f 2855/13081 2848/13082 2849/13083
f 2848/13084 2842/13085 2849/13086
f 2856/13087 2849/13088 2850/13089
f 2857/13090 2856/13091 2850/13092
f 2857/13093 2850/13094 2851/13095
f 2858/13096 2857/13097 2851/13098
f 2858/13099 2851/13100 2852/13101
f 2859/13102 2858/13103 2852/13104
f 2859/13105 2852/13106 2853/13107
f 2860/13108 2859/13109 2853/13110
f 2860/13111 2853/13112 2861/13113
f 2853/13114 2854/13115 2861/13116
f 2861/13117 2854/13118 2862/13119
f 2854/13120 2855/13121 2862/13122
f 2862/13123 2855/13124 2856/13125
f 2855/13126 2849/13127 2856/13128
f 2870/13129 2863/13130 2864/13131
f 2871/13132 2870/13133 2864/13134
f 2871/13135 2864/13136 2865/13137
f 2872/13138 2871/13139 2865/13140
f 2872/13141 2865/13142 2866/13143
f 2873/13144 2872/13145 2866/13146
f 2873/13147 2866/13148 2867/13149
f 2874/13150 2873/13151 2867/13152
f 2874/13153 2867/13154 2875/13155
f 2867/13156 2868/13157 2875/13158
f 2875/13159 2868/13160 2876/13161
f 2868/13162 2869/13163 2876/13164
f 2876/13165 2869/13166 2870/13167
f 2869/13168 2863/13169 2870/13170
f 2877/13171 2870/13172 2871/13173
f 2878/13174 2877/13175 2871/13176
f 2878/13177 2871/13178 2872/13179
f 2879/13180 2878/13181 2872/13182
f 2879/13183 2872/13184 2873/13185
f 2880/13186 2879/13187 2873/13188
f 2880/13189 2873/13190 2874/13191
f 2881/13192 2880/13193 2874/13194
f 2881/13195 2874/13196 2882/13197
f 2874/13198 2875/13199 2882/13200
f 2882/13201 2875/13202 2883/13203
f 2875/13204 2876/13205 2883/13206
f 2883/13207 2876/13208 2877/13209
f 2876/13210 2870/13211 2877/13212
f 2891/13213 2884/13214 2885/13215
f 2892/13216 2891/13217 2885/13218
f 2892/13219 2885/13220 2886/13221
f 2893/13222 2892/13223 2886/13224
f 2893/13225 2886/13226 2887/13227
f 2894/13228 2893/13229 2887/13230
f 2894/13231 2887/13232 2888/13233
f 2895/13234 2894/13235 2888/13236
f 2895/13237 2888/13238 2896/13239
f 2888/13240 2889/13241 2896/13242
f 2896/13243 2889/13244 2897/13245
f 2889/13246 2890/13247 2897/13248
f 2897/13249 2890/13250 2891/13251
f 2890/13252 2884/13253 2891/13254
f 2898/13255 2891/13256 2892/13257
f 2899/13258 2898/13259 2892/13260
f 2899/13261 2892/13262 2893/13263
f 2900/13264 2899/13265 2893/13266
f 2900/13267 2893/13268 2894/13269
f 2901/13270 2900/13271 2894/13272
f 2901/13273 2894/13274 2895/13275
f 2902/13276 2901/13277 2895/13278
f 2902/13279 2895/13280 2903/13281
f 2895/13282 2896/13283 2903/13284
f 2903/13285 2896/13286 2904/13287
f 2896/13288 2897/13289 2904/13290
f 2904/13291 2897/13292 2898/13293
f 2897/13294 2891/13295 2898/13296
f 2912/13297 2905/13298 2906/13299
f 2913/13300 2912/13301 2906/13302
f 2913/13303 2906/13304 2907/13305
f 2914/13306 2913/13307 2907/13308
f 2914/13309 2907/13310 2908/13311
f 2915/13312 2914/13313 2908/13314
f 2915/13315 2908/13316 2909/13317
f 2916/13318 2915/13319 2909/13320
f 2916/13321 2909/13322 2917/13323
f 2909/13324 2910/13325 2917/13326
f 2917/13327 2910/13328 2918/13329
f 2910/13330 2911/13331 2918/13332
f 2918/13333 2911/13334 2912/13335
f 2911/13336 2905/13337 2912/13338
f 2919/13339 2912/13340 2913/13341
f 2920/13342 2919/13343 2913/13344
f 2920/13345 2913/13346 2914/13347
f 2921/13348 2920/13349 2914/13350
f 2921/13351 2914/13352 2915/13353
f 2922/13354 2921/13355 2915/13356
f 2922/13357 2915/13358 2916/13359
f 2923/13360 2922/13361 2916/13362
f 2923/13363 2916/13364 2924/13365
f 2916/13366 2917/13367 2924/13368
f 2924/13369 2917/13370 2925/13371
f 2917/13372 2918/13373 2925/13374
f 2925/13375 2918/13376 2919/13377
f 2918/13378 2912/13379 2919/13380
f 2933/13381 2926/13382 2927/13383
f 2934/13384 2933/13385 2927/13386
f 2934/13387 2927/13388 2928/13389
f 2935/13390 2934/13391 2928/13392
f 2935/13393 2928/13394 2929/13395
f 2936/13396 2935/13397 2929/13398
f 2936/13399 2929/13400 2930/13401
f 2937/13402 2936/13403 2930/13404
f 2937/13405 2930/13406 2938/13407
f 2930/13408 2931/13409 2938/13410
f 2938/13411 2931/13412 2939/13413
f 2931/13414 2932/13415 2939/13416
f 2939/13417 2932/13418 2933/13419
f 2932/13420 2926/13421 2933/13422
f 2940/13423 2933/13424 2934/13425
f 2941/13426 2940/13427 2934/13428
f 2941/13429 2934/13430 2935/13431
f 2942/13432 2941/13433 2935/13434
f 2942/13435 2935/13436 2936/13437
f 2943/13438 2942/13439 2936/13440
f 2943/13441 2936/13442 2937/13443
f 2944/13444 2943/13445 2937/13446
f 2944/13447 2937/13448 2945/13449
f 2937/13450 2938/13451 2945/13452
f 2945/13453 2938/13454 2946/13455
f 2938/13456 2939/13457 2946/13458
f 2946/13459 2939/13460 2940/13461
f 2939/13462 2933/13463 2940/13464
f 2954/13465 2947/13466 2948/13467
f 2955/13468 2954/13469 2948/13470
f 2955/13471 2948/13472 2949/13473
f 2956/13474 2955/13475 2949/13476
f 2956/13477 2949/13478 2950/13479
f 2957/13480 2956/13481 2950/13482
f 2957/13483 2950/13484 2951/13485
f 2958/13486 2957/13487 2951/13488
f 2958/13489 2951/13490 2959/13491
f 2951/13492 2952/13493 2959/13494
f 2959/13495 2952/13496 2960/13497
f 2952/13498 2953/13499 2960/13500
f 2960/13501 2953/13502 2954/13503
f 2953/13504 2947/13505 2954/13506
f 2961/13507 2954/13508 2955/13509
f 2962/13510 2961/13511 2955/13512
f 2962/13513 2955/13514 2956/13515
f 2963/13516 2962/13517 2956/13518
f 2963/13519 2956/13520 2957/13521
f 2964/13522 2963/13523 2957/13524
f 2964/13525 2957/13526 2958/13527
f 2965/13528 2964/13529 2958/13530
f 2965/13531 2958/13532 2966/13533
f 2958/13534 2959/13535 2966/13536
f 2966/13537 2959/13538 2967/13539
f 2959/13540 2960/13541 2967/13542
f 2967/13543 2960/13544 2961/13545
f 2960/13546 2954/13547 2961/13548
f 2975/13549 2968/13550 2969/13551
f 2976/13552 2975/13553 2969/13554
f 2976/13555 2969/13556 2970/13557
f 2977/13558 2976/13559 2970/13560
f 2977/13561 2970/13562 2971/13563
f 2978/13564 2977/13565 2971/13566
f 2978/13567 2971/13568 2972/13569
f 2979/13570 2978/13571 2972/13572
f 2979/13573 2972/13574 2980/13575
f 2972/13576 2973/13577 2980/13578
f 2980/13579 2973/13580 2981/13581
f 2973/13582 2974/13583 2981/13584
f 2981/13585 2974/13586 2975/13587
f 2974/13588 2968/13589 2975/13590
f 2982/13591 2975/13592 2976/13593
f 2983/13594 2982/13595 2976/13596
f 2983/13597 2976/13598 2977/13599
f 2984/13600 2983/13601 2977/13602
f 2984/13603 2977/13604 2978/13605
f 2985/13606 2984/13607 2978/13608
f 2985/13609 2978/13610 2979/13611
f 2986/13612 2985/13613 2979/13614
f 2986/13615 2979/13616 2987/13617
f 2979/13618 2980/13619 2987/13620
f 2987/13621 2980/13622 2988/13623
f 2980/13624 2981/13625 2988/13626
f 2988/13627 2981/13628 2982/13629
f 2981/13630 2975/13631 2982/13632
f 2996/13633 2989/13634 2990/13635
f 2997/13636 2996/13637 2990/13638
f 2997/13639 2990/13640 2991/13641
f 2998/13642 2997/13643 2991/13644
f 2998/13645 2991/13646 2992/13647
f 2999/13648 2998/13649 2992/13650
f 2999/13651 2992/13652 2993/13653
f 3000/13654 2999/13655 2993/13656
f 3000/13657 2993/13658 3001/13659
f 2993/13660 2994/13661 3001/13662
f 3001/13663 2994/13664 3002/13665
f 2994/13666 2995/13667 3002/13668
f 3002/13669 2995/13670 2996/13671
f 2995/13672 2989/13673 2996/13674
f 3003/13675 2996/13676 2997/13677
f 3004/13678 3003/13679 2997/13680
f 3004/13681 2997/13682 2998/13683
f 3005/13684 3004/13685 2998/13686
f 3005/13687 2998/13688 2999/13689
f 3006/13690 3005/13691 2999/13692
f 3006/13693 2999/13694 3000/13695
f 3007/13696 3006/13697 3000/13698
f 3007/13699 3000/13700 3008/13701
f 3000/13702 3001/13703 3008/13704
f 3008/13705 3001/13706 3009/13707
f 3001/13708 3002/13709 3009/13710
f 3009/13711 3002/13712 3003/13713
f 3002/13714 2996/13715 3003/13716
f 3017/13717 3010/13718 3011/13719
f 3018/13720 3017/13721 3011/13722
f 3018/13723 3011/13724 3012/13725
f 3019/13726 3018/13727 3012/13728
f 3019/13729 3012/13730 3013/13731
f 3020/13732 3019/13733 3013/13734
f 3020/13735 3013/13736 3014/13737
f 3021/13738 3020/13739 3014/13740
f 3021/13741 3014/13742 3022/13743
f 3014/13744 3015/13745 3022/13746
f 3022/13747 3015/13748 3023/13749
f 3015/13750 3016/13751 3023/13752
f 3023/13753 3016/13754 3017/13755
f 3016/13756 3010/13757 3017/13758
f 3024/13759 3017/13760 3018/13761
f 3025/13762 3024/13763 3018/13764
f 3025/13765 3018/13766 3019/13767
f 3026/13768 3025/13769 3019/13770
f 3026/13771 3019/13772 3020/13773
f 3027/13774 3026/13775 3020/13776
f 3027/13777 3020/13778 3021/13779
f 3028/13780 3027/13781 3021/13782
f 3028/13783 3021/13784 3029/13785
f 3021/13786 3022/13787 3029/13788
f 3029/13789 3022/13790 3030/13791
f 3022/13792 3023/13793 3030/13794
f 3030/13795 3023/13796 3024/13797
f 3023/13798 3017/13799 3024/13800
f 3038/13801 3031/13802 3032/13803
f 3039/13804 3038/13805 3032/13806
f 3039/13807 3032/13808 3033/13809
f 3040/13810 3039/13811 3033/13812
f 3040/13813 3033/13814 3034/13815
f 3041/13816 3040/13817 3034/13818
f 3041/13819 3034/13820 3035/13821
f 3042/13822 3041/13823 3035/13824
f 3042/13825 3035/13826 3043/13827
f 3035/13828 3036/13829 3043/13830
f 3043/13831 3036/13832 3044/13833
f 3036/13834 3037/13835 3044/13836
f 3044/13837 3037/13838 3038/13839
f 3037/13840 3031/13841 3038/13842
f 3045/13843 3038/13844 3039/13845
f 3046/13846 3045/13847 3039/13848
f 3046/13849 3039/13850 3040/13851
f 3047/13852 3046/13853 3040/13854
f 3047/13855 3040/13856 3041/13857
f 3048/13858 3047/13859 3041/13860
f 3048/13861 3041/13862 3042/13863
f 3049/13864 3048/13865 3042/13866
f 3049/13867 3042/13868 3050/13869
f 3042/13870 3043/13871 3050/13872
f 3050/13873 3043/13874 3051/13875
f 3043/13876 3044/13877 3051/13878
f 3051/13879 3044/13880 3045/13881
f 3044/13882 3038/13883 3045/13884
f 3059/13885 3052/13886 3053/13887
f 3060/13888 3059/13889 3053/13890
f 3060/13891 3053/13892 3054/13893
f 3061/13894 3060/13895 3054/13896
f 3061/13897 3054/13898 3055/13899
f 3062/13900 3061/13901 3055/13902
f 3062/13903 3055/13904 3056/13905
f 3063/13906 3062/13907 3056/13908
f 3063/13909 3056/13910 3064/13911
f 3056/13912 3057/13913 3064/13914
f 3064/13915 3057/13916 3065/13917
f 3057/13918 3058/13919 3065/13920
f 3065/13921 3058/13922 3059/13923
f 3058/13924 3052/13925 3059/13926
f 3066/13927 3059/13928 3060/13929
f 3067/13930 3066/13931 3060/13932
f 3067/13933 3060/13934 3061/13935
f 3068/13936 3067/13937 3061/13938
f 3068/13939 3061/13940 3062/13941
f 3069/13942 3068/13943 3062/13944
f 3069/13945 3062/13946 3063/13947
f 3070/13948 3069/13949 3063/13950
f 3070/13951 3063/13952 3071/13953
f 3063/13954 3064/13955 3071/13956
f 3071/13957 3064/13958 3072/13959
f 3064/13960 3065/13961 3072/13962
f 3072/13963 3065/13964 3066/13965
f 3065/13966 3059/13967 3066/13968
f 3080/13969 3073/13970 3074/13971
f 3081/13972 3080/13973 3074/13974
f 3081/13975 3074/13976 3075/13977
f 3082/13978 3081/13979 3075/13980
f 3082/13981 3075/13982 3076/13983
f 3083/13984 3082/13985 3076/13986
f 3083/13987 3076/13988 3077/13989
f 3084/13990 3083/13991 3077/13992
f 3084/13993 3077/13994 3085/13995
f 3077/13996 3078/13997 3085/13998
f 3085/13999 3078/14000 3086/14001
f 3078/14002 3079/14003 3086/14004
f 3086/14005 3079/14006 3080/14007
f 3079/14008 3073/14009 3080/14010
f 3087/14011 3080/14012 3081/14013
f 3088/14014 3087/14015 3081/14016
f 3088/14017 3081/14018 3082/14019
f 3089/14020 3088/14021 3082/14022
f 3089/14023 3082/14024 3083/14025
f 3090/14026 3089/14027 3083/14028
f 3090/14029 3083/14030 3084/14031
f 3091/14032 3090/14033 3084/14034
f 3091/14035 3084/14036 3092/14037
f 3084/14038 3085/14039 3092/14040
f 3092/14041 3085/14042 3093/14043
f 3085/14044 3086/14045 3093/14046
f 3093/14047 3086/14048 3087/14049
f 3086/14050 3080/14051 3087/14052
f 3101/14053 3094/14054 3095/14055
f 3102/14056 3101/14057 3095/14058
f 3102/14059 3095/14060 3096/14061
f 3103/14062 3102/14063 3096/14064
f 3103/14065 3096/14066 3097/14067
f 3104/14068 3103/14069 3097/14070
f 3104/14071 3097/14072 3098/14073
f 3105/14074 3104/14075 3098/14076
f 3105/14077 3098/14078 3106/14079
f 3098/14080 3099/14081 3106/14082
f 3106/14083 3099/14084 3107/14085
f 3099/14086 3100/14087 3107/14088
f 3107/14089 3100/14090 3101/14091
f 3100/14092 3094/14093 3101/14094
f 3108/14095 3101/14096 3102/14097
f 3109/14098 3108/14099 3102/14100
f 3109/14101 3102/14102 3103/14103
f 3110/14104 3109/14105 3103/14106
f 3110/14107 3103/14108 3104/14109
f 3111/14110 3110/14111 3104/14112
f 3111/14113 3104/14114 3105/14115
f 3112/14116 3111/14117 3105/14118
f 3112/14119 3105/14120 3113/14121
f 3105/14122 3106/14123 3113/14124
f 3113/14125 3106/14126 3114/14127
f 3106/14128 3107/14129 3114/14130
f 3114/14131 3107/14132 3108/14133
f 3107/14134 3101/14135 3108/14136
f 3122/14137 3115/14138 3116/14139
f 3123/14140 3122/14141 3116/14142
f 3123/14143 3116/14144 3117/14145
f 3124/14146 3123/14147 3117/14148
f 3124/14149 3117/14150 3118/14151
f 3125/14152 3124/14153 3118/14154
f 3125/14155 3118/14156 3119/14157
f 3126/14158 3125/14159 3119/14160
f 3126/14161 3119/14162 3127/14163
f 3119/14164 3120/14165 3127/14166
f 3127/14167 3120/14168 3128/14169
f 3120/14170 3121/14171 3128/14172
f 3128/14173 3121/14174 3122/14175
f 3121/14176 3115/14177 3122/14178
f 3129/14179 3122/14180 3123/14181
f 3130/14182 3129/14183 3123/14184
f 3130/14185 3123/14186 3124/14187
f 3131/14188 3130/14189 3124/14190
f 3131/14191 3124/14192 3125/14193
f 3132/14194 3131/14195 3125/14196
f 3132/14197 3125/14198 3126/14199
f 3133/14200 3132/14201 3126/14202
f 3133/14203 3126/14204 3134/14205
f 3126/14206 3127/14207 3134/14208
f 3134/14209 3127/14210 3135/14211
f 3127/14212 3128/14213 3135/14214
f 3135/14215 3128/14216 3129/14217
f 3128/14218 3122/14219 3129/14220
f 3143/14221 3136/14222 3137/14223
f 3144/14224 3143/14225 3137/14226
f 3144/14227 3137/14228 3138/14229
f 3145/14230 3144/14231 3138/14232
f 3145/14233 3138/14234 3139/14235
f 3146/14236 3145/14237 3139/14238
f 3146/14239 3139/14240 3140/14241
f 3147/14242 3146/14243 3140/14244
f 3147/14245 3140/14246 3148/14247
f 3140/14248 3141/14249 3148/14250
f 3148/14251 3141/14252 3149/14253
f 3141/14254 3142/14255 3149/14256
f 3149/14257 3142/14258 3143/14259
f 3142/14260 3136/14261 3143/14262
f 3150/14263 3143/14264 3144/14265
f 3151/14266 3150/14267 3144/14268
f 3151/14269 3144/14270 3145/14271
f 3152/14272 3151/14273 3145/14274
f 3152/14275 3145/14276 3146/14277
f 3153/14278 3152/14279 3146/14280
f 3153/14281 3146/14282 3147/14283
f 3154/14284 3153/14285 3147/14286
f 3154/14287 3147/14288 3155/14289
f 3147/14290 3148/14291 3155/14292
f 3155/14293 3148/14294 3156/14295
f 3148/14296 3149/14297 3156/14298
f 3156/14299 3149/14300 3150/14301
f 3149/14302 3143/14303 3150/14304
f 3164/14305 3157/14306 3158/14307
f 3165/14308 3164/14309 3158/14310
f 3165/14311 3158/14312 3159/14313
f 3166/14314 3165/14315 3159/14316
f 3166/14317 3159/14318 3160/14319
f 3167/14320 3166/14321 3160/14322
f 3167/14323 3160/14324 3161/14325
f 3168/14326 3167/14327 3161/14328
f 3168/14329 3161/14330 3169/14331
f 3161/14332 3162/14333 3169/14334
f 3169/14335 3162/14336 3170/14337
f 3162/14338 3163/14339 3170/14340
f 3170/14341 3163/14342 3164/14343
f 3163/14344 3157/14345 3164/14346
f 3171/14347 3164/14348 3165/14349
f 3172/14350 3171/14351 3165/14352
f 3172/14353 3165/14354 3166/14355
f 3173/14356 3172/14357 3166/14358
f 3173/14359 3166/14360 3167/14361
f 3174/14362 3173/14363 3167/14364
f 3174/14365 3167/14366 3168/14367
f 3175/14368 3174/14369 3168/14370
f 3175/14371 3168/14372 3176/14373
f 3168/14374 3169/14375 3176/14376
f 3176/14377 3169/14378 3177/14379
f 3169/14380 3170/14381 3177/14382
f 3177/14383 3170/14384 3171/14385
f 3170/14386 3164/14387 3171/14388
f 3185/14389 3178/14390 3179/14391
f 3186/14392 3185/14393 3179/14394
f 3186/14395 3179/14396 3180/14397
f 3187/14398 3186/14399 3180/14400
f 3187/14401 3180/14402 3181/14403
f 3188/14404 3187/14405 3181/14406
f 3188/14407 3181/14408 3182/14409
f 3189/14410 3188/14411 3182/14412
f 3189/14413 3182/14414 3190/14415
f 3182/14416 3183/14417 3190/14418
f 3190/14419 3183/14420 3191/14421
f 3183/14422 3184/14423 3191/14424
f 3191/14425 3184/14426 3185/14427
f 3184/14428 3178/14429 3185/14430
f 3192/14431 3185/14432 3186/14433
f 3193/14434 3192/14435 3186/14436
f 3193/14437 3186/14438 3187/14439
f 3194/14440 3193/14441 3187/14442
f 3194/14443 3187/14444 3188/14445
f 3195/14446 3194/14447 3188/14448
f 3195/14449 3188/14450 3189/14451
f 3196/14452 3195/14453 3189/14454
f 3196/14455 3189/14456 3197/14457
f 3189/14458 3190/14459 3197/14460
f 3197/14461 3190/14462 3198/14463
f 3190/14464 3191/14465 3198/14466
f 3198/14467 3191/14468 3192/14469
f 3191/14470 3185/14471 3192/14472
f 3206/14473 3199/14474 3200/14475
f 3207/14476 3206/14477 3200/14478
f 3207/14479 3200/14480 3201/14481
f 3208/14482 3207/14483 3201/14484
f 3208/14485 3201/14486 3202/14487
f 3209/14488 3208/14489 3202/14490
f 3209/14491 3202/14492 3203/14493
f 3210/14494 3209/14495 3203/14496
f 3210/14497 3203/14498 3211/14499
f 3203/14500 3204/14501 3211/14502
f 3211/14503 3204/14504 3212/14505
f 3204/14506 3205/14507 3212/14508
f 3212/14509 3205/14510 3206/14511
f 3205/14512 3199/14513 3206/14514
f 3213/14515 3206/14516 3207/14517
f 3214/14518 3213/14519 3207/14520
f 3214/14521 3207/14522 3208/14523
f 3215/14524 3214/14525 3208/14526
f 3215/14527 3208/14528 3209/14529
f 3216/14530 3215/14531 3209/14532
f 3216/14533 3209/14534 3210/14535
f 3217/14536 3216/14537 3210/14538
f 3217/14539 3210/14540 3218/14541
f 3210/14542 3211/14543 3218/14544
f 3218/14545 3211/14546 3219/14547
f 3211/14548 3212/14549 3219/14550
f 3219/14551 3212/14552 3213/14553
f 3212/14554 3206/14555 3213/14556
f 3227/14557 3220/14558 3221/14559
f 3228/14560 3227/14561 3221/14562
f 3228/14563 3221/14564 3222/14565
f 3229/14566 3228/14567 3222/14568
f 3229/14569 3222/14570 3223/14571
f 3230/14572 3229/14573 3223/14574
f 3230/14575 3223/14576 3224/14577
f 3231/14578 3230/14579 3224/14580
f 3231/14581 3224/14582 3232/14583
f 3224/14584 3225/14585 3232/14586
f 3232/14587 3225/14588 3233/14589
f 3225/14590 3226/14591 3233/14592
f 3233/14593 3226/14594 3227/14595
f 3226/14596 3220/14597 3227/14598
f 3234/14599 3227/14600 3228/14601
f 3235/14602 3234/14603 3228/14604
f 3235/14605 3228/14606 3229/14607
f 3236/14608 3235/14609 3229/14610
f 3236/14611 3229/14612 3230/14613
f 3237/14614 3236/14615 3230/14616
f 3237/14617 3230/14618 3231/14619
f 3238/14620 3237/14621 3231/14622
f 3238/14623 3231/14624 3239/14625
f 3231/14626 3232/14627 3239/14628
f 3239/14629 3232/14630 3240/14631
f 3232/14632 3233/14633 3240/14634
f 3240/14635 3233/14636 3234/14637
f 3233/14638 3227/14639 3234/14640
f 3248/14641 3241/14642 3242/14643
f 3249/14644 3248/14645 3242/14646
f 3249/14647 3242/14648 3243/14649
f 3250/14650 3249/14651 3243/14652
f 3250/14653 3243/14654 3244/14655
f 3251/14656 3250/14657 3244/14658
f 3251/14659 3244/14660 3245/14661
f 3252/14662 3251/14663 3245/14664
f 3252/14665 3245/14666 3253/14667
f 3245/14668 3246/14669 3253/14670
f 3253/14671 3246/14672 3254/14673
f 3246/14674 3247/14675 3254/14676
f 3254/14677 3247/14678 3248/14679
f 3247/14680 3241/14681 3248/14682
f 3255/14683 3248/14684 3249/14685
f 3256/14686 3255/14687 3249/14688
f 3256/14689 3249/14690 3250/14691
f 3257/14692 3256/14693 3250/14694
f 3257/14695 3250/14696 3251/14697
f 3258/14698 3257/14699 3251/14700
f 3258/14701 3251/14702 3252/14703
f 3259/14704 3258/14705 3252/14706
f 3259/14707 3252/14708 3260/14709
f 3252/14710 3253/14711 3260/14712
f 3260/14713 3253/14714 3261/14715
f 3253/14716 3254/14717 3261/14718
f 3261/14719 3254/14720 3255/14721
f 3254/14722 3248/14723 3255/14724
f 3269/14725 3262/14726 3263/14727
f 3270/14728 3269/14729 3263/14730
f 3270/14731 3263/14732 3264/14733
f 3271/14734 3270/14735 3264/14736
f 3271/14737 3264/14738 3265/14739
f 3272/14740 3271/14741 3265/14742
f 3272/14743 3265/14744 3266/14745
f 3273/14746 3272/14747 3266/14748
f 3273/14749 3266/14750 3274/14751
f 3266/14752 3267/14753 3274/14754
f 3274/14755 3267/14756 3275/14757
f 3267/14758 3268/14759 3275/14760
f 3275/14761 3268/14762 3269/14763
f 3268/14764 3262/14765 3269/14766
f 3276/14767 3269/14768 3270/14769
f 3277/14770 3276/14771 3270/14772
f 3277/14773 3270/14774 3271/14775
f 3278/14776 3277/14777 3271/14778
f 3278/14779 3271/14780 3272/14781
f 3279/14782 3278/14783 3272/14784
f 3279/14785 3272/14786 3273/14787
f 3280/14788 3279/14789 3273/14790
f 3280/14791 3273/14792 3281/14793
f 3273/14794 3274/14795 3281/14796
f 3281/14797 3274/14798 3282/14799
f 3274/14800 3275/14801 3282/14802
f 3282/14803 3275/14804 3276/14805
f 3275/14806 3269/14807 3276/14808
f 3290/14809 3283/14810 3284/14811
f 3291/14812 3290/14813 3284/14814
f 3291/14815 3284/14816 3285/14817
f 3292/14818 3291/14819 3285/14820
f 3292/14821 3285/14822 3286/14823
f 3293/14824 3292/14825 3286/14826
f 3293/14827 3286/14828 3287/14829
f 3294/14830 3293/14831 3287/14832
f 3294/14833 3287/14834 3295/14835
f 3287/14836 3288/14837 3295/14838
f 3295/14839 3288/14840 3296/14841
f 3288/14842 3289/14843 3296/14844
f 3296/14845 3289/14846 3290/14847
f 3289/14848 3283/14849 3290/14850
f 3297/14851 3290/14852 3291/14853
f 3298/14854 3297/14855 3291/14856
f 3298/14857 3291/14858 3292/14859
f 3299/14860 3298/14861 3292/14862
f 3299/14863 3292/14864 3293/14865
f 3300/14866 3299/14867 3293/14868
f 3300/14869 3293/14870 3294/14871
f 3301/14872 3300/14873 3294/14874
f 3301/14875 3294/14876 3302/14877
f 3294/14878 3295/14879 3302/14880
f 3302/14881 3295/14882 3303/14883
f 3295/14884 3296/14885 3303/14886
f 3303/14887 3296/14888 3297/14889
f 3296/14890 3290/14891 3297/14892
f 3311/14893 3304/14894 3305/14895
f 3312/14896 3311/14897 3305/14898
f 3312/14899 3305/14900 3306/14901
f 3313/14902 3312/14903 3306/14904
f 3313/14905 3306/14906 3307/14907
f 3314/14908 3313/14909 3307/14910
f 3314/14911 3307/14912 3308/14913
f 3315/14914 3314/14915 3308/14916
f 3315/14917 3308/14918 3316/14919
f 3308/14920 3309/14921 3316/14922
f 3316/14923 3309/14924 3317/14925
f 3309/14926 3310/14927 3317/14928
f 3317/14929 3310/14930 3311/14931
f 3310/14932 3304/14933 3311/14934
f 3318/14935 3311/14936 3312/14937
f 3319/14938 3318/14939 3312/14940
f 3319/14941 3312/14942 3313/14943
f 3320/14944 3319/14945 3313/14946
f 3320/14947 3313/14948 3314/14949
f 3321/14950 3320/14951 3314/14952
f 3321/14953 3314/14954 3315/14955
f 3322/14956 3321/14957 3315/14958
f 3322/14959 3315/14960 3323/14961
f 3315/14962 3316/14963 3323/14964
f 3323/14965 3316/14966 3324/14967
f 3316/14968 3317/14969 3324/14970
f 3324/14971 3317/14972 3318/14973
f 3317/14974 3311/14975 3318/14976
f 3332/14977 3325/14978 3326/14979
f 3333/14980 3332/14981 3326/14982
f 3333/14983 3326/14984 3327/14985
f 3334/14986 3333/14987 3327/14988
f 3334/14989 3327/14990 3328/14991
f 3335/14992 3334/14993 3328/14994
f 3335/14995 3328/14996 3329/14997
f 3336/14998 3335/14999 3329/15000
f 3336/15001 3329/15002 3337/15003
f 3329/15004 3330/15005 3337/15006
f 3337/15007 3330/15008 3338/15009
f 3330/15010 3331/15011 3338/15012
f 3338/15013 3331/15014 3332/15015
f 3331/15016 3325/15017 3332/15018
f 3339/15019 3332/15020 3333/15021
f 3340/15022 3339/15023 3333/15024
f 3340/15025 3333/15026 3334/15027
f 3341/15028 3340/15029 3334/15030
f 3341/15031 3334/15032 3335/15033
f 3342/15034 3341/15035 3335/15036
f 3342/15037 3335/15038 3336/15039
f 3343/15040 3342/15041 3336/15042
f 3343/15043 3336/15044 3344/15045
f 3336/15046 3337/15047 3344/15048
f 3344/15049 3337/15050 3345/15051
f 3337/15052 3338/15053 3345/15054
f 3345/15055 3338/15056 3339/15057
f 3338/15058 3332/15059 3339/15060
f 3353/15061 3346/15062 3347/15063
f 3354/15064 3353/15065 3347/15066
f 3354/15067 3347/15068 3348/15069
f 3355/15070 3354/15071 3348/15072
f 3355/15073 3348/15074 3349/15075
f 3356/15076 3355/15077 3349/15078
f 3356/15079 3349/15080 3350/15081
f 3357/15082 3356/15083 3350/15084
f 3357/15085 3350/15086 3358/15087
f 3350/15088 3351/15089 3358/15090
f 3358/15091 3351/15092 3359/15093
f 3351/15094 3352/15095 3359/15096
f 3359/15097 3352/15098 3353/15099
f 3352/15100 3346/15101 3353/15102
f 3360/15103 3353/15104 3354/15105
f 3361/15106 3360/15107 3354/15108
f 3361/15109 3354/15110 3355/15111
f 3362/15112 3361/15113 3355/15114
f 3362/15115 3355/15116 3356/15117
f 3363/15118 3362/15119 3356/15120
f 3363/15121 3356/15122 3357/15123
f 3364/15124 3363/15125 3357/15126
f 3364/15127 3357/15128 3365/15129
f 3357/15130 3358/15131 3365/15132
f 3365/15133 3358/15134 3366/15135
f 3358/15136 3359/15137 3366/15138
f 3366/15139 3359/15140 3360/15141
f 3359/15142 3353/15143 3360/15144
f 3374/15145 3367/15146 3368/15147
f 3375/15148 3374/15149 3368/15150
f 3375/15151 3368/15152 3369/15153
f 3376/15154 3375/15155 3369/15156
f 3376/15157 3369/15158 3370/15159
f 3377/15160 3376/15161 3370/15162
f 3377/15163 3370/15164 3371/15165
f 3378/15166 3377/15167 3371/15168
f 3378/15169 3371/15170 3379/15171
f 3371/15172 3372/15173 3379/15174
f 3379/15175 3372/15176 3380/15177
f 3372/15178 3373/15179 3380/15180
f 3380/15181 3373/15182 3374/15183
f 3373/15184 3367/15185 3374/15186
f 3381/15187 3374/15188 3375/15189
f 3382/15190 3381/15191 3375/15192
f 3382/15193 3375/15194 3376/15195
f 3383/15196 3382/15197 3376/15198
f 3383/15199 3376/15200 3377/15201
f 3384/15202 3383/15203 3377/15204
f 3384/15205 3377/15206 3378/15207
f 3385/15208 3384/15209 3378/15210
f 3385/15211 3378/15212 3386/15213
f 3378/15214 3379/15215 3386/15216
f 3386/15217 3379/15218 3387/15219
f 3379/15220 3380/15221 3387/15222
f 3387/15223 3380/15224 3381/15225
f 3380/15226 3374/15227 3381/15228
f 3395/15229 3388/15230 3389/15231
f 3396/15232 3395/15233 3389/15234
f 3396/15235 3389/15236 3390/15237
f 3397/15238 3396/15239 3390/15240
f 3397/15241 3390/15242 3391/15243
f 3398/15244 3397/15245 3391/15246
f 3398/15247 3391/15248 3392/15249
f 3399/15250 3398/15251 3392/15252
f 3399/15253 3392/15254 3400/15255
f 3392/15256 3393/15257 3400/15258
f 3400/15259 3393/15260 3401/15261
f 3393/15262 3394/15263 3401/15264
f 3401/15265 3394/15266 3395/15267
f 3394/15268 3388/15269 3395/15270
f 3402/15271 3395/15272 3396/15273
f 3403/15274 3402/15275 3396/15276
f 3403/15277 3396/15278 3397/15279
f 3404/15280 3403/15281 3397/15282
f 3404/15283 3397/15284 3398/15285
f 3405/15286 3404/15287 3398/15288
f 3405/15289 3398/15290 3399/15291
f 3406/15292 3405/15293 3399/15294
f 3406/15295 3399/15296 3407/15297
f 3399/15298 3400/15299 3407/15300
f 3407/15301 3400/15302 3408/15303
f 3400/15304 3401/15305 3408/15306
f 3408/15307 3401/15308 3402/15309
f 3401/15310 3395/15311 3402/15312
f 3416/15313 3409/15314 3410/15315
f 3417/15316 3416/15317 3410/15318
f 3417/15319 3410/15320 3411/15321
f 3418/15322 3417/15323 3411/15324
f 3418/15325 3411/15326 3412/15327
f 3419/15328 3418/15329 3412/15330
f 3419/15331 3412/15332 3413/15333
f 3420/15334 3419/15335 3413/15336
f 3420/15337 3413/15338 3421/15339
f 3413/15340 3414/15341 3421/15342
f 3421/15343 3414/15344 3422/15345
f 3414/15346 3415/15347 3422/15348
f 3422/15349 3415/15350 3416/15351
f 3415/15352 3409/15353 3416/15354
f 3423/15355 3416/15356 3417/15357
f 3424/15358 3423/15359 3417/15360
f 3424/15361 3417/15362 3418/15363
f 3425/15364 3424/15365 3418/15366
f 3425/15367 3418/15368 3419/15369
f 3426/15370 3425/15371 3419/15372
f 3426/15373 3419/15374 3420/15375
f 3427/15376 3426/15377 3420/15378
f 3427/15379 3420/15380 3428/15381
f 3420/15382 3421/15383 3428/15384
f 3428/15385 3421/15386 3429/15387
f 3421/15388 3422/15389 3429/15390
f 3429/15391 3422/15392 3423/15393
f 3422/15394 3416/15395 3423/15396
f 3437/15397 3430/15398 3431/15399
f 3438/15400 3437/15401 3431/15402
f 3438/15403 3431/15404 3432/15405
f 3439/15406 3438/15407 3432/15408
f 3439/15409 3432/15410 3433/15411
f 3440/15412 3439/15413 3433/15414
f 3440/15415 3433/15416 3434/15417
f 3441/15418 3440/15419 3434/15420
f 3441/15421 3434/15422 3442/15423
f 3434/15424 3435/15425 3442/15426
f 3442/15427 3435/15428 3443/15429
f 3435/15430 3436/15431 3443/15432
f 3443/15433 3436/15434 3437/15435
f 3436/15436 3430/15437 3437/15438
f 3444/15439 3437/15440 3438/15441
f 3445/15442 3444/15443 3438/15444
f 3445/15445 3438/15446 3439/15447
f 3446/15448 3445/15449 3439/15450
f 3446/15451 3439/15452 3440/15453
f 3447/15454 3446/15455 3440/15456
f 3447/15457 3440/15458 3441/15459
f 3448/15460 3447/15461 3441/15462
f 3448/15463 3441/15464 3449/15465
f 3441/15466 3442/15467 3449/15468
f 3449/15469 3442/15470 3450/15471
f 3442/15472 3443/15473 3450/15474
f 3450/15475 3443/15476 3444/15477
f 3443/15478 3437/15479 3444/15480
f 3458/15481 3451/15482 3452/15483
f 3459/15484 3458/15485 3452/15486
f 3459/15487 3452/15488 3453/15489
f 3460/15490 3459/15491 3453/15492
f 3460/15493 3453/15494 3454/15495
f 3461/15496 3460/15497 3454/15498
f 3461/15499 3454/15500 3455/15501
f 3462/15502 3461/15503 3455/15504
f 3462/15505 3455/15506 3463/15507
f 3455/15508 3456/15509 3463/15510
f 3463/15511 3456/15512 3464/15513
f 3456/15514 3457/15515 3464/15516
f 3464/15517 3457/15518 3458/15519
f 3457/15520 3451/15521 3458/15522
f 3465/15523 3458/15524 3459/15525
f 3466/15526 3465/15527 3459/15528
f 3466/15529 3459/15530 3460/15531
f 3467/15532 3466/15533 3460/15534
f 3467/15535 3460/15536 3461/15537
f 3468/15538 3467/15539 3461/15540
f 3468/15541 3461/15542 3462/15543
f 3469/15544 3468/15545 3462/15546
f 3469/15547 3462/15548 3470/15549
f 3462/15550 3463/15551 3470/15552
f 3470/15553 3463/15554 3471/15555
f 3463/15556 3464/15557 3471/15558
f 3471/15559 3464/15560 3465/15561
f 3464/15562 3458/15563 3465/15564
f 3479/15565 3472/15566 3473/15567
f 3480/15568 3479/15569 3473/15570
f 3480/15571 3473/15572 3474/15573
f 3481/15574 3480/15575 3474/15576
f 3481/15577 3474/15578 3475/15579
f 3482/15580 3481/15581 3475/15582
f 3482/15583 3475/15584 3476/15585
f 3483/15586 3482/15587 3476/15588
f 3483/15589 3476/15590 3484/15591
f 3476/15592 3477/15593 3484/15594
f 3484/15595 3477/15596 3485/15597
f 3477/15598 3478/15599 3485/15600
f 3485/15601 3478/15602 3479/15603
f 3478/15604 3472/15605 3479/15606
f 3486/15607 3479/15608 3480/15609
f 3487/15610 3486/15611 3480/15612
f 3487/15613 3480/15614 3481/15615
f 3488/15616 3487/15617 3481/15618
f 3488/15619 3481/15620 3482/15621
f 3489/15622 3488/15623 3482/15624
f 3489/15625 3482/15626 3483/15627
f 3490/15628 3489/15629 3483/15630
f 3490/15631 3483/15632 3491/15633
f 3483/15634 3484/15635 3491/15636
f 3491/15637 3484/15638 3492/15639
f 3484/15640 3485/15641 3492/15642
f 3492/15643 3485/15644 3486/15645
f 3485/15646 3479/15647 3486/15648
f 3500/15649 3493/15650 3494/15651
f 3501/15652 3500/15653 3494/15654
f 3501/15655 3494/15656 3495/15657
f 3502/15658 3501/15659 3495/15660
f 3502/15661 3495/15662 3496/15663
f 3503/15664 3502/15665 3496/15666
f 3503/15667 3496/15668 3497/15669
f 3504/15670 3503/15671 3497/15672
f 3504/15673 3497/15674 3505/15675
f 3497/15676 3498/15677 3505/15678
f 3505/15679 3498/15680 3506/15681
f 3498/15682 3499/15683 3506/15684
f 3506/15685 3499/15686 3500/15687
f 3499/15688 3493/15689 3500/15690
f 3507/15691 3500/15692 3501/15693
f 3508/15694 3507/15695 3501/15696
f 3508/15697 3501/15698 3502/15699
f 3509/15700 3508/15701 3502/15702
f 3509/15703 3502/15704 3503/15705
f 3510/15706 3509/15707 3503/15708
f 3510/15709 3503/15710 3504/15711
f 3511/15712 3510/15713 3504/15714
f 3511/15715 3504/15716 3512/15717
f 3504/15718 3505/15719 3512/15720
f 3512/15721 3505/15722 3513/15723
f 3505/15724 3506/15725 3513/15726
f 3513/15727 3506/15728 3507/15729
f 3506/15730 3500/15731 3507/15732
f 3521/15733 3514/15734 3515/15735
f 3522/15736 3521/15737 3515/15738
f 3522/15739 3515/15740 3516/15741
f 3523/15742 3522/15743 3516/15744
f 3523/15745 3516/15746 3517/15747
f 3524/15748 3523/15749 3517/15750
f 3524/15751 3517/15752 3518/15753
f 3525/15754 3524/15755 3518/15756
f 3525/15757 3518/15758 3526/15759
f 3518/15760 3519/15761 3526/15762
f 3526/15763 3519/15764 3527/15765
f 3519/15766 3520/15767 3527/15768
f 3527/15769 3520/15770 3521/15771
f 3520/15772 3514/15773 3521/15774
f 3528/15775 3521/15776 3522/15777
f 3529/15778 3528/15779 3522/15780
f 3529/15781 3522/15782 3523/15783
f 3530/15784 3529/15785 3523/15786
f 3530/15787 3523/15788 3524/15789
f 3531/15790 3530/15791 3524/15792
f 3531/15793 3524/15794 3525/15795
f 3532/15796 3531/15797 3525/15798
f 3532/15799 3525/15800 3533/15801
f 3525/15802 3526/15803 3533/15804
f 3533/15805 3526/15806 3534/15807
f 3526/15808 3527/15809 3534/15810
f 3534/15811 3527/15812 3528/15813
f 3527/15814 3521/15815 3528/15816
f 3542/15817 3535/15818 3536/15819
f 3543/15820 3542/15821 3536/15822
f 3543/15823 3536/15824 3537/15825
f 3544/15826 3543/15827 3537/15828
f 3544/15829 3537/15830 3538/15831
f 3545/15832 3544/15833 3538/15834
f 3545/15835 3538/15836 3539/15837
f 3546/15838 3545/15839 3539/15840
f 3546/15841 3539/15842 3547/15843
f 3539/15844 3540/15845 3547/15846
f 3547/15847 3540/15848 3548/15849
f 3540/15850 3541/15851 3548/15852
f 3548/15853 3541/15854 3542/15855
f 3541/15856 3535/15857 3542/15858
f 3549/15859 3542/15860 3543/15861
f 3550/15862 3549/15863 3543/15864
f 3550/15865 3543/15866 3544/15867
f 3551/15868 3550/15869 3544/15870
f 3551/15871 3544/15872 3545/15873
f 3552/15874 3551/15875 3545/15876
f 3552/15877 3545/15878 3546/15879
f 3553/15880 3552/15881 3546/15882
f 3553/15883 3546/15884 3554/15885
f 3546/15886 3547/15887 3554/15888
f 3554/15889 3547/15890 3555/15891
f 3547/15892 3548/15893 3555/15894
f 3555/15895 3548/15896 3549/15897
f 3548/15898 3542/15899 3549/15900
f 3563/15901 3556/15902 3557/15903
f 3564/15904 3563/15905 3557/15906
f 3564/15907 3557/15908 3558/15909
f 3565/15910 3564/15911 3558/15912
f 3565/15913 3558/15914 3559/15915
f 3566/15916 3565/15917 3559/15918
f 3566/15919 3559/15920 3560/15921
f 3567/15922 3566/15923 3560/15924
f 3567/15925 3560/15926 3568/15927
f 3560/15928 3561/15929 3568/15930
f 3568/15931 3561/15932 3569/15933
f 3561/15934 3562/15935 3569/15936
f 3569/15937 3562/15938 3563/15939
f 3562/15940 3556/15941 3563/15942
f 3570/15943 3563/15944 3564/15945
f 3571/15946 3570/15947 3564/15948
f 3571/15949 3564/15950 3565/15951
f 3572/15952 3571/15953 3565/15954
f 3572/15955 3565/15956 3566/15957
f 3573/15958 3572/15959 3566/15960
f 3573/15961 3566/15962 3567/15963
f 3574/15964 3573/15965 3567/15966
f 3574/15967 3567/15968 3575/15969
f 3567/15970 3568/15971 3575/15972
f 3575/15973 3568/15974 3576/15975
f 3568/15976 3569/15977 3576/15978
f 3576/15979 3569/15980 3570/15981
f 3569/15982 3563/15983 3570/15984
f 3584/15985 3577/15986 3578/15987
f 3585/15988 3584/15989 3578/15990
f 3585/15991 3578/15992 3579/15993
f 3586/15994 3585/15995 3579/15996
f 3586/15997 3579/15998 3580/15999
f 3587/16000 3586/16001 3580/16002
f 3587/16003 3580/16004 3581/16005
f 3588/16006 3587/16007 3581/16008
f 3588/16009 3581/16010 3589/16011
f 3581/16012 3582/16013 3589/16014
f 3589/16015 3582/16016 3590/16017
f 3582/16018 3583/16019 3590/16020
f 3590/16021 3583/16022 3584/16023
f 3583/16024 3577/16025 3584/16026
f 3591/16027 3584/16028 3585/16029
f 3592/16030 3591/16031 3585/16032
f 3592/16033 3585/16034 3586/16035
f 3593/16036 3592/16037 3586/16038
f 3593/16039 3586/16040 3587/16041
f 3594/16042 3593/16043 3587/16044
f 3594/16045 3587/16046 3588/16047
f 3595/16048 3594/16049 3588/16050
f 3595/16051 3588/16052 3596/16053
f 3588/16054 3589/16055 3596/16056
f 3596/16057 3589/16058 3597/16059
f 3589/16060 3590/16061 3597/16062
f 3597/16063 3590/16064 3591/16065
f 3590/16066 3584/16067 3591/16068
f 3605/16069 3598/16070 3599/16071
f 3606/16072 3605/16073 3599/16074
f 3606/16075 3599/16076 3600/16077
f 3607/16078 3606/16079 3600/16080
f 3607/16081 3600/16082 3601/16083
f 3608/16084 3607/16085 3601/16086
f 3608/16087 3601/16088 3602/16089
f 3609/16090 3608/16091 3602/16092
f 3609/16093 3602/16094 3610/16095
f 3602/16096 3603/16097 3610/16098
f 3610/16099 3603/16100 3611/16101
f 3603/16102 3604/16103 3611/16104
f 3611/16105 3604/16106 3605/16107
f 3604/16108 3598/16109 3605/16110
f 3612/16111 3605/16112 3606/16113
f 3613/16114 3612/16115 3606/16116
f 3613/16117 3606/16118 3607/16119
f 3614/16120 3613/16121 3607/16122
f 3614/16123 3607/16124 3608/16125
f 3615/16126 3614/16127 3608/16128
f 3615/16129 3608/16130 3609/16131
f 3616/16132 3615/16133 3609/16134
f 3616/16135 3609/16136 3617/16137
f 3609/16138 3610/16139 3617/16140
f 3617/16141 3610/16142 3618/16143
f 3610/16144 3611/16145 3618/16146
f 3618/16147 3611/16148 3612/16149
f 3611/16150 3605/16151 3612/16152
f 3626/16153 3619/16154 3620/16155
f 3627/16156 3626/16157 3620/16158
f 3627/16159 3620/16160 3621/16161
f 3628/16162 3627/16163 3621/16164
f 3628/16165 3621/16166 3622/16167
f 3629/16168 3628/16169 3622/16170
f 3629/16171 3622/16172 3623/16173
f 3630/16174 3629/16175 3623/16176
f 3630/16177 3623/16178 3631/16179
f 3623/16180 3624/16181 3631/16182
f 3631/16183 3624/16184 3632/16185
f 3624/16186 3625/16187 3632/16188
f 3632/16189 3625/16190 3626/16191
f 3625/16192 3619/16193 3626/16194
f 3633/16195 3626/16196 3627/16197
f 3634/16198 3633/16199 3627/16200
f 3634/16201 3627/16202 3628/16203
f 3635/16204 3634/16205 3628/16206
f 3635/16207 3628/16208 3629/16209
f 3636/16210 3635/16211 3629/16212
f 3636/16213 3629/16214 3630/16215
f 3637/16216 3636/16217 3630/16218
f 3637/16219 3630/16220 3638/16221
f 3630/16222 3631/16223 3638/16224
f 3638/16225 3631/16226 3639/16227
f 3631/16228 3632/16229 3639/16230
f 3639/16231 3632/16232 3633/16233
f 3632/16234 3626/16235 3633/16236
f 3647/16237 3640/16238 3641/16239
f 3648/16240 3647/16241 3641/16242
f 3648/16243 3641/16244 3642/16245
f 3649/16246 3648/16247 3642/16248
f 3649/16249 3642/16250 3643/16251
f 3650/16252 3649/16253 3643/16254
f 3650/16255 3643/16256 3644/16257
f 3651/16258 3650/16259 3644/16260
f 3651/16261 3644/16262 3652/16263
f 3644/16264 3645/16265 3652/16266
f 3652/16267 3645/16268 3653/16269
f 3645/16270 3646/16271 3653/16272
f 3653/16273 3646/16274 3647/16275
f 3646/16276 3640/16277 3647/16278
f 3654/16279 3647/16280 3648/16281
f 3655/16282 3654/16283 3648/16284
f 3655/16285 3648/16286 3649/16287
f 3656/16288 3655/16289 3649/16290
f 3656/16291 3649/16292 3650/16293
f 3657/16294 3656/16295 3650/16296
f 3657/16297 3650/16298 3651/16299
f 3658/16300 3657/16301 3651/16302
f 3658/16303 3651/16304 3659/16305
f 3651/16306 3652/16307 3659/16308
f 3659/16309 3652/16310 3660/16311
f 3652/16312 3653/16313 3660/16314
f 3660/16315 3653/16316 3654/16317
f 3653/16318 3647/16319 3654/16320
f 3668/16321 3661/16322 3662/16323
f 3669/16324 3668/16325 3662/16326
f 3669/16327 3662/16328 3663/16329
f 3670/16330 3669/16331 3663/16332
f 3670/16333 3663/16334 3664/16335
f 3671/16336 3670/16337 3664/16338
f 3671/16339 3664/16340 3665/16341
f 3672/16342 3671/16343 3665/16344
f 3672/16345 3665/16346 3673/16347
f 3665/16348 3666/16349 3673/16350
f 3673/16351 3666/16352 3674/16353
f 3666/16354 3667/16355 3674/16356
f 3674/16357 3667/16358 3668/16359
f 3667/16360 3661/16361 3668/16362
f 3675/16363 3668/16364 3669/16365
f 3676/16366 3675/16367 3669/16368
f 3676/16369 3669/16370 3670/16371
f 3677/16372 3676/16373 3670/16374
f 3677/16375 3670/16376 3671/16377
f 3678/16378 3677/16379 3671/16380
f 3678/16381 3671/16382 3672/16383
f 3679/16384 3678/16385 3672/16386
f 3679/16387 3672/16388 3680/16389
f 3672/16390 3673/16391 3680/16392
f 3680/16393 3673/16394 3681/16395
f 3673/16396 3674/16397 3681/16398
f 3681/16399 3674/16400 3675/16401
f 3674/16402 3668/16403 3675/16404
f 3689/16405 3682/16406 3683/16407
f 3690/16408 3689/16409 3683/16410
f 3690/16411 3683/16412 3684/16413
f 3691/16414 3690/16415 3684/16416
f 3691/16417 3684/16418 3685/16419
f 3692/16420 3691/16421 3685/16422
f 3692/16423 3685/16424 3686/16425
f 3693/16426 3692/16427 3686/16428
f 3693/16429 3686/16430 3694/16431
f 3686/16432 3687/16433 3694/16434
f 3694/16435 3687/16436 3695/16437
f 3687/16438 3688/16439 3695/16440
f 3695/16441 3688/16442 3689/16443
f 3688/16444 3682/16445 3689/16446
f 3696/16447 3689/16448 3690/16449
f 3697/16450 3696/16451 3690/16452
f 3697/16453 3690/16454 3691/16455
f 3698/16456 3697/16457 3691/16458
f 3698/16459 3691/16460 3692/16461
f 3699/16462 3698/16463 3692/16464
f 3699/16465 3692/16466 3693/16467
f 3700/16468 3699/16469 3693/16470
f 3700/16471 3693/16472 3701/16473
f 3693/16474 3694/16475 3701/16476
f 3701/16477 3694/16478 3702/16479
f 3694/16480 3695/16481 3702/16482
f 3702/16483 3695/16484 3696/16485
f 3695/16486 3689/16487 3696/16488
f 3710/16489 3703/16490 3704/16491
f 3711/16492 3710/16493 3704/16494
f 3711/16495 3704/16496 3705/16497
f 3712/16498 3711/16499 3705/16500
f 3712/16501 3705/16502 3706/16503
f 3713/16504 3712/16505 3706/16506
f 3713/16507 3706/16508 3707/16509
f 3714/16510 3713/16511 3707/16512
f 3714/16513 3707/16514 3715/16515
f 3707/16516 3708/16517 3715/16518
f 3715/16519 3708/16520 3716/16521
f 3708/16522 3709/16523 3716/16524
f 3716/16525 3709/16526 3710/16527
f 3709/16528 3703/16529 3710/16530
f 3717/16531 3710/16532 3711/16533
f 3718/16534 3717/16535 3711/16536
f 3718/16537 3711/16538 3712/16539
f 3719/16540 3718/16541 3712/16542
f 3719/16543 3712/16544 3713/16545
f 3720/16546 3719/16547 3713/16548
f 3720/16549 3713/16550 3714/16551
f 3721/16552 3720/16553 3714/16554
f 3721/16555 3714/16556 3722/16557
f 3714/16558 3715/16559 3722/16560
f 3722/16561 3715/16562 3723/16563
f 3715/16564 3716/16565 3723/16566
f 3723/16567 3716/16568 3717/16569
f 3716/16570 3710/16571 3717/16572
f 3731/16573 3724/16574 3725/16575
f 3732/16576 3731/16577 3725/16578
f 3732/16579 3725/16580 3726/16581
f 3733/16582 3732/16583 3726/16584
f 3733/16585 3726/16586 3727/16587
f 3734/16588 3733/16589 3727/16590
f 3734/16591 3727/16592 3728/16593
f 3735/16594 3734/16595 3728/16596
f 3735/16597 3728/16598 3736/16599
f 3728/16600 3729/16601 3736/16602
f 3736/16603 3729/16604 3737/16605
f 3729/16606 3730/16607 3737/16608
f 3737/16609 3730/16610 3731/16611
f 3730/16612 3724/16613 3731/16614
f 3738/16615 3731/16616 3732/16617
f 3739/16618 3738/16619 3732/16620
f 3739/16621 3732/16622 3733/16623
f 3740/16624 3739/16625 3733/16626
f 3740/16627 3733/16628 3734/16629
f 3741/16630 3740/16631 3734/16632
f 3741/16633 3734/16634 3735/16635
f 3742/16636 3741/16637 3735/16638
f 3742/16639 3735/16640 3743/16641
f 3735/16642 3736/16643 3743/16644
f 3743/16645 3736/16646 3744/16647
f 3736/16648 3737/16649 3744/16650
f 3744/16651 3737/16652 3738/16653
f 3737/16654 3731/16655 3738/16656
f 3752/16657 3745/16658 3746/16659
f 3753/16660 3752/16661 3746/16662
f 3753/16663 3746/16664 3747/16665
f 3754/16666 3753/16667 3747/16668
f 3754/16669 3747/16670 3748/16671
f 3755/16672 3754/16673 3748/16674
f 3755/16675 3748/16676 3749/16677
f 3756/16678 3755/16679 3749/16680
f 3756/16681 3749/16682 3757/16683
f 3749/16684 3750/16685 3757/16686
f 3757/16687 3750/16688 3758/16689
f 3750/16690 3751/16691 3758/16692
f 3758/16693 3751/16694 3752/16695
f 3751/16696 3745/16697 3752/16698
f 3759/16699 3752/16700 3753/16701
f 3760/16702 3759/16703 3753/16704
f 3760/16705 3753/16706 3754/16707
f 3761/16708 3760/16709 3754/16710
f 3761/16711 3754/16712 3755/16713
f 3762/16714 3761/16715 3755/16716
f 3762/16717 3755/16718 3756/16719
f 3763/16720 3762/16721 3756/16722
f 3763/16723 3756/16724 3764/16725
f 3756/16726 3757/16727 3764/16728
f 3764/16729 3757/16730 3765/16731
f 3757/16732 3758/16733 3765/16734
f 3765/16735 3758/16736 3759/16737
f 3758/16738 3752/16739 3759/16740
f 3773/16741 3766/16742 3767/16743
f 3774/16744 3773/16745 3767/16746
f 3774/16747 3767/16748 3768/16749
f 3775/16750 3774/16751 3768/16752
f 3775/16753 3768/16754 3769/16755
f 3776/16756 3775/16757 3769/16758
f 3776/16759 3769/16760 3770/16761
f 3777/16762 3776/16763 3770/16764
f 3777/16765 3770/16766 3778/16767
f 3770/16768 3771/16769 3778/16770
f 3778/16771 3771/16772 3779/16773
f 3771/16774 3772/16775 3779/16776
f 3779/16777 3772/16778 3773/16779
f 3772/16780 3766/16781 3773/16782
f 3780/16783 3773/16784 3774/16785
f 3781/16786 3780/16787 3774/16788
f 3781/16789 3774/16790 3775/16791
f 3782/16792 3781/16793 3775/16794
f 3782/16795 3775/16796 3776/16797
f 3783/16798 3782/16799 3776/16800
f 3783/16801 3776/16802 3777/16803
f 3784/16804 3783/16805 3777/16806
f 3784/16807 3777/16808 3785/16809
f 3777/16810 3778/16811 3785/16812
f 3785/16813 3778/16814 3786/16815
f 3778/16816 3779/16817 3786/16818
f 3786/16819 3779/16820 3780/16821
f 3779/16822 3773/16823 3780/16824
f 3794/16825 3787/16826 3788/16827
f 3795/16828 3794/16829 3788/16830
f 3795/16831 3788/16832 3789/16833
f 3796/16834 3795/16835 3789/16836
f 3796/16837 3789/16838 3790/16839
f 3797/16840 3796/16841 3790/16842
f 3797/16843 3790/16844 3791/16845
f 3798/16846 3797/16847 3791/16848
f 3798/16849 3791/16850 3799/16851
f 3791/16852 3792/16853 3799/16854
f 3799/16855 3792/16856 3800/16857
f 3792/16858 3793/16859 3800/16860
f 3800/16861 3793/16862 3794/16863
f 3793/16864 3787/16865 3794/16866
f 3801/16867 3794/16868 3795/16869
f 3802/16870 3801/16871 3795/16872
f 3802/16873 3795/16874 3796/16875
f 3803/16876 3802/16877 3796/16878
f 3803/16879 3796/16880 3797/16881
f 3804/16882 3803/16883 3797/16884
f 3804/16885 3797/16886 3798/16887
f 3805/16888 3804/16889 3798/16890
f 3805/16891 3798/16892 3806/16893
f 3798/16894 3799/16895 3806/16896
f 3806/16897 3799/16898 3807/16899
f 3799/16900 3800/16901 3807/16902
f 3807/16903 3800/16904 3801/16905
f 3800/16906 3794/16907 3801/16908
f 3815/16909 3808/16910 3809/16911
f 3816/16912 3815/16913 3809/16914
f 3816/16915 3809/16916 3810/16917
f 3817/16918 3816/16919 3810/16920
f 3817/16921 3810/16922 3811/16923
f 3818/16924 3817/16925 3811/16926
f 3818/16927 3811/16928 3812/16929
f 3819/16930 3818/16931 3812/16932
f 3819/16933 3812/16934 3820/16935
f 3812/16936 3813/16937 3820/16938
f 3820/16939 3813/16940 3821/16941
f 3813/16942 3814/16943 3821/16944
f 3821/16945 3814/16946 3815/16947
f 3814/16948 3808/16949 3815/16950
f 3822/16951 3815/16952 3816/16953
f 3823/16954 3822/16955 3816/16956
f 3823/16957 3816/16958 3817/16959
f 3824/16960 3823/16961 3817/16962
f 3824/16963 3817/16964 3818/16965
f 3825/16966 3824/16967 3818/16968
f 3825/16969 3818/16970 3819/16971
f 3826/16972 3825/16973 3819/16974
f 3826/16975 3819/16976 3827/16977
f 3819/16978 3820/16979 3827/16980
f 3827/16981 3820/16982 3828/16983
f 3820/16984 3821/16985 3828/16986
f 3828/16987 3821/16988 3822/16989
f 3821/16990 3815/16991 3822/16992
f 3836/16993 3829/16994 3830/16995
f 3837/16996 3836/16997 3830/16998
f 3837/16999 3830/17000 3831/17001
f 3838/17002 3837/17003 3831/17004
f 3838/17005 3831/17006 3832/17007
f 3839/17008 3838/17009 3832/17010
f 3839/17011 3832/17012 3833/17013
f 3840/17014 3839/17015 3833/17016
f 3840/17017 3833/17018 3841/17019
f 3833/17020 3834/17021 3841/17022
f 3841/17023 3834/17024 3842/17025
f 3834/17026 3835/17027 3842/17028
f 3842/17029 3835/17030 3836/17031
f 3835/17032 3829/17033 3836/17034
f 3843/17035 3836/17036 3837/17037
f 3844/17038 3843/17039 3837/17040
f 3844/17041 3837/17042 3838/17043
f 3845/17044 3844/17045 3838/17046
f 3845/17047 3838/17048 3839/17049
f 3846/17050 3845/17051 3839/17052
f 3846/17053 3839/17054 3840/17055
f 3847/17056 3846/17057 3840/17058
f 3847/17059 3840/17060 3848/17061
f 3840/17062 3841/17063 3848/17064
f 3848/17065 3841/17066 3849/17067
f 3841/17068 3842/17069 3849/17070
f 3849/17071 3842/17072 3843/17073
f 3842/17074 3836/17075 3843/17076
f 3857/17077 3850/17078 3851/17079
f 3858/17080 3857/17081 3851/17082
f 3858/17083 3851/17084 3852/17085
f 3859/17086 3858/17087 3852/17088
f 3859/17089 3852/17090 3853/17091
f 3860/17092 3859/17093 3853/17094
f 3860/17095 3853/17096 3854/17097
f 3861/17098 3860/17099 3854/17100
f 3861/17101 3854/17102 3862/17103
f 3854/17104 3855/17105 3862/17106
f 3862/17107 3855/17108 3863/17109
f 3855/17110 3856/17111 3863/17112
f 3863/17113 3856/17114 3857/17115
f 3856/17116 3850/17117 3857/17118
f 3864/17119 3857/17120 3858/17121
f 3865/17122 3864/17123 3858/17124
f 3865/17125 3858/17126 3859/17127
f 3866/17128 3865/17129 3859/17130
f 3866/17131 3859/17132 3860/17133
f 3867/17134 3866/17135 3860/17136
f 3867/17137 3860/17138 3861/17139
f 3868/17140 3867/17141 3861/17142
f 3868/17143 3861/17144 3869/17145
f 3861/17146 3862/17147 3869/17148
f 3869/17149 3862/17150 3870/17151
f 3862/17152 3863/17153 3870/17154
f 3870/17155 3863/17156 3864/17157
f 3863/17158 3857/17159 3864/17160
f 3878/17161 3871/17162 3872/17163
f 3879/17164 3878/17165 3872/17166
f 3879/17167 3872/17168 3873/17169
f 3880/17170 3879/17171 3873/17172
f 3880/17173 3873/17174 3874/17175
f 3881/17176 3880/17177 3874/17178
f 3881/17179 3874/17180 3875/17181
f 3882/17182 3881/17183 3875/17184
f 3882/17185 3875/17186 3883/17187
f 3875/17188 3876/17189 3883/17190
f 3883/17191 3876/17192 3884/17193
f 3876/17194 3877/17195 3884/17196
f 3884/17197 3877/17198 3878/17199
f 3877/17200 3871/17201 3878/17202
f 3885/17203 3878/17204 3879/17205
f 3886/17206 3885/17207 3879/17208
f 3886/17209 3879/17210 3880/17211
f 3887/17212 3886/17213 3880/17214
f 3887/17215 3880/17216 3881/17217
f 3888/17218 3887/17219 3881/17220
f 3888/17221 3881/17222 3882/17223
f 3889/17224 3888/17225 3882/17226
f 3889/17227 3882/17228 3890/17229
f 3882/17230 3883/17231 3890/17232
f 3890/17233 3883/17234 3891/17235
f 3883/17236 3884/17237 3891/17238
f 3891/17239 3884/17240 3885/17241
f 3884/17242 3878/17243 3885/17244
f 3899/17245 3892/17246 3893/17247
f 3900/17248 3899/17249 3893/17250
f 3900/17251 3893/17252 3894/17253
f 3901/17254 3900/17255 3894/17256
f 3901/17257 3894/17258 3895/17259
f 3902/17260 3901/17261 3895/17262
f 3902/17263 3895/17264 3896/17265
f 3903/17266 3902/17267 3896/17268
f 3903/17269 3896/17270 3904/17271
f 3896/17272 3897/17273 3904/17274
f 3904/17275 3897/17276 3905/17277
f 3897/17278 3898/17279 3905/17280
f 3905/17281 3898/17282 3899/17283
f 3898/17284 3892/17285 3899/17286
f 3906/17287 3899/17288 3900/17289
f 3907/17290 3906/17291 3900/17292
f 3907/17293 3900/17294 3901/17295
f 3908/17296 3907/17297 3901/17298
f 3908/17299 3901/17300 3902/17301
f 3909/17302 3908/17303 3902/17304
f 3909/17305 3902/17306 3903/17307
f 3910/17308 3909/17309 3903/17310
f 3910/17311 3903/17312 3911/17313
f 3903/17314 3904/17315 3911/17316
f 3911/17317 3904/17318 3912/17319
f 3904/17320 3905/17321 3912/17322
f 3912/17323 3905/17324 3906/17325
f 3905/17326 3899/17327 3906/17328
f 3920/17329 3913/17330 3914/17331
f 3921/17332 3920/17333 3914/17334
f 3921/17335 3914/17336 3915/17337
f 3922/17338 3921/17339 3915/17340
f 3922/17341 3915/17342 3916/17343
f 3923/17344 3922/17345 3916/17346
f 3923/17347 3916/17348 3917/17349
f 3924/17350 3923/17351 3917/17352
f 3924/17353 3917/17354 3925/17355
f 3917/17356 3918/17357 3925/17358
f 3925/17359 3918/17360 3926/17361
f 3918/17362 3919/17363 3926/17364
f 3926/17365 3919/17366 3920/17367
f 3919/17368 3913/17369 3920/17370
f 3927/17371 3920/17372 3921/17373
f 3928/17374 3927/17375 3921/17376
f 3928/17377 3921/17378 3922/17379
f 3929/17380 3928/17381 3922/17382
f 3929/17383 3922/17384 3923/17385
f 3930/17386 3929/17387 3923/17388
f 3930/17389 3923/17390 3924/17391
f 3931/17392 3930/17393 3924/17394
f 3931/17395 3924/17396 3932/17397
f 3924/17398 3925/17399 3932/17400
f 3932/17401 3925/17402 3933/17403
f 3925/17404 3926/17405 3933/17406
f 3933/17407 3926/17408 3927/17409
f 3926/17410 3920/17411 3927/17412
f 3941/17413 3934/17414 3935/17415
f 3942/17416 3941/17417 3935/17418
f 3942/17419 3935/17420 3936/17421
f 3943/17422 3942/17423 3936/17424
f 3943/17425 3936/17426 3937/17427
f 3944/17428 3943/17429 3937/17430
f 3944/17431 3937/17432 3938/17433
f 3945/17434 3944/17435 3938/17436
f 3945/17437 3938/17438 3946/17439
f 3938/17440 3939/17441 3946/17442
f 3946/17443 3939/17444 3947/17445
f 3939/17446 3940/17447 3947/17448
f 3947/17449 3940/17450 3941/17451
f 3940/17452 3934/17453 3941/17454
f 3948/17455 3941/17456 3942/17457
f 3949/17458 3948/17459 3942/17460
f 3949/17461 3942/17462 3943/17463
f 3950/17464 3949/17465 3943/17466
f 3950/17467 3943/17468 3944/17469
f 3951/17470 3950/17471 3944/17472
f 3951/17473 3944/17474 3945/17475
f 3952/17476 3951/17477 3945/17478
f 3952/17479 3945/17480 3953/17481
f 3945/17482 3946/17483 3953/17484
f 3953/17485 3946/17486 3954/17487
f 3946/17488 3947/17489 3954/17490
f 3954/17491 3947/17492 3948/17493
f 3947/17494 3941/17495 3948/17496
f 3962/17497 3955/17498 3956/17499
f 3963/17500 3962/17501 3956/17502
f 3963/17503 3956/17504 3957/17505
f 3964/17506 3963/17507 3957/17508
f 3964/17509 3957/17510 3958/17511
f 3965/17512 3964/17513 3958/17514
f 3965/17515 3958/17516 3959/17517
f 3966/17518 3965/17519 3959/17520
f 3966/17521 3959/17522 3967/17523
f 3959/17524 3960/17525 3967/17526
f 3967/17527 3960/17528 3968/17529
f 3960/17530 3961/17531 3968/17532
f 3968/17533 3961/17534 3962/17535
f 3961/17536 3955/17537 3962/17538
f 3969/17539 3962/17540 3963/17541
f 3970/17542 3969/17543 3963/17544
f 3970/17545 3963/17546 3964/17547
f 3971/17548 3970/17549 3964/17550
f 3971/17551 3964/17552 3965/17553
f 3972/17554 3971/17555 3965/17556
f 3972/17557 3965/17558 3966/17559
f 3973/17560 3972/17561 3966/17562
f 3973/17563 3966/17564 3974/17565
f 3966/17566 3967/17567 3974/17568
f 3974/17569 3967/17570 3975/17571
f 3967/17572 3968/17573 3975/17574
f 3975/17575 3968/17576 3969/17577
f 3968/17578 3962/17579 3969/17580
f 3983/17581 3976/17582 3977/17583
f 3984/17584 3983/17585 3977/17586
f 3984/17587 3977/17588 3978/17589
f 3985/17590 3984/17591 3978/17592
f 3985/17593 3978/17594 3979/17595
f 3986/17596 3985/17597 3979/17598
f 3986/17599 3979/17600 3980/17601
f 3987/17602 3986/17603 3980/17604
f 3987/17605 3980/17606 3988/17607
f 3980/17608 3981/17609 3988/17610
f 3988/17611 3981/17612 3989/17613
f 3981/17614 3982/17615 3989/17616
f 3989/17617 3982/17618 3983/17619
f 3982/17620 3976/17621 3983/17622
f 3990/17623 3983/17624 3984/17625
f 3991/17626 3990/17627 3984/17628
f 3991/17629 3984/17630 3985/17631
f 3992/17632 3991/17633 3985/17634
f 3992/17635 3985/17636 3986/17637
f 3993/17638 3992/17639 3986/17640
f 3993/17641 3986/17642 3987/17643
f 3994/17644 3993/17645 3987/17646
f 3994/17647 3987/17648 3995/17649
f 3987/17650 3988/17651 3995/17652
f 3995/17653 3988/17654 3996/17655
f 3988/17656 3989/17657 3996/17658
f 3996/17659 3989/17660 3990/17661
f 3989/17662 3983/17663 3990/17664
f 4004/17665 3997/17666 3998/17667
f 4005/17668 4004/17669 3998/17670
f 4005/17671 3998/17672 3999/17673
f 4006/17674 4005/17675 3999/17676
f 4006/17677 3999/17678 4000/17679
f 4007/17680 4006/17681 4000/17682
f 4007/17683 4000/17684 4001/17685
f 4008/17686 4007/17687 4001/17688
f 4008/17689 4001/17690 4009/17691
f 4001/17692 4002/17693 4009/17694
f 4009/17695 4002/17696 4010/17697
f 4002/17698 4003/17699 4010/17700
f 4010/17701 4003/17702 4004/17703
f 4003/17704 3997/17705 4004/17706
f 4011/17707 4004/17708 4005/17709
f 4012/17710 4011/17711 4005/17712
f 4012/17713 4005/17714 4006/17715
f 4013/17716 4012/17717 4006/17718
f 4013/17719 4006/17720 4007/17721
f 4014/17722 4013/17723 4007/17724
f 4014/17725 4007/17726 4008/17727
f 4015/17728 4014/17729 4008/17730
f 4015/17731 4008/17732 4016/17733
f 4008/17734 4009/17735 4016/17736
f 4016/17737 4009/17738 4017/17739
f 4009/17740 4010/17741 4017/17742
f 4017/17743 4010/17744 4011/17745
f 4010/17746 4004/17747 4011/17748
f 4025/17749 4018/17750 4019/17751
f 4026/17752 4025/17753 4019/17754
f 4026/17755 4019/17756 4020/17757
f 4027/17758 4026/17759 4020/17760
f 4027/17761 4020/17762 4021/17763
f 4028/17764 4027/17765 4021/17766
f 4028/17767 4021/17768 4022/17769
f 4029/17770 4028/17771 4022/17772
f 4029/17773 4022/17774 4030/17775
f 4022/17776 4023/17777 4030/17778
f 4030/17779 4023/17780 4031/17781
f 4023/17782 4024/17783 4031/17784
f 4031/17785 4024/17786 4025/17787
f 4024/17788 4018/17789 4025/17790
f 4032/17791 4025/17792 4026/17793
f 4033/17794 4032/17795 4026/17796
f 4033/17797 4026/17798 4027/17799
f 4034/17800 4033/17801 4027/17802
f 4034/17803 4027/17804 4028/17805
f 4035/17806 4034/17807 4028/17808
f 4035/17809 4028/17810 4029/17811
f 4036/17812 4035/17813 4029/17814
f 4036/17815 4029/17816 4037/17817
f 4029/17818 4030/17819 4037/17820
f 4037/17821 4030/17822 4038/17823
f 4030/17824 4031/17825 4038/17826
f 4038/17827 4031/17828 4032/17829
f 4031/17830 4025/17831 4032/17832
f 4046/17833 4039/17834 4040/17835
f 4047/17836 4046/17837 4040/17838
f 4047/17839 4040/17840 4041/17841
f 4048/17842 4047/17843 4041/17844
f 4048/17845 4041/17846 4042/17847
f 4049/17848 4048/17849 4042/17850
f 4049/17851 4042/17852 4043/17853
f 4050/17854 4049/17855 4043/17856
f 4050/17857 4043/17858 4051/17859
f 4043/17860 4044/17861 4051/17862
f 4051/17863 4044/17864 4052/17865
f 4044/17866 4045/17867 4052/17868
f 4052/17869 4045/17870 4046/17871
f 4045/17872 4039/17873 4046/17874
f 4053/17875 4046/17876 4047/17877
f 4054/17878 4053/17879 4047/17880
f 4054/17881 4047/17882 4048/17883
f 4055/17884 4054/17885 4048/17886
f 4055/17887 4048/17888 4049/17889
f 4056/17890 4055/17891 4049/17892
f 4056/17893 4049/17894 4050/17895
f 4057/17896 4056/17897 4050/17898
f 4057/17899 4050/17900 4058/17901
f 4050/17902 4051/17903 4058/17904
f 4058/17905 4051/17906 4059/17907
f 4051/17908 4052/17909 4059/17910
f 4059/17911 4052/17912 4053/17913
f 4052/17914 4046/17915 4053/17916
f 4067/17917 4060/17918 4061/17919
f 4068/17920 4067/17921 4061/17922
f 4068/17923 4061/17924 4062/17925
f 4069/17926 4068/17927 4062/17928
f 4069/17929 4062/17930 4063/17931
f 4070/17932 4069/17933 4063/17934
f 4070/17935 4063/17936 4064/17937
f 4071/17938 4070/17939 4064/17940
f 4071/17941 4064/17942 4072/17943
f 4064/17944 4065/17945 4072/17946
f 4072/17947 4065/17948 4073/17949
f 4065/17950 4066/17951 4073/17952
f 4073/17953 4066/17954 4067/17955
f 4066/17956 4060/17957 4067/17958
f 4074/17959 4067/17960 4068/17961
f 4075/17962 4074/17963 4068/17964
f 4075/17965 4068/17966 4069/17967
f 4076/17968 4075/17969 4069/17970
f 4076/17971 4069/17972 4070/17973
f 4077/17974 4076/17975 4070/17976
f 4077/17977 4070/17978 4071/17979
f 4078/17980 4077/17981 4071/17982
f 4078/17983 4071/17984 4079/17985
f 4071/17986 4072/17987 4079/17988
f 4079/17989 4072/17990 4080/17991
f 4072/17992 4073/17993 4080/17994
f 4080/17995 4073/17996 4074/17997
f 4073/17998 4067/17999 4074/18000
f 4088/18001 4081/18002 4082/18003
f 4089/18004 4088/18005 4082/18006
f 4089/18007 4082/18008 4083/18009
f 4090/18010 4089/18011 4083/18012
f 4090/18013 4083/18014 4084/18015
f 4091/18016 4090/18017 4084/18018
f 4091/18019 4084/18020 4085/18021
f 4092/18022 4091/18023 4085/18024
f 4092/18025 4085/18026 4093/18027
f 4085/18028 4086/18029 4093/18030
f 4093/18031 4086/18032 4094/18033
f 4086/18034 4087/18035 4094/18036
f 4094/18037 4087/18038 4088/18039
f 4087/18040 4081/18041 4088/18042
f 4095/18043 4088/18044 4089/18045
f 4096/18046 4095/18047 4089/18048
f 4096/18049 4089/18050 4090/18051
f 4097/18052 4096/18053 4090/18054
f 4097/18055 4090/18056 4091/18057
f 4098/18058 4097/18059 4091/18060
f 4098/18061 4091/18062 4092/18063
f 4099/18064 4098/18065 4092/18066
f 4099/18067 4092/18068 4100/18069
f 4092/18070 4093/18071 4100/18072
f 4100/18073 4093/18074 4101/18075
f 4093/18076 4094/18077 4101/18078
f 4101/18079 4094/18080 4095/18081
f 4094/18082 4088/18083 4095/18084
f 4109/18085 4102/18086 4103/18087
f 4110/18088 4109/18089 4103/18090
f 4110/18091 4103/18092 4104/18093
f 4111/18094 4110/18095 4104/18096
f 4111/18097 4104/18098 4105/18099
f 4112/18100 4111/18101 4105/18102
f 4112/18103 4105/18104 4106/18105
f 4113/18106 4112/18107 4106/18108
f 4113/18109 4106/18110 4114/18111
f 4106/18112 4107/18113 4114/18114
f 4114/18115 4107/18116 4115/18117
f 4107/18118 4108/18119 4115/18120
f 4115/18121 4108/18122 4109/18123
f 4108/18124 4102/18125 4109/18126
f 4116/18127 4109/18128 4110/18129
f 4117/18130 4116/18131 4110/18132
f 4117/18133 4110/18134 4111/18135
f 4118/18136 4117/18137 4111/18138
f 4118/18139 4111/18140 4112/18141
f 4119/18142 4118/18143 4112/18144
f 4119/18145 4112/18146 4113/18147
f 4120/18148 4119/18149 4113/18150
f 4120/18151 4113/18152 4121/18153
f 4113/18154 4114/18155 4121/18156
f 4121/18157 4114/18158 4122/18159
f 4114/18160 4115/18161 4122/18162
f 4122/18163 4115/18164 4116/18165
f 4115/18166 4109/18167 4116/18168
f 4130/18169 4123/18170 4124/18171
f 4131/18172 4130/18173 4124/18174
f 4131/18175 4124/18176 4125/18177
f 4132/18178 4131/18179 4125/18180
f 4132/18181 4125/18182 4126/18183
f 4133/18184 4132/18185 4126/18186
f 4133/18187 4126/18188 4127/18189
f 4134/18190 4133/18191 4127/18192
f 4134/18193 4127/18194 4135/18195
f 4127/18196 4128/18197 4135/18198
f 4135/18199 4128/18200 4136/18201
f 4128/18202 4129/18203 4136/18204
f 4136/18205 4129/18206 4130/18207
f 4129/18208 4123/18209 4130/18210
f 4137/18211 4130/18212 4131/18213
f 4138/18214 4137/18215 4131/18216
f 4138/18217 4131/18218 4132/18219
f 4139/18220 4138/18221 4132/18222
f 4139/18223 4132/18224 4133/18225
f 4140/18226 4139/18227 4133/18228
f 4140/18229 4133/18230 4134/18231
f 4141/18232 4140/18233 4134/18234
f 4141/18235 4134/18236 4142/18237
f 4134/18238 4135/18239 4142/18240
f 4142/18241 4135/18242 4143/18243
f 4135/18244 4136/18245 4143/18246
f 4143/18247 4136/18248 4137/18249
f 4136/18250 4130/18251 4137/18252
f 4151/18253 4144/18254 4145/18255
f 4152/18256 4151/18257 4145/18258
f 4152/18259 4145/18260 4146/18261
f 4153/18262 4152/18263 4146/18264
f 4153/18265 4146/18266 4147/18267
f 4154/18268 4153/18269 4147/18270
f 4154/18271 4147/18272 4148/18273
f 4155/18274 4154/18275 4148/18276
f 4155/18277 4148/18278 4156/18279
f 4148/18280 4149/18281 4156/18282
f 4156/18283 4149/18284 4157/18285
f 4149/18286 4150/18287 4157/18288
f 4157/18289 4150/18290 4151/18291
f 4150/18292 4144/18293 4151/18294
f 4158/18295 4151/18296 4152/18297
f 4159/18298 4158/18299 4152/18300
f 4159/18301 4152/18302 4153/18303
f 4160/18304 4159/18305 4153/18306
f 4160/18307 4153/18308 4154/18309
f 4161/18310 4160/18311 4154/18312
f 4161/18313 4154/18314 4155/18315
f 4162/18316 4161/18317 4155/18318
f 4162/18319 4155/18320 4163/18321
f 4155/18322 4156/18323 4163/18324
f 4163/18325 4156/18326 4164/18327
f 4156/18328 4157/18329 4164/18330
f 4164/18331 4157/18332 4158/18333
f 4157/18334 4151/18335 4158/18336
f 4172/18337 4165/18338 4166/18339
f 4173/18340 4172/18341 4166/18342
f 4173/18343 4166/18344 4167/18345
f 4174/18346 4173/18347 4167/18348
f 4174/18349 4167/18350 4168/18351
f 4175/18352 4174/18353 4168/18354
f 4175/18355 4168/18356 4169/18357
f 4176/18358 4175/18359 4169/18360
f 4176/18361 4169/18362 4177/18363
f 4169/18364 4170/18365 4177/18366
f 4177/18367 4170/18368 4178/18369
f 4170/18370 4171/18371 4178/18372
f 4178/18373 4171/18374 4172/18375
f 4171/18376 4165/18377 4172/18378
f 4179/18379 4172/18380 4173/18381
f 4180/18382 4179/18383 4173/18384
f 4180/18385 4173/18386 4174/18387
f 4181/18388 4180/18389 4174/18390
f 4181/18391 4174/18392 4175/18393
f 4182/18394 4181/18395 4175/18396
f 4182/18397 4175/18398 4176/18399
f 4183/18400 4182/18401 4176/18402
f 4183/18403 4176/18404 4184/18405
f 4176/18406 4177/18407 4184/18408
f 4184/18409 4177/18410 4185/18411
f 4177/18412 4178/18413 4185/18414
f 4185/18415 4178/18416 4179/18417
f 4178/18418 4172/18419 4179/18420
f 4193/18421 4186/18422 4187/18423
f 4194/18424 4193/18425 4187/18426
f 4194/18427 4187/18428 4188/18429
f 4195/18430 4194/18431 4188/18432
f 4195/18433 4188/18434 4189/18435
f 4196/18436 4195/18437 4189/18438
f 4196/18439 4189/18440 4190/18441
f 4197/18442 4196/18443 4190/18444
f 4197/18445 4190/18446 4198/18447
f 4190/18448 4191/18449 4198/18450
f 4198/18451 4191/18452 4199/18453
f 4191/18454 4192/18455 4199/18456
f 4199/18457 4192/18458 4193/18459
f 4192/18460 4186/18461 4193/18462
f 4200/18463 4193/18464 4194/18465
f 4201/18466 4200/18467 4194/18468
f 4201/18469 4194/18470 4195/18471
f 4202/18472 4201/18473 4195/18474
f 4202/18475 4195/18476 4196/18477
f 4203/18478 4202/18479 4196/18480
f 4203/18481 4196/18482 4197/18483
f 4204/18484 4203/18485 4197/18486
f 4204/18487 4197/18488 4205/18489
f 4197/18490 4198/18491 4205/18492
f 4205/18493 4198/18494 4206/18495
f 4198/18496 4199/18497 4206/18498
f 4206/18499 4199/18500 4200/18501
f 4199/18502 4193/18503 4200/18504
f 4215/18505 4207/18506 4208/18507
f 4216/18508 4215/18509 4208/18510
f 4216/18511 4208/18512 4209/18513
f 4217/18514 4216/18515 4209/18516
f 4217/18517 4209/18518 4210/18519
f 4218/18520 4217/18521 4210/18522
f 4218/18523 4210/18524 4211/18525
f 4219/18526 4218/18527 4211/18528
f 4219/18529 4211/18530 4220/18531
f 4211/18532 4212/18533 4220/18534
f 4220/18535 4212/18536 4221/18537
f 4212/18538 4213/18539 4221/18540
f 4221/18541 4213/18542 4222/18543
f 4213/18544 4214/18545 4222/18546
f 4222/18547 4214/18548 4215/18549
f 4214/18550 4207/18551 4215/18552
f 4223/18553 4215/18554 4216/18555
f 4224/18556 4223/18557 4216/18558
f 4224/18559 4216/18560 4217/18561
f 4225/18562 4224/18563 4217/18564
f 4225/18565 4217/18566 4218/18567
f 4226/18568 4225/18569 4218/18570
f 4226/18571 4218/18572 4219/18573
f 4227/18574 4226/18575 4219/18576
f 4227/18577 4219/18578 4228/18579
f 4219/18580 4220/18581 4228/18582
f 4228/18583 4220/18584 4229/18585
f 4220/18586 4221/18587 4229/18588
f 4229/18589 4221/18590 4230/18591
f 4221/18592 4222/18593 4230/18594
f 4230/18595 4222/18596 4223/18597
f 4222/18598 4215/18599 4223/18600
f 4239/18601 4231/18602 4232/18603
f 4240/18604 4239/18605 4232/18606
f 4240/18607 4232/18608 4233/18609
f 4241/18610 4240/18611 4233/18612
f 4241/18613 4233/18614 4234/18615
f 4242/18616 4241/18617 4234/18618
f 4242/18619 4234/18620 4235/18621
f 4243/18622 4242/18623 4235/18624
f 4243/18625 4235/18626 4244/18627
f 4235/18628 4236/18629 4244/18630
f 4244/18631 4236/18632 4245/18633
f 4236/18634 4237/18635 4245/18636
f 4245/18637 4237/18638 4246/18639
f 4237/18640 4238/18641 4246/18642
f 4246/18643 4238/18644 4239/18645
f 4238/18646 4231/18647 4239/18648
f 4247/18649 4239/18650 4240/18651
f 4248/18652 4247/18653 4240/18654
f 4248/18655 4240/18656 4241/18657
f 4249/18658 4248/18659 4241/18660
f 4249/18661 4241/18662 4242/18663
f 4250/18664 4249/18665 4242/18666
f 4250/18667 4242/18668 4243/18669
f 4251/18670 4250/18671 4243/18672
f 4251/18673 4243/18674 4252/18675
f 4243/18676 4244/18677 4252/18678
f 4252/18679 4244/18680 4253/18681
f 4244/18682 4245/18683 4253/18684
f 4253/18685 4245/18686 4254/18687
f 4245/18688 4246/18689 4254/18690
f 4254/18691 4246/18692 4247/18693
f 4246/18694 4239/18695 4247/18696
f 4263/18697 4255/18698 4256/18699
f 4264/18700 4263/18701 4256/18702
f 4264/18703 4256/18704 4257/18705
f 4265/18706 4264/18707 4257/18708
f 4265/18709 4257/18710 4258/18711
f 4266/18712 4265/18713 4258/18714
f 4266/18715 4258/18716 4259/18717
f 4267/18718 4266/18719 4259/18720
f 4267/18721 4259/18722 4268/18723
f 4259/18724 4260/18725 4268/18726
f 4268/18727 4260/18728 4269/18729
f 4260/18730 4261/18731 4269/18732
f 4269/18733 4261/18734 4270/18735
f 4261/18736 4262/18737 4270/18738
f 4270/18739 4262/18740 4263/18741
f 4262/18742 4255/18743 4263/18744
f 4271/18745 4263/18746 4264/18747
f 4272/18748 4271/18749 4264/18750
f 4272/18751 4264/18752 4265/18753
f 4273/18754 4272/18755 4265/18756
f 4273/18757 4265/18758 4266/18759
f 4274/18760 4273/18761 4266/18762
f 4274/18763 4266/18764 4267/18765
f 4275/18766 4274/18767 4267/18768
f 4275/18769 4267/18770 4276/18771
f 4267/18772 4268/18773 4276/18774
f 4276/18775 4268/18776 4277/18777
f 4268/18778 4269/18779 4277/18780
f 4277/18781 4269/18782 4278/18783
f 4269/18784 4270/18785 4278/18786
f 4278/18787 4270/18788 4271/18789
f 4270/18790 4263/18791 4271/18792
f 4287/18793 4279/18794 4280/18795
f 4288/18796 4287/18797 4280/18798
f 4288/18799 4280/18800 4281/18801
f 4289/18802 4288/18803 4281/18804
f 4289/18805 4281/18806 4282/18807
f 4290/18808 4289/18809 4282/18810
f 4290/18811 4282/18812 4283/18813
f 4291/18814 4290/18815 4283/18816
f 4291/18817 4283/18818 4292/18819
f 4283/18820 4284/18821 4292/18822
f 4292/18823 4284/18824 4293/18825
f 4284/18826 4285/18827 4293/18828
f 4293/18829 4285/18830 4294/18831
f 4285/18832 4286/18833 4294/18834
f 4294/18835 4286/18836 4287/18837
f 4286/18838 4279/18839 4287/18840
f 4295/18841 4287/18842 4288/18843
f 4296/18844 4295/18845 4288/18846
f 4296/18847 4288/18848 4289/18849
f 4297/18850 4296/18851 4289/18852
f 4297/18853 4289/18854 4290/18855
f 4298/18856 4297/18857 4290/18858
f 4298/18859 4290/18860 4291/18861
f 4299/18862 4298/18863 4291/18864
f 4299/18865 4291/18866 4300/18867
f 4291/18868 4292/18869 4300/18870
f 4300/18871 4292/18872 4301/18873
f 4292/18874 4293/18875 4301/18876
f 4301/18877 4293/18878 4302/18879
f 4293/18880 4294/18881 4302/18882
f 4302/18883 4294/18884 4295/18885
f 4294/18886 4287/18887 4295/18888
f 4311/18889 4303/18890 4304/18891
f 4312/18892 4311/18893 4304/18894
f 4312/18895 4304/18896 4305/18897
f 4313/18898 4312/18899 4305/18900
f 4313/18901 4305/18902 4306/18903
f 4314/18904 4313/18905 4306/18906
f 4314/18907 4306/18908 4307/18909
f 4315/18910 4314/18911 4307/18912
f 4315/18913 4307/18914 4316/18915
f 4307/18916 4308/18917 4316/18918
f 4316/18919 4308/18920 4317/18921
f 4308/18922 4309/18923 4317/18924
f 4317/18925 4309/18926 4318/18927
f 4309/18928 4310/18929 4318/18930
f 4318/18931 4310/18932 4311/18933
f 4310/18934 4303/18935 4311/18936
f 4319/18937 4311/18938 4312/18939
f 4320/18940 4319/18941 4312/18942
f 4320/18943 4312/18944 4313/18945
f 4321/18946 4320/18947 4313/18948
f 4321/18949 4313/18950 4314/18951
f 4322/18952 4321/18953 4314/18954
f 4322/18955 4314/18956 4315/18957
f 4323/18958 4322/18959 4315/18960
f 4323/18961 4315/18962 4324/18963
f 4315/18964 4316/18965 4324/18966
f 4324/18967 4316/18968 4325/18969
f 4316/18970 4317/18971 4325/18972
f 4325/18973 4317/18974 4326/18975
f 4317/18976 4318/18977 4326/18978
f 4326/18979 4318/18980 4319/18981
f 4318/18982 4311/18983 4319/18984
f 4335/18985 4327/18986 4328/18987
f 4336/18988 4335/18989 4328/18990
f 4336/18991 4328/18992 4329/18993
f 4337/18994 4336/18995 4329/18996
f 4337/18997 4329/18998 4330/18999
f 4338/19000 4337/19001 4330/19002
f 4338/19003 4330/19004 4331/19005
f 4339/19006 4338/19007 4331/19008
f 4339/19009 4331/19010 4340/19011
f 4331/19012 4332/19013 4340/19014
f 4340/19015 4332/19016 4341/19017
f 4332/19018 4333/19019 4341/19020
f 4341/19021 4333/19022 4342/19023
f 4333/19024 4334/19025 4342/19026
f 4342/19027 4334/19028 4335/19029
f 4334/19030 4327/19031 4335/19032
f 4343/19033 4335/19034 4336/19035
f 4344/19036 4343/19037 4336/19038
f 4344/19039 4336/19040 4337/19041
f 4345/19042 4344/19043 4337/19044
f 4345/19045 4337/19046 4338/19047
f 4346/19048 4345/19049 4338/19050
f 4346/19051 4338/19052 4339/19053
f 4347/19054 4346/19055 4339/19056
f 4347/19057 4339/19058 4348/19059
f 4339/19060 4340/19061 4348/19062
f 4348/19063 4340/19064 4349/19065
f 4340/19066 4341/19067 4349/19068
f 4349/19069 4341/19070 4350/19071
f 4341/19072 4342/19073 4350/19074
f 4350/19075 4342/19076 4343/19077
f 4342/19078 4335/19079 4343/19080
f 4359/19081 4351/19082 4352/19083
f 4360/19084 4359/19085 4352/19086
f 4360/19087 4352/19088 4353/19089
f 4361/19090 4360/19091 4353/19092
f 4361/19093 4353/19094 4354/19095
f 4362/19096 4361/19097 4354/19098
f 4362/19099 4354/19100 4355/19101
f 4363/19102 4362/19103 4355/19104
f 4363/19105 4355/19106 4364/19107
f 4355/19108 4356/19109 4364/19110
f 4364/19111 4356/19112 4365/19113
f 4356/19114 4357/19115 4365/19116
f 4365/19117 4357/19118 4366/19119
f 4357/19120 4358/19121 4366/19122
f 4366/19123 4358/19124 4359/19125
f 4358/19126 4351/19127 4359/19128
f 4367/19129 4359/19130 4360/19131
f 4368/19132 4367/19133 4360/19134
f 4368/19135 4360/19136 4361/19137
f 4369/19138 4368/19139 4361/19140
f 4369/19141 4361/19142 4362/19143
f 4370/19144 4369/19145 4362/19146
f 4370/19147 4362/19148 4363/19149
f 4371/19150 4370/19151 4363/19152
f 4371/19153 4363/19154 4372/19155
f 4363/19156 4364/19157 4372/19158
f 4372/19159 4364/19160 4373/19161
f 4364/19162 4365/19163 4373/19164
f 4373/19165 4365/19166 4374/19167
f 4365/19168 4366/19169 4374/19170
f 4374/19171 4366/19172 4367/19173
f 4366/19174 4359/19175 4367/19176
f 4383/19177 4375/19178 4376/19179
f 4384/19180 4383/19181 4376/19182
f 4384/19183 4376/19184 4377/19185
f 4385/19186 4384/19187 4377/19188
f 4385/19189 4377/19190 4378/19191
f 4386/19192 4385/19193 4378/19194
f 4386/19195 4378/19196 4379/19197
f 4387/19198 4386/19199 4379/19200
f 4387/19201 4379/19202 4388/19203
f 4379/19204 4380/19205 4388/19206
f 4388/19207 4380/19208 4389/19209
f 4380/19210 4381/19211 4389/19212
f 4389/19213 4381/19214 4390/19215
f 4381/19216 4382/19217 4390/19218
f 4390/19219 4382/19220 4383/19221
f 4382/19222 4375/19223 4383/19224
f 4391/19225 4383/19226 4384/19227
f 4392/19228 4391/19229 4384/19230
f 4392/19231 4384/19232 4385/19233
f 4393/19234 4392/19235 4385/19236
f 4393/19237 4385/19238 4386/19239
f 4394/19240 4393/19241 4386/19242
f 4394/19243 4386/19244 4387/19245
f 4395/19246 4394/19247 4387/19248
f 4395/19249 4387/19250 4396/19251
f 4387/19252 4388/19253 4396/19254
f 4396/19255 4388/19256 4397/19257
f 4388/19258 4389/19259 4397/19260
f 4397/19261 4389/19262 4398/19263
f 4389/19264 4390/19265 4398/19266
f 4398/19267 4390/19268 4391/19269
f 4390/19270 4383/19271 4391/19272
f 4399/19273 4391/19274 4392/19275
f 4400/19276 4399/19277 4392/19278
f 4400/19279 4392/19280 4393/19281
f 4401/19282 4400/19283 4393/19284
f 4401/19285 4393/19286 4394/19287
f 4402/19288 4401/19289 4394/19290
f 4402/19291 4394/19292 4395/19293
f 4403/19294 4402/19295 4395/19296
f 4403/19297 4395/19298 4404/19299
f 4395/19300 4396/19301 4404/19302
f 4404/19303 4396/19304 4405/19305
f 4396/19306 4397/19307 4405/19308
f 4405/19309 4397/19310 4406/19311
f 4397/19312 4398/19313 4406/19314
f 4406/19315 4398/19316 4399/19317
f 4398/19318 4391/19319 4399/19320
f 4415/19321 4407/19322 4408/19323
f 4416/19324 4415/19325 4408/19326
f 4416/19327 4408/19328 4409/19329
f 4417/19330 4416/19331 4409/19332
f 4417/19333 4409/19334 4410/19335
f 4418/19336 4417/19337 4410/19338
f 4418/19339 4410/19340 4411/19341
f 4419/19342 4418/19343 4411/19344
f 4419/19345 4411/19346 4420/19347
f 4411/19348 4412/19349 4420/19350
f 4420/19351 4412/19352 4421/19353
f 4412/19354 4413/19355 4421/19356
f 4421/19357 4413/19358 4422/19359
f 4413/19360 4414/19361 4422/19362
f 4422/19363 4414/19364 4415/19365
f 4414/19366 4407/19367 4415/19368
f 4423/19369 4415/19370 4416/19371
f 4424/19372 4423/19373 4416/19374
f 4424/19375 4416/19376 4417/19377
f 4425/19378 4424/19379 4417/19380
f 4425/19381 4417/19382 4418/19383
f 4426/19384 4425/19385 4418/19386
f 4426/19387 4418/19388 4419/19389
f 4427/19390 4426/19391 4419/19392
f 4427/19393 4419/19394 4428/19395
f 4419/19396 4420/19397 4428/19398
f 4428/19399 4420/19400 4429/19401
f 4420/19402 4421/19403 4429/19404
f 4429/19405 4421/19406 4430/19407
f 4421/19408 4422/19409 4430/19410
f 4430/19411 4422/19412 4423/19413
f 4422/19414 4415/19415 4423/19416
f 4431/19417 4423/19418 4424/19419
f 4432/19420 4431/19421 4424/19422
f 4432/19423 4424/19424 4425/19425
f 4433/19426 4432/19427 4425/19428
f 4433/19429 4425/19430 4426/19431
f 4434/19432 4433/19433 4426/19434
f 4434/19435 4426/19436 4427/19437
f 4435/19438 4434/19439 4427/19440
f 4435/19441 4427/19442 4436/19443
f 4427/19444 4428/19445 4436/19446
f 4436/19447 4428/19448 4437/19449
f 4428/19450 4429/19451 4437/19452
f 4437/19453 4429/19454 4438/19455
f 4429/19456 4430/19457 4438/19458
f 4438/19459 4430/19460 4431/19461
f 4430/19462 4423/19463 4431/19464
f 4447/19465 4439/19466 4440/19467
f 4448/19468 4447/19469 4440/19470
f 4448/19471 4440/19472 4441/19473
f 4449/19474 4448/19475 4441/19476
f 4449/19477 4441/19478 4442/19479
f 4450/19480 4449/19481 4442/19482
f 4450/19483 4442/19484 4443/19485
f 4451/19486 4450/19487 4443/19488
f 4451/19489 4443/19490 4452/19491
f 4443/19492 4444/19493 4452/19494
f 4452/19495 4444/19496 4453/19497
f 4444/19498 4445/19499 4453/19500
f 4453/19501 4445/19502 4454/19503
f 4445/19504 4446/19505 4454/19506
f 4454/19507 4446/19508 4447/19509
f 4446/19510 4439/19511 4447/19512
f 4455/19513 4447/19514 4448/19515
f 4456/19516 4455/19517 4448/19518
f 4456/19519 4448/19520 4449/19521
f 4457/19522 4456/19523 4449/19524
f 4457/19525 4449/19526 4450/19527
f 4458/19528 4457/19529 4450/19530
f 4458/19531 4450/19532 4451/19533
f 4459/19534 4458/19535 4451/19536
f 4459/19537 4451/19538 4460/19539
f 4451/19540 4452/19541 4460/19542
f 4460/19543 4452/19544 4461/19545
f 4452/19546 4453/19547 4461/19548
f 4461/19549 4453/19550 4462/19551
f 4453/19552 4454/19553 4462/19554
f 4462/19555 4454/19556 4455/19557
f 4454/19558 4447/19559 4455/19560
f 4463/19561 4455/19562 4456/19563
f 4464/19564 4463/19565 4456/19566
f 4464/19567 4456/19568 4457/19569
f 4465/19570 4464/19571 4457/19572
f 4465/19573 4457/19574 4458/19575
f 4466/19576 4465/19577 4458/19578
f 4466/19579 4458/19580 4459/19581
f 4467/19582 4466/19583 4459/19584
f 4467/19585 4459/19586 4468/19587
f 4459/19588 4460/19589 4468/19590
f 4468/19591 4460/19592 4469/19593
f 4460/19594 4461/19595 4469/19596
f 4469/19597 4461/19598 4470/19599
f 4461/19600 4462/19601 4470/19602
f 4470/19603 4462/19604 4463/19605
f 4462/19606 4455/19607 4463/19608
f 4479/19609 4471/19610 4472/19611
f 4480/19612 4479/19613 4472/19614
f 4480/19615 4472/19616 4473/19617
f 4481/19618 4480/19619 4473/19620
f 4481/19621 4473/19622 4474/19623
f 4482/19624 4481/19625 4474/19626
f 4482/19627 4474/19628 4475/19629
f 4483/19630 4482/19631 4475/19632
f 4483/19633 4475/19634 4484/19635
f 4475/19636 4476/19637 4484/19638
f 4484/19639 4476/19640 4485/19641
f 4476/19642 4477/19643 4485/19644
f 4485/19645 4477/19646 4486/19647
f 4477/19648 4478/19649 4486/19650
f 4486/19651 4478/19652 4479/19653
f 4478/19654 4471/19655 4479/19656
f 4487/19657 4479/19658 4480/19659
f 4488/19660 4487/19661 4480/19662
f 4488/19663 4480/19664 4481/19665
f 4489/19666 4488/19667 4481/19668
f 4489/19669 4481/19670 4482/19671
f 4490/19672 4489/19673 4482/19674
f 4490/19675 4482/19676 4483/19677
f 4491/19678 4490/19679 4483/19680
f 4491/19681 4483/19682 4492/19683
f 4483/19684 4484/19685 4492/19686
f 4492/19687 4484/19688 4493/19689
f 4484/19690 4485/19691 4493/19692
f 4493/19693 4485/19694 4494/19695
f 4485/19696 4486/19697 4494/19698
f 4494/19699 4486/19700 4487/19701
f 4486/19702 4479/19703 4487/19704
f 4495/19705 4487/19706 4488/19707
f 4496/19708 4495/19709 4488/19710
f 4496/19711 4488/19712 4489/19713
f 4497/19714 4496/19715 4489/19716
f 4497/19717 4489/19718 4490/19719
f 4498/19720 4497/19721 4490/19722
f 4498/19723 4490/19724 4491/19725
f 4499/19726 4498/19727 4491/19728
f 4499/19729 4491/19730 4500/19731
f 4491/19732 4492/19733 4500/19734
f 4500/19735 4492/19736 4501/19737
f 4492/19738 4493/19739 4501/19740
f 4501/19741 4493/19742 4502/19743
f 4493/19744 4494/19745 4502/19746
f 4502/19747 4494/19748 4495/19749
f 4494/19750 4487/19751 4495/19752
f 4511/19753 4503/19754 4504/19755
f 4512/19756 4511/19757 4504/19758
f 4512/19759 4504/19760 4505/19761
f 4513/19762 4512/19763 4505/19764
f 4513/19765 4505/19766 4506/19767
f 4514/19768 4513/19769 4506/19770
f 4514/19771 4506/19772 4507/19773
f 4515/19774 4514/19775 4507/19776
f 4515/19777 4507/19778 4516/19779
f 4507/19780 4508/19781 4516/19782
f 4516/19783 4508/19784 4517/19785
f 4508/19786 4509/19787 4517/19788
f 4517/19789 4509/19790 4518/19791
f 4509/19792 4510/19793 4518/19794
f 4518/19795 4510/19796 4511/19797
f 4510/19798 4503/19799 4511/19800
f 4519/19801 4511/19802 4512/19803
f 4520/19804 4519/19805 4512/19806
f 4520/19807 4512/19808 4513/19809
f 4521/19810 4520/19811 4513/19812
f 4521/19813 4513/19814 4514/19815
f 4522/19816 4521/19817 4514/19818
f 4522/19819 4514/19820 4515/19821
f 4523/19822 4522/19823 4515/19824
f 4523/19825 4515/19826 4524/19827
f 4515/19828 4516/19829 4524/19830
f 4524/19831 4516/19832 4525/19833
f 4516/19834 4517/19835 4525/19836
f 4525/19837 4517/19838 4526/19839
f 4517/19840 4518/19841 4526/19842
f 4526/19843 4518/19844 4519/19845
f 4518/19846 4511/19847 4519/19848
f 4527/19849 4519/19850 4520/19851
f 4528/19852 4527/19853 4520/19854
f 4528/19855 4520/19856 4521/19857
f 4529/19858 4528/19859 4521/19860
f 4529/19861 4521/19862 4522/19863
f 4530/19864 4529/19865 4522/19866
f 4530/19867 4522/19868 4523/19869
f 4531/19870 4530/19871 4523/19872
f 4531/19873 4523/19874 4532/19875
f 4523/19876 4524/19877 4532/19878
f 4532/19879 4524/19880 4533/19881
f 4524/19882 4525/19883 4533/19884
f 4533/19885 4525/19886 4534/19887
f 4525/19888 4526/19889 4534/19890
f 4534/19891 4526/19892 4527/19893
f 4526/19894 4519/19895 4527/19896
f 4543/19897 4535/19898 4536/19899
f 4544/19900 4543/19901 4536/19902
f 4544/19903 4536/19904 4537/19905
f 4545/19906 4544/19907 4537/19908
f 4545/19909 4537/19910 4538/19911
f 4546/19912 4545/19913 4538/19914
f 4546/19915 4538/19916 4539/19917
f 4547/19918 4546/19919 4539/19920
f 4547/19921 4539/19922 4548/19923
f 4539/19924 4540/19925 4548/19926
f 4548/19927 4540/19928 4549/19929
f 4540/19930 4541/19931 4549/19932
f 4549/19933 4541/19934 4550/19935
f 4541/19936 4542/19937 4550/19938
f 4550/19939 4542/19940 4543/19941
f 4542/19942 4535/19943 4543/19944
f 4551/19945 4543/19946 4544/19947
f 4552/19948 4551/19949 4544/19950
f 4552/19951 4544/19952 4545/19953
f 4553/19954 4552/19955 4545/19956
f 4553/19957 4545/19958 4546/19959
f 4554/19960 4553/19961 4546/19962
f 4554/19963 4546/19964 4547/19965
f 4555/19966 4554/19967 4547/19968
f 4555/19969 4547/19970 4556/19971
f 4547/19972 4548/19973 4556/19974
f 4556/19975 4548/19976 4557/19977
f 4548/19978 4549/19979 4557/19980
f 4557/19981 4549/19982 4558/19983
f 4549/19984 4550/19985 4558/19986
f 4558/19987 4550/19988 4551/19989
f 4550/19990 4543/19991 4551/19992
f 4559/19993 4551/19994 4552/19995
f 4560/19996 4559/19997 4552/19998
f 4560/19999 4552/20000 4553/20001
f 4561/20002 4560/20003 4553/20004
f 4561/20005 4553/20006 4554/20007
f 4562/20008 4561/20009 4554/20010
f 4562/20011 4554/20012 4555/20013
f 4563/20014 4562/20015 4555/20016
f 4563/20017 4555/20018 4564/20019
f 4555/20020 4556/20021 4564/20022
f 4564/20023 4556/20024 4565/20025
f 4556/20026 4557/20027 4565/20028
f 4565/20029 4557/20030 4566/20031
f 4557/20032 4558/20033 4566/20034
f 4566/20035 4558/20036 4559/20037
f 4558/20038 4551/20039 4559/20040
f 4575/20041 4567/20042 4568/20043
f 4576/20044 4575/20045 4568/20046
f 4576/20047 4568/20048 4569/20049
f 4577/20050 4576/20051 4569/20052
f 4577/20053 4569/20054 4570/20055
f 4578/20056 4577/20057 4570/20058
f 4578/20059 4570/20060 4571/20061
f 4579/20062 4578/20063 4571/20064
f 4579/20065 4571/20066 4580/20067
f 4571/20068 4572/20069 4580/20070
f 4580/20071 4572/20072 4581/20073
f 4572/20074 4573/20075 4581/20076
f 4581/20077 4573/20078 4582/20079
f 4573/20080 4574/20081 4582/20082
f 4582/20083 4574/20084 4575/20085
f 4574/20086 4567/20087 4575/20088
f 4583/20089 4575/20090 4576/20091
f 4584/20092 4583/20093 4576/20094
f 4584/20095 4576/20096 4577/20097
f 4585/20098 4584/20099 4577/20100
f 4585/20101 4577/20102 4578/20103
f 4586/20104 4585/20105 4578/20106
f 4586/20107 4578/20108 4579/20109
f 4587/20110 4586/20111 4579/20112
f 4587/20113 4579/20114 4588/20115
f 4579/20116 4580/20117 4588/20118
f 4588/20119 4580/20120 4589/20121
f 4580/20122 4581/20123 4589/20124
f 4589/20125 4581/20126 4590/20127
f 4581/20128 4582/20129 4590/20130
f 4590/20131 4582/20132 4583/20133
f 4582/20134 4575/20135 4583/20136
f 4591/20137 4583/20138 4584/20139
f 4592/20140 4591/20141 4584/20142
f 4592/20143 4584/20144 4585/20145
f 4593/20146 4592/20147 4585/20148
f 4593/20149 4585/20150 4586/20151
f 4594/20152 4593/20153 4586/20154
f 4594/20155 4586/20156 4587/20157
f 4595/20158 4594/20159 4587/20160
f 4595/20161 4587/20162 4596/20163
f 4587/20164 4588/20165 4596/20166
f 4596/20167 4588/20168 4597/20169
f 4588/20170 4589/20171 4597/20172
f 4597/20173 4589/20174 4598/20175
f 4589/20176 4590/20177 4598/20178
f 4598/20179 4590/20180 4591/20181
f 4590/20182 4583/20183 4591/20184
f 4607/20185 4599/20186 4600/20187
f 4608/20188 4607/20189 4600/20190
f 4608/20191 4600/20192 4601/20193
f 4609/20194 4608/20195 4601/20196
f 4609/20197 4601/20198 4602/20199
f 4610/20200 4609/20201 4602/20202
f 4610/20203 4602/20204 4603/20205
f 4611/20206 4610/20207 4603/20208
f 4611/20209 4603/20210 4612/20211
f 4603/20212 4604/20213 4612/20214
f 4612/20215 4604/20216 4613/20217
f 4604/20218 4605/20219 4613/20220
f 4613/20221 4605/20222 4614/20223
f 4605/20224 4606/20225 4614/20226
f 4614/20227 4606/20228 4607/20229
f 4606/20230 4599/20231 4607/20232
f 4615/20233 4607/20234 4608/20235
f 4616/20236 4615/20237 4608/20238
f 4616/20239 4608/20240 4609/20241
f 4617/20242 4616/20243 4609/20244
f 4617/20245 4609/20246 4610/20247
f 4618/20248 4617/20249 4610/20250
f 4618/20251 4610/20252 4611/20253
f 4619/20254 4618/20255 4611/20256
f 4619/20257 4611/20258 4620/20259
f 4611/20260 4612/20261 4620/20262
f 4620/20263 4612/20264 4621/20265
f 4612/20266 4613/20267 4621/20268
f 4621/20269 4613/20270 4622/20271
f 4613/20272 4614/20273 4622/20274
f 4622/20275 4614/20276 4615/20277
f 4614/20278 4607/20279 4615/20280
f 4623/20281 4615/20282 4616/20283
f 4624/20284 4623/20285 4616/20286
f 4624/20287 4616/20288 4617/20289
f 4625/20290 4624/20291 4617/20292
f 4625/20293 4617/20294 4618/20295
f 4626/20296 4625/20297 4618/20298
f 4626/20299 4618/20300 4619/20301
f 4627/20302 4626/20303 4619/20304
f 4627/20305 4619/20306 4628/20307
f 4619/20308 4620/20309 4628/20310
f 4628/20311 4620/20312 4629/20313
f 4620/20314 4621/20315 4629/20316
f 4629/20317 4621/20318 4630/20319
f 4621/20320 4622/20321 4630/20322
f 4630/20323 4622/20324 4623/20325
f 4622/20326 4615/20327 4623/20328
