# WormSegment converted from Ship Editor
# Front = -Y, rear = +Y
v 0.0000 -44.0000 9.2400
v 16.2635 -44.0000 6.5337
v 11.5000 -34.8000 6.5337
v 0.0000 -30.9892 6.5337
v -11.5000 -34.8000 6.5337
v -16.2635 -44.0000 6.5337
v -11.5000 -53.2000 6.5337
v -0.0000 -57.0108 6.5337
v 11.5000 -53.2000 6.5337
v 23.0000 -44.0000 0.0000
v 16.2635 -30.9892 0.0000
v 0.0000 -25.6000 0.0000
v -16.2635 -30.9892 0.0000
v -23.0000 -44.0000 0.0000
v -16.2635 -57.0108 0.0000
v -0.0000 -62.4000 0.0000
v 16.2635 -57.0108 0.0000
v 16.2635 -44.0000 -6.5337
v 11.5000 -34.8000 -6.5337
v 0.0000 -30.9892 -6.5337
v -11.5000 -34.8000 -6.5337
v -16.2635 -44.0000 -6.5337
v -11.5000 -53.2000 -6.5337
v -0.0000 -57.0108 -6.5337
v 11.5000 -53.2000 -6.5337
v 0.0000 -44.0000 -9.2400
v 0.0000 -30.0000 15.1800
v 20.5061 -30.0000 11.6126
v 14.5000 -18.4000 11.6126
v 0.0000 -13.5951 11.6126
v -14.5000 -18.4000 11.6126
v -20.5061 -30.0000 11.6126
v -14.5000 -41.6000 11.6126
v -0.0000 -46.4049 11.6126
v 14.5000 -41.6000 11.6126
v 29.0000 -30.0000 3.0000
v 20.5061 -13.5951 3.0000
v 0.0000 -6.8000 3.0000
v -20.5061 -13.5951 3.0000
v -29.0000 -30.0000 3.0000
v -20.5061 -46.4049 3.0000
v -0.0000 -53.2000 3.0000
v 20.5061 -46.4049 3.0000
v 20.5061 -30.0000 -5.6126
v 14.5000 -18.4000 -5.6126
v 0.0000 -13.5951 -5.6126
v -14.5000 -18.4000 -5.6126
v -20.5061 -30.0000 -5.6126
v -14.5000 -41.6000 -5.6126
v -0.0000 -46.4049 -5.6126
v 14.5000 -41.6000 -5.6126
v 0.0000 -30.0000 -9.1800
v 0.0000 -16.0000 20.2800
v 23.3345 -16.0000 16.0975
v 16.5000 -2.8000 16.0975
v 0.0000 2.6676 16.0975
v -16.5000 -2.8000 16.0975
v -23.3345 -16.0000 16.0975
v -16.5000 -29.2000 16.0975
v -0.0000 -34.6676 16.0975
v 16.5000 -29.2000 16.0975
v 33.0000 -16.0000 6.0000
v 23.3345 2.6676 6.0000
v 0.0000 10.4000 6.0000
v -23.3345 2.6676 6.0000
v -33.0000 -16.0000 6.0000
v -23.3345 -34.6676 6.0000
v -0.0000 -42.4000 6.0000
v 23.3345 -34.6676 6.0000
v 23.3345 -16.0000 -4.0975
v 16.5000 -2.8000 -4.0975
v 0.0000 2.6676 -4.0975
v -16.5000 -2.8000 -4.0975
v -23.3345 -16.0000 -4.0975
v -16.5000 -29.2000 -4.0975
v -0.0000 -34.6676 -4.0975
v 16.5000 -29.2000 -4.0975
v 0.0000 -16.0000 -8.2800
v 0.0000 0.0000 24.5400
v 24.7487 0.0000 19.9884
v 17.5000 14.0000 19.9884
v 0.0000 19.7990 19.9884
v -17.5000 14.0000 19.9884
v -24.7487 0.0000 19.9884
v -17.5000 -14.0000 19.9884
v -0.0000 -19.7990 19.9884
v 17.5000 -14.0000 19.9884
v 35.0000 0.0000 9.0000
v 24.7487 19.7990 9.0000
v 0.0000 28.0000 9.0000
v -24.7487 19.7990 9.0000
v -35.0000 0.0000 9.0000
v -24.7487 -19.7990 9.0000
v -0.0000 -28.0000 9.0000
v 24.7487 -19.7990 9.0000
v 24.7487 0.0000 -1.9884
v 17.5000 14.0000 -1.9884
v 0.0000 19.7990 -1.9884
v -17.5000 14.0000 -1.9884
v -24.7487 0.0000 -1.9884
v -17.5000 -14.0000 -1.9884
v -0.0000 -19.7990 -1.9884
v 17.5000 -14.0000 -1.9884
v 0.0000 0.0000 -6.5400
v 0.0000 16.0000 20.2800
v 23.3345 16.0000 16.0975
v 16.5000 29.2000 16.0975
v 0.0000 34.6676 16.0975
v -16.5000 29.2000 16.0975
v -23.3345 16.0000 16.0975
v -16.5000 2.8000 16.0975
v -0.0000 -2.6676 16.0975
v 16.5000 2.8000 16.0975
v 33.0000 16.0000 6.0000
v 23.3345 34.6676 6.0000
v 0.0000 42.4000 6.0000
v -23.3345 34.6676 6.0000
v -33.0000 16.0000 6.0000
v -23.3345 -2.6676 6.0000
v -0.0000 -10.4000 6.0000
v 23.3345 -2.6676 6.0000
v 23.3345 16.0000 -4.0975
v 16.5000 29.2000 -4.0975
v 0.0000 34.6676 -4.0975
v -16.5000 29.2000 -4.0975
v -23.3345 16.0000 -4.0975
v -16.5000 2.8000 -4.0975
v -0.0000 -2.6676 -4.0975
v 16.5000 2.8000 -4.0975
v 0.0000 16.0000 -8.2800
v 0.0000 30.0000 15.1800
v 20.5061 30.0000 11.6126
v 14.5000 41.6000 11.6126
v 0.0000 46.4049 11.6126
v -14.5000 41.6000 11.6126
v -20.5061 30.0000 11.6126
v -14.5000 18.4000 11.6126
v -0.0000 13.5951 11.6126
v 14.5000 18.4000 11.6126
v 29.0000 30.0000 3.0000
v 20.5061 46.4049 3.0000
v 0.0000 53.2000 3.0000
v -20.5061 46.4049 3.0000
v -29.0000 30.0000 3.0000
v -20.5061 13.5951 3.0000
v -0.0000 6.8000 3.0000
v 20.5061 13.5951 3.0000
v 20.5061 30.0000 -5.6126
v 14.5000 41.6000 -5.6126
v 0.0000 46.4049 -5.6126
v -14.5000 41.6000 -5.6126
v -20.5061 30.0000 -5.6126
v -14.5000 18.4000 -5.6126
v -0.0000 13.5951 -5.6126
v 14.5000 18.4000 -5.6126
v 0.0000 30.0000 -9.1800
v 0.0000 44.0000 9.2400
v 16.2635 44.0000 6.5337
v 11.5000 53.2000 6.5337
v 0.0000 57.0108 6.5337
v -11.5000 53.2000 6.5337
v -16.2635 44.0000 6.5337
v -11.5000 34.8000 6.5337
v -0.0000 30.9892 6.5337
v 11.5000 34.8000 6.5337
v 23.0000 44.0000 0.0000
v 16.2635 57.0108 0.0000
v 0.0000 62.4000 0.0000
v -16.2635 57.0108 0.0000
v -23.0000 44.0000 0.0000
v -16.2635 30.9892 0.0000
v -0.0000 25.6000 0.0000
v 16.2635 30.9892 0.0000
v 16.2635 44.0000 -6.5337
v 11.5000 53.2000 -6.5337
v 0.0000 57.0108 -6.5337
v -11.5000 53.2000 -6.5337
v -16.2635 44.0000 -6.5337
v -11.5000 34.8000 -6.5337
v -0.0000 30.9892 -6.5337
v 11.5000 34.8000 -6.5337
v 0.0000 44.0000 -9.2400
v 0.0000 -30.0000 17.5600
v 12.0208 -30.0000 15.3457
v 8.5000 -23.2000 15.3457
v 0.0000 -20.3833 15.3457
v -8.5000 -23.2000 15.3457
v -12.0208 -30.0000 15.3457
v -8.5000 -36.8000 15.3457
v -0.0000 -39.6167 15.3457
v 8.5000 -36.8000 15.3457
v 17.0000 -30.0000 10.0000
v 12.0208 -20.3833 10.0000
v 0.0000 -16.4000 10.0000
v -12.0208 -20.3833 10.0000
v -17.0000 -30.0000 10.0000
v -12.0208 -39.6167 10.0000
v -0.0000 -43.6000 10.0000
v 12.0208 -39.6167 10.0000
v 12.0208 -30.0000 4.6543
v 8.5000 -23.2000 4.6543
v 0.0000 -20.3833 4.6543
v -8.5000 -23.2000 4.6543
v -12.0208 -30.0000 4.6543
v -8.5000 -36.8000 4.6543
v -0.0000 -39.6167 4.6543
v 8.5000 -36.8000 4.6543
v 0.0000 -30.0000 2.4400
v 0.0000 -15.0000 24.0800
v 16.2635 -15.0000 21.1276
v 11.5000 -5.8000 21.1276
v 0.0000 -1.9892 21.1276
v -11.5000 -5.8000 21.1276
v -16.2635 -15.0000 21.1276
v -11.5000 -24.2000 21.1276
v -0.0000 -28.0108 21.1276
v 11.5000 -24.2000 21.1276
v 23.0000 -15.0000 14.0000
v 16.2635 -1.9892 14.0000
v 0.0000 3.4000 14.0000
v -16.2635 -1.9892 14.0000
v -23.0000 -15.0000 14.0000
v -16.2635 -28.0108 14.0000
v -0.0000 -33.4000 14.0000
v 16.2635 -28.0108 14.0000
v 16.2635 -15.0000 6.8724
v 11.5000 -5.8000 6.8724
v 0.0000 -1.9892 6.8724
v -11.5000 -5.8000 6.8724
v -16.2635 -15.0000 6.8724
v -11.5000 -24.2000 6.8724
v -0.0000 -28.0108 6.8724
v 11.5000 -24.2000 6.8724
v 0.0000 -15.0000 3.9200
v 0.0000 0.0000 30.1800
v 18.3848 0.0000 26.6126
v 13.0000 10.4000 26.6126
v 0.0000 14.7078 26.6126
v -13.0000 10.4000 26.6126
v -18.3848 0.0000 26.6126
v -13.0000 -10.4000 26.6126
v -0.0000 -14.7078 26.6126
v 13.0000 -10.4000 26.6126
v 26.0000 0.0000 18.0000
v 18.3848 14.7078 18.0000
v 0.0000 20.8000 18.0000
v -18.3848 14.7078 18.0000
v -26.0000 0.0000 18.0000
v -18.3848 -14.7078 18.0000
v -0.0000 -20.8000 18.0000
v 18.3848 -14.7078 18.0000
v 18.3848 0.0000 9.3874
v 13.0000 10.4000 9.3874
v 0.0000 14.7078 9.3874
v -13.0000 10.4000 9.3874
v -18.3848 0.0000 9.3874
v -13.0000 -10.4000 9.3874
v -0.0000 -14.7078 9.3874
v 13.0000 -10.4000 9.3874
v 0.0000 0.0000 5.8200
v 0.0000 15.0000 24.0800
v 16.2635 15.0000 21.1276
v 11.5000 24.2000 21.1276
v 0.0000 28.0108 21.1276
v -11.5000 24.2000 21.1276
v -16.2635 15.0000 21.1276
v -11.5000 5.8000 21.1276
v -0.0000 1.9892 21.1276
v 11.5000 5.8000 21.1276
v 23.0000 15.0000 14.0000
v 16.2635 28.0108 14.0000
v 0.0000 33.4000 14.0000
v -16.2635 28.0108 14.0000
v -23.0000 15.0000 14.0000
v -16.2635 1.9892 14.0000
v -0.0000 -3.4000 14.0000
v 16.2635 1.9892 14.0000
v 16.2635 15.0000 6.8724
v 11.5000 24.2000 6.8724
v 0.0000 28.0108 6.8724
v -11.5000 24.2000 6.8724
v -16.2635 15.0000 6.8724
v -11.5000 5.8000 6.8724
v -0.0000 1.9892 6.8724
v 11.5000 5.8000 6.8724
v 0.0000 15.0000 3.9200
v 0.0000 30.0000 17.5600
v 12.0208 30.0000 15.3457
v 8.5000 36.8000 15.3457
v 0.0000 39.6167 15.3457
v -8.5000 36.8000 15.3457
v -12.0208 30.0000 15.3457
v -8.5000 23.2000 15.3457
v -0.0000 20.3833 15.3457
v 8.5000 23.2000 15.3457
v 17.0000 30.0000 10.0000
v 12.0208 39.6167 10.0000
v 0.0000 43.6000 10.0000
v -12.0208 39.6167 10.0000
v -17.0000 30.0000 10.0000
v -12.0208 20.3833 10.0000
v -0.0000 16.4000 10.0000
v 12.0208 20.3833 10.0000
v 12.0208 30.0000 4.6543
v 8.5000 36.8000 4.6543
v 0.0000 39.6167 4.6543
v -8.5000 36.8000 4.6543
v -12.0208 30.0000 4.6543
v -8.5000 23.2000 4.6543
v -0.0000 20.3833 4.6543
v 8.5000 23.2000 4.6543
v 0.0000 30.0000 2.4400
v 0.0000 -24.0000 0.9800
v 12.7279 -24.0000 -1.3573
v 9.0000 -16.8000 -1.3573
v 0.0000 -13.8177 -1.3573
v -9.0000 -16.8000 -1.3573
v -12.7279 -24.0000 -1.3573
v -9.0000 -31.2000 -1.3573
v -0.0000 -34.1823 -1.3573
v 9.0000 -31.2000 -1.3573
v 18.0000 -24.0000 -7.0000
v 12.7279 -13.8177 -7.0000
v 0.0000 -9.6000 -7.0000
v -12.7279 -13.8177 -7.0000
v -18.0000 -24.0000 -7.0000
v -12.7279 -34.1823 -7.0000
v -0.0000 -38.4000 -7.0000
v 12.7279 -34.1823 -7.0000
v 12.7279 -24.0000 -12.6427
v 9.0000 -16.8000 -12.6427
v 0.0000 -13.8177 -12.6427
v -9.0000 -16.8000 -12.6427
v -12.7279 -24.0000 -12.6427
v -9.0000 -31.2000 -12.6427
v -0.0000 -34.1823 -12.6427
v 9.0000 -31.2000 -12.6427
v 0.0000 -24.0000 -14.9800
v 0.0000 -10.0000 0.5000
v 16.9706 -10.0000 -2.5754
v 12.0000 -0.4000 -2.5754
v 0.0000 3.5765 -2.5754
v -12.0000 -0.4000 -2.5754
v -16.9706 -10.0000 -2.5754
v -12.0000 -19.6000 -2.5754
v -0.0000 -23.5765 -2.5754
v 12.0000 -19.6000 -2.5754
v 24.0000 -10.0000 -10.0000
v 16.9706 3.5765 -10.0000
v 0.0000 9.2000 -10.0000
v -16.9706 3.5765 -10.0000
v -24.0000 -10.0000 -10.0000
v -16.9706 -23.5765 -10.0000
v -0.0000 -29.2000 -10.0000
v 16.9706 -23.5765 -10.0000
v 16.9706 -10.0000 -17.4246
v 12.0000 -0.4000 -17.4246
v 0.0000 3.5765 -17.4246
v -12.0000 -0.4000 -17.4246
v -16.9706 -10.0000 -17.4246
v -12.0000 -19.6000 -17.4246
v -0.0000 -23.5765 -17.4246
v 12.0000 -19.6000 -17.4246
v 0.0000 -10.0000 -20.5000
v 0.0000 4.0000 -0.4000
v 19.0919 4.0000 -4.0905
v 13.5000 14.8000 -4.0905
v 0.0000 19.2735 -4.0905
v -13.5000 14.8000 -4.0905
v -19.0919 4.0000 -4.0905
v -13.5000 -6.8000 -4.0905
v -0.0000 -11.2735 -4.0905
v 13.5000 -6.8000 -4.0905
v 27.0000 4.0000 -13.0000
v 19.0919 19.2735 -13.0000
v 0.0000 25.6000 -13.0000
v -19.0919 19.2735 -13.0000
v -27.0000 4.0000 -13.0000
v -19.0919 -11.2735 -13.0000
v -0.0000 -17.6000 -13.0000
v 19.0919 -11.2735 -13.0000
v 19.0919 4.0000 -21.9095
v 13.5000 14.8000 -21.9095
v 0.0000 19.2735 -21.9095
v -13.5000 14.8000 -21.9095
v -19.0919 4.0000 -21.9095
v -13.5000 -6.8000 -21.9095
v -0.0000 -11.2735 -21.9095
v 13.5000 -6.8000 -21.9095
v 0.0000 4.0000 -25.6000
v 0.0000 18.0000 0.5000
v 16.9706 18.0000 -2.5754
v 12.0000 27.6000 -2.5754
v 0.0000 31.5765 -2.5754
v -12.0000 27.6000 -2.5754
v -16.9706 18.0000 -2.5754
v -12.0000 8.4000 -2.5754
v -0.0000 4.4235 -2.5754
v 12.0000 8.4000 -2.5754
v 24.0000 18.0000 -10.0000
v 16.9706 31.5765 -10.0000
v 0.0000 37.2000 -10.0000
v -16.9706 31.5765 -10.0000
v -24.0000 18.0000 -10.0000
v -16.9706 4.4235 -10.0000
v -0.0000 -1.2000 -10.0000
v 16.9706 4.4235 -10.0000
v 16.9706 18.0000 -17.4246
v 12.0000 27.6000 -17.4246
v 0.0000 31.5765 -17.4246
v -12.0000 27.6000 -17.4246
v -16.9706 18.0000 -17.4246
v -12.0000 8.4000 -17.4246
v -0.0000 4.4235 -17.4246
v 12.0000 8.4000 -17.4246
v 0.0000 18.0000 -20.5000
v 0.0000 32.0000 0.9800
v 12.7279 32.0000 -1.3573
v 9.0000 39.2000 -1.3573
v 0.0000 42.1823 -1.3573
v -9.0000 39.2000 -1.3573
v -12.7279 32.0000 -1.3573
v -9.0000 24.8000 -1.3573
v -0.0000 21.8177 -1.3573
v 9.0000 24.8000 -1.3573
v 18.0000 32.0000 -7.0000
v 12.7279 42.1823 -7.0000
v 0.0000 46.4000 -7.0000
v -12.7279 42.1823 -7.0000
v -18.0000 32.0000 -7.0000
v -12.7279 21.8177 -7.0000
v -0.0000 17.6000 -7.0000
v 12.7279 21.8177 -7.0000
v 12.7279 32.0000 -12.6427
v 9.0000 39.2000 -12.6427
v 0.0000 42.1823 -12.6427
v -9.0000 39.2000 -12.6427
v -12.7279 32.0000 -12.6427
v -9.0000 24.8000 -12.6427
v -0.0000 21.8177 -12.6427
v 9.0000 24.8000 -12.6427
v 0.0000 32.0000 -14.9800
v -26.0000 -24.0000 7.7200
v -17.5147 -24.0000 5.7518
v -20.0000 -19.2000 5.7518
v -26.0000 -17.2118 5.7518
v -32.0000 -19.2000 5.7518
v -34.4853 -24.0000 5.7518
v -32.0000 -28.8000 5.7518
v -26.0000 -30.7882 5.7518
v -20.0000 -28.8000 5.7518
v -14.0000 -24.0000 1.0000
v -17.5147 -17.2118 1.0000
v -26.0000 -14.4000 1.0000
v -34.4853 -17.2118 1.0000
v -38.0000 -24.0000 1.0000
v -34.4853 -30.7882 1.0000
v -26.0000 -33.6000 1.0000
v -17.5147 -30.7882 1.0000
v -17.5147 -24.0000 -3.7518
v -20.0000 -19.2000 -3.7518
v -26.0000 -17.2118 -3.7518
v -32.0000 -19.2000 -3.7518
v -34.4853 -24.0000 -3.7518
v -32.0000 -28.8000 -3.7518
v -26.0000 -30.7882 -3.7518
v -20.0000 -28.8000 -3.7518
v -26.0000 -24.0000 -5.7200
v -42.0000 -16.0000 12.4000
v -31.3934 -16.0000 9.9397
v -34.5000 -10.0000 9.9397
v -42.0000 -7.5147 9.9397
v -49.5000 -10.0000 9.9397
v -52.6066 -16.0000 9.9397
v -49.5000 -22.0000 9.9397
v -42.0000 -24.4853 9.9397
v -34.5000 -22.0000 9.9397
v -27.0000 -16.0000 4.0000
v -31.3934 -7.5147 4.0000
v -42.0000 -4.0000 4.0000
v -52.6066 -7.5147 4.0000
v -57.0000 -16.0000 4.0000
v -52.6066 -24.4853 4.0000
v -42.0000 -28.0000 4.0000
v -31.3934 -24.4853 4.0000
v -31.3934 -16.0000 -1.9397
v -34.5000 -10.0000 -1.9397
v -42.0000 -7.5147 -1.9397
v -49.5000 -10.0000 -1.9397
v -52.6066 -16.0000 -1.9397
v -49.5000 -22.0000 -1.9397
v -42.0000 -24.4853 -1.9397
v -34.5000 -22.0000 -1.9397
v -42.0000 -16.0000 -4.4000
v -58.0000 -4.0000 13.9800
v -48.1005 -4.0000 11.6427
v -51.0000 1.6000 11.6427
v -58.0000 3.9196 11.6427
v -65.0000 1.6000 11.6427
v -67.8995 -4.0000 11.6427
v -65.0000 -9.6000 11.6427
v -58.0000 -11.9196 11.6427
v -51.0000 -9.6000 11.6427
v -44.0000 -4.0000 6.0000
v -48.1005 3.9196 6.0000
v -58.0000 7.2000 6.0000
v -67.8995 3.9196 6.0000
v -72.0000 -4.0000 6.0000
v -67.8995 -11.9196 6.0000
v -58.0000 -15.2000 6.0000
v -48.1005 -11.9196 6.0000
v -48.1005 -4.0000 0.3573
v -51.0000 1.6000 0.3573
v -58.0000 3.9196 0.3573
v -65.0000 1.6000 0.3573
v -67.8995 -4.0000 0.3573
v -65.0000 -9.6000 0.3573
v -58.0000 -11.9196 0.3573
v -51.0000 -9.6000 0.3573
v -58.0000 -4.0000 -1.9800
v -72.0000 12.0000 9.8800
v -64.9289 12.0000 8.1578
v -67.0000 16.0000 8.1578
v -72.0000 17.6569 8.1578
v -77.0000 16.0000 8.1578
v -79.0711 12.0000 8.1578
v -77.0000 8.0000 8.1578
v -72.0000 6.3431 8.1578
v -67.0000 8.0000 8.1578
v -62.0000 12.0000 4.0000
v -64.9289 17.6569 4.0000
v -72.0000 20.0000 4.0000
v -79.0711 17.6569 4.0000
v -82.0000 12.0000 4.0000
v -79.0711 6.3431 4.0000
v -72.0000 4.0000 4.0000
v -64.9289 6.3431 4.0000
v -64.9289 12.0000 -0.1578
v -67.0000 16.0000 -0.1578
v -72.0000 17.6569 -0.1578
v -77.0000 16.0000 -0.1578
v -79.0711 12.0000 -0.1578
v -77.0000 8.0000 -0.1578
v -72.0000 6.3431 -0.1578
v -67.0000 8.0000 -0.1578
v -72.0000 12.0000 -1.8800
v -82.0000 28.0000 4.3600
v -78.8180 28.0000 3.3759
v -79.7500 29.8000 3.3759
v -82.0000 30.5456 3.3759
v -84.2500 29.8000 3.3759
v -85.1820 28.0000 3.3759
v -84.2500 26.2000 3.3759
v -82.0000 25.4544 3.3759
v -79.7500 26.2000 3.3759
v -77.5000 28.0000 1.0000
v -78.8180 30.5456 1.0000
v -82.0000 31.6000 1.0000
v -85.1820 30.5456 1.0000
v -86.5000 28.0000 1.0000
v -85.1820 25.4544 1.0000
v -82.0000 24.4000 1.0000
v -78.8180 25.4544 1.0000
v -78.8180 28.0000 -1.3759
v -79.7500 29.8000 -1.3759
v -82.0000 30.5456 -1.3759
v -84.2500 29.8000 -1.3759
v -85.1820 28.0000 -1.3759
v -84.2500 26.2000 -1.3759
v -82.0000 25.4544 -1.3759
v -79.7500 26.2000 -1.3759
v -82.0000 28.0000 -2.3600
v 26.0000 -24.0000 7.7200
v 34.4853 -24.0000 5.7518
v 32.0000 -19.2000 5.7518
v 26.0000 -17.2118 5.7518
v 20.0000 -19.2000 5.7518
v 17.5147 -24.0000 5.7518
v 20.0000 -28.8000 5.7518
v 26.0000 -30.7882 5.7518
v 32.0000 -28.8000 5.7518
v 38.0000 -24.0000 1.0000
v 34.4853 -17.2118 1.0000
v 26.0000 -14.4000 1.0000
v 17.5147 -17.2118 1.0000
v 14.0000 -24.0000 1.0000
v 17.5147 -30.7882 1.0000
v 26.0000 -33.6000 1.0000
v 34.4853 -30.7882 1.0000
v 34.4853 -24.0000 -3.7518
v 32.0000 -19.2000 -3.7518
v 26.0000 -17.2118 -3.7518
v 20.0000 -19.2000 -3.7518
v 17.5147 -24.0000 -3.7518
v 20.0000 -28.8000 -3.7518
v 26.0000 -30.7882 -3.7518
v 32.0000 -28.8000 -3.7518
v 26.0000 -24.0000 -5.7200
v 42.0000 -16.0000 12.4000
v 52.6066 -16.0000 9.9397
v 49.5000 -10.0000 9.9397
v 42.0000 -7.5147 9.9397
v 34.5000 -10.0000 9.9397
v 31.3934 -16.0000 9.9397
v 34.5000 -22.0000 9.9397
v 42.0000 -24.4853 9.9397
v 49.5000 -22.0000 9.9397
v 57.0000 -16.0000 4.0000
v 52.6066 -7.5147 4.0000
v 42.0000 -4.0000 4.0000
v 31.3934 -7.5147 4.0000
v 27.0000 -16.0000 4.0000
v 31.3934 -24.4853 4.0000
v 42.0000 -28.0000 4.0000
v 52.6066 -24.4853 4.0000
v 52.6066 -16.0000 -1.9397
v 49.5000 -10.0000 -1.9397
v 42.0000 -7.5147 -1.9397
v 34.5000 -10.0000 -1.9397
v 31.3934 -16.0000 -1.9397
v 34.5000 -22.0000 -1.9397
v 42.0000 -24.4853 -1.9397
v 49.5000 -22.0000 -1.9397
v 42.0000 -16.0000 -4.4000
v 58.0000 -4.0000 13.9800
v 67.8995 -4.0000 11.6427
v 65.0000 1.6000 11.6427
v 58.0000 3.9196 11.6427
v 51.0000 1.6000 11.6427
v 48.1005 -4.0000 11.6427
v 51.0000 -9.6000 11.6427
v 58.0000 -11.9196 11.6427
v 65.0000 -9.6000 11.6427
v 72.0000 -4.0000 6.0000
v 67.8995 3.9196 6.0000
v 58.0000 7.2000 6.0000
v 48.1005 3.9196 6.0000
v 44.0000 -4.0000 6.0000
v 48.1005 -11.9196 6.0000
v 58.0000 -15.2000 6.0000
v 67.8995 -11.9196 6.0000
v 67.8995 -4.0000 0.3573
v 65.0000 1.6000 0.3573
v 58.0000 3.9196 0.3573
v 51.0000 1.6000 0.3573
v 48.1005 -4.0000 0.3573
v 51.0000 -9.6000 0.3573
v 58.0000 -11.9196 0.3573
v 65.0000 -9.6000 0.3573
v 58.0000 -4.0000 -1.9800
v 72.0000 12.0000 9.8800
v 79.0711 12.0000 8.1578
v 77.0000 16.0000 8.1578
v 72.0000 17.6569 8.1578
v 67.0000 16.0000 8.1578
v 64.9289 12.0000 8.1578
v 67.0000 8.0000 8.1578
v 72.0000 6.3431 8.1578
v 77.0000 8.0000 8.1578
v 82.0000 12.0000 4.0000
v 79.0711 17.6569 4.0000
v 72.0000 20.0000 4.0000
v 64.9289 17.6569 4.0000
v 62.0000 12.0000 4.0000
v 64.9289 6.3431 4.0000
v 72.0000 4.0000 4.0000
v 79.0711 6.3431 4.0000
v 79.0711 12.0000 -0.1578
v 77.0000 16.0000 -0.1578
v 72.0000 17.6569 -0.1578
v 67.0000 16.0000 -0.1578
v 64.9289 12.0000 -0.1578
v 67.0000 8.0000 -0.1578
v 72.0000 6.3431 -0.1578
v 77.0000 8.0000 -0.1578
v 72.0000 12.0000 -1.8800
v 82.0000 28.0000 4.3600
v 85.1820 28.0000 3.3759
v 84.2500 29.8000 3.3759
v 82.0000 30.5456 3.3759
v 79.7500 29.8000 3.3759
v 78.8180 28.0000 3.3759
v 79.7500 26.2000 3.3759
v 82.0000 25.4544 3.3759
v 84.2500 26.2000 3.3759
v 86.5000 28.0000 1.0000
v 85.1820 30.5456 1.0000
v 82.0000 31.6000 1.0000
v 78.8180 30.5456 1.0000
v 77.5000 28.0000 1.0000
v 78.8180 25.4544 1.0000
v 82.0000 24.4000 1.0000
v 85.1820 25.4544 1.0000
v 85.1820 28.0000 -1.3759
v 84.2500 29.8000 -1.3759
v 82.0000 30.5456 -1.3759
v 79.7500 29.8000 -1.3759
v 78.8180 28.0000 -1.3759
v 79.7500 26.2000 -1.3759
v 82.0000 25.4544 -1.3759
v 84.2500 26.2000 -1.3759
v 82.0000 28.0000 -2.3600
v -22.0000 20.0000 4.8800
v -14.9289 20.0000 3.1578
v -17.0000 24.0000 3.1578
v -22.0000 25.6569 3.1578
v -27.0000 24.0000 3.1578
v -29.0711 20.0000 3.1578
v -27.0000 16.0000 3.1578
v -22.0000 14.3431 3.1578
v -17.0000 16.0000 3.1578
v -12.0000 20.0000 -1.0000
v -14.9289 25.6569 -1.0000
v -22.0000 28.0000 -1.0000
v -29.0711 25.6569 -1.0000
v -32.0000 20.0000 -1.0000
v -29.0711 14.3431 -1.0000
v -22.0000 12.0000 -1.0000
v -14.9289 14.3431 -1.0000
v -14.9289 20.0000 -5.1578
v -17.0000 24.0000 -5.1578
v -22.0000 25.6569 -5.1578
v -27.0000 24.0000 -5.1578
v -29.0711 20.0000 -5.1578
v -27.0000 16.0000 -5.1578
v -22.0000 14.3431 -5.1578
v -17.0000 16.0000 -5.1578
v -22.0000 20.0000 -6.8800
v -37.0000 28.0000 8.1400
v -28.1612 28.0000 6.0487
v -30.7500 33.0000 6.0487
v -37.0000 35.0711 6.0487
v -43.2500 33.0000 6.0487
v -45.8388 28.0000 6.0487
v -43.2500 23.0000 6.0487
v -37.0000 20.9289 6.0487
v -30.7500 23.0000 6.0487
v -24.5000 28.0000 1.0000
v -28.1612 35.0711 1.0000
v -37.0000 38.0000 1.0000
v -45.8388 35.0711 1.0000
v -49.5000 28.0000 1.0000
v -45.8388 20.9289 1.0000
v -37.0000 18.0000 1.0000
v -28.1612 20.9289 1.0000
v -28.1612 28.0000 -4.0487
v -30.7500 33.0000 -4.0487
v -37.0000 35.0711 -4.0487
v -43.2500 33.0000 -4.0487
v -45.8388 28.0000 -4.0487
v -43.2500 23.0000 -4.0487
v -37.0000 20.9289 -4.0487
v -30.7500 23.0000 -4.0487
v -37.0000 28.0000 -6.1400
v -51.0000 38.0000 7.3000
v -43.5754 38.0000 5.4548
v -45.7500 42.2000 5.4548
v -51.0000 43.9397 5.4548
v -56.2500 42.2000 5.4548
v -58.4246 38.0000 5.4548
v -56.2500 33.8000 5.4548
v -51.0000 32.0603 5.4548
v -45.7500 33.8000 5.4548
v -40.5000 38.0000 1.0000
v -43.5754 43.9397 1.0000
v -51.0000 46.4000 1.0000
v -58.4246 43.9397 1.0000
v -61.5000 38.0000 1.0000
v -58.4246 32.0603 1.0000
v -51.0000 29.6000 1.0000
v -43.5754 32.0603 1.0000
v -43.5754 38.0000 -3.4548
v -45.7500 42.2000 -3.4548
v -51.0000 43.9397 -3.4548
v -56.2500 42.2000 -3.4548
v -58.4246 38.0000 -3.4548
v -56.2500 33.8000 -3.4548
v -51.0000 32.0603 -3.4548
v -45.7500 33.8000 -3.4548
v -51.0000 38.0000 -5.3000
v -62.0000 48.0000 2.3600
v -58.8180 48.0000 1.3759
v -59.7500 49.8000 1.3759
v -62.0000 50.5456 1.3759
v -64.2500 49.8000 1.3759
v -65.1820 48.0000 1.3759
v -64.2500 46.2000 1.3759
v -62.0000 45.4544 1.3759
v -59.7500 46.2000 1.3759
v -57.5000 48.0000 -1.0000
v -58.8180 50.5456 -1.0000
v -62.0000 51.6000 -1.0000
v -65.1820 50.5456 -1.0000
v -66.5000 48.0000 -1.0000
v -65.1820 45.4544 -1.0000
v -62.0000 44.4000 -1.0000
v -58.8180 45.4544 -1.0000
v -58.8180 48.0000 -3.3759
v -59.7500 49.8000 -3.3759
v -62.0000 50.5456 -3.3759
v -64.2500 49.8000 -3.3759
v -65.1820 48.0000 -3.3759
v -64.2500 46.2000 -3.3759
v -62.0000 45.4544 -3.3759
v -59.7500 46.2000 -3.3759
v -62.0000 48.0000 -4.3600
v 22.0000 20.0000 4.8800
v 29.0711 20.0000 3.1578
v 27.0000 24.0000 3.1578
v 22.0000 25.6569 3.1578
v 17.0000 24.0000 3.1578
v 14.9289 20.0000 3.1578
v 17.0000 16.0000 3.1578
v 22.0000 14.3431 3.1578
v 27.0000 16.0000 3.1578
v 32.0000 20.0000 -1.0000
v 29.0711 25.6569 -1.0000
v 22.0000 28.0000 -1.0000
v 14.9289 25.6569 -1.0000
v 12.0000 20.0000 -1.0000
v 14.9289 14.3431 -1.0000
v 22.0000 12.0000 -1.0000
v 29.0711 14.3431 -1.0000
v 29.0711 20.0000 -5.1578
v 27.0000 24.0000 -5.1578
v 22.0000 25.6569 -5.1578
v 17.0000 24.0000 -5.1578
v 14.9289 20.0000 -5.1578
v 17.0000 16.0000 -5.1578
v 22.0000 14.3431 -5.1578
v 27.0000 16.0000 -5.1578
v 22.0000 20.0000 -6.8800
v 37.0000 28.0000 8.1400
v 45.8388 28.0000 6.0487
v 43.2500 33.0000 6.0487
v 37.0000 35.0711 6.0487
v 30.7500 33.0000 6.0487
v 28.1612 28.0000 6.0487
v 30.7500 23.0000 6.0487
v 37.0000 20.9289 6.0487
v 43.2500 23.0000 6.0487
v 49.5000 28.0000 1.0000
v 45.8388 35.0711 1.0000
v 37.0000 38.0000 1.0000
v 28.1612 35.0711 1.0000
v 24.5000 28.0000 1.0000
v 28.1612 20.9289 1.0000
v 37.0000 18.0000 1.0000
v 45.8388 20.9289 1.0000
v 45.8388 28.0000 -4.0487
v 43.2500 33.0000 -4.0487
v 37.0000 35.0711 -4.0487
v 30.7500 33.0000 -4.0487
v 28.1612 28.0000 -4.0487
v 30.7500 23.0000 -4.0487
v 37.0000 20.9289 -4.0487
v 43.2500 23.0000 -4.0487
v 37.0000 28.0000 -6.1400
v 51.0000 38.0000 7.3000
v 58.4246 38.0000 5.4548
v 56.2500 42.2000 5.4548
v 51.0000 43.9397 5.4548
v 45.7500 42.2000 5.4548
v 43.5754 38.0000 5.4548
v 45.7500 33.8000 5.4548
v 51.0000 32.0603 5.4548
v 56.2500 33.8000 5.4548
v 61.5000 38.0000 1.0000
v 58.4246 43.9397 1.0000
v 51.0000 46.4000 1.0000
v 43.5754 43.9397 1.0000
v 40.5000 38.0000 1.0000
v 43.5754 32.0603 1.0000
v 51.0000 29.6000 1.0000
v 58.4246 32.0603 1.0000
v 58.4246 38.0000 -3.4548
v 56.2500 42.2000 -3.4548
v 51.0000 43.9397 -3.4548
v 45.7500 42.2000 -3.4548
v 43.5754 38.0000 -3.4548
v 45.7500 33.8000 -3.4548
v 51.0000 32.0603 -3.4548
v 56.2500 33.8000 -3.4548
v 51.0000 38.0000 -5.3000
v 62.0000 48.0000 2.3600
v 65.1820 48.0000 1.3759
v 64.2500 49.8000 1.3759
v 62.0000 50.5456 1.3759
v 59.7500 49.8000 1.3759
v 58.8180 48.0000 1.3759
v 59.7500 46.2000 1.3759
v 62.0000 45.4544 1.3759
v 64.2500 46.2000 1.3759
v 66.5000 48.0000 -1.0000
v 65.1820 50.5456 -1.0000
v 62.0000 51.6000 -1.0000
v 58.8180 50.5456 -1.0000
v 57.5000 48.0000 -1.0000
v 58.8180 45.4544 -1.0000
v 62.0000 44.4000 -1.0000
v 65.1820 45.4544 -1.0000
v 65.1820 48.0000 -3.3759
v 64.2500 49.8000 -3.3759
v 62.0000 50.5456 -3.3759
v 59.7500 49.8000 -3.3759
v 58.8180 48.0000 -3.3759
v 59.7500 46.2000 -3.3759
v 62.0000 45.4544 -3.3759
v 64.2500 46.2000 -3.3759
v 62.0000 48.0000 -4.3600
v -52.0000 -2.0000 6.2000
v -48.1109 -2.0000 4.9698
v -49.2500 0.2000 4.9698
v -52.0000 1.1113 4.9698
v -54.7500 0.2000 4.9698
v -55.8891 -2.0000 4.9698
v -54.7500 -4.2000 4.9698
v -52.0000 -5.1113 4.9698
v -49.2500 -4.2000 4.9698
v -46.5000 -2.0000 2.0000
v -48.1109 1.1113 2.0000
v -52.0000 2.4000 2.0000
v -55.8891 1.1113 2.0000
v -57.5000 -2.0000 2.0000
v -55.8891 -5.1113 2.0000
v -52.0000 -6.4000 2.0000
v -48.1109 -5.1113 2.0000
v -48.1109 -2.0000 -0.9698
v -49.2500 0.2000 -0.9698
v -52.0000 1.1113 -0.9698
v -54.7500 0.2000 -0.9698
v -55.8891 -2.0000 -0.9698
v -54.7500 -4.2000 -0.9698
v -52.0000 -5.1113 -0.9698
v -49.2500 -4.2000 -0.9698
v -52.0000 -2.0000 -2.2000
v -62.0000 0.0000 17.4600
v -57.0503 0.0000 15.8608
v -58.5000 2.8000 15.8608
v -62.0000 3.9598 15.8608
v -65.5000 2.8000 15.8608
v -66.9497 0.0000 15.8608
v -65.5000 -2.8000 15.8608
v -62.0000 -3.9598 15.8608
v -58.5000 -2.8000 15.8608
v -55.0000 0.0000 12.0000
v -57.0503 3.9598 12.0000
v -62.0000 5.6000 12.0000
v -66.9497 3.9598 12.0000
v -69.0000 0.0000 12.0000
v -66.9497 -3.9598 12.0000
v -62.0000 -5.6000 12.0000
v -57.0503 -3.9598 12.0000
v -57.0503 0.0000 8.1392
v -58.5000 2.8000 8.1392
v -62.0000 3.9598 8.1392
v -65.5000 2.8000 8.1392
v -66.9497 0.0000 8.1392
v -65.5000 -2.8000 8.1392
v -62.0000 -3.9598 8.1392
v -58.5000 -2.8000 8.1392
v -62.0000 0.0000 6.5400
v -70.0000 6.0000 28.6200
v -65.7574 6.0000 27.2668
v -67.0000 8.4000 27.2668
v -70.0000 9.3941 27.2668
v -73.0000 8.4000 27.2668
v -74.2426 6.0000 27.2668
v -73.0000 3.6000 27.2668
v -70.0000 2.6059 27.2668
v -67.0000 3.6000 27.2668
v -64.0000 6.0000 24.0000
v -65.7574 9.3941 24.0000
v -70.0000 10.8000 24.0000
v -74.2426 9.3941 24.0000
v -76.0000 6.0000 24.0000
v -74.2426 2.6059 24.0000
v -70.0000 1.2000 24.0000
v -65.7574 2.6059 24.0000
v -65.7574 6.0000 20.7332
v -67.0000 8.4000 20.7332
v -70.0000 9.3941 20.7332
v -73.0000 8.4000 20.7332
v -74.2426 6.0000 20.7332
v -73.0000 3.6000 20.7332
v -70.0000 2.6059 20.7332
v -67.0000 3.6000 20.7332
v -70.0000 6.0000 19.3800
v -76.0000 14.0000 39.3600
v -73.1716 14.0000 38.3759
v -74.0000 15.6000 38.3759
v -76.0000 16.2627 38.3759
v -78.0000 15.6000 38.3759
v -78.8284 14.0000 38.3759
v -78.0000 12.4000 38.3759
v -76.0000 11.7373 38.3759
v -74.0000 12.4000 38.3759
v -72.0000 14.0000 36.0000
v -73.1716 16.2627 36.0000
v -76.0000 17.2000 36.0000
v -78.8284 16.2627 36.0000
v -80.0000 14.0000 36.0000
v -78.8284 11.7373 36.0000
v -76.0000 10.8000 36.0000
v -73.1716 11.7373 36.0000
v -73.1716 14.0000 33.6241
v -74.0000 15.6000 33.6241
v -76.0000 16.2627 33.6241
v -78.0000 15.6000 33.6241
v -78.8284 14.0000 33.6241
v -78.0000 12.4000 33.6241
v -76.0000 11.7373 33.6241
v -74.0000 12.4000 33.6241
v -76.0000 14.0000 32.6400
v -80.0000 22.0000 46.1000
v -78.2322 22.0000 45.4849
v -78.7500 23.0000 45.4849
v -80.0000 23.4142 45.4849
v -81.2500 23.0000 45.4849
v -81.7678 22.0000 45.4849
v -81.2500 21.0000 45.4849
v -80.0000 20.5858 45.4849
v -78.7500 21.0000 45.4849
v -77.5000 22.0000 44.0000
v -78.2322 23.4142 44.0000
v -80.0000 24.0000 44.0000
v -81.7678 23.4142 44.0000
v -82.5000 22.0000 44.0000
v -81.7678 20.5858 44.0000
v -80.0000 20.0000 44.0000
v -78.2322 20.5858 44.0000
v -78.2322 22.0000 42.5151
v -78.7500 23.0000 42.5151
v -80.0000 23.4142 42.5151
v -81.2500 23.0000 42.5151
v -81.7678 22.0000 42.5151
v -81.2500 21.0000 42.5151
v -80.0000 20.5858 42.5151
v -78.7500 21.0000 42.5151
v -80.0000 22.0000 41.9000
v 52.0000 -2.0000 6.2000
v 55.8891 -2.0000 4.9698
v 54.7500 0.2000 4.9698
v 52.0000 1.1113 4.9698
v 49.2500 0.2000 4.9698
v 48.1109 -2.0000 4.9698
v 49.2500 -4.2000 4.9698
v 52.0000 -5.1113 4.9698
v 54.7500 -4.2000 4.9698
v 57.5000 -2.0000 2.0000
v 55.8891 1.1113 2.0000
v 52.0000 2.4000 2.0000
v 48.1109 1.1113 2.0000
v 46.5000 -2.0000 2.0000
v 48.1109 -5.1113 2.0000
v 52.0000 -6.4000 2.0000
v 55.8891 -5.1113 2.0000
v 55.8891 -2.0000 -0.9698
v 54.7500 0.2000 -0.9698
v 52.0000 1.1113 -0.9698
v 49.2500 0.2000 -0.9698
v 48.1109 -2.0000 -0.9698
v 49.2500 -4.2000 -0.9698
v 52.0000 -5.1113 -0.9698
v 54.7500 -4.2000 -0.9698
v 52.0000 -2.0000 -2.2000
v 62.0000 0.0000 17.4600
v 66.9497 0.0000 15.8608
v 65.5000 2.8000 15.8608
v 62.0000 3.9598 15.8608
v 58.5000 2.8000 15.8608
v 57.0503 0.0000 15.8608
v 58.5000 -2.8000 15.8608
v 62.0000 -3.9598 15.8608
v 65.5000 -2.8000 15.8608
v 69.0000 0.0000 12.0000
v 66.9497 3.9598 12.0000
v 62.0000 5.6000 12.0000
v 57.0503 3.9598 12.0000
v 55.0000 0.0000 12.0000
v 57.0503 -3.9598 12.0000
v 62.0000 -5.6000 12.0000
v 66.9497 -3.9598 12.0000
v 66.9497 0.0000 8.1392
v 65.5000 2.8000 8.1392
v 62.0000 3.9598 8.1392
v 58.5000 2.8000 8.1392
v 57.0503 0.0000 8.1392
v 58.5000 -2.8000 8.1392
v 62.0000 -3.9598 8.1392
v 65.5000 -2.8000 8.1392
v 62.0000 0.0000 6.5400
v 70.0000 6.0000 28.6200
v 74.2426 6.0000 27.2668
v 73.0000 8.4000 27.2668
v 70.0000 9.3941 27.2668
v 67.0000 8.4000 27.2668
v 65.7574 6.0000 27.2668
v 67.0000 3.6000 27.2668
v 70.0000 2.6059 27.2668
v 73.0000 3.6000 27.2668
v 76.0000 6.0000 24.0000
v 74.2426 9.3941 24.0000
v 70.0000 10.8000 24.0000
v 65.7574 9.3941 24.0000
v 64.0000 6.0000 24.0000
v 65.7574 2.6059 24.0000
v 70.0000 1.2000 24.0000
v 74.2426 2.6059 24.0000
v 74.2426 6.0000 20.7332
v 73.0000 8.4000 20.7332
v 70.0000 9.3941 20.7332
v 67.0000 8.4000 20.7332
v 65.7574 6.0000 20.7332
v 67.0000 3.6000 20.7332
v 70.0000 2.6059 20.7332
v 73.0000 3.6000 20.7332
v 70.0000 6.0000 19.3800
v 76.0000 14.0000 39.3600
v 78.8284 14.0000 38.3759
v 78.0000 15.6000 38.3759
v 76.0000 16.2627 38.3759
v 74.0000 15.6000 38.3759
v 73.1716 14.0000 38.3759
v 74.0000 12.4000 38.3759
v 76.0000 11.7373 38.3759
v 78.0000 12.4000 38.3759
v 80.0000 14.0000 36.0000
v 78.8284 16.2627 36.0000
v 76.0000 17.2000 36.0000
v 73.1716 16.2627 36.0000
v 72.0000 14.0000 36.0000
v 73.1716 11.7373 36.0000
v 76.0000 10.8000 36.0000
v 78.8284 11.7373 36.0000
v 78.8284 14.0000 33.6241
v 78.0000 15.6000 33.6241
v 76.0000 16.2627 33.6241
v 74.0000 15.6000 33.6241
v 73.1716 14.0000 33.6241
v 74.0000 12.4000 33.6241
v 76.0000 11.7373 33.6241
v 78.0000 12.4000 33.6241
v 76.0000 14.0000 32.6400
v 80.0000 22.0000 46.1000
v 81.7678 22.0000 45.4849
v 81.2500 23.0000 45.4849
v 80.0000 23.4142 45.4849
v 78.7500 23.0000 45.4849
v 78.2322 22.0000 45.4849
v 78.7500 21.0000 45.4849
v 80.0000 20.5858 45.4849
v 81.2500 21.0000 45.4849
v 82.5000 22.0000 44.0000
v 81.7678 23.4142 44.0000
v 80.0000 24.0000 44.0000
v 78.2322 23.4142 44.0000
v 77.5000 22.0000 44.0000
v 78.2322 20.5858 44.0000
v 80.0000 20.0000 44.0000
v 81.7678 20.5858 44.0000
v 81.7678 22.0000 42.5151
v 81.2500 23.0000 42.5151
v 80.0000 23.4142 42.5151
v 78.7500 23.0000 42.5151
v 78.2322 22.0000 42.5151
v 78.7500 21.0000 42.5151
v 80.0000 20.5858 42.5151
v 81.2500 21.0000 42.5151
v 80.0000 22.0000 41.9000
v 0.0000 -44.0000 4.7200
v 8.4853 -44.0000 2.7518
v 6.0000 -39.2000 2.7518
v 0.0000 -37.2118 2.7518
v -6.0000 -39.2000 2.7518
v -8.4853 -44.0000 2.7518
v -6.0000 -48.8000 2.7518
v -0.0000 -50.7882 2.7518
v 6.0000 -48.8000 2.7518
v 12.0000 -44.0000 -2.0000
v 8.4853 -37.2118 -2.0000
v 0.0000 -34.4000 -2.0000
v -8.4853 -37.2118 -2.0000
v -12.0000 -44.0000 -2.0000
v -8.4853 -50.7882 -2.0000
v -0.0000 -53.6000 -2.0000
v 8.4853 -50.7882 -2.0000
v 8.4853 -44.0000 -6.7518
v 6.0000 -39.2000 -6.7518
v 0.0000 -37.2118 -6.7518
v -6.0000 -39.2000 -6.7518
v -8.4853 -44.0000 -6.7518
v -6.0000 -48.8000 -6.7518
v -0.0000 -50.7882 -6.7518
v 6.0000 -48.8000 -6.7518
v 0.0000 -44.0000 -8.7200
v 0.0000 -52.0000 6.5600
v 9.5459 -52.0000 4.3457
v 6.7500 -46.6000 4.3457
v 0.0000 -44.3632 4.3457
v -6.7500 -46.6000 4.3457
v -9.5459 -52.0000 4.3457
v -6.7500 -57.4000 4.3457
v -0.0000 -59.6368 4.3457
v 6.7500 -57.4000 4.3457
v 13.5000 -52.0000 -1.0000
v 9.5459 -44.3632 -1.0000
v 0.0000 -41.2000 -1.0000
v -9.5459 -44.3632 -1.0000
v -13.5000 -52.0000 -1.0000
v -9.5459 -59.6368 -1.0000
v -0.0000 -62.8000 -1.0000
v 9.5459 -59.6368 -1.0000
v 9.5459 -52.0000 -6.3457
v 6.7500 -46.6000 -6.3457
v 0.0000 -44.3632 -6.3457
v -6.7500 -46.6000 -6.3457
v -9.5459 -52.0000 -6.3457
v -6.7500 -57.4000 -6.3457
v -0.0000 -59.6368 -6.3457
v 6.7500 -57.4000 -6.3457
v 0.0000 -52.0000 -8.5600
v 0.0000 -60.0000 5.7200
v 8.4853 -60.0000 3.7518
v 6.0000 -55.2000 3.7518
v 0.0000 -53.2118 3.7518
v -6.0000 -55.2000 3.7518
v -8.4853 -60.0000 3.7518
v -6.0000 -64.8000 3.7518
v -0.0000 -66.7882 3.7518
v 6.0000 -64.8000 3.7518
v 12.0000 -60.0000 -1.0000
v 8.4853 -53.2118 -1.0000
v 0.0000 -50.4000 -1.0000
v -8.4853 -53.2118 -1.0000
v -12.0000 -60.0000 -1.0000
v -8.4853 -66.7882 -1.0000
v -0.0000 -69.6000 -1.0000
v 8.4853 -66.7882 -1.0000
v 8.4853 -60.0000 -5.7518
v 6.0000 -55.2000 -5.7518
v 0.0000 -53.2118 -5.7518
v -6.0000 -55.2000 -5.7518
v -8.4853 -60.0000 -5.7518
v -6.0000 -64.8000 -5.7518
v -0.0000 -66.7882 -5.7518
v 6.0000 -64.8000 -5.7518
v 0.0000 -60.0000 -7.7200
v 0.0000 -68.0000 3.4600
v 6.3640 -68.0000 1.8608
v 4.5000 -64.4000 1.8608
v 0.0000 -62.9088 1.8608
v -4.5000 -64.4000 1.8608
v -6.3640 -68.0000 1.8608
v -4.5000 -71.6000 1.8608
v -0.0000 -73.0912 1.8608
v 4.5000 -71.6000 1.8608
v 9.0000 -68.0000 -2.0000
v 6.3640 -62.9088 -2.0000
v 0.0000 -60.8000 -2.0000
v -6.3640 -62.9088 -2.0000
v -9.0000 -68.0000 -2.0000
v -6.3640 -73.0912 -2.0000
v -0.0000 -75.2000 -2.0000
v 6.3640 -73.0912 -2.0000
v 6.3640 -68.0000 -5.8608
v 4.5000 -64.4000 -5.8608
v 0.0000 -62.9088 -5.8608
v -4.5000 -64.4000 -5.8608
v -6.3640 -68.0000 -5.8608
v -4.5000 -71.6000 -5.8608
v -0.0000 -73.0912 -5.8608
v 4.5000 -71.6000 -5.8608
v 0.0000 -68.0000 -7.4600
v 0.0000 44.0000 4.7200
v 8.4853 44.0000 2.7518
v 6.0000 48.8000 2.7518
v 0.0000 50.7882 2.7518
v -6.0000 48.8000 2.7518
v -8.4853 44.0000 2.7518
v -6.0000 39.2000 2.7518
v -0.0000 37.2118 2.7518
v 6.0000 39.2000 2.7518
v 12.0000 44.0000 -2.0000
v 8.4853 50.7882 -2.0000
v 0.0000 53.6000 -2.0000
v -8.4853 50.7882 -2.0000
v -12.0000 44.0000 -2.0000
v -8.4853 37.2118 -2.0000
v -0.0000 34.4000 -2.0000
v 8.4853 37.2118 -2.0000
v 8.4853 44.0000 -6.7518
v 6.0000 48.8000 -6.7518
v 0.0000 50.7882 -6.7518
v -6.0000 48.8000 -6.7518
v -8.4853 44.0000 -6.7518
v -6.0000 39.2000 -6.7518
v -0.0000 37.2118 -6.7518
v 6.0000 39.2000 -6.7518
v 0.0000 44.0000 -8.7200
v 0.0000 52.0000 6.5600
v 9.5459 52.0000 4.3457
v 6.7500 57.4000 4.3457
v 0.0000 59.6368 4.3457
v -6.7500 57.4000 4.3457
v -9.5459 52.0000 4.3457
v -6.7500 46.6000 4.3457
v -0.0000 44.3632 4.3457
v 6.7500 46.6000 4.3457
v 13.5000 52.0000 -1.0000
v 9.5459 59.6368 -1.0000
v 0.0000 62.8000 -1.0000
v -9.5459 59.6368 -1.0000
v -13.5000 52.0000 -1.0000
v -9.5459 44.3632 -1.0000
v -0.0000 41.2000 -1.0000
v 9.5459 44.3632 -1.0000
v 9.5459 52.0000 -6.3457
v 6.7500 57.4000 -6.3457
v 0.0000 59.6368 -6.3457
v -6.7500 57.4000 -6.3457
v -9.5459 52.0000 -6.3457
v -6.7500 46.6000 -6.3457
v -0.0000 44.3632 -6.3457
v 6.7500 46.6000 -6.3457
v 0.0000 52.0000 -8.5600
v 0.0000 60.0000 5.7200
v 8.4853 60.0000 3.7518
v 6.0000 64.8000 3.7518
v 0.0000 66.7882 3.7518
v -6.0000 64.8000 3.7518
v -8.4853 60.0000 3.7518
v -6.0000 55.2000 3.7518
v -0.0000 53.2118 3.7518
v 6.0000 55.2000 3.7518
v 12.0000 60.0000 -1.0000
v 8.4853 66.7882 -1.0000
v 0.0000 69.6000 -1.0000
v -8.4853 66.7882 -1.0000
v -12.0000 60.0000 -1.0000
v -8.4853 53.2118 -1.0000
v -0.0000 50.4000 -1.0000
v 8.4853 53.2118 -1.0000
v 8.4853 60.0000 -5.7518
v 6.0000 64.8000 -5.7518
v 0.0000 66.7882 -5.7518
v -6.0000 64.8000 -5.7518
v -8.4853 60.0000 -5.7518
v -6.0000 55.2000 -5.7518
v -0.0000 53.2118 -5.7518
v 6.0000 55.2000 -5.7518
v 0.0000 60.0000 -7.7200
v 0.0000 68.0000 3.4600
v 6.3640 68.0000 1.8608
v 4.5000 71.6000 1.8608
v 0.0000 73.0912 1.8608
v -4.5000 71.6000 1.8608
v -6.3640 68.0000 1.8608
v -4.5000 64.4000 1.8608
v -0.0000 62.9088 1.8608
v 4.5000 64.4000 1.8608
v 9.0000 68.0000 -2.0000
v 6.3640 73.0912 -2.0000
v 0.0000 75.2000 -2.0000
v -6.3640 73.0912 -2.0000
v -9.0000 68.0000 -2.0000
v -6.3640 62.9088 -2.0000
v -0.0000 60.8000 -2.0000
v 6.3640 62.9088 -2.0000
v 6.3640 68.0000 -5.8608
v 4.5000 71.6000 -5.8608
v 0.0000 73.0912 -5.8608
v -4.5000 71.6000 -5.8608
v -6.3640 68.0000 -5.8608
v -4.5000 64.4000 -5.8608
v -0.0000 62.9088 -5.8608
v 4.5000 64.4000 -5.8608
v 0.0000 68.0000 -7.4600
v -16.0000 -22.0000 14.9400
v -13.5251 -22.0000 14.0789
v -14.2500 -20.6000 14.0789
v -16.0000 -20.0201 14.0789
v -17.7500 -20.6000 14.0789
v -18.4749 -22.0000 14.0789
v -17.7500 -23.4000 14.0789
v -16.0000 -23.9799 14.0789
v -14.2500 -23.4000 14.0789
v -12.5000 -22.0000 12.0000
v -13.5251 -20.0201 12.0000
v -16.0000 -19.2000 12.0000
v -18.4749 -20.0201 12.0000
v -19.5000 -22.0000 12.0000
v -18.4749 -23.9799 12.0000
v -16.0000 -24.8000 12.0000
v -13.5251 -23.9799 12.0000
v -13.5251 -22.0000 9.9211
v -14.2500 -20.6000 9.9211
v -16.0000 -20.0201 9.9211
v -17.7500 -20.6000 9.9211
v -18.4749 -22.0000 9.9211
v -17.7500 -23.4000 9.9211
v -16.0000 -23.9799 9.9211
v -14.2500 -23.4000 9.9211
v -16.0000 -22.0000 9.0600
v -23.0000 -16.0000 18.7800
v -19.4645 -16.0000 17.6729
v -20.5000 -14.0000 17.6729
v -23.0000 -13.1716 17.6729
v -25.5000 -14.0000 17.6729
v -26.5355 -16.0000 17.6729
v -25.5000 -18.0000 17.6729
v -23.0000 -18.8284 17.6729
v -20.5000 -18.0000 17.6729
v -18.0000 -16.0000 15.0000
v -19.4645 -13.1716 15.0000
v -23.0000 -12.0000 15.0000
v -26.5355 -13.1716 15.0000
v -28.0000 -16.0000 15.0000
v -26.5355 -18.8284 15.0000
v -23.0000 -20.0000 15.0000
v -19.4645 -18.8284 15.0000
v -19.4645 -16.0000 12.3271
v -20.5000 -14.0000 12.3271
v -23.0000 -13.1716 12.3271
v -25.5000 -14.0000 12.3271
v -26.5355 -16.0000 12.3271
v -25.5000 -18.0000 12.3271
v -23.0000 -18.8284 12.3271
v -20.5000 -18.0000 12.3271
v -23.0000 -16.0000 11.2200
v -30.0000 -10.0000 20.3600
v -26.8180 -10.0000 19.3759
v -27.7500 -8.2000 19.3759
v -30.0000 -7.4544 19.3759
v -32.2500 -8.2000 19.3759
v -33.1820 -10.0000 19.3759
v -32.2500 -11.8000 19.3759
v -30.0000 -12.5456 19.3759
v -27.7500 -11.8000 19.3759
v -25.5000 -10.0000 17.0000
v -26.8180 -7.4544 17.0000
v -30.0000 -6.4000 17.0000
v -33.1820 -7.4544 17.0000
v -34.5000 -10.0000 17.0000
v -33.1820 -12.5456 17.0000
v -30.0000 -13.6000 17.0000
v -26.8180 -12.5456 17.0000
v -26.8180 -10.0000 14.6241
v -27.7500 -8.2000 14.6241
v -30.0000 -7.4544 14.6241
v -32.2500 -8.2000 14.6241
v -33.1820 -10.0000 14.6241
v -32.2500 -11.8000 14.6241
v -30.0000 -12.5456 14.6241
v -27.7500 -11.8000 14.6241
v -30.0000 -10.0000 13.6400
v -36.0000 -4.0000 16.1000
v -34.2322 -4.0000 15.4849
v -34.7500 -3.0000 15.4849
v -36.0000 -2.5858 15.4849
v -37.2500 -3.0000 15.4849
v -37.7678 -4.0000 15.4849
v -37.2500 -5.0000 15.4849
v -36.0000 -5.4142 15.4849
v -34.7500 -5.0000 15.4849
v -33.5000 -4.0000 14.0000
v -34.2322 -2.5858 14.0000
v -36.0000 -2.0000 14.0000
v -37.7678 -2.5858 14.0000
v -38.5000 -4.0000 14.0000
v -37.7678 -5.4142 14.0000
v -36.0000 -6.0000 14.0000
v -34.2322 -5.4142 14.0000
v -34.2322 -4.0000 12.5151
v -34.7500 -3.0000 12.5151
v -36.0000 -2.5858 12.5151
v -37.2500 -3.0000 12.5151
v -37.7678 -4.0000 12.5151
v -37.2500 -5.0000 12.5151
v -36.0000 -5.4142 12.5151
v -34.7500 -5.0000 12.5151
v -36.0000 -4.0000 11.9000
v 16.0000 -22.0000 14.9400
v 18.4749 -22.0000 14.0789
v 17.7500 -20.6000 14.0789
v 16.0000 -20.0201 14.0789
v 14.2500 -20.6000 14.0789
v 13.5251 -22.0000 14.0789
v 14.2500 -23.4000 14.0789
v 16.0000 -23.9799 14.0789
v 17.7500 -23.4000 14.0789
v 19.5000 -22.0000 12.0000
v 18.4749 -20.0201 12.0000
v 16.0000 -19.2000 12.0000
v 13.5251 -20.0201 12.0000
v 12.5000 -22.0000 12.0000
v 13.5251 -23.9799 12.0000
v 16.0000 -24.8000 12.0000
v 18.4749 -23.9799 12.0000
v 18.4749 -22.0000 9.9211
v 17.7500 -20.6000 9.9211
v 16.0000 -20.0201 9.9211
v 14.2500 -20.6000 9.9211
v 13.5251 -22.0000 9.9211
v 14.2500 -23.4000 9.9211
v 16.0000 -23.9799 9.9211
v 17.7500 -23.4000 9.9211
v 16.0000 -22.0000 9.0600
v 23.0000 -16.0000 18.7800
v 26.5355 -16.0000 17.6729
v 25.5000 -14.0000 17.6729
v 23.0000 -13.1716 17.6729
v 20.5000 -14.0000 17.6729
v 19.4645 -16.0000 17.6729
v 20.5000 -18.0000 17.6729
v 23.0000 -18.8284 17.6729
v 25.5000 -18.0000 17.6729
v 28.0000 -16.0000 15.0000
v 26.5355 -13.1716 15.0000
v 23.0000 -12.0000 15.0000
v 19.4645 -13.1716 15.0000
v 18.0000 -16.0000 15.0000
v 19.4645 -18.8284 15.0000
v 23.0000 -20.0000 15.0000
v 26.5355 -18.8284 15.0000
v 26.5355 -16.0000 12.3271
v 25.5000 -14.0000 12.3271
v 23.0000 -13.1716 12.3271
v 20.5000 -14.0000 12.3271
v 19.4645 -16.0000 12.3271
v 20.5000 -18.0000 12.3271
v 23.0000 -18.8284 12.3271
v 25.5000 -18.0000 12.3271
v 23.0000 -16.0000 11.2200
v 30.0000 -10.0000 20.3600
v 33.1820 -10.0000 19.3759
v 32.2500 -8.2000 19.3759
v 30.0000 -7.4544 19.3759
v 27.7500 -8.2000 19.3759
v 26.8180 -10.0000 19.3759
v 27.7500 -11.8000 19.3759
v 30.0000 -12.5456 19.3759
v 32.2500 -11.8000 19.3759
v 34.5000 -10.0000 17.0000
v 33.1820 -7.4544 17.0000
v 30.0000 -6.4000 17.0000
v 26.8180 -7.4544 17.0000
v 25.5000 -10.0000 17.0000
v 26.8180 -12.5456 17.0000
v 30.0000 -13.6000 17.0000
v 33.1820 -12.5456 17.0000
v 33.1820 -10.0000 14.6241
v 32.2500 -8.2000 14.6241
v 30.0000 -7.4544 14.6241
v 27.7500 -8.2000 14.6241
v 26.8180 -10.0000 14.6241
v 27.7500 -11.8000 14.6241
v 30.0000 -12.5456 14.6241
v 32.2500 -11.8000 14.6241
v 30.0000 -10.0000 13.6400
v 36.0000 -4.0000 16.1000
v 37.7678 -4.0000 15.4849
v 37.2500 -3.0000 15.4849
v 36.0000 -2.5858 15.4849
v 34.7500 -3.0000 15.4849
v 34.2322 -4.0000 15.4849
v 34.7500 -5.0000 15.4849
v 36.0000 -5.4142 15.4849
v 37.2500 -5.0000 15.4849
v 38.5000 -4.0000 14.0000
v 37.7678 -2.5858 14.0000
v 36.0000 -2.0000 14.0000
v 34.2322 -2.5858 14.0000
v 33.5000 -4.0000 14.0000
v 34.2322 -5.4142 14.0000
v 36.0000 -6.0000 14.0000
v 37.7678 -5.4142 14.0000
v 37.7678 -4.0000 12.5151
v 37.2500 -3.0000 12.5151
v 36.0000 -2.5858 12.5151
v 34.7500 -3.0000 12.5151
v 34.2322 -4.0000 12.5151
v 34.7500 -5.0000 12.5151
v 36.0000 -5.4142 12.5151
v 37.2500 -5.0000 12.5151
v 36.0000 -4.0000 11.9000
v -20.0000 -4.0000 14.9400
v -17.5251 -4.0000 14.0789
v -18.2500 -2.6000 14.0789
v -20.0000 -2.0201 14.0789
v -21.7500 -2.6000 14.0789
v -22.4749 -4.0000 14.0789
v -21.7500 -5.4000 14.0789
v -20.0000 -5.9799 14.0789
v -18.2500 -5.4000 14.0789
v -16.5000 -4.0000 12.0000
v -17.5251 -2.0201 12.0000
v -20.0000 -1.2000 12.0000
v -22.4749 -2.0201 12.0000
v -23.5000 -4.0000 12.0000
v -22.4749 -5.9799 12.0000
v -20.0000 -6.8000 12.0000
v -17.5251 -5.9799 12.0000
v -17.5251 -4.0000 9.9211
v -18.2500 -2.6000 9.9211
v -20.0000 -2.0201 9.9211
v -21.7500 -2.6000 9.9211
v -22.4749 -4.0000 9.9211
v -21.7500 -5.4000 9.9211
v -20.0000 -5.9799 9.9211
v -18.2500 -5.4000 9.9211
v -20.0000 -4.0000 9.0600
v -27.0000 2.0000 18.7800
v -23.4645 2.0000 17.6729
v -24.5000 4.0000 17.6729
v -27.0000 4.8284 17.6729
v -29.5000 4.0000 17.6729
v -30.5355 2.0000 17.6729
v -29.5000 0.0000 17.6729
v -27.0000 -0.8284 17.6729
v -24.5000 -0.0000 17.6729
v -22.0000 2.0000 15.0000
v -23.4645 4.8284 15.0000
v -27.0000 6.0000 15.0000
v -30.5355 4.8284 15.0000
v -32.0000 2.0000 15.0000
v -30.5355 -0.8284 15.0000
v -27.0000 -2.0000 15.0000
v -23.4645 -0.8284 15.0000
v -23.4645 2.0000 12.3271
v -24.5000 4.0000 12.3271
v -27.0000 4.8284 12.3271
v -29.5000 4.0000 12.3271
v -30.5355 2.0000 12.3271
v -29.5000 0.0000 12.3271
v -27.0000 -0.8284 12.3271
v -24.5000 -0.0000 12.3271
v -27.0000 2.0000 11.2200
v -34.0000 8.0000 20.3600
v -30.8180 8.0000 19.3759
v -31.7500 9.8000 19.3759
v -34.0000 10.5456 19.3759
v -36.2500 9.8000 19.3759
v -37.1820 8.0000 19.3759
v -36.2500 6.2000 19.3759
v -34.0000 5.4544 19.3759
v -31.7500 6.2000 19.3759
v -29.5000 8.0000 17.0000
v -30.8180 10.5456 17.0000
v -34.0000 11.6000 17.0000
v -37.1820 10.5456 17.0000
v -38.5000 8.0000 17.0000
v -37.1820 5.4544 17.0000
v -34.0000 4.4000 17.0000
v -30.8180 5.4544 17.0000
v -30.8180 8.0000 14.6241
v -31.7500 9.8000 14.6241
v -34.0000 10.5456 14.6241
v -36.2500 9.8000 14.6241
v -37.1820 8.0000 14.6241
v -36.2500 6.2000 14.6241
v -34.0000 5.4544 14.6241
v -31.7500 6.2000 14.6241
v -34.0000 8.0000 13.6400
v -40.0000 14.0000 16.1000
v -38.2322 14.0000 15.4849
v -38.7500 15.0000 15.4849
v -40.0000 15.4142 15.4849
v -41.2500 15.0000 15.4849
v -41.7678 14.0000 15.4849
v -41.2500 13.0000 15.4849
v -40.0000 12.5858 15.4849
v -38.7500 13.0000 15.4849
v -37.5000 14.0000 14.0000
v -38.2322 15.4142 14.0000
v -40.0000 16.0000 14.0000
v -41.7678 15.4142 14.0000
v -42.5000 14.0000 14.0000
v -41.7678 12.5858 14.0000
v -40.0000 12.0000 14.0000
v -38.2322 12.5858 14.0000
v -38.2322 14.0000 12.5151
v -38.7500 15.0000 12.5151
v -40.0000 15.4142 12.5151
v -41.2500 15.0000 12.5151
v -41.7678 14.0000 12.5151
v -41.2500 13.0000 12.5151
v -40.0000 12.5858 12.5151
v -38.7500 13.0000 12.5151
v -40.0000 14.0000 11.9000
v 20.0000 -4.0000 14.9400
v 22.4749 -4.0000 14.0789
v 21.7500 -2.6000 14.0789
v 20.0000 -2.0201 14.0789
v 18.2500 -2.6000 14.0789
v 17.5251 -4.0000 14.0789
v 18.2500 -5.4000 14.0789
v 20.0000 -5.9799 14.0789
v 21.7500 -5.4000 14.0789
v 23.5000 -4.0000 12.0000
v 22.4749 -2.0201 12.0000
v 20.0000 -1.2000 12.0000
v 17.5251 -2.0201 12.0000
v 16.5000 -4.0000 12.0000
v 17.5251 -5.9799 12.0000
v 20.0000 -6.8000 12.0000
v 22.4749 -5.9799 12.0000
v 22.4749 -4.0000 9.9211
v 21.7500 -2.6000 9.9211
v 20.0000 -2.0201 9.9211
v 18.2500 -2.6000 9.9211
v 17.5251 -4.0000 9.9211
v 18.2500 -5.4000 9.9211
v 20.0000 -5.9799 9.9211
v 21.7500 -5.4000 9.9211
v 20.0000 -4.0000 9.0600
v 27.0000 2.0000 18.7800
v 30.5355 2.0000 17.6729
v 29.5000 4.0000 17.6729
v 27.0000 4.8284 17.6729
v 24.5000 4.0000 17.6729
v 23.4645 2.0000 17.6729
v 24.5000 0.0000 17.6729
v 27.0000 -0.8284 17.6729
v 29.5000 -0.0000 17.6729
v 32.0000 2.0000 15.0000
v 30.5355 4.8284 15.0000
v 27.0000 6.0000 15.0000
v 23.4645 4.8284 15.0000
v 22.0000 2.0000 15.0000
v 23.4645 -0.8284 15.0000
v 27.0000 -2.0000 15.0000
v 30.5355 -0.8284 15.0000
v 30.5355 2.0000 12.3271
v 29.5000 4.0000 12.3271
v 27.0000 4.8284 12.3271
v 24.5000 4.0000 12.3271
v 23.4645 2.0000 12.3271
v 24.5000 0.0000 12.3271
v 27.0000 -0.8284 12.3271
v 29.5000 -0.0000 12.3271
v 27.0000 2.0000 11.2200
v 34.0000 8.0000 20.3600
v 37.1820 8.0000 19.3759
v 36.2500 9.8000 19.3759
v 34.0000 10.5456 19.3759
v 31.7500 9.8000 19.3759
v 30.8180 8.0000 19.3759
v 31.7500 6.2000 19.3759
v 34.0000 5.4544 19.3759
v 36.2500 6.2000 19.3759
v 38.5000 8.0000 17.0000
v 37.1820 10.5456 17.0000
v 34.0000 11.6000 17.0000
v 30.8180 10.5456 17.0000
v 29.5000 8.0000 17.0000
v 30.8180 5.4544 17.0000
v 34.0000 4.4000 17.0000
v 37.1820 5.4544 17.0000
v 37.1820 8.0000 14.6241
v 36.2500 9.8000 14.6241
v 34.0000 10.5456 14.6241
v 31.7500 9.8000 14.6241
v 30.8180 8.0000 14.6241
v 31.7500 6.2000 14.6241
v 34.0000 5.4544 14.6241
v 36.2500 6.2000 14.6241
v 34.0000 8.0000 13.6400
v 40.0000 14.0000 16.1000
v 41.7678 14.0000 15.4849
v 41.2500 15.0000 15.4849
v 40.0000 15.4142 15.4849
v 38.7500 15.0000 15.4849
v 38.2322 14.0000 15.4849
v 38.7500 13.0000 15.4849
v 40.0000 12.5858 15.4849
v 41.2500 13.0000 15.4849
v 42.5000 14.0000 14.0000
v 41.7678 15.4142 14.0000
v 40.0000 16.0000 14.0000
v 38.2322 15.4142 14.0000
v 37.5000 14.0000 14.0000
v 38.2322 12.5858 14.0000
v 40.0000 12.0000 14.0000
v 41.7678 12.5858 14.0000
v 41.7678 14.0000 12.5151
v 41.2500 15.0000 12.5151
v 40.0000 15.4142 12.5151
v 38.7500 15.0000 12.5151
v 38.2322 14.0000 12.5151
v 38.7500 13.0000 12.5151
v 40.0000 12.5858 12.5151
v 41.2500 13.0000 12.5151
v 40.0000 14.0000 11.9000
v -16.0000 16.0000 14.9400
v -13.5251 16.0000 14.0789
v -14.2500 17.4000 14.0789
v -16.0000 17.9799 14.0789
v -17.7500 17.4000 14.0789
v -18.4749 16.0000 14.0789
v -17.7500 14.6000 14.0789
v -16.0000 14.0201 14.0789
v -14.2500 14.6000 14.0789
v -12.5000 16.0000 12.0000
v -13.5251 17.9799 12.0000
v -16.0000 18.8000 12.0000
v -18.4749 17.9799 12.0000
v -19.5000 16.0000 12.0000
v -18.4749 14.0201 12.0000
v -16.0000 13.2000 12.0000
v -13.5251 14.0201 12.0000
v -13.5251 16.0000 9.9211
v -14.2500 17.4000 9.9211
v -16.0000 17.9799 9.9211
v -17.7500 17.4000 9.9211
v -18.4749 16.0000 9.9211
v -17.7500 14.6000 9.9211
v -16.0000 14.0201 9.9211
v -14.2500 14.6000 9.9211
v -16.0000 16.0000 9.0600
v -23.0000 22.0000 18.7800
v -19.4645 22.0000 17.6729
v -20.5000 24.0000 17.6729
v -23.0000 24.8284 17.6729
v -25.5000 24.0000 17.6729
v -26.5355 22.0000 17.6729
v -25.5000 20.0000 17.6729
v -23.0000 19.1716 17.6729
v -20.5000 20.0000 17.6729
v -18.0000 22.0000 15.0000
v -19.4645 24.8284 15.0000
v -23.0000 26.0000 15.0000
v -26.5355 24.8284 15.0000
v -28.0000 22.0000 15.0000
v -26.5355 19.1716 15.0000
v -23.0000 18.0000 15.0000
v -19.4645 19.1716 15.0000
v -19.4645 22.0000 12.3271
v -20.5000 24.0000 12.3271
v -23.0000 24.8284 12.3271
v -25.5000 24.0000 12.3271
v -26.5355 22.0000 12.3271
v -25.5000 20.0000 12.3271
v -23.0000 19.1716 12.3271
v -20.5000 20.0000 12.3271
v -23.0000 22.0000 11.2200
v -30.0000 28.0000 20.3600
v -26.8180 28.0000 19.3759
v -27.7500 29.8000 19.3759
v -30.0000 30.5456 19.3759
v -32.2500 29.8000 19.3759
v -33.1820 28.0000 19.3759
v -32.2500 26.2000 19.3759
v -30.0000 25.4544 19.3759
v -27.7500 26.2000 19.3759
v -25.5000 28.0000 17.0000
v -26.8180 30.5456 17.0000
v -30.0000 31.6000 17.0000
v -33.1820 30.5456 17.0000
v -34.5000 28.0000 17.0000
v -33.1820 25.4544 17.0000
v -30.0000 24.4000 17.0000
v -26.8180 25.4544 17.0000
v -26.8180 28.0000 14.6241
v -27.7500 29.8000 14.6241
v -30.0000 30.5456 14.6241
v -32.2500 29.8000 14.6241
v -33.1820 28.0000 14.6241
v -32.2500 26.2000 14.6241
v -30.0000 25.4544 14.6241
v -27.7500 26.2000 14.6241
v -30.0000 28.0000 13.6400
v -36.0000 34.0000 16.1000
v -34.2322 34.0000 15.4849
v -34.7500 35.0000 15.4849
v -36.0000 35.4142 15.4849
v -37.2500 35.0000 15.4849
v -37.7678 34.0000 15.4849
v -37.2500 33.0000 15.4849
v -36.0000 32.5858 15.4849
v -34.7500 33.0000 15.4849
v -33.5000 34.0000 14.0000
v -34.2322 35.4142 14.0000
v -36.0000 36.0000 14.0000
v -37.7678 35.4142 14.0000
v -38.5000 34.0000 14.0000
v -37.7678 32.5858 14.0000
v -36.0000 32.0000 14.0000
v -34.2322 32.5858 14.0000
v -34.2322 34.0000 12.5151
v -34.7500 35.0000 12.5151
v -36.0000 35.4142 12.5151
v -37.2500 35.0000 12.5151
v -37.7678 34.0000 12.5151
v -37.2500 33.0000 12.5151
v -36.0000 32.5858 12.5151
v -34.7500 33.0000 12.5151
v -36.0000 34.0000 11.9000
v 16.0000 16.0000 14.9400
v 18.4749 16.0000 14.0789
v 17.7500 17.4000 14.0789
v 16.0000 17.9799 14.0789
v 14.2500 17.4000 14.0789
v 13.5251 16.0000 14.0789
v 14.2500 14.6000 14.0789
v 16.0000 14.0201 14.0789
v 17.7500 14.6000 14.0789
v 19.5000 16.0000 12.0000
v 18.4749 17.9799 12.0000
v 16.0000 18.8000 12.0000
v 13.5251 17.9799 12.0000
v 12.5000 16.0000 12.0000
v 13.5251 14.0201 12.0000
v 16.0000 13.2000 12.0000
v 18.4749 14.0201 12.0000
v 18.4749 16.0000 9.9211
v 17.7500 17.4000 9.9211
v 16.0000 17.9799 9.9211
v 14.2500 17.4000 9.9211
v 13.5251 16.0000 9.9211
v 14.2500 14.6000 9.9211
v 16.0000 14.0201 9.9211
v 17.7500 14.6000 9.9211
v 16.0000 16.0000 9.0600
v 23.0000 22.0000 18.7800
v 26.5355 22.0000 17.6729
v 25.5000 24.0000 17.6729
v 23.0000 24.8284 17.6729
v 20.5000 24.0000 17.6729
v 19.4645 22.0000 17.6729
v 20.5000 20.0000 17.6729
v 23.0000 19.1716 17.6729
v 25.5000 20.0000 17.6729
v 28.0000 22.0000 15.0000
v 26.5355 24.8284 15.0000
v 23.0000 26.0000 15.0000
v 19.4645 24.8284 15.0000
v 18.0000 22.0000 15.0000
v 19.4645 19.1716 15.0000
v 23.0000 18.0000 15.0000
v 26.5355 19.1716 15.0000
v 26.5355 22.0000 12.3271
v 25.5000 24.0000 12.3271
v 23.0000 24.8284 12.3271
v 20.5000 24.0000 12.3271
v 19.4645 22.0000 12.3271
v 20.5000 20.0000 12.3271
v 23.0000 19.1716 12.3271
v 25.5000 20.0000 12.3271
v 23.0000 22.0000 11.2200
v 30.0000 28.0000 20.3600
v 33.1820 28.0000 19.3759
v 32.2500 29.8000 19.3759
v 30.0000 30.5456 19.3759
v 27.7500 29.8000 19.3759
v 26.8180 28.0000 19.3759
v 27.7500 26.2000 19.3759
v 30.0000 25.4544 19.3759
v 32.2500 26.2000 19.3759
v 34.5000 28.0000 17.0000
v 33.1820 30.5456 17.0000
v 30.0000 31.6000 17.0000
v 26.8180 30.5456 17.0000
v 25.5000 28.0000 17.0000
v 26.8180 25.4544 17.0000
v 30.0000 24.4000 17.0000
v 33.1820 25.4544 17.0000
v 33.1820 28.0000 14.6241
v 32.2500 29.8000 14.6241
v 30.0000 30.5456 14.6241
v 27.7500 29.8000 14.6241
v 26.8180 28.0000 14.6241
v 27.7500 26.2000 14.6241
v 30.0000 25.4544 14.6241
v 32.2500 26.2000 14.6241
v 30.0000 28.0000 13.6400
v 36.0000 34.0000 16.1000
v 37.7678 34.0000 15.4849
v 37.2500 35.0000 15.4849
v 36.0000 35.4142 15.4849
v 34.7500 35.0000 15.4849
v 34.2322 34.0000 15.4849
v 34.7500 33.0000 15.4849
v 36.0000 32.5858 15.4849
v 37.2500 33.0000 15.4849
v 38.5000 34.0000 14.0000
v 37.7678 35.4142 14.0000
v 36.0000 36.0000 14.0000
v 34.2322 35.4142 14.0000
v 33.5000 34.0000 14.0000
v 34.2322 32.5858 14.0000
v 36.0000 32.0000 14.0000
v 37.7678 32.5858 14.0000
v 37.7678 34.0000 12.5151
v 37.2500 35.0000 12.5151
v 36.0000 35.4142 12.5151
v 34.7500 35.0000 12.5151
v 34.2322 34.0000 12.5151
v 34.7500 33.0000 12.5151
v 36.0000 32.5858 12.5151
v 37.2500 33.0000 12.5151
v 36.0000 34.0000 11.9000
v 0.0000 -24.0000 17.9400
v 2.8284 -24.0000 17.0789
v 2.0000 -22.4000 17.0789
v 0.0000 -21.7373 17.0789
v -2.0000 -22.4000 17.0789
v -2.8284 -24.0000 17.0789
v -2.0000 -25.6000 17.0789
v -0.0000 -26.2627 17.0789
v 2.0000 -25.6000 17.0789
v 4.0000 -24.0000 15.0000
v 2.8284 -21.7373 15.0000
v 0.0000 -20.8000 15.0000
v -2.8284 -21.7373 15.0000
v -4.0000 -24.0000 15.0000
v -2.8284 -26.2627 15.0000
v -0.0000 -27.2000 15.0000
v 2.8284 -26.2627 15.0000
v 2.8284 -24.0000 12.9211
v 2.0000 -22.4000 12.9211
v 0.0000 -21.7373 12.9211
v -2.0000 -22.4000 12.9211
v -2.8284 -24.0000 12.9211
v -2.0000 -25.6000 12.9211
v -0.0000 -26.2627 12.9211
v 2.0000 -25.6000 12.9211
v 0.0000 -24.0000 12.0600
v 0.0000 -12.0000 22.2000
v 4.2426 -12.0000 20.9698
v 3.0000 -9.6000 20.9698
v 0.0000 -8.6059 20.9698
v -3.0000 -9.6000 20.9698
v -4.2426 -12.0000 20.9698
v -3.0000 -14.4000 20.9698
v -0.0000 -15.3941 20.9698
v 3.0000 -14.4000 20.9698
v 6.0000 -12.0000 18.0000
v 4.2426 -8.6059 18.0000
v 0.0000 -7.2000 18.0000
v -4.2426 -8.6059 18.0000
v -6.0000 -12.0000 18.0000
v -4.2426 -15.3941 18.0000
v -0.0000 -16.8000 18.0000
v 4.2426 -15.3941 18.0000
v 4.2426 -12.0000 15.0302
v 3.0000 -9.6000 15.0302
v 0.0000 -8.6059 15.0302
v -3.0000 -9.6000 15.0302
v -4.2426 -12.0000 15.0302
v -3.0000 -14.4000 15.0302
v -0.0000 -15.3941 15.0302
v 3.0000 -14.4000 15.0302
v 0.0000 -12.0000 13.8000
v 0.0000 0.0000 27.0400
v 4.9497 0.0000 25.5638
v 3.5000 2.8000 25.5638
v 0.0000 3.9598 25.5638
v -3.5000 2.8000 25.5638
v -4.9497 0.0000 25.5638
v -3.5000 -2.8000 25.5638
v -0.0000 -3.9598 25.5638
v 3.5000 -2.8000 25.5638
v 7.0000 0.0000 22.0000
v 4.9497 3.9598 22.0000
v 0.0000 5.6000 22.0000
v -4.9497 3.9598 22.0000
v -7.0000 0.0000 22.0000
v -4.9497 -3.9598 22.0000
v -0.0000 -5.6000 22.0000
v 4.9497 -3.9598 22.0000
v 4.9497 0.0000 18.4362
v 3.5000 2.8000 18.4362
v 0.0000 3.9598 18.4362
v -3.5000 2.8000 18.4362
v -4.9497 0.0000 18.4362
v -3.5000 -2.8000 18.4362
v -0.0000 -3.9598 18.4362
v 3.5000 -2.8000 18.4362
v 0.0000 0.0000 16.9600
v 0.0000 12.0000 22.2000
v 4.2426 12.0000 20.9698
v 3.0000 14.4000 20.9698
v 0.0000 15.3941 20.9698
v -3.0000 14.4000 20.9698
v -4.2426 12.0000 20.9698
v -3.0000 9.6000 20.9698
v -0.0000 8.6059 20.9698
v 3.0000 9.6000 20.9698
v 6.0000 12.0000 18.0000
v 4.2426 15.3941 18.0000
v 0.0000 16.8000 18.0000
v -4.2426 15.3941 18.0000
v -6.0000 12.0000 18.0000
v -4.2426 8.6059 18.0000
v -0.0000 7.2000 18.0000
v 4.2426 8.6059 18.0000
v 4.2426 12.0000 15.0302
v 3.0000 14.4000 15.0302
v 0.0000 15.3941 15.0302
v -3.0000 14.4000 15.0302
v -4.2426 12.0000 15.0302
v -3.0000 9.6000 15.0302
v -0.0000 8.6059 15.0302
v 3.0000 9.6000 15.0302
v 0.0000 12.0000 13.8000
v 0.0000 24.0000 17.9400
v 2.8284 24.0000 17.0789
v 2.0000 25.6000 17.0789
v 0.0000 26.2627 17.0789
v -2.0000 25.6000 17.0789
v -2.8284 24.0000 17.0789
v -2.0000 22.4000 17.0789
v -0.0000 21.7373 17.0789
v 2.0000 22.4000 17.0789
v 4.0000 24.0000 15.0000
v 2.8284 26.2627 15.0000
v 0.0000 27.2000 15.0000
v -2.8284 26.2627 15.0000
v -4.0000 24.0000 15.0000
v -2.8284 21.7373 15.0000
v -0.0000 20.8000 15.0000
v 2.8284 21.7373 15.0000
v 2.8284 24.0000 12.9211
v 2.0000 25.6000 12.9211
v 0.0000 26.2627 12.9211
v -2.0000 25.6000 12.9211
v -2.8284 24.0000 12.9211
v -2.0000 22.4000 12.9211
v -0.0000 21.7373 12.9211
v 2.0000 22.4000 12.9211
v 0.0000 24.0000 12.0600
v -42.0000 -20.0000 16.5200
v -39.8787 -20.0000 15.7819
v -40.5000 -18.8000 15.7819
v -42.0000 -18.3029 15.7819
v -43.5000 -18.8000 15.7819
v -44.1213 -20.0000 15.7819
v -43.5000 -21.2000 15.7819
v -42.0000 -21.6971 15.7819
v -40.5000 -21.2000 15.7819
v -39.0000 -20.0000 14.0000
v -39.8787 -18.3029 14.0000
v -42.0000 -17.6000 14.0000
v -44.1213 -18.3029 14.0000
v -45.0000 -20.0000 14.0000
v -44.1213 -21.6971 14.0000
v -42.0000 -22.4000 14.0000
v -39.8787 -21.6971 14.0000
v -39.8787 -20.0000 12.2181
v -40.5000 -18.8000 12.2181
v -42.0000 -18.3029 12.2181
v -43.5000 -18.8000 12.2181
v -44.1213 -20.0000 12.2181
v -43.5000 -21.2000 12.2181
v -42.0000 -21.6971 12.2181
v -40.5000 -21.2000 12.2181
v -42.0000 -20.0000 11.4800
v -42.0000 -20.0000 21.3600
v -38.8180 -20.0000 20.3759
v -39.7500 -18.2000 20.3759
v -42.0000 -17.4544 20.3759
v -44.2500 -18.2000 20.3759
v -45.1820 -20.0000 20.3759
v -44.2500 -21.8000 20.3759
v -42.0000 -22.5456 20.3759
v -39.7500 -21.8000 20.3759
v -37.5000 -20.0000 18.0000
v -38.8180 -17.4544 18.0000
v -42.0000 -16.4000 18.0000
v -45.1820 -17.4544 18.0000
v -46.5000 -20.0000 18.0000
v -45.1820 -22.5456 18.0000
v -42.0000 -23.6000 18.0000
v -38.8180 -22.5456 18.0000
v -38.8180 -20.0000 15.6241
v -39.7500 -18.2000 15.6241
v -42.0000 -17.4544 15.6241
v -44.2500 -18.2000 15.6241
v -45.1820 -20.0000 15.6241
v -44.2500 -21.8000 15.6241
v -42.0000 -22.5456 15.6241
v -39.7500 -21.8000 15.6241
v -42.0000 -20.0000 14.6400
v -42.0000 -20.0000 24.1000
v -40.2322 -20.0000 23.4849
v -40.7500 -19.0000 23.4849
v -42.0000 -18.5858 23.4849
v -43.2500 -19.0000 23.4849
v -43.7678 -20.0000 23.4849
v -43.2500 -21.0000 23.4849
v -42.0000 -21.4142 23.4849
v -40.7500 -21.0000 23.4849
v -39.5000 -20.0000 22.0000
v -40.2322 -18.5858 22.0000
v -42.0000 -18.0000 22.0000
v -43.7678 -18.5858 22.0000
v -44.5000 -20.0000 22.0000
v -43.7678 -21.4142 22.0000
v -42.0000 -22.0000 22.0000
v -40.2322 -21.4142 22.0000
v -40.2322 -20.0000 20.5151
v -40.7500 -19.0000 20.5151
v -42.0000 -18.5858 20.5151
v -43.2500 -19.0000 20.5151
v -43.7678 -20.0000 20.5151
v -43.2500 -21.0000 20.5151
v -42.0000 -21.4142 20.5151
v -40.7500 -21.0000 20.5151
v -42.0000 -20.0000 19.9000
v 42.0000 -20.0000 16.5200
v 44.1213 -20.0000 15.7819
v 43.5000 -18.8000 15.7819
v 42.0000 -18.3029 15.7819
v 40.5000 -18.8000 15.7819
v 39.8787 -20.0000 15.7819
v 40.5000 -21.2000 15.7819
v 42.0000 -21.6971 15.7819
v 43.5000 -21.2000 15.7819
v 45.0000 -20.0000 14.0000
v 44.1213 -18.3029 14.0000
v 42.0000 -17.6000 14.0000
v 39.8787 -18.3029 14.0000
v 39.0000 -20.0000 14.0000
v 39.8787 -21.6971 14.0000
v 42.0000 -22.4000 14.0000
v 44.1213 -21.6971 14.0000
v 44.1213 -20.0000 12.2181
v 43.5000 -18.8000 12.2181
v 42.0000 -18.3029 12.2181
v 40.5000 -18.8000 12.2181
v 39.8787 -20.0000 12.2181
v 40.5000 -21.2000 12.2181
v 42.0000 -21.6971 12.2181
v 43.5000 -21.2000 12.2181
v 42.0000 -20.0000 11.4800
v 42.0000 -20.0000 21.3600
v 45.1820 -20.0000 20.3759
v 44.2500 -18.2000 20.3759
v 42.0000 -17.4544 20.3759
v 39.7500 -18.2000 20.3759
v 38.8180 -20.0000 20.3759
v 39.7500 -21.8000 20.3759
v 42.0000 -22.5456 20.3759
v 44.2500 -21.8000 20.3759
v 46.5000 -20.0000 18.0000
v 45.1820 -17.4544 18.0000
v 42.0000 -16.4000 18.0000
v 38.8180 -17.4544 18.0000
v 37.5000 -20.0000 18.0000
v 38.8180 -22.5456 18.0000
v 42.0000 -23.6000 18.0000
v 45.1820 -22.5456 18.0000
v 45.1820 -20.0000 15.6241
v 44.2500 -18.2000 15.6241
v 42.0000 -17.4544 15.6241
v 39.7500 -18.2000 15.6241
v 38.8180 -20.0000 15.6241
v 39.7500 -21.8000 15.6241
v 42.0000 -22.5456 15.6241
v 44.2500 -21.8000 15.6241
v 42.0000 -20.0000 14.6400
v 42.0000 -20.0000 24.1000
v 43.7678 -20.0000 23.4849
v 43.2500 -19.0000 23.4849
v 42.0000 -18.5858 23.4849
v 40.7500 -19.0000 23.4849
v 40.2322 -20.0000 23.4849
v 40.7500 -21.0000 23.4849
v 42.0000 -21.4142 23.4849
v 43.2500 -21.0000 23.4849
v 44.5000 -20.0000 22.0000
v 43.7678 -18.5858 22.0000
v 42.0000 -18.0000 22.0000
v 40.2322 -18.5858 22.0000
v 39.5000 -20.0000 22.0000
v 40.2322 -21.4142 22.0000
v 42.0000 -22.0000 22.0000
v 43.7678 -21.4142 22.0000
v 43.7678 -20.0000 20.5151
v 43.2500 -19.0000 20.5151
v 42.0000 -18.5858 20.5151
v 40.7500 -19.0000 20.5151
v 40.2322 -20.0000 20.5151
v 40.7500 -21.0000 20.5151
v 42.0000 -21.4142 20.5151
v 43.2500 -21.0000 20.5151
v 42.0000 -20.0000 19.9000
v -48.0000 -2.0000 16.5200
v -45.8787 -2.0000 15.7819
v -46.5000 -0.8000 15.7819
v -48.0000 -0.3029 15.7819
v -49.5000 -0.8000 15.7819
v -50.1213 -2.0000 15.7819
v -49.5000 -3.2000 15.7819
v -48.0000 -3.6971 15.7819
v -46.5000 -3.2000 15.7819
v -45.0000 -2.0000 14.0000
v -45.8787 -0.3029 14.0000
v -48.0000 0.4000 14.0000
v -50.1213 -0.3029 14.0000
v -51.0000 -2.0000 14.0000
v -50.1213 -3.6971 14.0000
v -48.0000 -4.4000 14.0000
v -45.8787 -3.6971 14.0000
v -45.8787 -2.0000 12.2181
v -46.5000 -0.8000 12.2181
v -48.0000 -0.3029 12.2181
v -49.5000 -0.8000 12.2181
v -50.1213 -2.0000 12.2181
v -49.5000 -3.2000 12.2181
v -48.0000 -3.6971 12.2181
v -46.5000 -3.2000 12.2181
v -48.0000 -2.0000 11.4800
v -48.0000 -2.0000 21.3600
v -44.8180 -2.0000 20.3759
v -45.7500 -0.2000 20.3759
v -48.0000 0.5456 20.3759
v -50.2500 -0.2000 20.3759
v -51.1820 -2.0000 20.3759
v -50.2500 -3.8000 20.3759
v -48.0000 -4.5456 20.3759
v -45.7500 -3.8000 20.3759
v -43.5000 -2.0000 18.0000
v -44.8180 0.5456 18.0000
v -48.0000 1.6000 18.0000
v -51.1820 0.5456 18.0000
v -52.5000 -2.0000 18.0000
v -51.1820 -4.5456 18.0000
v -48.0000 -5.6000 18.0000
v -44.8180 -4.5456 18.0000
v -44.8180 -2.0000 15.6241
v -45.7500 -0.2000 15.6241
v -48.0000 0.5456 15.6241
v -50.2500 -0.2000 15.6241
v -51.1820 -2.0000 15.6241
v -50.2500 -3.8000 15.6241
v -48.0000 -4.5456 15.6241
v -45.7500 -3.8000 15.6241
v -48.0000 -2.0000 14.6400
v -48.0000 -2.0000 24.1000
v -46.2322 -2.0000 23.4849
v -46.7500 -1.0000 23.4849
v -48.0000 -0.5858 23.4849
v -49.2500 -1.0000 23.4849
v -49.7678 -2.0000 23.4849
v -49.2500 -3.0000 23.4849
v -48.0000 -3.4142 23.4849
v -46.7500 -3.0000 23.4849
v -45.5000 -2.0000 22.0000
v -46.2322 -0.5858 22.0000
v -48.0000 0.0000 22.0000
v -49.7678 -0.5858 22.0000
v -50.5000 -2.0000 22.0000
v -49.7678 -3.4142 22.0000
v -48.0000 -4.0000 22.0000
v -46.2322 -3.4142 22.0000
v -46.2322 -2.0000 20.5151
v -46.7500 -1.0000 20.5151
v -48.0000 -0.5858 20.5151
v -49.2500 -1.0000 20.5151
v -49.7678 -2.0000 20.5151
v -49.2500 -3.0000 20.5151
v -48.0000 -3.4142 20.5151
v -46.7500 -3.0000 20.5151
v -48.0000 -2.0000 19.9000
v 48.0000 -2.0000 16.5200
v 50.1213 -2.0000 15.7819
v 49.5000 -0.8000 15.7819
v 48.0000 -0.3029 15.7819
v 46.5000 -0.8000 15.7819
v 45.8787 -2.0000 15.7819
v 46.5000 -3.2000 15.7819
v 48.0000 -3.6971 15.7819
v 49.5000 -3.2000 15.7819
v 51.0000 -2.0000 14.0000
v 50.1213 -0.3029 14.0000
v 48.0000 0.4000 14.0000
v 45.8787 -0.3029 14.0000
v 45.0000 -2.0000 14.0000
v 45.8787 -3.6971 14.0000
v 48.0000 -4.4000 14.0000
v 50.1213 -3.6971 14.0000
v 50.1213 -2.0000 12.2181
v 49.5000 -0.8000 12.2181
v 48.0000 -0.3029 12.2181
v 46.5000 -0.8000 12.2181
v 45.8787 -2.0000 12.2181
v 46.5000 -3.2000 12.2181
v 48.0000 -3.6971 12.2181
v 49.5000 -3.2000 12.2181
v 48.0000 -2.0000 11.4800
v 48.0000 -2.0000 21.3600
v 51.1820 -2.0000 20.3759
v 50.2500 -0.2000 20.3759
v 48.0000 0.5456 20.3759
v 45.7500 -0.2000 20.3759
v 44.8180 -2.0000 20.3759
v 45.7500 -3.8000 20.3759
v 48.0000 -4.5456 20.3759
v 50.2500 -3.8000 20.3759
v 52.5000 -2.0000 18.0000
v 51.1820 0.5456 18.0000
v 48.0000 1.6000 18.0000
v 44.8180 0.5456 18.0000
v 43.5000 -2.0000 18.0000
v 44.8180 -4.5456 18.0000
v 48.0000 -5.6000 18.0000
v 51.1820 -4.5456 18.0000
v 51.1820 -2.0000 15.6241
v 50.2500 -0.2000 15.6241
v 48.0000 0.5456 15.6241
v 45.7500 -0.2000 15.6241
v 44.8180 -2.0000 15.6241
v 45.7500 -3.8000 15.6241
v 48.0000 -4.5456 15.6241
v 50.2500 -3.8000 15.6241
v 48.0000 -2.0000 14.6400
v 48.0000 -2.0000 24.1000
v 49.7678 -2.0000 23.4849
v 49.2500 -1.0000 23.4849
v 48.0000 -0.5858 23.4849
v 46.7500 -1.0000 23.4849
v 46.2322 -2.0000 23.4849
v 46.7500 -3.0000 23.4849
v 48.0000 -3.4142 23.4849
v 49.2500 -3.0000 23.4849
v 50.5000 -2.0000 22.0000
v 49.7678 -0.5858 22.0000
v 48.0000 0.0000 22.0000
v 46.2322 -0.5858 22.0000
v 45.5000 -2.0000 22.0000
v 46.2322 -3.4142 22.0000
v 48.0000 -4.0000 22.0000
v 49.7678 -3.4142 22.0000
v 49.7678 -2.0000 20.5151
v 49.2500 -1.0000 20.5151
v 48.0000 -0.5858 20.5151
v 46.7500 -1.0000 20.5151
v 46.2322 -2.0000 20.5151
v 46.7500 -3.0000 20.5151
v 48.0000 -3.4142 20.5151
v 49.2500 -3.0000 20.5151
v 48.0000 -2.0000 19.9000
v -42.0000 18.0000 16.5200
v -39.8787 18.0000 15.7819
v -40.5000 19.2000 15.7819
v -42.0000 19.6971 15.7819
v -43.5000 19.2000 15.7819
v -44.1213 18.0000 15.7819
v -43.5000 16.8000 15.7819
v -42.0000 16.3029 15.7819
v -40.5000 16.8000 15.7819
v -39.0000 18.0000 14.0000
v -39.8787 19.6971 14.0000
v -42.0000 20.4000 14.0000
v -44.1213 19.6971 14.0000
v -45.0000 18.0000 14.0000
v -44.1213 16.3029 14.0000
v -42.0000 15.6000 14.0000
v -39.8787 16.3029 14.0000
v -39.8787 18.0000 12.2181
v -40.5000 19.2000 12.2181
v -42.0000 19.6971 12.2181
v -43.5000 19.2000 12.2181
v -44.1213 18.0000 12.2181
v -43.5000 16.8000 12.2181
v -42.0000 16.3029 12.2181
v -40.5000 16.8000 12.2181
v -42.0000 18.0000 11.4800
v -42.0000 18.0000 21.3600
v -38.8180 18.0000 20.3759
v -39.7500 19.8000 20.3759
v -42.0000 20.5456 20.3759
v -44.2500 19.8000 20.3759
v -45.1820 18.0000 20.3759
v -44.2500 16.2000 20.3759
v -42.0000 15.4544 20.3759
v -39.7500 16.2000 20.3759
v -37.5000 18.0000 18.0000
v -38.8180 20.5456 18.0000
v -42.0000 21.6000 18.0000
v -45.1820 20.5456 18.0000
v -46.5000 18.0000 18.0000
v -45.1820 15.4544 18.0000
v -42.0000 14.4000 18.0000
v -38.8180 15.4544 18.0000
v -38.8180 18.0000 15.6241
v -39.7500 19.8000 15.6241
v -42.0000 20.5456 15.6241
v -44.2500 19.8000 15.6241
v -45.1820 18.0000 15.6241
v -44.2500 16.2000 15.6241
v -42.0000 15.4544 15.6241
v -39.7500 16.2000 15.6241
v -42.0000 18.0000 14.6400
v -42.0000 18.0000 24.1000
v -40.2322 18.0000 23.4849
v -40.7500 19.0000 23.4849
v -42.0000 19.4142 23.4849
v -43.2500 19.0000 23.4849
v -43.7678 18.0000 23.4849
v -43.2500 17.0000 23.4849
v -42.0000 16.5858 23.4849
v -40.7500 17.0000 23.4849
v -39.5000 18.0000 22.0000
v -40.2322 19.4142 22.0000
v -42.0000 20.0000 22.0000
v -43.7678 19.4142 22.0000
v -44.5000 18.0000 22.0000
v -43.7678 16.5858 22.0000
v -42.0000 16.0000 22.0000
v -40.2322 16.5858 22.0000
v -40.2322 18.0000 20.5151
v -40.7500 19.0000 20.5151
v -42.0000 19.4142 20.5151
v -43.2500 19.0000 20.5151
v -43.7678 18.0000 20.5151
v -43.2500 17.0000 20.5151
v -42.0000 16.5858 20.5151
v -40.7500 17.0000 20.5151
v -42.0000 18.0000 19.9000
v 42.0000 18.0000 16.5200
v 44.1213 18.0000 15.7819
v 43.5000 19.2000 15.7819
v 42.0000 19.6971 15.7819
v 40.5000 19.2000 15.7819
v 39.8787 18.0000 15.7819
v 40.5000 16.8000 15.7819
v 42.0000 16.3029 15.7819
v 43.5000 16.8000 15.7819
v 45.0000 18.0000 14.0000
v 44.1213 19.6971 14.0000
v 42.0000 20.4000 14.0000
v 39.8787 19.6971 14.0000
v 39.0000 18.0000 14.0000
v 39.8787 16.3029 14.0000
v 42.0000 15.6000 14.0000
v 44.1213 16.3029 14.0000
v 44.1213 18.0000 12.2181
v 43.5000 19.2000 12.2181
v 42.0000 19.6971 12.2181
v 40.5000 19.2000 12.2181
v 39.8787 18.0000 12.2181
v 40.5000 16.8000 12.2181
v 42.0000 16.3029 12.2181
v 43.5000 16.8000 12.2181
v 42.0000 18.0000 11.4800
v 42.0000 18.0000 21.3600
v 45.1820 18.0000 20.3759
v 44.2500 19.8000 20.3759
v 42.0000 20.5456 20.3759
v 39.7500 19.8000 20.3759
v 38.8180 18.0000 20.3759
v 39.7500 16.2000 20.3759
v 42.0000 15.4544 20.3759
v 44.2500 16.2000 20.3759
v 46.5000 18.0000 18.0000
v 45.1820 20.5456 18.0000
v 42.0000 21.6000 18.0000
v 38.8180 20.5456 18.0000
v 37.5000 18.0000 18.0000
v 38.8180 15.4544 18.0000
v 42.0000 14.4000 18.0000
v 45.1820 15.4544 18.0000
v 45.1820 18.0000 15.6241
v 44.2500 19.8000 15.6241
v 42.0000 20.5456 15.6241
v 39.7500 19.8000 15.6241
v 38.8180 18.0000 15.6241
v 39.7500 16.2000 15.6241
v 42.0000 15.4544 15.6241
v 44.2500 16.2000 15.6241
v 42.0000 18.0000 14.6400
v 42.0000 18.0000 24.1000
v 43.7678 18.0000 23.4849
v 43.2500 19.0000 23.4849
v 42.0000 19.4142 23.4849
v 40.7500 19.0000 23.4849
v 40.2322 18.0000 23.4849
v 40.7500 17.0000 23.4849
v 42.0000 16.5858 23.4849
v 43.2500 17.0000 23.4849
v 44.5000 18.0000 22.0000
v 43.7678 19.4142 22.0000
v 42.0000 20.0000 22.0000
v 40.2322 19.4142 22.0000
v 39.5000 18.0000 22.0000
v 40.2322 16.5858 22.0000
v 42.0000 16.0000 22.0000
v 43.7678 16.5858 22.0000
v 43.7678 18.0000 20.5151
v 43.2500 19.0000 20.5151
v 42.0000 19.4142 20.5151
v 40.7500 19.0000 20.5151
v 40.2322 18.0000 20.5151
v 40.7500 17.0000 20.5151
v 42.0000 16.5858 20.5151
v 43.2500 17.0000 20.5151
v 42.0000 18.0000 19.9000
v -26.0000 30.0000 16.5200
v -23.8787 30.0000 15.7819
v -24.5000 31.2000 15.7819
v -26.0000 31.6971 15.7819
v -27.5000 31.2000 15.7819
v -28.1213 30.0000 15.7819
v -27.5000 28.8000 15.7819
v -26.0000 28.3029 15.7819
v -24.5000 28.8000 15.7819
v -23.0000 30.0000 14.0000
v -23.8787 31.6971 14.0000
v -26.0000 32.4000 14.0000
v -28.1213 31.6971 14.0000
v -29.0000 30.0000 14.0000
v -28.1213 28.3029 14.0000
v -26.0000 27.6000 14.0000
v -23.8787 28.3029 14.0000
v -23.8787 30.0000 12.2181
v -24.5000 31.2000 12.2181
v -26.0000 31.6971 12.2181
v -27.5000 31.2000 12.2181
v -28.1213 30.0000 12.2181
v -27.5000 28.8000 12.2181
v -26.0000 28.3029 12.2181
v -24.5000 28.8000 12.2181
v -26.0000 30.0000 11.4800
v -26.0000 30.0000 21.3600
v -22.8180 30.0000 20.3759
v -23.7500 31.8000 20.3759
v -26.0000 32.5456 20.3759
v -28.2500 31.8000 20.3759
v -29.1820 30.0000 20.3759
v -28.2500 28.2000 20.3759
v -26.0000 27.4544 20.3759
v -23.7500 28.2000 20.3759
v -21.5000 30.0000 18.0000
v -22.8180 32.5456 18.0000
v -26.0000 33.6000 18.0000
v -29.1820 32.5456 18.0000
v -30.5000 30.0000 18.0000
v -29.1820 27.4544 18.0000
v -26.0000 26.4000 18.0000
v -22.8180 27.4544 18.0000
v -22.8180 30.0000 15.6241
v -23.7500 31.8000 15.6241
v -26.0000 32.5456 15.6241
v -28.2500 31.8000 15.6241
v -29.1820 30.0000 15.6241
v -28.2500 28.2000 15.6241
v -26.0000 27.4544 15.6241
v -23.7500 28.2000 15.6241
v -26.0000 30.0000 14.6400
v -26.0000 30.0000 24.1000
v -24.2322 30.0000 23.4849
v -24.7500 31.0000 23.4849
v -26.0000 31.4142 23.4849
v -27.2500 31.0000 23.4849
v -27.7678 30.0000 23.4849
v -27.2500 29.0000 23.4849
v -26.0000 28.5858 23.4849
v -24.7500 29.0000 23.4849
v -23.5000 30.0000 22.0000
v -24.2322 31.4142 22.0000
v -26.0000 32.0000 22.0000
v -27.7678 31.4142 22.0000
v -28.5000 30.0000 22.0000
v -27.7678 28.5858 22.0000
v -26.0000 28.0000 22.0000
v -24.2322 28.5858 22.0000
v -24.2322 30.0000 20.5151
v -24.7500 31.0000 20.5151
v -26.0000 31.4142 20.5151
v -27.2500 31.0000 20.5151
v -27.7678 30.0000 20.5151
v -27.2500 29.0000 20.5151
v -26.0000 28.5858 20.5151
v -24.7500 29.0000 20.5151
v -26.0000 30.0000 19.9000
v 26.0000 30.0000 16.5200
v 28.1213 30.0000 15.7819
v 27.5000 31.2000 15.7819
v 26.0000 31.6971 15.7819
v 24.5000 31.2000 15.7819
v 23.8787 30.0000 15.7819
v 24.5000 28.8000 15.7819
v 26.0000 28.3029 15.7819
v 27.5000 28.8000 15.7819
v 29.0000 30.0000 14.0000
v 28.1213 31.6971 14.0000
v 26.0000 32.4000 14.0000
v 23.8787 31.6971 14.0000
v 23.0000 30.0000 14.0000
v 23.8787 28.3029 14.0000
v 26.0000 27.6000 14.0000
v 28.1213 28.3029 14.0000
v 28.1213 30.0000 12.2181
v 27.5000 31.2000 12.2181
v 26.0000 31.6971 12.2181
v 24.5000 31.2000 12.2181
v 23.8787 30.0000 12.2181
v 24.5000 28.8000 12.2181
v 26.0000 28.3029 12.2181
v 27.5000 28.8000 12.2181
v 26.0000 30.0000 11.4800
v 26.0000 30.0000 21.3600
v 29.1820 30.0000 20.3759
v 28.2500 31.8000 20.3759
v 26.0000 32.5456 20.3759
v 23.7500 31.8000 20.3759
v 22.8180 30.0000 20.3759
v 23.7500 28.2000 20.3759
v 26.0000 27.4544 20.3759
v 28.2500 28.2000 20.3759
v 30.5000 30.0000 18.0000
v 29.1820 32.5456 18.0000
v 26.0000 33.6000 18.0000
v 22.8180 32.5456 18.0000
v 21.5000 30.0000 18.0000
v 22.8180 27.4544 18.0000
v 26.0000 26.4000 18.0000
v 29.1820 27.4544 18.0000
v 29.1820 30.0000 15.6241
v 28.2500 31.8000 15.6241
v 26.0000 32.5456 15.6241
v 23.7500 31.8000 15.6241
v 22.8180 30.0000 15.6241
v 23.7500 28.2000 15.6241
v 26.0000 27.4544 15.6241
v 28.2500 28.2000 15.6241
v 26.0000 30.0000 14.6400
v 26.0000 30.0000 24.1000
v 27.7678 30.0000 23.4849
v 27.2500 31.0000 23.4849
v 26.0000 31.4142 23.4849
v 24.7500 31.0000 23.4849
v 24.2322 30.0000 23.4849
v 24.7500 29.0000 23.4849
v 26.0000 28.5858 23.4849
v 27.2500 29.0000 23.4849
v 28.5000 30.0000 22.0000
v 27.7678 31.4142 22.0000
v 26.0000 32.0000 22.0000
v 24.2322 31.4142 22.0000
v 23.5000 30.0000 22.0000
v 24.2322 28.5858 22.0000
v 26.0000 28.0000 22.0000
v 27.7678 28.5858 22.0000
v 27.7678 30.0000 20.5151
v 27.2500 31.0000 20.5151
v 26.0000 31.4142 20.5151
v 24.7500 31.0000 20.5151
v 24.2322 30.0000 20.5151
v 24.7500 29.0000 20.5151
v 26.0000 28.5858 20.5151
v 27.2500 29.0000 20.5151
v 26.0000 30.0000 19.9000
f 1 2 3
f 1 3 4
f 1 4 5
f 1 5 6
f 1 6 7
f 1 7 8
f 1 8 9
f 1 9 2
f 2 10 11 3
f 3 11 12 4
f 4 12 13 5
f 5 13 14 6
f 6 14 15 7
f 7 15 16 8
f 8 16 17 9
f 9 17 10 2
f 10 18 19 11
f 11 19 20 12
f 12 20 21 13
f 13 21 22 14
f 14 22 23 15
f 15 23 24 16
f 16 24 25 17
f 17 25 18 10
f 18 26 19
f 19 26 20
f 20 26 21
f 21 26 22
f 22 26 23
f 23 26 24
f 24 26 25
f 25 26 18
f 27 28 29
f 27 29 30
f 27 30 31
f 27 31 32
f 27 32 33
f 27 33 34
f 27 34 35
f 27 35 28
f 28 36 37 29
f 29 37 38 30
f 30 38 39 31
f 31 39 40 32
f 32 40 41 33
f 33 41 42 34
f 34 42 43 35
f 35 43 36 28
f 36 44 45 37
f 37 45 46 38
f 38 46 47 39
f 39 47 48 40
f 40 48 49 41
f 41 49 50 42
f 42 50 51 43
f 43 51 44 36
f 44 52 45
f 45 52 46
f 46 52 47
f 47 52 48
f 48 52 49
f 49 52 50
f 50 52 51
f 51 52 44
f 53 54 55
f 53 55 56
f 53 56 57
f 53 57 58
f 53 58 59
f 53 59 60
f 53 60 61
f 53 61 54
f 54 62 63 55
f 55 63 64 56
f 56 64 65 57
f 57 65 66 58
f 58 66 67 59
f 59 67 68 60
f 60 68 69 61
f 61 69 62 54
f 62 70 71 63
f 63 71 72 64
f 64 72 73 65
f 65 73 74 66
f 66 74 75 67
f 67 75 76 68
f 68 76 77 69
f 69 77 70 62
f 70 78 71
f 71 78 72
f 72 78 73
f 73 78 74
f 74 78 75
f 75 78 76
f 76 78 77
f 77 78 70
f 79 80 81
f 79 81 82
f 79 82 83
f 79 83 84
f 79 84 85
f 79 85 86
f 79 86 87
f 79 87 80
f 80 88 89 81
f 81 89 90 82
f 82 90 91 83
f 83 91 92 84
f 84 92 93 85
f 85 93 94 86
f 86 94 95 87
f 87 95 88 80
f 88 96 97 89
f 89 97 98 90
f 90 98 99 91
f 91 99 100 92
f 92 100 101 93
f 93 101 102 94
f 94 102 103 95
f 95 103 96 88
f 96 104 97
f 97 104 98
f 98 104 99
f 99 104 100
f 100 104 101
f 101 104 102
f 102 104 103
f 103 104 96
f 105 106 107
f 105 107 108
f 105 108 109
f 105 109 110
f 105 110 111
f 105 111 112
f 105 112 113
f 105 113 106
f 106 114 115 107
f 107 115 116 108
f 108 116 117 109
f 109 117 118 110
f 110 118 119 111
f 111 119 120 112
f 112 120 121 113
f 113 121 114 106
f 114 122 123 115
f 115 123 124 116
f 116 124 125 117
f 117 125 126 118
f 118 126 127 119
f 119 127 128 120
f 120 128 129 121
f 121 129 122 114
f 122 130 123
f 123 130 124
f 124 130 125
f 125 130 126
f 126 130 127
f 127 130 128
f 128 130 129
f 129 130 122
f 131 132 133
f 131 133 134
f 131 134 135
f 131 135 136
f 131 136 137
f 131 137 138
f 131 138 139
f 131 139 132
f 132 140 141 133
f 133 141 142 134
f 134 142 143 135
f 135 143 144 136
f 136 144 145 137
f 137 145 146 138
f 138 146 147 139
f 139 147 140 132
f 140 148 149 141
f 141 149 150 142
f 142 150 151 143
f 143 151 152 144
f 144 152 153 145
f 145 153 154 146
f 146 154 155 147
f 147 155 148 140
f 148 156 149
f 149 156 150
f 150 156 151
f 151 156 152
f 152 156 153
f 153 156 154
f 154 156 155
f 155 156 148
f 157 158 159
f 157 159 160
f 157 160 161
f 157 161 162
f 157 162 163
f 157 163 164
f 157 164 165
f 157 165 158
f 158 166 167 159
f 159 167 168 160
f 160 168 169 161
f 161 169 170 162
f 162 170 171 163
f 163 171 172 164
f 164 172 173 165
f 165 173 166 158
f 166 174 175 167
f 167 175 176 168
f 168 176 177 169
f 169 177 178 170
f 170 178 179 171
f 171 179 180 172
f 172 180 181 173
f 173 181 174 166
f 174 182 175
f 175 182 176
f 176 182 177
f 177 182 178
f 178 182 179
f 179 182 180
f 180 182 181
f 181 182 174
f 183 184 185
f 183 185 186
f 183 186 187
f 183 187 188
f 183 188 189
f 183 189 190
f 183 190 191
f 183 191 184
f 184 192 193 185
f 185 193 194 186
f 186 194 195 187
f 187 195 196 188
f 188 196 197 189
f 189 197 198 190
f 190 198 199 191
f 191 199 192 184
f 192 200 201 193
f 193 201 202 194
f 194 202 203 195
f 195 203 204 196
f 196 204 205 197
f 197 205 206 198
f 198 206 207 199
f 199 207 200 192
f 200 208 201
f 201 208 202
f 202 208 203
f 203 208 204
f 204 208 205
f 205 208 206
f 206 208 207
f 207 208 200
f 209 210 211
f 209 211 212
f 209 212 213
f 209 213 214
f 209 214 215
f 209 215 216
f 209 216 217
f 209 217 210
f 210 218 219 211
f 211 219 220 212
f 212 220 221 213
f 213 221 222 214
f 214 222 223 215
f 215 223 224 216
f 216 224 225 217
f 217 225 218 210
f 218 226 227 219
f 219 227 228 220
f 220 228 229 221
f 221 229 230 222
f 222 230 231 223
f 223 231 232 224
f 224 232 233 225
f 225 233 226 218
f 226 234 227
f 227 234 228
f 228 234 229
f 229 234 230
f 230 234 231
f 231 234 232
f 232 234 233
f 233 234 226
f 235 236 237
f 235 237 238
f 235 238 239
f 235 239 240
f 235 240 241
f 235 241 242
f 235 242 243
f 235 243 236
f 236 244 245 237
f 237 245 246 238
f 238 246 247 239
f 239 247 248 240
f 240 248 249 241
f 241 249 250 242
f 242 250 251 243
f 243 251 244 236
f 244 252 253 245
f 245 253 254 246
f 246 254 255 247
f 247 255 256 248
f 248 256 257 249
f 249 257 258 250
f 250 258 259 251
f 251 259 252 244
f 252 260 253
f 253 260 254
f 254 260 255
f 255 260 256
f 256 260 257
f 257 260 258
f 258 260 259
f 259 260 252
f 261 262 263
f 261 263 264
f 261 264 265
f 261 265 266
f 261 266 267
f 261 267 268
f 261 268 269
f 261 269 262
f 262 270 271 263
f 263 271 272 264
f 264 272 273 265
f 265 273 274 266
f 266 274 275 267
f 267 275 276 268
f 268 276 277 269
f 269 277 270 262
f 270 278 279 271
f 271 279 280 272
f 272 280 281 273
f 273 281 282 274
f 274 282 283 275
f 275 283 284 276
f 276 284 285 277
f 277 285 278 270
f 278 286 279
f 279 286 280
f 280 286 281
f 281 286 282
f 282 286 283
f 283 286 284
f 284 286 285
f 285 286 278
f 287 288 289
f 287 289 290
f 287 290 291
f 287 291 292
f 287 292 293
f 287 293 294
f 287 294 295
f 287 295 288
f 288 296 297 289
f 289 297 298 290
f 290 298 299 291
f 291 299 300 292
f 292 300 301 293
f 293 301 302 294
f 294 302 303 295
f 295 303 296 288
f 296 304 305 297
f 297 305 306 298
f 298 306 307 299
f 299 307 308 300
f 300 308 309 301
f 301 309 310 302
f 302 310 311 303
f 303 311 304 296
f 304 312 305
f 305 312 306
f 306 312 307
f 307 312 308
f 308 312 309
f 309 312 310
f 310 312 311
f 311 312 304
f 313 314 315
f 313 315 316
f 313 316 317
f 313 317 318
f 313 318 319
f 313 319 320
f 313 320 321
f 313 321 314
f 314 322 323 315
f 315 323 324 316
f 316 324 325 317
f 317 325 326 318
f 318 326 327 319
f 319 327 328 320
f 320 328 329 321
f 321 329 322 314
f 322 330 331 323
f 323 331 332 324
f 324 332 333 325
f 325 333 334 326
f 326 334 335 327
f 327 335 336 328
f 328 336 337 329
f 329 337 330 322
f 330 338 331
f 331 338 332
f 332 338 333
f 333 338 334
f 334 338 335
f 335 338 336
f 336 338 337
f 337 338 330
f 339 340 341
f 339 341 342
f 339 342 343
f 339 343 344
f 339 344 345
f 339 345 346
f 339 346 347
f 339 347 340
f 340 348 349 341
f 341 349 350 342
f 342 350 351 343
f 343 351 352 344
f 344 352 353 345
f 345 353 354 346
f 346 354 355 347
f 347 355 348 340
f 348 356 357 349
f 349 357 358 350
f 350 358 359 351
f 351 359 360 352
f 352 360 361 353
f 353 361 362 354
f 354 362 363 355
f 355 363 356 348
f 356 364 357
f 357 364 358
f 358 364 359
f 359 364 360
f 360 364 361
f 361 364 362
f 362 364 363
f 363 364 356
f 365 366 367
f 365 367 368
f 365 368 369
f 365 369 370
f 365 370 371
f 365 371 372
f 365 372 373
f 365 373 366
f 366 374 375 367
f 367 375 376 368
f 368 376 377 369
f 369 377 378 370
f 370 378 379 371
f 371 379 380 372
f 372 380 381 373
f 373 381 374 366
f 374 382 383 375
f 375 383 384 376
f 376 384 385 377
f 377 385 386 378
f 378 386 387 379
f 379 387 388 380
f 380 388 389 381
f 381 389 382 374
f 382 390 383
f 383 390 384
f 384 390 385
f 385 390 386
f 386 390 387
f 387 390 388
f 388 390 389
f 389 390 382
f 391 392 393
f 391 393 394
f 391 394 395
f 391 395 396
f 391 396 397
f 391 397 398
f 391 398 399
f 391 399 392
f 392 400 401 393
f 393 401 402 394
f 394 402 403 395
f 395 403 404 396
f 396 404 405 397
f 397 405 406 398
f 398 406 407 399
f 399 407 400 392
f 400 408 409 401
f 401 409 410 402
f 402 410 411 403
f 403 411 412 404
f 404 412 413 405
f 405 413 414 406
f 406 414 415 407
f 407 415 408 400
f 408 416 409
f 409 416 410
f 410 416 411
f 411 416 412
f 412 416 413
f 413 416 414
f 414 416 415
f 415 416 408
f 417 418 419
f 417 419 420
f 417 420 421
f 417 421 422
f 417 422 423
f 417 423 424
f 417 424 425
f 417 425 418
f 418 426 427 419
f 419 427 428 420
f 420 428 429 421
f 421 429 430 422
f 422 430 431 423
f 423 431 432 424
f 424 432 433 425
f 425 433 426 418
f 426 434 435 427
f 427 435 436 428
f 428 436 437 429
f 429 437 438 430
f 430 438 439 431
f 431 439 440 432
f 432 440 441 433
f 433 441 434 426
f 434 442 435
f 435 442 436
f 436 442 437
f 437 442 438
f 438 442 439
f 439 442 440
f 440 442 441
f 441 442 434
f 443 444 445
f 443 445 446
f 443 446 447
f 443 447 448
f 443 448 449
f 443 449 450
f 443 450 451
f 443 451 444
f 444 452 453 445
f 445 453 454 446
f 446 454 455 447
f 447 455 456 448
f 448 456 457 449
f 449 457 458 450
f 450 458 459 451
f 451 459 452 444
f 452 460 461 453
f 453 461 462 454
f 454 462 463 455
f 455 463 464 456
f 456 464 465 457
f 457 465 466 458
f 458 466 467 459
f 459 467 460 452
f 460 468 461
f 461 468 462
f 462 468 463
f 463 468 464
f 464 468 465
f 465 468 466
f 466 468 467
f 467 468 460
f 469 470 471
f 469 471 472
f 469 472 473
f 469 473 474
f 469 474 475
f 469 475 476
f 469 476 477
f 469 477 470
f 470 478 479 471
f 471 479 480 472
f 472 480 481 473
f 473 481 482 474
f 474 482 483 475
f 475 483 484 476
f 476 484 485 477
f 477 485 478 470
f 478 486 487 479
f 479 487 488 480
f 480 488 489 481
f 481 489 490 482
f 482 490 491 483
f 483 491 492 484
f 484 492 493 485
f 485 493 486 478
f 486 494 487
f 487 494 488
f 488 494 489
f 489 494 490
f 490 494 491
f 491 494 492
f 492 494 493
f 493 494 486
f 495 496 497
f 495 497 498
f 495 498 499
f 495 499 500
f 495 500 501
f 495 501 502
f 495 502 503
f 495 503 496
f 496 504 505 497
f 497 505 506 498
f 498 506 507 499
f 499 507 508 500
f 500 508 509 501
f 501 509 510 502
f 502 510 511 503
f 503 511 504 496
f 504 512 513 505
f 505 513 514 506
f 506 514 515 507
f 507 515 516 508
f 508 516 517 509
f 509 517 518 510
f 510 518 519 511
f 511 519 512 504
f 512 520 513
f 513 520 514
f 514 520 515
f 515 520 516
f 516 520 517
f 517 520 518
f 518 520 519
f 519 520 512
f 521 522 523
f 521 523 524
f 521 524 525
f 521 525 526
f 521 526 527
f 521 527 528
f 521 528 529
f 521 529 522
f 522 530 531 523
f 523 531 532 524
f 524 532 533 525
f 525 533 534 526
f 526 534 535 527
f 527 535 536 528
f 528 536 537 529
f 529 537 530 522
f 530 538 539 531
f 531 539 540 532
f 532 540 541 533
f 533 541 542 534
f 534 542 543 535
f 535 543 544 536
f 536 544 545 537
f 537 545 538 530
f 538 546 539
f 539 546 540
f 540 546 541
f 541 546 542
f 542 546 543
f 543 546 544
f 544 546 545
f 545 546 538
f 547 548 549
f 547 549 550
f 547 550 551
f 547 551 552
f 547 552 553
f 547 553 554
f 547 554 555
f 547 555 548
f 548 556 557 549
f 549 557 558 550
f 550 558 559 551
f 551 559 560 552
f 552 560 561 553
f 553 561 562 554
f 554 562 563 555
f 555 563 556 548
f 556 564 565 557
f 557 565 566 558
f 558 566 567 559
f 559 567 568 560
f 560 568 569 561
f 561 569 570 562
f 562 570 571 563
f 563 571 564 556
f 564 572 565
f 565 572 566
f 566 572 567
f 567 572 568
f 568 572 569
f 569 572 570
f 570 572 571
f 571 572 564
f 573 574 575
f 573 575 576
f 573 576 577
f 573 577 578
f 573 578 579
f 573 579 580
f 573 580 581
f 573 581 574
f 574 582 583 575
f 575 583 584 576
f 576 584 585 577
f 577 585 586 578
f 578 586 587 579
f 579 587 588 580
f 580 588 589 581
f 581 589 582 574
f 582 590 591 583
f 583 591 592 584
f 584 592 593 585
f 585 593 594 586
f 586 594 595 587
f 587 595 596 588
f 588 596 597 589
f 589 597 590 582
f 590 598 591
f 591 598 592
f 592 598 593
f 593 598 594
f 594 598 595
f 595 598 596
f 596 598 597
f 597 598 590
f 599 600 601
f 599 601 602
f 599 602 603
f 599 603 604
f 599 604 605
f 599 605 606
f 599 606 607
f 599 607 600
f 600 608 609 601
f 601 609 610 602
f 602 610 611 603
f 603 611 612 604
f 604 612 613 605
f 605 613 614 606
f 606 614 615 607
f 607 615 608 600
f 608 616 617 609
f 609 617 618 610
f 610 618 619 611
f 611 619 620 612
f 612 620 621 613
f 613 621 622 614
f 614 622 623 615
f 615 623 616 608
f 616 624 617
f 617 624 618
f 618 624 619
f 619 624 620
f 620 624 621
f 621 624 622
f 622 624 623
f 623 624 616
f 625 626 627
f 625 627 628
f 625 628 629
f 625 629 630
f 625 630 631
f 625 631 632
f 625 632 633
f 625 633 626
f 626 634 635 627
f 627 635 636 628
f 628 636 637 629
f 629 637 638 630
f 630 638 639 631
f 631 639 640 632
f 632 640 641 633
f 633 641 634 626
f 634 642 643 635
f 635 643 644 636
f 636 644 645 637
f 637 645 646 638
f 638 646 647 639
f 639 647 648 640
f 640 648 649 641
f 641 649 642 634
f 642 650 643
f 643 650 644
f 644 650 645
f 645 650 646
f 646 650 647
f 647 650 648
f 648 650 649
f 649 650 642
f 651 652 653
f 651 653 654
f 651 654 655
f 651 655 656
f 651 656 657
f 651 657 658
f 651 658 659
f 651 659 652
f 652 660 661 653
f 653 661 662 654
f 654 662 663 655
f 655 663 664 656
f 656 664 665 657
f 657 665 666 658
f 658 666 667 659
f 659 667 660 652
f 660 668 669 661
f 661 669 670 662
f 662 670 671 663
f 663 671 672 664
f 664 672 673 665
f 665 673 674 666
f 666 674 675 667
f 667 675 668 660
f 668 676 669
f 669 676 670
f 670 676 671
f 671 676 672
f 672 676 673
f 673 676 674
f 674 676 675
f 675 676 668
f 677 678 679
f 677 679 680
f 677 680 681
f 677 681 682
f 677 682 683
f 677 683 684
f 677 684 685
f 677 685 678
f 678 686 687 679
f 679 687 688 680
f 680 688 689 681
f 681 689 690 682
f 682 690 691 683
f 683 691 692 684
f 684 692 693 685
f 685 693 686 678
f 686 694 695 687
f 687 695 696 688
f 688 696 697 689
f 689 697 698 690
f 690 698 699 691
f 691 699 700 692
f 692 700 701 693
f 693 701 694 686
f 694 702 695
f 695 702 696
f 696 702 697
f 697 702 698
f 698 702 699
f 699 702 700
f 700 702 701
f 701 702 694
f 703 704 705
f 703 705 706
f 703 706 707
f 703 707 708
f 703 708 709
f 703 709 710
f 703 710 711
f 703 711 704
f 704 712 713 705
f 705 713 714 706
f 706 714 715 707
f 707 715 716 708
f 708 716 717 709
f 709 717 718 710
f 710 718 719 711
f 711 719 712 704
f 712 720 721 713
f 713 721 722 714
f 714 722 723 715
f 715 723 724 716
f 716 724 725 717
f 717 725 726 718
f 718 726 727 719
f 719 727 720 712
f 720 728 721
f 721 728 722
f 722 728 723
f 723 728 724
f 724 728 725
f 725 728 726
f 726 728 727
f 727 728 720
f 729 730 731
f 729 731 732
f 729 732 733
f 729 733 734
f 729 734 735
f 729 735 736
f 729 736 737
f 729 737 730
f 730 738 739 731
f 731 739 740 732
f 732 740 741 733
f 733 741 742 734
f 734 742 743 735
f 735 743 744 736
f 736 744 745 737
f 737 745 738 730
f 738 746 747 739
f 739 747 748 740
f 740 748 749 741
f 741 749 750 742
f 742 750 751 743
f 743 751 752 744
f 744 752 753 745
f 745 753 746 738
f 746 754 747
f 747 754 748
f 748 754 749
f 749 754 750
f 750 754 751
f 751 754 752
f 752 754 753
f 753 754 746
f 755 756 757
f 755 757 758
f 755 758 759
f 755 759 760
f 755 760 761
f 755 761 762
f 755 762 763
f 755 763 756
f 756 764 765 757
f 757 765 766 758
f 758 766 767 759
f 759 767 768 760
f 760 768 769 761
f 761 769 770 762
f 762 770 771 763
f 763 771 764 756
f 764 772 773 765
f 765 773 774 766
f 766 774 775 767
f 767 775 776 768
f 768 776 777 769
f 769 777 778 770
f 770 778 779 771
f 771 779 772 764
f 772 780 773
f 773 780 774
f 774 780 775
f 775 780 776
f 776 780 777
f 777 780 778
f 778 780 779
f 779 780 772
f 781 782 783
f 781 783 784
f 781 784 785
f 781 785 786
f 781 786 787
f 781 787 788
f 781 788 789
f 781 789 782
f 782 790 791 783
f 783 791 792 784
f 784 792 793 785
f 785 793 794 786
f 786 794 795 787
f 787 795 796 788
f 788 796 797 789
f 789 797 790 782
f 790 798 799 791
f 791 799 800 792
f 792 800 801 793
f 793 801 802 794
f 794 802 803 795
f 795 803 804 796
f 796 804 805 797
f 797 805 798 790
f 798 806 799
f 799 806 800
f 800 806 801
f 801 806 802
f 802 806 803
f 803 806 804
f 804 806 805
f 805 806 798
f 807 808 809
f 807 809 810
f 807 810 811
f 807 811 812
f 807 812 813
f 807 813 814
f 807 814 815
f 807 815 808
f 808 816 817 809
f 809 817 818 810
f 810 818 819 811
f 811 819 820 812
f 812 820 821 813
f 813 821 822 814
f 814 822 823 815
f 815 823 816 808
f 816 824 825 817
f 817 825 826 818
f 818 826 827 819
f 819 827 828 820
f 820 828 829 821
f 821 829 830 822
f 822 830 831 823
f 823 831 824 816
f 824 832 825
f 825 832 826
f 826 832 827
f 827 832 828
f 828 832 829
f 829 832 830
f 830 832 831
f 831 832 824
f 833 834 835
f 833 835 836
f 833 836 837
f 833 837 838
f 833 838 839
f 833 839 840
f 833 840 841
f 833 841 834
f 834 842 843 835
f 835 843 844 836
f 836 844 845 837
f 837 845 846 838
f 838 846 847 839
f 839 847 848 840
f 840 848 849 841
f 841 849 842 834
f 842 850 851 843
f 843 851 852 844
f 844 852 853 845
f 845 853 854 846
f 846 854 855 847
f 847 855 856 848
f 848 856 857 849
f 849 857 850 842
f 850 858 851
f 851 858 852
f 852 858 853
f 853 858 854
f 854 858 855
f 855 858 856
f 856 858 857
f 857 858 850
f 859 860 861
f 859 861 862
f 859 862 863
f 859 863 864
f 859 864 865
f 859 865 866
f 859 866 867
f 859 867 860
f 860 868 869 861
f 861 869 870 862
f 862 870 871 863
f 863 871 872 864
f 864 872 873 865
f 865 873 874 866
f 866 874 875 867
f 867 875 868 860
f 868 876 877 869
f 869 877 878 870
f 870 878 879 871
f 871 879 880 872
f 872 880 881 873
f 873 881 882 874
f 874 882 883 875
f 875 883 876 868
f 876 884 877
f 877 884 878
f 878 884 879
f 879 884 880
f 880 884 881
f 881 884 882
f 882 884 883
f 883 884 876
f 885 886 887
f 885 887 888
f 885 888 889
f 885 889 890
f 885 890 891
f 885 891 892
f 885 892 893
f 885 893 886
f 886 894 895 887
f 887 895 896 888
f 888 896 897 889
f 889 897 898 890
f 890 898 899 891
f 891 899 900 892
f 892 900 901 893
f 893 901 894 886
f 894 902 903 895
f 895 903 904 896
f 896 904 905 897
f 897 905 906 898
f 898 906 907 899
f 899 907 908 900
f 900 908 909 901
f 901 909 902 894
f 902 910 903
f 903 910 904
f 904 910 905
f 905 910 906
f 906 910 907
f 907 910 908
f 908 910 909
f 909 910 902
f 911 912 913
f 911 913 914
f 911 914 915
f 911 915 916
f 911 916 917
f 911 917 918
f 911 918 919
f 911 919 912
f 912 920 921 913
f 913 921 922 914
f 914 922 923 915
f 915 923 924 916
f 916 924 925 917
f 917 925 926 918
f 918 926 927 919
f 919 927 920 912
f 920 928 929 921
f 921 929 930 922
f 922 930 931 923
f 923 931 932 924
f 924 932 933 925
f 925 933 934 926
f 926 934 935 927
f 927 935 928 920
f 928 936 929
f 929 936 930
f 930 936 931
f 931 936 932
f 932 936 933
f 933 936 934
f 934 936 935
f 935 936 928
f 937 938 939
f 937 939 940
f 937 940 941
f 937 941 942
f 937 942 943
f 937 943 944
f 937 944 945
f 937 945 938
f 938 946 947 939
f 939 947 948 940
f 940 948 949 941
f 941 949 950 942
f 942 950 951 943
f 943 951 952 944
f 944 952 953 945
f 945 953 946 938
f 946 954 955 947
f 947 955 956 948
f 948 956 957 949
f 949 957 958 950
f 950 958 959 951
f 951 959 960 952
f 952 960 961 953
f 953 961 954 946
f 954 962 955
f 955 962 956
f 956 962 957
f 957 962 958
f 958 962 959
f 959 962 960
f 960 962 961
f 961 962 954
f 963 964 965
f 963 965 966
f 963 966 967
f 963 967 968
f 963 968 969
f 963 969 970
f 963 970 971
f 963 971 964
f 964 972 973 965
f 965 973 974 966
f 966 974 975 967
f 967 975 976 968
f 968 976 977 969
f 969 977 978 970
f 970 978 979 971
f 971 979 972 964
f 972 980 981 973
f 973 981 982 974
f 974 982 983 975
f 975 983 984 976
f 976 984 985 977
f 977 985 986 978
f 978 986 987 979
f 979 987 980 972
f 980 988 981
f 981 988 982
f 982 988 983
f 983 988 984
f 984 988 985
f 985 988 986
f 986 988 987
f 987 988 980
f 989 990 991
f 989 991 992
f 989 992 993
f 989 993 994
f 989 994 995
f 989 995 996
f 989 996 997
f 989 997 990
f 990 998 999 991
f 991 999 1000 992
f 992 1000 1001 993
f 993 1001 1002 994
f 994 1002 1003 995
f 995 1003 1004 996
f 996 1004 1005 997
f 997 1005 998 990
f 998 1006 1007 999
f 999 1007 1008 1000
f 1000 1008 1009 1001
f 1001 1009 1010 1002
f 1002 1010 1011 1003
f 1003 1011 1012 1004
f 1004 1012 1013 1005
f 1005 1013 1006 998
f 1006 1014 1007
f 1007 1014 1008
f 1008 1014 1009
f 1009 1014 1010
f 1010 1014 1011
f 1011 1014 1012
f 1012 1014 1013
f 1013 1014 1006
f 1015 1016 1017
f 1015 1017 1018
f 1015 1018 1019
f 1015 1019 1020
f 1015 1020 1021
f 1015 1021 1022
f 1015 1022 1023
f 1015 1023 1016
f 1016 1024 1025 1017
f 1017 1025 1026 1018
f 1018 1026 1027 1019
f 1019 1027 1028 1020
f 1020 1028 1029 1021
f 1021 1029 1030 1022
f 1022 1030 1031 1023
f 1023 1031 1024 1016
f 1024 1032 1033 1025
f 1025 1033 1034 1026
f 1026 1034 1035 1027
f 1027 1035 1036 1028
f 1028 1036 1037 1029
f 1029 1037 1038 1030
f 1030 1038 1039 1031
f 1031 1039 1032 1024
f 1032 1040 1033
f 1033 1040 1034
f 1034 1040 1035
f 1035 1040 1036
f 1036 1040 1037
f 1037 1040 1038
f 1038 1040 1039
f 1039 1040 1032
f 1041 1042 1043
f 1041 1043 1044
f 1041 1044 1045
f 1041 1045 1046
f 1041 1046 1047
f 1041 1047 1048
f 1041 1048 1049
f 1041 1049 1042
f 1042 1050 1051 1043
f 1043 1051 1052 1044
f 1044 1052 1053 1045
f 1045 1053 1054 1046
f 1046 1054 1055 1047
f 1047 1055 1056 1048
f 1048 1056 1057 1049
f 1049 1057 1050 1042
f 1050 1058 1059 1051
f 1051 1059 1060 1052
f 1052 1060 1061 1053
f 1053 1061 1062 1054
f 1054 1062 1063 1055
f 1055 1063 1064 1056
f 1056 1064 1065 1057
f 1057 1065 1058 1050
f 1058 1066 1059
f 1059 1066 1060
f 1060 1066 1061
f 1061 1066 1062
f 1062 1066 1063
f 1063 1066 1064
f 1064 1066 1065
f 1065 1066 1058
f 1067 1068 1069
f 1067 1069 1070
f 1067 1070 1071
f 1067 1071 1072
f 1067 1072 1073
f 1067 1073 1074
f 1067 1074 1075
f 1067 1075 1068
f 1068 1076 1077 1069
f 1069 1077 1078 1070
f 1070 1078 1079 1071
f 1071 1079 1080 1072
f 1072 1080 1081 1073
f 1073 1081 1082 1074
f 1074 1082 1083 1075
f 1075 1083 1076 1068
f 1076 1084 1085 1077
f 1077 1085 1086 1078
f 1078 1086 1087 1079
f 1079 1087 1088 1080
f 1080 1088 1089 1081
f 1081 1089 1090 1082
f 1082 1090 1091 1083
f 1083 1091 1084 1076
f 1084 1092 1085
f 1085 1092 1086
f 1086 1092 1087
f 1087 1092 1088
f 1088 1092 1089
f 1089 1092 1090
f 1090 1092 1091
f 1091 1092 1084
f 1093 1094 1095
f 1093 1095 1096
f 1093 1096 1097
f 1093 1097 1098
f 1093 1098 1099
f 1093 1099 1100
f 1093 1100 1101
f 1093 1101 1094
f 1094 1102 1103 1095
f 1095 1103 1104 1096
f 1096 1104 1105 1097
f 1097 1105 1106 1098
f 1098 1106 1107 1099
f 1099 1107 1108 1100
f 1100 1108 1109 1101
f 1101 1109 1102 1094
f 1102 1110 1111 1103
f 1103 1111 1112 1104
f 1104 1112 1113 1105
f 1105 1113 1114 1106
f 1106 1114 1115 1107
f 1107 1115 1116 1108
f 1108 1116 1117 1109
f 1109 1117 1110 1102
f 1110 1118 1111
f 1111 1118 1112
f 1112 1118 1113
f 1113 1118 1114
f 1114 1118 1115
f 1115 1118 1116
f 1116 1118 1117
f 1117 1118 1110
f 1119 1120 1121
f 1119 1121 1122
f 1119 1122 1123
f 1119 1123 1124
f 1119 1124 1125
f 1119 1125 1126
f 1119 1126 1127
f 1119 1127 1120
f 1120 1128 1129 1121
f 1121 1129 1130 1122
f 1122 1130 1131 1123
f 1123 1131 1132 1124
f 1124 1132 1133 1125
f 1125 1133 1134 1126
f 1126 1134 1135 1127
f 1127 1135 1128 1120
f 1128 1136 1137 1129
f 1129 1137 1138 1130
f 1130 1138 1139 1131
f 1131 1139 1140 1132
f 1132 1140 1141 1133
f 1133 1141 1142 1134
f 1134 1142 1143 1135
f 1135 1143 1136 1128
f 1136 1144 1137
f 1137 1144 1138
f 1138 1144 1139
f 1139 1144 1140
f 1140 1144 1141
f 1141 1144 1142
f 1142 1144 1143
f 1143 1144 1136
f 1145 1146 1147
f 1145 1147 1148
f 1145 1148 1149
f 1145 1149 1150
f 1145 1150 1151
f 1145 1151 1152
f 1145 1152 1153
f 1145 1153 1146
f 1146 1154 1155 1147
f 1147 1155 1156 1148
f 1148 1156 1157 1149
f 1149 1157 1158 1150
f 1150 1158 1159 1151
f 1151 1159 1160 1152
f 1152 1160 1161 1153
f 1153 1161 1154 1146
f 1154 1162 1163 1155
f 1155 1163 1164 1156
f 1156 1164 1165 1157
f 1157 1165 1166 1158
f 1158 1166 1167 1159
f 1159 1167 1168 1160
f 1160 1168 1169 1161
f 1161 1169 1162 1154
f 1162 1170 1163
f 1163 1170 1164
f 1164 1170 1165
f 1165 1170 1166
f 1166 1170 1167
f 1167 1170 1168
f 1168 1170 1169
f 1169 1170 1162
f 1171 1172 1173
f 1171 1173 1174
f 1171 1174 1175
f 1171 1175 1176
f 1171 1176 1177
f 1171 1177 1178
f 1171 1178 1179
f 1171 1179 1172
f 1172 1180 1181 1173
f 1173 1181 1182 1174
f 1174 1182 1183 1175
f 1175 1183 1184 1176
f 1176 1184 1185 1177
f 1177 1185 1186 1178
f 1178 1186 1187 1179
f 1179 1187 1180 1172
f 1180 1188 1189 1181
f 1181 1189 1190 1182
f 1182 1190 1191 1183
f 1183 1191 1192 1184
f 1184 1192 1193 1185
f 1185 1193 1194 1186
f 1186 1194 1195 1187
f 1187 1195 1188 1180
f 1188 1196 1189
f 1189 1196 1190
f 1190 1196 1191
f 1191 1196 1192
f 1192 1196 1193
f 1193 1196 1194
f 1194 1196 1195
f 1195 1196 1188
f 1197 1198 1199
f 1197 1199 1200
f 1197 1200 1201
f 1197 1201 1202
f 1197 1202 1203
f 1197 1203 1204
f 1197 1204 1205
f 1197 1205 1198
f 1198 1206 1207 1199
f 1199 1207 1208 1200
f 1200 1208 1209 1201
f 1201 1209 1210 1202
f 1202 1210 1211 1203
f 1203 1211 1212 1204
f 1204 1212 1213 1205
f 1205 1213 1206 1198
f 1206 1214 1215 1207
f 1207 1215 1216 1208
f 1208 1216 1217 1209
f 1209 1217 1218 1210
f 1210 1218 1219 1211
f 1211 1219 1220 1212
f 1212 1220 1221 1213
f 1213 1221 1214 1206
f 1214 1222 1215
f 1215 1222 1216
f 1216 1222 1217
f 1217 1222 1218
f 1218 1222 1219
f 1219 1222 1220
f 1220 1222 1221
f 1221 1222 1214
f 1223 1224 1225
f 1223 1225 1226
f 1223 1226 1227
f 1223 1227 1228
f 1223 1228 1229
f 1223 1229 1230
f 1223 1230 1231
f 1223 1231 1224
f 1224 1232 1233 1225
f 1225 1233 1234 1226
f 1226 1234 1235 1227
f 1227 1235 1236 1228
f 1228 1236 1237 1229
f 1229 1237 1238 1230
f 1230 1238 1239 1231
f 1231 1239 1232 1224
f 1232 1240 1241 1233
f 1233 1241 1242 1234
f 1234 1242 1243 1235
f 1235 1243 1244 1236
f 1236 1244 1245 1237
f 1237 1245 1246 1238
f 1238 1246 1247 1239
f 1239 1247 1240 1232
f 1240 1248 1241
f 1241 1248 1242
f 1242 1248 1243
f 1243 1248 1244
f 1244 1248 1245
f 1245 1248 1246
f 1246 1248 1247
f 1247 1248 1240
f 1249 1250 1251
f 1249 1251 1252
f 1249 1252 1253
f 1249 1253 1254
f 1249 1254 1255
f 1249 1255 1256
f 1249 1256 1257
f 1249 1257 1250
f 1250 1258 1259 1251
f 1251 1259 1260 1252
f 1252 1260 1261 1253
f 1253 1261 1262 1254
f 1254 1262 1263 1255
f 1255 1263 1264 1256
f 1256 1264 1265 1257
f 1257 1265 1258 1250
f 1258 1266 1267 1259
f 1259 1267 1268 1260
f 1260 1268 1269 1261
f 1261 1269 1270 1262
f 1262 1270 1271 1263
f 1263 1271 1272 1264
f 1264 1272 1273 1265
f 1265 1273 1266 1258
f 1266 1274 1267
f 1267 1274 1268
f 1268 1274 1269
f 1269 1274 1270
f 1270 1274 1271
f 1271 1274 1272
f 1272 1274 1273
f 1273 1274 1266
f 1275 1276 1277
f 1275 1277 1278
f 1275 1278 1279
f 1275 1279 1280
f 1275 1280 1281
f 1275 1281 1282
f 1275 1282 1283
f 1275 1283 1276
f 1276 1284 1285 1277
f 1277 1285 1286 1278
f 1278 1286 1287 1279
f 1279 1287 1288 1280
f 1280 1288 1289 1281
f 1281 1289 1290 1282
f 1282 1290 1291 1283
f 1283 1291 1284 1276
f 1284 1292 1293 1285
f 1285 1293 1294 1286
f 1286 1294 1295 1287
f 1287 1295 1296 1288
f 1288 1296 1297 1289
f 1289 1297 1298 1290
f 1290 1298 1299 1291
f 1291 1299 1292 1284
f 1292 1300 1293
f 1293 1300 1294
f 1294 1300 1295
f 1295 1300 1296
f 1296 1300 1297
f 1297 1300 1298
f 1298 1300 1299
f 1299 1300 1292
f 1301 1302 1303
f 1301 1303 1304
f 1301 1304 1305
f 1301 1305 1306
f 1301 1306 1307
f 1301 1307 1308
f 1301 1308 1309
f 1301 1309 1302
f 1302 1310 1311 1303
f 1303 1311 1312 1304
f 1304 1312 1313 1305
f 1305 1313 1314 1306
f 1306 1314 1315 1307
f 1307 1315 1316 1308
f 1308 1316 1317 1309
f 1309 1317 1310 1302
f 1310 1318 1319 1311
f 1311 1319 1320 1312
f 1312 1320 1321 1313
f 1313 1321 1322 1314
f 1314 1322 1323 1315
f 1315 1323 1324 1316
f 1316 1324 1325 1317
f 1317 1325 1318 1310
f 1318 1326 1319
f 1319 1326 1320
f 1320 1326 1321
f 1321 1326 1322
f 1322 1326 1323
f 1323 1326 1324
f 1324 1326 1325
f 1325 1326 1318
f 1327 1328 1329
f 1327 1329 1330
f 1327 1330 1331
f 1327 1331 1332
f 1327 1332 1333
f 1327 1333 1334
f 1327 1334 1335
f 1327 1335 1328
f 1328 1336 1337 1329
f 1329 1337 1338 1330
f 1330 1338 1339 1331
f 1331 1339 1340 1332
f 1332 1340 1341 1333
f 1333 1341 1342 1334
f 1334 1342 1343 1335
f 1335 1343 1336 1328
f 1336 1344 1345 1337
f 1337 1345 1346 1338
f 1338 1346 1347 1339
f 1339 1347 1348 1340
f 1340 1348 1349 1341
f 1341 1349 1350 1342
f 1342 1350 1351 1343
f 1343 1351 1344 1336
f 1344 1352 1345
f 1345 1352 1346
f 1346 1352 1347
f 1347 1352 1348
f 1348 1352 1349
f 1349 1352 1350
f 1350 1352 1351
f 1351 1352 1344
f 1353 1354 1355
f 1353 1355 1356
f 1353 1356 1357
f 1353 1357 1358
f 1353 1358 1359
f 1353 1359 1360
f 1353 1360 1361
f 1353 1361 1354
f 1354 1362 1363 1355
f 1355 1363 1364 1356
f 1356 1364 1365 1357
f 1357 1365 1366 1358
f 1358 1366 1367 1359
f 1359 1367 1368 1360
f 1360 1368 1369 1361
f 1361 1369 1362 1354
f 1362 1370 1371 1363
f 1363 1371 1372 1364
f 1364 1372 1373 1365
f 1365 1373 1374 1366
f 1366 1374 1375 1367
f 1367 1375 1376 1368
f 1368 1376 1377 1369
f 1369 1377 1370 1362
f 1370 1378 1371
f 1371 1378 1372
f 1372 1378 1373
f 1373 1378 1374
f 1374 1378 1375
f 1375 1378 1376
f 1376 1378 1377
f 1377 1378 1370
f 1379 1380 1381
f 1379 1381 1382
f 1379 1382 1383
f 1379 1383 1384
f 1379 1384 1385
f 1379 1385 1386
f 1379 1386 1387
f 1379 1387 1380
f 1380 1388 1389 1381
f 1381 1389 1390 1382
f 1382 1390 1391 1383
f 1383 1391 1392 1384
f 1384 1392 1393 1385
f 1385 1393 1394 1386
f 1386 1394 1395 1387
f 1387 1395 1388 1380
f 1388 1396 1397 1389
f 1389 1397 1398 1390
f 1390 1398 1399 1391
f 1391 1399 1400 1392
f 1392 1400 1401 1393
f 1393 1401 1402 1394
f 1394 1402 1403 1395
f 1395 1403 1396 1388
f 1396 1404 1397
f 1397 1404 1398
f 1398 1404 1399
f 1399 1404 1400
f 1400 1404 1401
f 1401 1404 1402
f 1402 1404 1403
f 1403 1404 1396
f 1405 1406 1407
f 1405 1407 1408
f 1405 1408 1409
f 1405 1409 1410
f 1405 1410 1411
f 1405 1411 1412
f 1405 1412 1413
f 1405 1413 1406
f 1406 1414 1415 1407
f 1407 1415 1416 1408
f 1408 1416 1417 1409
f 1409 1417 1418 1410
f 1410 1418 1419 1411
f 1411 1419 1420 1412
f 1412 1420 1421 1413
f 1413 1421 1414 1406
f 1414 1422 1423 1415
f 1415 1423 1424 1416
f 1416 1424 1425 1417
f 1417 1425 1426 1418
f 1418 1426 1427 1419
f 1419 1427 1428 1420
f 1420 1428 1429 1421
f 1421 1429 1422 1414
f 1422 1430 1423
f 1423 1430 1424
f 1424 1430 1425
f 1425 1430 1426
f 1426 1430 1427
f 1427 1430 1428
f 1428 1430 1429
f 1429 1430 1422
f 1431 1432 1433
f 1431 1433 1434
f 1431 1434 1435
f 1431 1435 1436
f 1431 1436 1437
f 1431 1437 1438
f 1431 1438 1439
f 1431 1439 1432
f 1432 1440 1441 1433
f 1433 1441 1442 1434
f 1434 1442 1443 1435
f 1435 1443 1444 1436
f 1436 1444 1445 1437
f 1437 1445 1446 1438
f 1438 1446 1447 1439
f 1439 1447 1440 1432
f 1440 1448 1449 1441
f 1441 1449 1450 1442
f 1442 1450 1451 1443
f 1443 1451 1452 1444
f 1444 1452 1453 1445
f 1445 1453 1454 1446
f 1446 1454 1455 1447
f 1447 1455 1448 1440
f 1448 1456 1449
f 1449 1456 1450
f 1450 1456 1451
f 1451 1456 1452
f 1452 1456 1453
f 1453 1456 1454
f 1454 1456 1455
f 1455 1456 1448
f 1457 1458 1459
f 1457 1459 1460
f 1457 1460 1461
f 1457 1461 1462
f 1457 1462 1463
f 1457 1463 1464
f 1457 1464 1465
f 1457 1465 1458
f 1458 1466 1467 1459
f 1459 1467 1468 1460
f 1460 1468 1469 1461
f 1461 1469 1470 1462
f 1462 1470 1471 1463
f 1463 1471 1472 1464
f 1464 1472 1473 1465
f 1465 1473 1466 1458
f 1466 1474 1475 1467
f 1467 1475 1476 1468
f 1468 1476 1477 1469
f 1469 1477 1478 1470
f 1470 1478 1479 1471
f 1471 1479 1480 1472
f 1472 1480 1481 1473
f 1473 1481 1474 1466
f 1474 1482 1475
f 1475 1482 1476
f 1476 1482 1477
f 1477 1482 1478
f 1478 1482 1479
f 1479 1482 1480
f 1480 1482 1481
f 1481 1482 1474
f 1483 1484 1485
f 1483 1485 1486
f 1483 1486 1487
f 1483 1487 1488
f 1483 1488 1489
f 1483 1489 1490
f 1483 1490 1491
f 1483 1491 1484
f 1484 1492 1493 1485
f 1485 1493 1494 1486
f 1486 1494 1495 1487
f 1487 1495 1496 1488
f 1488 1496 1497 1489
f 1489 1497 1498 1490
f 1490 1498 1499 1491
f 1491 1499 1492 1484
f 1492 1500 1501 1493
f 1493 1501 1502 1494
f 1494 1502 1503 1495
f 1495 1503 1504 1496
f 1496 1504 1505 1497
f 1497 1505 1506 1498
f 1498 1506 1507 1499
f 1499 1507 1500 1492
f 1500 1508 1501
f 1501 1508 1502
f 1502 1508 1503
f 1503 1508 1504
f 1504 1508 1505
f 1505 1508 1506
f 1506 1508 1507
f 1507 1508 1500
f 1509 1510 1511
f 1509 1511 1512
f 1509 1512 1513
f 1509 1513 1514
f 1509 1514 1515
f 1509 1515 1516
f 1509 1516 1517
f 1509 1517 1510
f 1510 1518 1519 1511
f 1511 1519 1520 1512
f 1512 1520 1521 1513
f 1513 1521 1522 1514
f 1514 1522 1523 1515
f 1515 1523 1524 1516
f 1516 1524 1525 1517
f 1517 1525 1518 1510
f 1518 1526 1527 1519
f 1519 1527 1528 1520
f 1520 1528 1529 1521
f 1521 1529 1530 1522
f 1522 1530 1531 1523
f 1523 1531 1532 1524
f 1524 1532 1533 1525
f 1525 1533 1526 1518
f 1526 1534 1527
f 1527 1534 1528
f 1528 1534 1529
f 1529 1534 1530
f 1530 1534 1531
f 1531 1534 1532
f 1532 1534 1533
f 1533 1534 1526
f 1535 1536 1537
f 1535 1537 1538
f 1535 1538 1539
f 1535 1539 1540
f 1535 1540 1541
f 1535 1541 1542
f 1535 1542 1543
f 1535 1543 1536
f 1536 1544 1545 1537
f 1537 1545 1546 1538
f 1538 1546 1547 1539
f 1539 1547 1548 1540
f 1540 1548 1549 1541
f 1541 1549 1550 1542
f 1542 1550 1551 1543
f 1543 1551 1544 1536
f 1544 1552 1553 1545
f 1545 1553 1554 1546
f 1546 1554 1555 1547
f 1547 1555 1556 1548
f 1548 1556 1557 1549
f 1549 1557 1558 1550
f 1550 1558 1559 1551
f 1551 1559 1552 1544
f 1552 1560 1553
f 1553 1560 1554
f 1554 1560 1555
f 1555 1560 1556
f 1556 1560 1557
f 1557 1560 1558
f 1558 1560 1559
f 1559 1560 1552
f 1561 1562 1563
f 1561 1563 1564
f 1561 1564 1565
f 1561 1565 1566
f 1561 1566 1567
f 1561 1567 1568
f 1561 1568 1569
f 1561 1569 1562
f 1562 1570 1571 1563
f 1563 1571 1572 1564
f 1564 1572 1573 1565
f 1565 1573 1574 1566
f 1566 1574 1575 1567
f 1567 1575 1576 1568
f 1568 1576 1577 1569
f 1569 1577 1570 1562
f 1570 1578 1579 1571
f 1571 1579 1580 1572
f 1572 1580 1581 1573
f 1573 1581 1582 1574
f 1574 1582 1583 1575
f 1575 1583 1584 1576
f 1576 1584 1585 1577
f 1577 1585 1578 1570
f 1578 1586 1579
f 1579 1586 1580
f 1580 1586 1581
f 1581 1586 1582
f 1582 1586 1583
f 1583 1586 1584
f 1584 1586 1585
f 1585 1586 1578
f 1587 1588 1589
f 1587 1589 1590
f 1587 1590 1591
f 1587 1591 1592
f 1587 1592 1593
f 1587 1593 1594
f 1587 1594 1595
f 1587 1595 1588
f 1588 1596 1597 1589
f 1589 1597 1598 1590
f 1590 1598 1599 1591
f 1591 1599 1600 1592
f 1592 1600 1601 1593
f 1593 1601 1602 1594
f 1594 1602 1603 1595
f 1595 1603 1596 1588
f 1596 1604 1605 1597
f 1597 1605 1606 1598
f 1598 1606 1607 1599
f 1599 1607 1608 1600
f 1600 1608 1609 1601
f 1601 1609 1610 1602
f 1602 1610 1611 1603
f 1603 1611 1604 1596
f 1604 1612 1605
f 1605 1612 1606
f 1606 1612 1607
f 1607 1612 1608
f 1608 1612 1609
f 1609 1612 1610
f 1610 1612 1611
f 1611 1612 1604
f 1613 1614 1615
f 1613 1615 1616
f 1613 1616 1617
f 1613 1617 1618
f 1613 1618 1619
f 1613 1619 1620
f 1613 1620 1621
f 1613 1621 1614
f 1614 1622 1623 1615
f 1615 1623 1624 1616
f 1616 1624 1625 1617
f 1617 1625 1626 1618
f 1618 1626 1627 1619
f 1619 1627 1628 1620
f 1620 1628 1629 1621
f 1621 1629 1622 1614
f 1622 1630 1631 1623
f 1623 1631 1632 1624
f 1624 1632 1633 1625
f 1625 1633 1634 1626
f 1626 1634 1635 1627
f 1627 1635 1636 1628
f 1628 1636 1637 1629
f 1629 1637 1630 1622
f 1630 1638 1631
f 1631 1638 1632
f 1632 1638 1633
f 1633 1638 1634
f 1634 1638 1635
f 1635 1638 1636
f 1636 1638 1637
f 1637 1638 1630
f 1639 1640 1641
f 1639 1641 1642
f 1639 1642 1643
f 1639 1643 1644
f 1639 1644 1645
f 1639 1645 1646
f 1639 1646 1647
f 1639 1647 1640
f 1640 1648 1649 1641
f 1641 1649 1650 1642
f 1642 1650 1651 1643
f 1643 1651 1652 1644
f 1644 1652 1653 1645
f 1645 1653 1654 1646
f 1646 1654 1655 1647
f 1647 1655 1648 1640
f 1648 1656 1657 1649
f 1649 1657 1658 1650
f 1650 1658 1659 1651
f 1651 1659 1660 1652
f 1652 1660 1661 1653
f 1653 1661 1662 1654
f 1654 1662 1663 1655
f 1655 1663 1656 1648
f 1656 1664 1657
f 1657 1664 1658
f 1658 1664 1659
f 1659 1664 1660
f 1660 1664 1661
f 1661 1664 1662
f 1662 1664 1663
f 1663 1664 1656
f 1665 1666 1667
f 1665 1667 1668
f 1665 1668 1669
f 1665 1669 1670
f 1665 1670 1671
f 1665 1671 1672
f 1665 1672 1673
f 1665 1673 1666
f 1666 1674 1675 1667
f 1667 1675 1676 1668
f 1668 1676 1677 1669
f 1669 1677 1678 1670
f 1670 1678 1679 1671
f 1671 1679 1680 1672
f 1672 1680 1681 1673
f 1673 1681 1674 1666
f 1674 1682 1683 1675
f 1675 1683 1684 1676
f 1676 1684 1685 1677
f 1677 1685 1686 1678
f 1678 1686 1687 1679
f 1679 1687 1688 1680
f 1680 1688 1689 1681
f 1681 1689 1682 1674
f 1682 1690 1683
f 1683 1690 1684
f 1684 1690 1685
f 1685 1690 1686
f 1686 1690 1687
f 1687 1690 1688
f 1688 1690 1689
f 1689 1690 1682
f 1691 1692 1693
f 1691 1693 1694
f 1691 1694 1695
f 1691 1695 1696
f 1691 1696 1697
f 1691 1697 1698
f 1691 1698 1699
f 1691 1699 1692
f 1692 1700 1701 1693
f 1693 1701 1702 1694
f 1694 1702 1703 1695
f 1695 1703 1704 1696
f 1696 1704 1705 1697
f 1697 1705 1706 1698
f 1698 1706 1707 1699
f 1699 1707 1700 1692
f 1700 1708 1709 1701
f 1701 1709 1710 1702
f 1702 1710 1711 1703
f 1703 1711 1712 1704
f 1704 1712 1713 1705
f 1705 1713 1714 1706
f 1706 1714 1715 1707
f 1707 1715 1708 1700
f 1708 1716 1709
f 1709 1716 1710
f 1710 1716 1711
f 1711 1716 1712
f 1712 1716 1713
f 1713 1716 1714
f 1714 1716 1715
f 1715 1716 1708
f 1717 1718 1719
f 1717 1719 1720
f 1717 1720 1721
f 1717 1721 1722
f 1717 1722 1723
f 1717 1723 1724
f 1717 1724 1725
f 1717 1725 1718
f 1718 1726 1727 1719
f 1719 1727 1728 1720
f 1720 1728 1729 1721
f 1721 1729 1730 1722
f 1722 1730 1731 1723
f 1723 1731 1732 1724
f 1724 1732 1733 1725
f 1725 1733 1726 1718
f 1726 1734 1735 1727
f 1727 1735 1736 1728
f 1728 1736 1737 1729
f 1729 1737 1738 1730
f 1730 1738 1739 1731
f 1731 1739 1740 1732
f 1732 1740 1741 1733
f 1733 1741 1734 1726
f 1734 1742 1735
f 1735 1742 1736
f 1736 1742 1737
f 1737 1742 1738
f 1738 1742 1739
f 1739 1742 1740
f 1740 1742 1741
f 1741 1742 1734
f 1743 1744 1745
f 1743 1745 1746
f 1743 1746 1747
f 1743 1747 1748
f 1743 1748 1749
f 1743 1749 1750
f 1743 1750 1751
f 1743 1751 1744
f 1744 1752 1753 1745
f 1745 1753 1754 1746
f 1746 1754 1755 1747
f 1747 1755 1756 1748
f 1748 1756 1757 1749
f 1749 1757 1758 1750
f 1750 1758 1759 1751
f 1751 1759 1752 1744
f 1752 1760 1761 1753
f 1753 1761 1762 1754
f 1754 1762 1763 1755
f 1755 1763 1764 1756
f 1756 1764 1765 1757
f 1757 1765 1766 1758
f 1758 1766 1767 1759
f 1759 1767 1760 1752
f 1760 1768 1761
f 1761 1768 1762
f 1762 1768 1763
f 1763 1768 1764
f 1764 1768 1765
f 1765 1768 1766
f 1766 1768 1767
f 1767 1768 1760
f 1769 1770 1771
f 1769 1771 1772
f 1769 1772 1773
f 1769 1773 1774
f 1769 1774 1775
f 1769 1775 1776
f 1769 1776 1777
f 1769 1777 1770
f 1770 1778 1779 1771
f 1771 1779 1780 1772
f 1772 1780 1781 1773
f 1773 1781 1782 1774
f 1774 1782 1783 1775
f 1775 1783 1784 1776
f 1776 1784 1785 1777
f 1777 1785 1778 1770
f 1778 1786 1787 1779
f 1779 1787 1788 1780
f 1780 1788 1789 1781
f 1781 1789 1790 1782
f 1782 1790 1791 1783
f 1783 1791 1792 1784
f 1784 1792 1793 1785
f 1785 1793 1786 1778
f 1786 1794 1787
f 1787 1794 1788
f 1788 1794 1789
f 1789 1794 1790
f 1790 1794 1791
f 1791 1794 1792
f 1792 1794 1793
f 1793 1794 1786
f 1795 1796 1797
f 1795 1797 1798
f 1795 1798 1799
f 1795 1799 1800
f 1795 1800 1801
f 1795 1801 1802
f 1795 1802 1803
f 1795 1803 1796
f 1796 1804 1805 1797
f 1797 1805 1806 1798
f 1798 1806 1807 1799
f 1799 1807 1808 1800
f 1800 1808 1809 1801
f 1801 1809 1810 1802
f 1802 1810 1811 1803
f 1803 1811 1804 1796
f 1804 1812 1813 1805
f 1805 1813 1814 1806
f 1806 1814 1815 1807
f 1807 1815 1816 1808
f 1808 1816 1817 1809
f 1809 1817 1818 1810
f 1810 1818 1819 1811
f 1811 1819 1812 1804
f 1812 1820 1813
f 1813 1820 1814
f 1814 1820 1815
f 1815 1820 1816
f 1816 1820 1817
f 1817 1820 1818
f 1818 1820 1819
f 1819 1820 1812
f 1821 1822 1823
f 1821 1823 1824
f 1821 1824 1825
f 1821 1825 1826
f 1821 1826 1827
f 1821 1827 1828
f 1821 1828 1829
f 1821 1829 1822
f 1822 1830 1831 1823
f 1823 1831 1832 1824
f 1824 1832 1833 1825
f 1825 1833 1834 1826
f 1826 1834 1835 1827
f 1827 1835 1836 1828
f 1828 1836 1837 1829
f 1829 1837 1830 1822
f 1830 1838 1839 1831
f 1831 1839 1840 1832
f 1832 1840 1841 1833
f 1833 1841 1842 1834
f 1834 1842 1843 1835
f 1835 1843 1844 1836
f 1836 1844 1845 1837
f 1837 1845 1838 1830
f 1838 1846 1839
f 1839 1846 1840
f 1840 1846 1841
f 1841 1846 1842
f 1842 1846 1843
f 1843 1846 1844
f 1844 1846 1845
f 1845 1846 1838
f 1847 1848 1849
f 1847 1849 1850
f 1847 1850 1851
f 1847 1851 1852
f 1847 1852 1853
f 1847 1853 1854
f 1847 1854 1855
f 1847 1855 1848
f 1848 1856 1857 1849
f 1849 1857 1858 1850
f 1850 1858 1859 1851
f 1851 1859 1860 1852
f 1852 1860 1861 1853
f 1853 1861 1862 1854
f 1854 1862 1863 1855
f 1855 1863 1856 1848
f 1856 1864 1865 1857
f 1857 1865 1866 1858
f 1858 1866 1867 1859
f 1859 1867 1868 1860
f 1860 1868 1869 1861
f 1861 1869 1870 1862
f 1862 1870 1871 1863
f 1863 1871 1864 1856
f 1864 1872 1865
f 1865 1872 1866
f 1866 1872 1867
f 1867 1872 1868
f 1868 1872 1869
f 1869 1872 1870
f 1870 1872 1871
f 1871 1872 1864
f 1873 1874 1875
f 1873 1875 1876
f 1873 1876 1877
f 1873 1877 1878
f 1873 1878 1879
f 1873 1879 1880
f 1873 1880 1881
f 1873 1881 1874
f 1874 1882 1883 1875
f 1875 1883 1884 1876
f 1876 1884 1885 1877
f 1877 1885 1886 1878
f 1878 1886 1887 1879
f 1879 1887 1888 1880
f 1880 1888 1889 1881
f 1881 1889 1882 1874
f 1882 1890 1891 1883
f 1883 1891 1892 1884
f 1884 1892 1893 1885
f 1885 1893 1894 1886
f 1886 1894 1895 1887
f 1887 1895 1896 1888
f 1888 1896 1897 1889
f 1889 1897 1890 1882
f 1890 1898 1891
f 1891 1898 1892
f 1892 1898 1893
f 1893 1898 1894
f 1894 1898 1895
f 1895 1898 1896
f 1896 1898 1897
f 1897 1898 1890
f 1899 1900 1901
f 1899 1901 1902
f 1899 1902 1903
f 1899 1903 1904
f 1899 1904 1905
f 1899 1905 1906
f 1899 1906 1907
f 1899 1907 1900
f 1900 1908 1909 1901
f 1901 1909 1910 1902
f 1902 1910 1911 1903
f 1903 1911 1912 1904
f 1904 1912 1913 1905
f 1905 1913 1914 1906
f 1906 1914 1915 1907
f 1907 1915 1908 1900
f 1908 1916 1917 1909
f 1909 1917 1918 1910
f 1910 1918 1919 1911
f 1911 1919 1920 1912
f 1912 1920 1921 1913
f 1913 1921 1922 1914
f 1914 1922 1923 1915
f 1915 1923 1916 1908
f 1916 1924 1917
f 1917 1924 1918
f 1918 1924 1919
f 1919 1924 1920
f 1920 1924 1921
f 1921 1924 1922
f 1922 1924 1923
f 1923 1924 1916
f 1925 1926 1927
f 1925 1927 1928
f 1925 1928 1929
f 1925 1929 1930
f 1925 1930 1931
f 1925 1931 1932
f 1925 1932 1933
f 1925 1933 1926
f 1926 1934 1935 1927
f 1927 1935 1936 1928
f 1928 1936 1937 1929
f 1929 1937 1938 1930
f 1930 1938 1939 1931
f 1931 1939 1940 1932
f 1932 1940 1941 1933
f 1933 1941 1934 1926
f 1934 1942 1943 1935
f 1935 1943 1944 1936
f 1936 1944 1945 1937
f 1937 1945 1946 1938
f 1938 1946 1947 1939
f 1939 1947 1948 1940
f 1940 1948 1949 1941
f 1941 1949 1942 1934
f 1942 1950 1943
f 1943 1950 1944
f 1944 1950 1945
f 1945 1950 1946
f 1946 1950 1947
f 1947 1950 1948
f 1948 1950 1949
f 1949 1950 1942
f 1951 1952 1953
f 1951 1953 1954
f 1951 1954 1955
f 1951 1955 1956
f 1951 1956 1957
f 1951 1957 1958
f 1951 1958 1959
f 1951 1959 1952
f 1952 1960 1961 1953
f 1953 1961 1962 1954
f 1954 1962 1963 1955
f 1955 1963 1964 1956
f 1956 1964 1965 1957
f 1957 1965 1966 1958
f 1958 1966 1967 1959
f 1959 1967 1960 1952
f 1960 1968 1969 1961
f 1961 1969 1970 1962
f 1962 1970 1971 1963
f 1963 1971 1972 1964
f 1964 1972 1973 1965
f 1965 1973 1974 1966
f 1966 1974 1975 1967
f 1967 1975 1968 1960
f 1968 1976 1969
f 1969 1976 1970
f 1970 1976 1971
f 1971 1976 1972
f 1972 1976 1973
f 1973 1976 1974
f 1974 1976 1975
f 1975 1976 1968
f 1977 1978 1979
f 1977 1979 1980
f 1977 1980 1981
f 1977 1981 1982
f 1977 1982 1983
f 1977 1983 1984
f 1977 1984 1985
f 1977 1985 1978
f 1978 1986 1987 1979
f 1979 1987 1988 1980
f 1980 1988 1989 1981
f 1981 1989 1990 1982
f 1982 1990 1991 1983
f 1983 1991 1992 1984
f 1984 1992 1993 1985
f 1985 1993 1986 1978
f 1986 1994 1995 1987
f 1987 1995 1996 1988
f 1988 1996 1997 1989
f 1989 1997 1998 1990
f 1990 1998 1999 1991
f 1991 1999 2000 1992
f 1992 2000 2001 1993
f 1993 2001 1994 1986
f 1994 2002 1995
f 1995 2002 1996
f 1996 2002 1997
f 1997 2002 1998
f 1998 2002 1999
f 1999 2002 2000
f 2000 2002 2001
f 2001 2002 1994
f 2003 2004 2005
f 2003 2005 2006
f 2003 2006 2007
f 2003 2007 2008
f 2003 2008 2009
f 2003 2009 2010
f 2003 2010 2011
f 2003 2011 2004
f 2004 2012 2013 2005
f 2005 2013 2014 2006
f 2006 2014 2015 2007
f 2007 2015 2016 2008
f 2008 2016 2017 2009
f 2009 2017 2018 2010
f 2010 2018 2019 2011
f 2011 2019 2012 2004
f 2012 2020 2021 2013
f 2013 2021 2022 2014
f 2014 2022 2023 2015
f 2015 2023 2024 2016
f 2016 2024 2025 2017
f 2017 2025 2026 2018
f 2018 2026 2027 2019
f 2019 2027 2020 2012
f 2020 2028 2021
f 2021 2028 2022
f 2022 2028 2023
f 2023 2028 2024
f 2024 2028 2025
f 2025 2028 2026
f 2026 2028 2027
f 2027 2028 2020
f 2029 2030 2031
f 2029 2031 2032
f 2029 2032 2033
f 2029 2033 2034
f 2029 2034 2035
f 2029 2035 2036
f 2029 2036 2037
f 2029 2037 2030
f 2030 2038 2039 2031
f 2031 2039 2040 2032
f 2032 2040 2041 2033
f 2033 2041 2042 2034
f 2034 2042 2043 2035
f 2035 2043 2044 2036
f 2036 2044 2045 2037
f 2037 2045 2038 2030
f 2038 2046 2047 2039
f 2039 2047 2048 2040
f 2040 2048 2049 2041
f 2041 2049 2050 2042
f 2042 2050 2051 2043
f 2043 2051 2052 2044
f 2044 2052 2053 2045
f 2045 2053 2046 2038
f 2046 2054 2047
f 2047 2054 2048
f 2048 2054 2049
f 2049 2054 2050
f 2050 2054 2051
f 2051 2054 2052
f 2052 2054 2053
f 2053 2054 2046
f 2055 2056 2057
f 2055 2057 2058
f 2055 2058 2059
f 2055 2059 2060
f 2055 2060 2061
f 2055 2061 2062
f 2055 2062 2063
f 2055 2063 2056
f 2056 2064 2065 2057
f 2057 2065 2066 2058
f 2058 2066 2067 2059
f 2059 2067 2068 2060
f 2060 2068 2069 2061
f 2061 2069 2070 2062
f 2062 2070 2071 2063
f 2063 2071 2064 2056
f 2064 2072 2073 2065
f 2065 2073 2074 2066
f 2066 2074 2075 2067
f 2067 2075 2076 2068
f 2068 2076 2077 2069
f 2069 2077 2078 2070
f 2070 2078 2079 2071
f 2071 2079 2072 2064
f 2072 2080 2073
f 2073 2080 2074
f 2074 2080 2075
f 2075 2080 2076
f 2076 2080 2077
f 2077 2080 2078
f 2078 2080 2079
f 2079 2080 2072
f 2081 2082 2083
f 2081 2083 2084
f 2081 2084 2085
f 2081 2085 2086
f 2081 2086 2087
f 2081 2087 2088
f 2081 2088 2089
f 2081 2089 2082
f 2082 2090 2091 2083
f 2083 2091 2092 2084
f 2084 2092 2093 2085
f 2085 2093 2094 2086
f 2086 2094 2095 2087
f 2087 2095 2096 2088
f 2088 2096 2097 2089
f 2089 2097 2090 2082
f 2090 2098 2099 2091
f 2091 2099 2100 2092
f 2092 2100 2101 2093
f 2093 2101 2102 2094
f 2094 2102 2103 2095
f 2095 2103 2104 2096
f 2096 2104 2105 2097
f 2097 2105 2098 2090
f 2098 2106 2099
f 2099 2106 2100
f 2100 2106 2101
f 2101 2106 2102
f 2102 2106 2103
f 2103 2106 2104
f 2104 2106 2105
f 2105 2106 2098
f 2107 2108 2109
f 2107 2109 2110
f 2107 2110 2111
f 2107 2111 2112
f 2107 2112 2113
f 2107 2113 2114
f 2107 2114 2115
f 2107 2115 2108
f 2108 2116 2117 2109
f 2109 2117 2118 2110
f 2110 2118 2119 2111
f 2111 2119 2120 2112
f 2112 2120 2121 2113
f 2113 2121 2122 2114
f 2114 2122 2123 2115
f 2115 2123 2116 2108
f 2116 2124 2125 2117
f 2117 2125 2126 2118
f 2118 2126 2127 2119
f 2119 2127 2128 2120
f 2120 2128 2129 2121
f 2121 2129 2130 2122
f 2122 2130 2131 2123
f 2123 2131 2124 2116
f 2124 2132 2125
f 2125 2132 2126
f 2126 2132 2127
f 2127 2132 2128
f 2128 2132 2129
f 2129 2132 2130
f 2130 2132 2131
f 2131 2132 2124
f 2133 2134 2135
f 2133 2135 2136
f 2133 2136 2137
f 2133 2137 2138
f 2133 2138 2139
f 2133 2139 2140
f 2133 2140 2141
f 2133 2141 2134
f 2134 2142 2143 2135
f 2135 2143 2144 2136
f 2136 2144 2145 2137
f 2137 2145 2146 2138
f 2138 2146 2147 2139
f 2139 2147 2148 2140
f 2140 2148 2149 2141
f 2141 2149 2142 2134
f 2142 2150 2151 2143
f 2143 2151 2152 2144
f 2144 2152 2153 2145
f 2145 2153 2154 2146
f 2146 2154 2155 2147
f 2147 2155 2156 2148
f 2148 2156 2157 2149
f 2149 2157 2150 2142
f 2150 2158 2151
f 2151 2158 2152
f 2152 2158 2153
f 2153 2158 2154
f 2154 2158 2155
f 2155 2158 2156
f 2156 2158 2157
f 2157 2158 2150
f 2159 2160 2161
f 2159 2161 2162
f 2159 2162 2163
f 2159 2163 2164
f 2159 2164 2165
f 2159 2165 2166
f 2159 2166 2167
f 2159 2167 2160
f 2160 2168 2169 2161
f 2161 2169 2170 2162
f 2162 2170 2171 2163
f 2163 2171 2172 2164
f 2164 2172 2173 2165
f 2165 2173 2174 2166
f 2166 2174 2175 2167
f 2167 2175 2168 2160
f 2168 2176 2177 2169
f 2169 2177 2178 2170
f 2170 2178 2179 2171
f 2171 2179 2180 2172
f 2172 2180 2181 2173
f 2173 2181 2182 2174
f 2174 2182 2183 2175
f 2175 2183 2176 2168
f 2176 2184 2177
f 2177 2184 2178
f 2178 2184 2179
f 2179 2184 2180
f 2180 2184 2181
f 2181 2184 2182
f 2182 2184 2183
f 2183 2184 2176
f 2185 2186 2187
f 2185 2187 2188
f 2185 2188 2189
f 2185 2189 2190
f 2185 2190 2191
f 2185 2191 2192
f 2185 2192 2193
f 2185 2193 2186
f 2186 2194 2195 2187
f 2187 2195 2196 2188
f 2188 2196 2197 2189
f 2189 2197 2198 2190
f 2190 2198 2199 2191
f 2191 2199 2200 2192
f 2192 2200 2201 2193
f 2193 2201 2194 2186
f 2194 2202 2203 2195
f 2195 2203 2204 2196
f 2196 2204 2205 2197
f 2197 2205 2206 2198
f 2198 2206 2207 2199
f 2199 2207 2208 2200
f 2200 2208 2209 2201
f 2201 2209 2202 2194
f 2202 2210 2203
f 2203 2210 2204
f 2204 2210 2205
f 2205 2210 2206
f 2206 2210 2207
f 2207 2210 2208
f 2208 2210 2209
f 2209 2210 2202
f 2211 2212 2213
f 2211 2213 2214
f 2211 2214 2215
f 2211 2215 2216
f 2211 2216 2217
f 2211 2217 2218
f 2211 2218 2219
f 2211 2219 2212
f 2212 2220 2221 2213
f 2213 2221 2222 2214
f 2214 2222 2223 2215
f 2215 2223 2224 2216
f 2216 2224 2225 2217
f 2217 2225 2226 2218
f 2218 2226 2227 2219
f 2219 2227 2220 2212
f 2220 2228 2229 2221
f 2221 2229 2230 2222
f 2222 2230 2231 2223
f 2223 2231 2232 2224
f 2224 2232 2233 2225
f 2225 2233 2234 2226
f 2226 2234 2235 2227
f 2227 2235 2228 2220
f 2228 2236 2229
f 2229 2236 2230
f 2230 2236 2231
f 2231 2236 2232
f 2232 2236 2233
f 2233 2236 2234
f 2234 2236 2235
f 2235 2236 2228
f 2237 2238 2239
f 2237 2239 2240
f 2237 2240 2241
f 2237 2241 2242
f 2237 2242 2243
f 2237 2243 2244
f 2237 2244 2245
f 2237 2245 2238
f 2238 2246 2247 2239
f 2239 2247 2248 2240
f 2240 2248 2249 2241
f 2241 2249 2250 2242
f 2242 2250 2251 2243
f 2243 2251 2252 2244
f 2244 2252 2253 2245
f 2245 2253 2246 2238
f 2246 2254 2255 2247
f 2247 2255 2256 2248
f 2248 2256 2257 2249
f 2249 2257 2258 2250
f 2250 2258 2259 2251
f 2251 2259 2260 2252
f 2252 2260 2261 2253
f 2253 2261 2254 2246
f 2254 2262 2255
f 2255 2262 2256
f 2256 2262 2257
f 2257 2262 2258
f 2258 2262 2259
f 2259 2262 2260
f 2260 2262 2261
f 2261 2262 2254
f 2263 2264 2265
f 2263 2265 2266
f 2263 2266 2267
f 2263 2267 2268
f 2263 2268 2269
f 2263 2269 2270
f 2263 2270 2271
f 2263 2271 2264
f 2264 2272 2273 2265
f 2265 2273 2274 2266
f 2266 2274 2275 2267
f 2267 2275 2276 2268
f 2268 2276 2277 2269
f 2269 2277 2278 2270
f 2270 2278 2279 2271
f 2271 2279 2272 2264
f 2272 2280 2281 2273
f 2273 2281 2282 2274
f 2274 2282 2283 2275
f 2275 2283 2284 2276
f 2276 2284 2285 2277
f 2277 2285 2286 2278
f 2278 2286 2287 2279
f 2279 2287 2280 2272
f 2280 2288 2281
f 2281 2288 2282
f 2282 2288 2283
f 2283 2288 2284
f 2284 2288 2285
f 2285 2288 2286
f 2286 2288 2287
f 2287 2288 2280
f 2289 2290 2291
f 2289 2291 2292
f 2289 2292 2293
f 2289 2293 2294
f 2289 2294 2295
f 2289 2295 2296
f 2289 2296 2297
f 2289 2297 2290
f 2290 2298 2299 2291
f 2291 2299 2300 2292
f 2292 2300 2301 2293
f 2293 2301 2302 2294
f 2294 2302 2303 2295
f 2295 2303 2304 2296
f 2296 2304 2305 2297
f 2297 2305 2298 2290
f 2298 2306 2307 2299
f 2299 2307 2308 2300
f 2300 2308 2309 2301
f 2301 2309 2310 2302
f 2302 2310 2311 2303
f 2303 2311 2312 2304
f 2304 2312 2313 2305
f 2305 2313 2306 2298
f 2306 2314 2307
f 2307 2314 2308
f 2308 2314 2309
f 2309 2314 2310
f 2310 2314 2311
f 2311 2314 2312
f 2312 2314 2313
f 2313 2314 2306
f 2315 2316 2317
f 2315 2317 2318
f 2315 2318 2319
f 2315 2319 2320
f 2315 2320 2321
f 2315 2321 2322
f 2315 2322 2323
f 2315 2323 2316
f 2316 2324 2325 2317
f 2317 2325 2326 2318
f 2318 2326 2327 2319
f 2319 2327 2328 2320
f 2320 2328 2329 2321
f 2321 2329 2330 2322
f 2322 2330 2331 2323
f 2323 2331 2324 2316
f 2324 2332 2333 2325
f 2325 2333 2334 2326
f 2326 2334 2335 2327
f 2327 2335 2336 2328
f 2328 2336 2337 2329
f 2329 2337 2338 2330
f 2330 2338 2339 2331
f 2331 2339 2332 2324
f 2332 2340 2333
f 2333 2340 2334
f 2334 2340 2335
f 2335 2340 2336
f 2336 2340 2337
f 2337 2340 2338
f 2338 2340 2339
f 2339 2340 2332
f 2341 2342 2343
f 2341 2343 2344
f 2341 2344 2345
f 2341 2345 2346
f 2341 2346 2347
f 2341 2347 2348
f 2341 2348 2349
f 2341 2349 2342
f 2342 2350 2351 2343
f 2343 2351 2352 2344
f 2344 2352 2353 2345
f 2345 2353 2354 2346
f 2346 2354 2355 2347
f 2347 2355 2356 2348
f 2348 2356 2357 2349
f 2349 2357 2350 2342
f 2350 2358 2359 2351
f 2351 2359 2360 2352
f 2352 2360 2361 2353
f 2353 2361 2362 2354
f 2354 2362 2363 2355
f 2355 2363 2364 2356
f 2356 2364 2365 2357
f 2357 2365 2358 2350
f 2358 2366 2359
f 2359 2366 2360
f 2360 2366 2361
f 2361 2366 2362
f 2362 2366 2363
f 2363 2366 2364
f 2364 2366 2365
f 2365 2366 2358
f 2367 2368 2369
f 2367 2369 2370
f 2367 2370 2371
f 2367 2371 2372
f 2367 2372 2373
f 2367 2373 2374
f 2367 2374 2375
f 2367 2375 2368
f 2368 2376 2377 2369
f 2369 2377 2378 2370
f 2370 2378 2379 2371
f 2371 2379 2380 2372
f 2372 2380 2381 2373
f 2373 2381 2382 2374
f 2374 2382 2383 2375
f 2375 2383 2376 2368
f 2376 2384 2385 2377
f 2377 2385 2386 2378
f 2378 2386 2387 2379
f 2379 2387 2388 2380
f 2380 2388 2389 2381
f 2381 2389 2390 2382
f 2382 2390 2391 2383
f 2383 2391 2384 2376
f 2384 2392 2385
f 2385 2392 2386
f 2386 2392 2387
f 2387 2392 2388
f 2388 2392 2389
f 2389 2392 2390
f 2390 2392 2391
f 2391 2392 2384
f 2393 2394 2395
f 2393 2395 2396
f 2393 2396 2397
f 2393 2397 2398
f 2393 2398 2399
f 2393 2399 2400
f 2393 2400 2401
f 2393 2401 2394
f 2394 2402 2403 2395
f 2395 2403 2404 2396
f 2396 2404 2405 2397
f 2397 2405 2406 2398
f 2398 2406 2407 2399
f 2399 2407 2408 2400
f 2400 2408 2409 2401
f 2401 2409 2402 2394
f 2402 2410 2411 2403
f 2403 2411 2412 2404
f 2404 2412 2413 2405
f 2405 2413 2414 2406
f 2406 2414 2415 2407
f 2407 2415 2416 2408
f 2408 2416 2417 2409
f 2409 2417 2410 2402
f 2410 2418 2411
f 2411 2418 2412
f 2412 2418 2413
f 2413 2418 2414
f 2414 2418 2415
f 2415 2418 2416
f 2416 2418 2417
f 2417 2418 2410
f 2419 2420 2421
f 2419 2421 2422
f 2419 2422 2423
f 2419 2423 2424
f 2419 2424 2425
f 2419 2425 2426
f 2419 2426 2427
f 2419 2427 2420
f 2420 2428 2429 2421
f 2421 2429 2430 2422
f 2422 2430 2431 2423
f 2423 2431 2432 2424
f 2424 2432 2433 2425
f 2425 2433 2434 2426
f 2426 2434 2435 2427
f 2427 2435 2428 2420
f 2428 2436 2437 2429
f 2429 2437 2438 2430
f 2430 2438 2439 2431
f 2431 2439 2440 2432
f 2432 2440 2441 2433
f 2433 2441 2442 2434
f 2434 2442 2443 2435
f 2435 2443 2436 2428
f 2436 2444 2437
f 2437 2444 2438
f 2438 2444 2439
f 2439 2444 2440
f 2440 2444 2441
f 2441 2444 2442
f 2442 2444 2443
f 2443 2444 2436
f 2445 2446 2447
f 2445 2447 2448
f 2445 2448 2449
f 2445 2449 2450
f 2445 2450 2451
f 2445 2451 2452
f 2445 2452 2453
f 2445 2453 2446
f 2446 2454 2455 2447
f 2447 2455 2456 2448
f 2448 2456 2457 2449
f 2449 2457 2458 2450
f 2450 2458 2459 2451
f 2451 2459 2460 2452
f 2452 2460 2461 2453
f 2453 2461 2454 2446
f 2454 2462 2463 2455
f 2455 2463 2464 2456
f 2456 2464 2465 2457
f 2457 2465 2466 2458
f 2458 2466 2467 2459
f 2459 2467 2468 2460
f 2460 2468 2469 2461
f 2461 2469 2462 2454
f 2462 2470 2463
f 2463 2470 2464
f 2464 2470 2465
f 2465 2470 2466
f 2466 2470 2467
f 2467 2470 2468
f 2468 2470 2469
f 2469 2470 2462
f 2471 2472 2473
f 2471 2473 2474
f 2471 2474 2475
f 2471 2475 2476
f 2471 2476 2477
f 2471 2477 2478
f 2471 2478 2479
f 2471 2479 2472
f 2472 2480 2481 2473
f 2473 2481 2482 2474
f 2474 2482 2483 2475
f 2475 2483 2484 2476
f 2476 2484 2485 2477
f 2477 2485 2486 2478
f 2478 2486 2487 2479
f 2479 2487 2480 2472
f 2480 2488 2489 2481
f 2481 2489 2490 2482
f 2482 2490 2491 2483
f 2483 2491 2492 2484
f 2484 2492 2493 2485
f 2485 2493 2494 2486
f 2486 2494 2495 2487
f 2487 2495 2488 2480
f 2488 2496 2489
f 2489 2496 2490
f 2490 2496 2491
f 2491 2496 2492
f 2492 2496 2493
f 2493 2496 2494
f 2494 2496 2495
f 2495 2496 2488
f 2497 2498 2499
f 2497 2499 2500
f 2497 2500 2501
f 2497 2501 2502
f 2497 2502 2503
f 2497 2503 2504
f 2497 2504 2505
f 2497 2505 2498
f 2498 2506 2507 2499
f 2499 2507 2508 2500
f 2500 2508 2509 2501
f 2501 2509 2510 2502
f 2502 2510 2511 2503
f 2503 2511 2512 2504
f 2504 2512 2513 2505
f 2505 2513 2506 2498
f 2506 2514 2515 2507
f 2507 2515 2516 2508
f 2508 2516 2517 2509
f 2509 2517 2518 2510
f 2510 2518 2519 2511
f 2511 2519 2520 2512
f 2512 2520 2521 2513
f 2513 2521 2514 2506
f 2514 2522 2515
f 2515 2522 2516
f 2516 2522 2517
f 2517 2522 2518
f 2518 2522 2519
f 2519 2522 2520
f 2520 2522 2521
f 2521 2522 2514
f 2523 2524 2525
f 2523 2525 2526
f 2523 2526 2527
f 2523 2527 2528
f 2523 2528 2529
f 2523 2529 2530
f 2523 2530 2531
f 2523 2531 2524
f 2524 2532 2533 2525
f 2525 2533 2534 2526
f 2526 2534 2535 2527
f 2527 2535 2536 2528
f 2528 2536 2537 2529
f 2529 2537 2538 2530
f 2530 2538 2539 2531
f 2531 2539 2532 2524
f 2532 2540 2541 2533
f 2533 2541 2542 2534
f 2534 2542 2543 2535
f 2535 2543 2544 2536
f 2536 2544 2545 2537
f 2537 2545 2546 2538
f 2538 2546 2547 2539
f 2539 2547 2540 2532
f 2540 2548 2541
f 2541 2548 2542
f 2542 2548 2543
f 2543 2548 2544
f 2544 2548 2545
f 2545 2548 2546
f 2546 2548 2547
f 2547 2548 2540
f 2549 2550 2551
f 2549 2551 2552
f 2549 2552 2553
f 2549 2553 2554
f 2549 2554 2555
f 2549 2555 2556
f 2549 2556 2557
f 2549 2557 2550
f 2550 2558 2559 2551
f 2551 2559 2560 2552
f 2552 2560 2561 2553
f 2553 2561 2562 2554
f 2554 2562 2563 2555
f 2555 2563 2564 2556
f 2556 2564 2565 2557
f 2557 2565 2558 2550
f 2558 2566 2567 2559
f 2559 2567 2568 2560
f 2560 2568 2569 2561
f 2561 2569 2570 2562
f 2562 2570 2571 2563
f 2563 2571 2572 2564
f 2564 2572 2573 2565
f 2565 2573 2566 2558
f 2566 2574 2567
f 2567 2574 2568
f 2568 2574 2569
f 2569 2574 2570
f 2570 2574 2571
f 2571 2574 2572
f 2572 2574 2573
f 2573 2574 2566
f 2575 2576 2577
f 2575 2577 2578
f 2575 2578 2579
f 2575 2579 2580
f 2575 2580 2581
f 2575 2581 2582
f 2575 2582 2583
f 2575 2583 2576
f 2576 2584 2585 2577
f 2577 2585 2586 2578
f 2578 2586 2587 2579
f 2579 2587 2588 2580
f 2580 2588 2589 2581
f 2581 2589 2590 2582
f 2582 2590 2591 2583
f 2583 2591 2584 2576
f 2584 2592 2593 2585
f 2585 2593 2594 2586
f 2586 2594 2595 2587
f 2587 2595 2596 2588
f 2588 2596 2597 2589
f 2589 2597 2598 2590
f 2590 2598 2599 2591
f 2591 2599 2592 2584
f 2592 2600 2593
f 2593 2600 2594
f 2594 2600 2595
f 2595 2600 2596
f 2596 2600 2597
f 2597 2600 2598
f 2598 2600 2599
f 2599 2600 2592
f 2601 2602 2603
f 2601 2603 2604
f 2601 2604 2605
f 2601 2605 2606
f 2601 2606 2607
f 2601 2607 2608
f 2601 2608 2609
f 2601 2609 2602
f 2602 2610 2611 2603
f 2603 2611 2612 2604
f 2604 2612 2613 2605
f 2605 2613 2614 2606
f 2606 2614 2615 2607
f 2607 2615 2616 2608
f 2608 2616 2617 2609
f 2609 2617 2610 2602
f 2610 2618 2619 2611
f 2611 2619 2620 2612
f 2612 2620 2621 2613
f 2613 2621 2622 2614
f 2614 2622 2623 2615
f 2615 2623 2624 2616
f 2616 2624 2625 2617
f 2617 2625 2618 2610
f 2618 2626 2619
f 2619 2626 2620
f 2620 2626 2621
f 2621 2626 2622
f 2622 2626 2623
f 2623 2626 2624
f 2624 2626 2625
f 2625 2626 2618
f 2627 2628 2629
f 2627 2629 2630
f 2627 2630 2631
f 2627 2631 2632
f 2627 2632 2633
f 2627 2633 2634
f 2627 2634 2635
f 2627 2635 2628
f 2628 2636 2637 2629
f 2629 2637 2638 2630
f 2630 2638 2639 2631
f 2631 2639 2640 2632
f 2632 2640 2641 2633
f 2633 2641 2642 2634
f 2634 2642 2643 2635
f 2635 2643 2636 2628
f 2636 2644 2645 2637
f 2637 2645 2646 2638
f 2638 2646 2647 2639
f 2639 2647 2648 2640
f 2640 2648 2649 2641
f 2641 2649 2650 2642
f 2642 2650 2651 2643
f 2643 2651 2644 2636
f 2644 2652 2645
f 2645 2652 2646
f 2646 2652 2647
f 2647 2652 2648
f 2648 2652 2649
f 2649 2652 2650
f 2650 2652 2651
f 2651 2652 2644
f 2653 2654 2655
f 2653 2655 2656
f 2653 2656 2657
f 2653 2657 2658
f 2653 2658 2659
f 2653 2659 2660
f 2653 2660 2661
f 2653 2661 2654
f 2654 2662 2663 2655
f 2655 2663 2664 2656
f 2656 2664 2665 2657
f 2657 2665 2666 2658
f 2658 2666 2667 2659
f 2659 2667 2668 2660
f 2660 2668 2669 2661
f 2661 2669 2662 2654
f 2662 2670 2671 2663
f 2663 2671 2672 2664
f 2664 2672 2673 2665
f 2665 2673 2674 2666
f 2666 2674 2675 2667
f 2667 2675 2676 2668
f 2668 2676 2677 2669
f 2669 2677 2670 2662
f 2670 2678 2671
f 2671 2678 2672
f 2672 2678 2673
f 2673 2678 2674
f 2674 2678 2675
f 2675 2678 2676
f 2676 2678 2677
f 2677 2678 2670
f 2679 2680 2681
f 2679 2681 2682
f 2679 2682 2683
f 2679 2683 2684
f 2679 2684 2685
f 2679 2685 2686
f 2679 2686 2687
f 2679 2687 2680
f 2680 2688 2689 2681
f 2681 2689 2690 2682
f 2682 2690 2691 2683
f 2683 2691 2692 2684
f 2684 2692 2693 2685
f 2685 2693 2694 2686
f 2686 2694 2695 2687
f 2687 2695 2688 2680
f 2688 2696 2697 2689
f 2689 2697 2698 2690
f 2690 2698 2699 2691
f 2691 2699 2700 2692
f 2692 2700 2701 2693
f 2693 2701 2702 2694
f 2694 2702 2703 2695
f 2695 2703 2696 2688
f 2696 2704 2697
f 2697 2704 2698
f 2698 2704 2699
f 2699 2704 2700
f 2700 2704 2701
f 2701 2704 2702
f 2702 2704 2703
f 2703 2704 2696
f 2705 2706 2707
f 2705 2707 2708
f 2705 2708 2709
f 2705 2709 2710
f 2705 2710 2711
f 2705 2711 2712
f 2705 2712 2713
f 2705 2713 2706
f 2706 2714 2715 2707
f 2707 2715 2716 2708
f 2708 2716 2717 2709
f 2709 2717 2718 2710
f 2710 2718 2719 2711
f 2711 2719 2720 2712
f 2712 2720 2721 2713
f 2713 2721 2714 2706
f 2714 2722 2723 2715
f 2715 2723 2724 2716
f 2716 2724 2725 2717
f 2717 2725 2726 2718
f 2718 2726 2727 2719
f 2719 2727 2728 2720
f 2720 2728 2729 2721
f 2721 2729 2722 2714
f 2722 2730 2723
f 2723 2730 2724
f 2724 2730 2725
f 2725 2730 2726
f 2726 2730 2727
f 2727 2730 2728
f 2728 2730 2729
f 2729 2730 2722
f 2731 2732 2733
f 2731 2733 2734
f 2731 2734 2735
f 2731 2735 2736
f 2731 2736 2737
f 2731 2737 2738
f 2731 2738 2739
f 2731 2739 2732
f 2732 2740 2741 2733
f 2733 2741 2742 2734
f 2734 2742 2743 2735
f 2735 2743 2744 2736
f 2736 2744 2745 2737
f 2737 2745 2746 2738
f 2738 2746 2747 2739
f 2739 2747 2740 2732
f 2740 2748 2749 2741
f 2741 2749 2750 2742
f 2742 2750 2751 2743
f 2743 2751 2752 2744
f 2744 2752 2753 2745
f 2745 2753 2754 2746
f 2746 2754 2755 2747
f 2747 2755 2748 2740
f 2748 2756 2749
f 2749 2756 2750
f 2750 2756 2751
f 2751 2756 2752
f 2752 2756 2753
f 2753 2756 2754
f 2754 2756 2755
f 2755 2756 2748
