# WormSegmentUltraHeadmatched
# Exported approximation from Ship Editor geometry
# FRONT = -Y, REAR = +Y
# bodies=87 vertices=2990 faces=3532
v 12.50000 -42.00000 0.00000
v 11.74616 -42.00000 2.56515
v 9.57556 -42.00000 4.82091
v 6.25000 -42.00000 6.49519
v 2.17060 -42.00000 7.38606
v -2.17060 -42.00000 7.38606
v -6.25000 -42.00000 6.49519
v -9.57556 -42.00000 4.82091
v -11.74616 -42.00000 2.56515
v -12.50000 -42.00000 0.00000
v -11.74616 -42.00000 -2.56515
v -9.57556 -42.00000 -4.82091
v -6.25000 -42.00000 -6.49519
v -2.17060 -42.00000 -7.38606
v 2.17060 -42.00000 -7.38606
v 6.25000 -42.00000 -6.49519
v 9.57556 -42.00000 -4.82091
v 11.74616 -42.00000 -2.56515
v 17.00000 -28.00000 3.00000
v 15.97477 -28.00000 6.59121
v 13.02276 -28.00000 9.74927
v 8.50000 -28.00000 12.09327
v 2.95202 -28.00000 13.34048
v -2.95202 -28.00000 13.34048
v -8.50000 -28.00000 12.09327
v -13.02276 -28.00000 9.74927
v -15.97477 -28.00000 6.59121
v -17.00000 -28.00000 3.00000
v -15.97477 -28.00000 -0.59121
v -13.02276 -28.00000 -3.74927
v -8.50000 -28.00000 -6.09327
v -2.95202 -28.00000 -7.34048
v 2.95202 -28.00000 -7.34048
v 8.50000 -28.00000 -6.09327
v 13.02276 -28.00000 -3.74927
v 15.97477 -28.00000 -0.59121
v 20.50000 -14.00000 7.00000
v 19.26370 -14.00000 11.44626
v 15.70391 -14.00000 15.35624
v 10.25000 -14.00000 18.25833
v 3.55979 -14.00000 19.80250
v -3.55979 -14.00000 19.80250
v -10.25000 -14.00000 18.25833
v -15.70391 -14.00000 15.35624
v -19.26370 -14.00000 11.44626
v -20.50000 -14.00000 7.00000
v -19.26370 -14.00000 2.55374
v -15.70391 -14.00000 -1.35624
v -10.25000 -14.00000 -4.25833
v -3.55979 -14.00000 -5.80250
v 3.55979 -14.00000 -5.80250
v 10.25000 -14.00000 -4.25833
v 15.70391 -14.00000 -1.35624
v 19.26370 -14.00000 2.55374
v 23.00000 0.00000 10.00000
v 21.61293 0.00000 14.95929
v 17.61902 0.00000 19.32042
v 11.50000 0.00000 22.55737
v 3.99391 0.00000 24.27971
v -3.99391 0.00000 24.27971
v -11.50000 0.00000 22.55737
v -17.61902 0.00000 19.32042
v -21.61293 0.00000 14.95929
v -23.00000 0.00000 10.00000
v -21.61293 0.00000 5.04071
v -17.61902 0.00000 0.67958
v -11.50000 0.00000 -2.55737
v -3.99391 0.00000 -4.27971
v 3.99391 0.00000 -4.27971
v 11.50000 0.00000 -2.55737
v 17.61902 0.00000 0.67958
v 21.61293 0.00000 5.04071
v 20.50000 14.00000 7.00000
v 19.26370 14.00000 11.44626
v 15.70391 14.00000 15.35624
v 10.25000 14.00000 18.25833
v 3.55979 14.00000 19.80250
v -3.55979 14.00000 19.80250
v -10.25000 14.00000 18.25833
v -15.70391 14.00000 15.35624
v -19.26370 14.00000 11.44626
v -20.50000 14.00000 7.00000
v -19.26370 14.00000 2.55374
v -15.70391 14.00000 -1.35624
v -10.25000 14.00000 -4.25833
v -3.55979 14.00000 -5.80250
v 3.55979 14.00000 -5.80250
v 10.25000 14.00000 -4.25833
v 15.70391 14.00000 -1.35624
v 19.26370 14.00000 2.55374
v 17.00000 28.00000 3.00000
v 15.97477 28.00000 6.59121
v 13.02276 28.00000 9.74927
v 8.50000 28.00000 12.09327
v 2.95202 28.00000 13.34048
v -2.95202 28.00000 13.34048
v -8.50000 28.00000 12.09327
v -13.02276 28.00000 9.74927
v -15.97477 28.00000 6.59121
v -17.00000 28.00000 3.00000
v -15.97477 28.00000 -0.59121
v -13.02276 28.00000 -3.74927
v -8.50000 28.00000 -6.09327
v -2.95202 28.00000 -7.34048
v 2.95202 28.00000 -7.34048
v 8.50000 28.00000 -6.09327
v 13.02276 28.00000 -3.74927
v 15.97477 28.00000 -0.59121
v 12.50000 42.00000 0.00000
v 11.74616 42.00000 2.56515
v 9.57556 42.00000 4.82091
v 6.25000 42.00000 6.49519
v 2.17060 42.00000 7.38606
v -2.17060 42.00000 7.38606
v -6.25000 42.00000 6.49519
v -9.57556 42.00000 4.82091
v -11.74616 42.00000 2.56515
v -12.50000 42.00000 0.00000
v -11.74616 42.00000 -2.56515
v -9.57556 42.00000 -4.82091
v -6.25000 42.00000 -6.49519
v -2.17060 42.00000 -7.38606
v 2.17060 42.00000 -7.38606
v 6.25000 42.00000 -6.49519
v 9.57556 42.00000 -4.82091
v 11.74616 42.00000 -2.56515
v 0.00000 -42.00000 0.00000
v 0.00000 42.00000 0.00000
v 10.50000 -35.00000 11.00000
v 9.70074 -35.00000 13.10476
v 7.42462 -35.00000 14.88909
v 4.01818 -35.00000 16.08134
v 0.00000 -35.00000 16.50000
v -4.01818 -35.00000 16.08134
v -7.42462 -35.00000 14.88909
v -9.70074 -35.00000 13.10476
v -10.50000 -35.00000 11.00000
v -9.70074 -35.00000 8.89524
v -7.42462 -35.00000 7.11091
v -4.01818 -35.00000 5.91866
v -0.00000 -35.00000 5.50000
v 4.01818 -35.00000 5.91866
v 7.42462 -35.00000 7.11091
v 9.70074 -35.00000 8.89524
v 14.50000 -23.00000 15.00000
v 13.39625 -23.00000 18.06147
v 10.25305 -23.00000 20.65685
v 5.54891 -23.00000 22.39104
v 0.00000 -23.00000 23.00000
v -5.54891 -23.00000 22.39104
v -10.25305 -23.00000 20.65685
v -13.39625 -23.00000 18.06147
v -14.50000 -23.00000 15.00000
v -13.39625 -23.00000 11.93853
v -10.25305 -23.00000 9.34315
v -5.54891 -23.00000 7.60896
v -0.00000 -23.00000 7.00000
v 5.54891 -23.00000 7.60896
v 10.25305 -23.00000 9.34315
v 13.39625 -23.00000 11.93853
v 17.50000 -10.00000 20.00000
v 16.16789 -10.00000 24.01818
v 12.37437 -10.00000 27.42462
v 6.69696 -10.00000 29.70074
v 0.00000 -10.00000 30.50000
v -6.69696 -10.00000 29.70074
v -12.37437 -10.00000 27.42462
v -16.16789 -10.00000 24.01818
v -17.50000 -10.00000 20.00000
v -16.16789 -10.00000 15.98182
v -12.37437 -10.00000 12.57538
v -6.69696 -10.00000 10.29926
v -0.00000 -10.00000 9.50000
v 6.69696 -10.00000 10.29926
v 12.37437 -10.00000 12.57538
v 16.16789 -10.00000 15.98182
v 19.00000 4.00000 23.00000
v 17.55371 4.00000 27.40086
v 13.43503 4.00000 31.13173
v 7.27099 4.00000 33.62461
v 0.00000 4.00000 34.50000
v -7.27099 4.00000 33.62461
v -13.43503 4.00000 31.13173
v -17.55371 4.00000 27.40086
v -19.00000 4.00000 23.00000
v -17.55371 4.00000 18.59914
v -13.43503 4.00000 14.86827
v -7.27099 4.00000 12.37539
v -0.00000 4.00000 11.50000
v 7.27099 4.00000 12.37539
v 13.43503 4.00000 14.86827
v 17.55371 4.00000 18.59914
v 16.00000 19.00000 18.00000
v 14.78207 19.00000 21.44415
v 11.31371 19.00000 24.36396
v 6.12293 19.00000 26.31492
v 0.00000 19.00000 27.00000
v -6.12293 19.00000 26.31492
v -11.31371 19.00000 24.36396
v -14.78207 19.00000 21.44415
v -16.00000 19.00000 18.00000
v -14.78207 19.00000 14.55585
v -11.31371 19.00000 11.63604
v -6.12293 19.00000 9.68508
v -0.00000 19.00000 9.00000
v 6.12293 19.00000 9.68508
v 11.31371 19.00000 11.63604
v 14.78207 19.00000 14.55585
v 11.00000 33.00000 11.00000
v 10.16267 33.00000 13.29610
v 7.77817 33.00000 15.24264
v 4.20952 33.00000 16.54328
v 0.00000 33.00000 17.00000
v -4.20952 33.00000 16.54328
v -7.77817 33.00000 15.24264
v -10.16267 33.00000 13.29610
v -11.00000 33.00000 11.00000
v -10.16267 33.00000 8.70390
v -7.77817 33.00000 6.75736
v -4.20952 33.00000 5.45672
v -0.00000 33.00000 5.00000
v 4.20952 33.00000 5.45672
v 7.77817 33.00000 6.75736
v 10.16267 33.00000 8.70390
v 0.00000 -35.00000 11.00000
v 0.00000 33.00000 11.00000
v 11.00000 -30.00000 -8.00000
v 10.16267 -30.00000 -5.70390
v 7.77817 -30.00000 -3.75736
v 4.20952 -30.00000 -2.45672
v 0.00000 -30.00000 -2.00000
v -4.20952 -30.00000 -2.45672
v -7.77817 -30.00000 -3.75736
v -10.16267 -30.00000 -5.70390
v -11.00000 -30.00000 -8.00000
v -10.16267 -30.00000 -10.29610
v -7.77817 -30.00000 -12.24264
v -4.20952 -30.00000 -13.54328
v -0.00000 -30.00000 -14.00000
v 4.20952 -30.00000 -13.54328
v 7.77817 -30.00000 -12.24264
v 10.16267 -30.00000 -10.29610
v 15.00000 -15.00000 -11.00000
v 13.85819 -15.00000 -7.74719
v 10.60660 -15.00000 -4.98959
v 5.74025 -15.00000 -3.14702
v 0.00000 -15.00000 -2.50000
v -5.74025 -15.00000 -3.14702
v -10.60660 -15.00000 -4.98959
v -13.85819 -15.00000 -7.74719
v -15.00000 -15.00000 -11.00000
v -13.85819 -15.00000 -14.25281
v -10.60660 -15.00000 -17.01041
v -5.74025 -15.00000 -18.85298
v -0.00000 -15.00000 -19.50000
v 5.74025 -15.00000 -18.85298
v 10.60660 -15.00000 -17.01041
v 13.85819 -15.00000 -14.25281
v 17.50000 1.00000 -14.00000
v 16.16789 1.00000 -9.98182
v 12.37437 1.00000 -6.57538
v 6.69696 1.00000 -4.29926
v 0.00000 1.00000 -3.50000
v -6.69696 1.00000 -4.29926
v -12.37437 1.00000 -6.57538
v -16.16789 1.00000 -9.98182
v -17.50000 1.00000 -14.00000
v -16.16789 1.00000 -18.01818
v -12.37437 1.00000 -21.42462
v -6.69696 1.00000 -23.70074
v -0.00000 1.00000 -24.50000
v 6.69696 1.00000 -23.70074
v 12.37437 1.00000 -21.42462
v 16.16789 1.00000 -18.01818
v 15.00000 17.00000 -11.00000
v 13.85819 17.00000 -7.74719
v 10.60660 17.00000 -4.98959
v 5.74025 17.00000 -3.14702
v 0.00000 17.00000 -2.50000
v -5.74025 17.00000 -3.14702
v -10.60660 17.00000 -4.98959
v -13.85819 17.00000 -7.74719
v -15.00000 17.00000 -11.00000
v -13.85819 17.00000 -14.25281
v -10.60660 17.00000 -17.01041
v -5.74025 17.00000 -18.85298
v -0.00000 17.00000 -19.50000
v 5.74025 17.00000 -18.85298
v 10.60660 17.00000 -17.01041
v 13.85819 17.00000 -14.25281
v 11.00000 32.00000 -8.00000
v 10.16267 32.00000 -5.70390
v 7.77817 32.00000 -3.75736
v 4.20952 32.00000 -2.45672
v 0.00000 32.00000 -2.00000
v -4.20952 32.00000 -2.45672
v -7.77817 32.00000 -3.75736
v -10.16267 32.00000 -5.70390
v -11.00000 32.00000 -8.00000
v -10.16267 32.00000 -10.29610
v -7.77817 32.00000 -12.24264
v -4.20952 32.00000 -13.54328
v -0.00000 32.00000 -14.00000
v 4.20952 32.00000 -13.54328
v 7.77817 32.00000 -12.24264
v 10.16267 32.00000 -10.29610
v 0.00000 -30.00000 -8.00000
v 0.00000 32.00000 -8.00000
v -13.00000 -27.00000 2.00000
v -14.07180 -27.00000 4.50000
v -17.00000 -27.00000 6.33013
v -21.00000 -27.00000 7.00000
v -25.00000 -27.00000 6.33013
v -27.92820 -27.00000 4.50000
v -29.00000 -27.00000 2.00000
v -27.92820 -27.00000 -0.50000
v -25.00000 -27.00000 -2.33013
v -21.00000 -27.00000 -3.00000
v -17.00000 -27.00000 -2.33013
v -14.07180 -27.00000 -0.50000
v -19.00000 -18.00000 5.00000
v -20.47372 -18.00000 8.50000
v -24.50000 -18.00000 11.06218
v -30.00000 -18.00000 12.00000
v -35.50000 -18.00000 11.06218
v -39.52628 -18.00000 8.50000
v -41.00000 -18.00000 5.00000
v -39.52628 -18.00000 1.50000
v -35.50000 -18.00000 -1.06218
v -30.00000 -18.00000 -2.00000
v -24.50000 -18.00000 -1.06218
v -20.47372 -18.00000 1.50000
v -27.00000 -7.00000 9.00000
v -28.60770 -7.00000 13.00000
v -33.00000 -7.00000 15.92820
v -39.00000 -7.00000 17.00000
v -45.00000 -7.00000 15.92820
v -49.39230 -7.00000 13.00000
v -51.00000 -7.00000 9.00000
v -49.39230 -7.00000 5.00000
v -45.00000 -7.00000 2.07180
v -39.00000 -7.00000 1.00000
v -33.00000 -7.00000 2.07180
v -28.60770 -7.00000 5.00000
v -39.50000 8.00000 6.00000
v -40.77276 8.00000 9.00000
v -44.25000 8.00000 11.19615
v -49.00000 8.00000 12.00000
v -53.75000 8.00000 11.19615
v -57.22724 8.00000 9.00000
v -58.50000 8.00000 6.00000
v -57.22724 8.00000 3.00000
v -53.75000 8.00000 0.80385
v -49.00000 8.00000 0.00000
v -44.25000 8.00000 0.80385
v -40.77276 8.00000 3.00000
v -52.50000 22.00000 2.00000
v -53.10289 22.00000 3.75000
v -54.75000 22.00000 5.03109
v -57.00000 22.00000 5.50000
v -59.25000 22.00000 5.03109
v -60.89711 22.00000 3.75000
v -61.50000 22.00000 2.00000
v -60.89711 22.00000 0.25000
v -59.25000 22.00000 -1.03109
v -57.00000 22.00000 -1.50000
v -54.75000 22.00000 -1.03109
v -53.10289 22.00000 0.25000
v -21.00000 -27.00000 2.00000
v -57.00000 22.00000 2.00000
v -12.00000 -24.00000 10.00000
v -13.14590 -24.00000 12.35114
v -16.14590 -24.00000 13.80423
v -19.85410 -24.00000 13.80423
v -22.85410 -24.00000 12.35114
v -24.00000 -24.00000 10.00000
v -22.85410 -24.00000 7.64886
v -19.85410 -24.00000 6.19577
v -16.14590 -24.00000 6.19577
v -13.14590 -24.00000 7.64886
v -16.50000 -13.00000 14.00000
v -18.12336 -13.00000 17.23282
v -22.37336 -13.00000 19.23081
v -27.62664 -13.00000 19.23081
v -31.87664 -13.00000 17.23282
v -33.50000 -13.00000 14.00000
v -31.87664 -13.00000 10.76718
v -27.62664 -13.00000 8.76919
v -22.37336 -13.00000 8.76919
v -18.12336 -13.00000 10.76718
v -24.00000 0.00000 18.00000
v -25.52786 0.00000 20.93893
v -29.52786 0.00000 22.75528
v -34.47214 0.00000 22.75528
v -38.47214 0.00000 20.93893
v -40.00000 0.00000 18.00000
v -38.47214 0.00000 15.06107
v -34.47214 0.00000 13.24472
v -29.52786 0.00000 13.24472
v -25.52786 0.00000 15.06107
v -35.50000 13.00000 13.00000
v -36.16844 13.00000 14.46946
v -37.91844 13.00000 15.37764
v -40.08156 13.00000 15.37764
v -41.83156 13.00000 14.46946
v -42.50000 13.00000 13.00000
v -41.83156 13.00000 11.53054
v -40.08156 13.00000 10.62236
v -37.91844 13.00000 10.62236
v -36.16844 13.00000 11.53054
v -18.00000 -24.00000 10.00000
v -39.00000 13.00000 13.00000
v -12.50000 -14.00000 -6.00000
v -13.55041 -14.00000 -3.94275
v -16.30041 -14.00000 -2.67130
v -19.69959 -14.00000 -2.67130
v -22.44959 -14.00000 -3.94275
v -23.50000 -14.00000 -6.00000
v -22.44959 -14.00000 -8.05725
v -19.69959 -14.00000 -9.32870
v -16.30041 -14.00000 -9.32870
v -13.55041 -14.00000 -8.05725
v -17.50000 -3.00000 -9.00000
v -18.93237 -3.00000 -6.06107
v -22.68237 -3.00000 -4.24472
v -27.31763 -3.00000 -4.24472
v -31.06763 -3.00000 -6.06107
v -32.50000 -3.00000 -9.00000
v -31.06763 -3.00000 -11.93893
v -27.31763 -3.00000 -13.75528
v -22.68237 -3.00000 -13.75528
v -18.93237 -3.00000 -11.93893
v -25.00000 10.00000 -11.00000
v -26.33688 10.00000 -8.35497
v -29.83688 10.00000 -6.72025
v -34.16312 10.00000 -6.72025
v -37.66312 10.00000 -8.35497
v -39.00000 10.00000 -11.00000
v -37.66312 10.00000 -13.64503
v -34.16312 10.00000 -15.27975
v -29.83688 10.00000 -15.27975
v -26.33688 10.00000 -13.64503
v -35.00000 23.00000 -7.00000
v -35.57295 23.00000 -5.82443
v -37.07295 23.00000 -5.09789
v -38.92705 23.00000 -5.09789
v -40.42705 23.00000 -5.82443
v -41.00000 23.00000 -7.00000
v -40.42705 23.00000 -8.17557
v -38.92705 23.00000 -8.90211
v -37.07295 23.00000 -8.90211
v -35.57295 23.00000 -8.17557
v -18.00000 -14.00000 -6.00000
v -38.00000 23.00000 -7.00000
v 29.00000 -27.00000 2.00000
v 27.92820 -27.00000 4.50000
v 25.00000 -27.00000 6.33013
v 21.00000 -27.00000 7.00000
v 17.00000 -27.00000 6.33013
v 14.07180 -27.00000 4.50000
v 13.00000 -27.00000 2.00000
v 14.07180 -27.00000 -0.50000
v 17.00000 -27.00000 -2.33013
v 21.00000 -27.00000 -3.00000
v 25.00000 -27.00000 -2.33013
v 27.92820 -27.00000 -0.50000
v 41.00000 -18.00000 5.00000
v 39.52628 -18.00000 8.50000
v 35.50000 -18.00000 11.06218
v 30.00000 -18.00000 12.00000
v 24.50000 -18.00000 11.06218
v 20.47372 -18.00000 8.50000
v 19.00000 -18.00000 5.00000
v 20.47372 -18.00000 1.50000
v 24.50000 -18.00000 -1.06218
v 30.00000 -18.00000 -2.00000
v 35.50000 -18.00000 -1.06218
v 39.52628 -18.00000 1.50000
v 51.00000 -7.00000 9.00000
v 49.39230 -7.00000 13.00000
v 45.00000 -7.00000 15.92820
v 39.00000 -7.00000 17.00000
v 33.00000 -7.00000 15.92820
v 28.60770 -7.00000 13.00000
v 27.00000 -7.00000 9.00000
v 28.60770 -7.00000 5.00000
v 33.00000 -7.00000 2.07180
v 39.00000 -7.00000 1.00000
v 45.00000 -7.00000 2.07180
v 49.39230 -7.00000 5.00000
v 58.50000 8.00000 6.00000
v 57.22724 8.00000 9.00000
v 53.75000 8.00000 11.19615
v 49.00000 8.00000 12.00000
v 44.25000 8.00000 11.19615
v 40.77276 8.00000 9.00000
v 39.50000 8.00000 6.00000
v 40.77276 8.00000 3.00000
v 44.25000 8.00000 0.80385
v 49.00000 8.00000 0.00000
v 53.75000 8.00000 0.80385
v 57.22724 8.00000 3.00000
v 61.50000 22.00000 2.00000
v 60.89711 22.00000 3.75000
v 59.25000 22.00000 5.03109
v 57.00000 22.00000 5.50000
v 54.75000 22.00000 5.03109
v 53.10289 22.00000 3.75000
v 52.50000 22.00000 2.00000
v 53.10289 22.00000 0.25000
v 54.75000 22.00000 -1.03109
v 57.00000 22.00000 -1.50000
v 59.25000 22.00000 -1.03109
v 60.89711 22.00000 0.25000
v 21.00000 -27.00000 2.00000
v 57.00000 22.00000 2.00000
v 24.00000 -24.00000 10.00000
v 22.85410 -24.00000 12.35114
v 19.85410 -24.00000 13.80423
v 16.14590 -24.00000 13.80423
v 13.14590 -24.00000 12.35114
v 12.00000 -24.00000 10.00000
v 13.14590 -24.00000 7.64886
v 16.14590 -24.00000 6.19577
v 19.85410 -24.00000 6.19577
v 22.85410 -24.00000 7.64886
v 33.50000 -13.00000 14.00000
v 31.87664 -13.00000 17.23282
v 27.62664 -13.00000 19.23081
v 22.37336 -13.00000 19.23081
v 18.12336 -13.00000 17.23282
v 16.50000 -13.00000 14.00000
v 18.12336 -13.00000 10.76718
v 22.37336 -13.00000 8.76919
v 27.62664 -13.00000 8.76919
v 31.87664 -13.00000 10.76718
v 40.00000 0.00000 18.00000
v 38.47214 0.00000 20.93893
v 34.47214 0.00000 22.75528
v 29.52786 0.00000 22.75528
v 25.52786 0.00000 20.93893
v 24.00000 0.00000 18.00000
v 25.52786 0.00000 15.06107
v 29.52786 0.00000 13.24472
v 34.47214 0.00000 13.24472
v 38.47214 0.00000 15.06107
v 42.50000 13.00000 13.00000
v 41.83156 13.00000 14.46946
v 40.08156 13.00000 15.37764
v 37.91844 13.00000 15.37764
v 36.16844 13.00000 14.46946
v 35.50000 13.00000 13.00000
v 36.16844 13.00000 11.53054
v 37.91844 13.00000 10.62236
v 40.08156 13.00000 10.62236
v 41.83156 13.00000 11.53054
v 18.00000 -24.00000 10.00000
v 39.00000 13.00000 13.00000
v 23.50000 -14.00000 -6.00000
v 22.44959 -14.00000 -3.94275
v 19.69959 -14.00000 -2.67130
v 16.30041 -14.00000 -2.67130
v 13.55041 -14.00000 -3.94275
v 12.50000 -14.00000 -6.00000
v 13.55041 -14.00000 -8.05725
v 16.30041 -14.00000 -9.32870
v 19.69959 -14.00000 -9.32870
v 22.44959 -14.00000 -8.05725
v 32.50000 -3.00000 -9.00000
v 31.06763 -3.00000 -6.06107
v 27.31763 -3.00000 -4.24472
v 22.68237 -3.00000 -4.24472
v 18.93237 -3.00000 -6.06107
v 17.50000 -3.00000 -9.00000
v 18.93237 -3.00000 -11.93893
v 22.68237 -3.00000 -13.75528
v 27.31763 -3.00000 -13.75528
v 31.06763 -3.00000 -11.93893
v 39.00000 10.00000 -11.00000
v 37.66312 10.00000 -8.35497
v 34.16312 10.00000 -6.72025
v 29.83688 10.00000 -6.72025
v 26.33688 10.00000 -8.35497
v 25.00000 10.00000 -11.00000
v 26.33688 10.00000 -13.64503
v 29.83688 10.00000 -15.27975
v 34.16312 10.00000 -15.27975
v 37.66312 10.00000 -13.64503
v 41.00000 23.00000 -7.00000
v 40.42705 23.00000 -5.82443
v 38.92705 23.00000 -5.09789
v 37.07295 23.00000 -5.09789
v 35.57295 23.00000 -5.82443
v 35.00000 23.00000 -7.00000
v 35.57295 23.00000 -8.17557
v 37.07295 23.00000 -8.90211
v 38.92705 23.00000 -8.90211
v 40.42705 23.00000 -8.17557
v 18.00000 -14.00000 -6.00000
v 38.00000 23.00000 -7.00000
v 10.50000 -39.00000 1.00000
v 9.46017 -39.00000 3.60330
v 6.54664 -39.00000 5.69099
v 2.33647 -39.00000 6.84957
v -2.33647 -39.00000 6.84957
v -6.54664 -39.00000 5.69099
v -9.46017 -39.00000 3.60330
v -10.50000 -39.00000 1.00000
v -9.46017 -39.00000 -1.60330
v -6.54664 -39.00000 -3.69099
v -2.33647 -39.00000 -4.84957
v 2.33647 -39.00000 -4.84957
v 6.54664 -39.00000 -3.69099
v 9.46017 -39.00000 -1.60330
v 9.00000 -45.00000 3.00000
v 8.10872 -45.00000 5.16942
v 5.61141 -45.00000 6.90916
v 2.00269 -45.00000 7.87464
v -2.00269 -45.00000 7.87464
v -5.61141 -45.00000 6.90916
v -8.10872 -45.00000 5.16942
v -9.00000 -45.00000 3.00000
v -8.10872 -45.00000 0.83058
v -5.61141 -45.00000 -0.90916
v -2.00269 -45.00000 -1.87464
v 2.00269 -45.00000 -1.87464
v 5.61141 -45.00000 -0.90916
v 8.10872 -45.00000 0.83058
v 7.00000 -51.00000 4.00000
v 6.30678 -51.00000 5.73553
v 4.36443 -51.00000 7.12733
v 1.55765 -51.00000 7.89971
v -1.55765 -51.00000 7.89971
v -4.36443 -51.00000 7.12733
v -6.30678 -51.00000 5.73553
v -7.00000 -51.00000 4.00000
v -6.30678 -51.00000 2.26447
v -4.36443 -51.00000 0.87267
v -1.55765 -51.00000 0.10029
v 1.55765 -51.00000 0.10029
v 4.36443 -51.00000 0.87267
v 6.30678 -51.00000 2.26447
v 5.00000 -56.00000 3.00000
v 4.50484 -56.00000 4.30165
v 3.11745 -56.00000 5.34549
v 1.11260 -56.00000 5.92478
v -1.11260 -56.00000 5.92478
v -3.11745 -56.00000 5.34549
v -4.50484 -56.00000 4.30165
v -5.00000 -56.00000 3.00000
v -4.50484 -56.00000 1.69835
v -3.11745 -56.00000 0.65451
v -1.11260 -56.00000 0.07522
v 1.11260 -56.00000 0.07522
v 3.11745 -56.00000 0.65451
v 4.50484 -56.00000 1.69835
v 3.00000 -60.00000 1.00000
v 2.70291 -60.00000 1.86777
v 1.87047 -60.00000 2.56366
v 0.66756 -60.00000 2.94986
v -0.66756 -60.00000 2.94986
v -1.87047 -60.00000 2.56366
v -2.70291 -60.00000 1.86777
v -3.00000 -60.00000 1.00000
v -2.70291 -60.00000 0.13223
v -1.87047 -60.00000 -0.56366
v -0.66756 -60.00000 -0.94986
v 0.66756 -60.00000 -0.94986
v 1.87047 -60.00000 -0.56366
v 2.70291 -60.00000 0.13223
v 0.00000 -39.00000 1.00000
v 0.00000 -60.00000 1.00000
v 10.50000 39.00000 1.00000
v 9.46017 39.00000 3.60330
v 6.54664 39.00000 5.69099
v 2.33647 39.00000 6.84957
v -2.33647 39.00000 6.84957
v -6.54664 39.00000 5.69099
v -9.46017 39.00000 3.60330
v -10.50000 39.00000 1.00000
v -9.46017 39.00000 -1.60330
v -6.54664 39.00000 -3.69099
v -2.33647 39.00000 -4.84957
v 2.33647 39.00000 -4.84957
v 6.54664 39.00000 -3.69099
v 9.46017 39.00000 -1.60330
v 9.00000 45.00000 3.00000
v 8.10872 45.00000 5.16942
v 5.61141 45.00000 6.90916
v 2.00269 45.00000 7.87464
v -2.00269 45.00000 7.87464
v -5.61141 45.00000 6.90916
v -8.10872 45.00000 5.16942
v -9.00000 45.00000 3.00000
v -8.10872 45.00000 0.83058
v -5.61141 45.00000 -0.90916
v -2.00269 45.00000 -1.87464
v 2.00269 45.00000 -1.87464
v 5.61141 45.00000 -0.90916
v 8.10872 45.00000 0.83058
v 7.00000 51.00000 4.00000
v 6.30678 51.00000 5.73553
v 4.36443 51.00000 7.12733
v 1.55765 51.00000 7.89971
v -1.55765 51.00000 7.89971
v -4.36443 51.00000 7.12733
v -6.30678 51.00000 5.73553
v -7.00000 51.00000 4.00000
v -6.30678 51.00000 2.26447
v -4.36443 51.00000 0.87267
v -1.55765 51.00000 0.10029
v 1.55765 51.00000 0.10029
v 4.36443 51.00000 0.87267
v 6.30678 51.00000 2.26447
v 5.00000 56.00000 3.00000
v 4.50484 56.00000 4.30165
v 3.11745 56.00000 5.34549
v 1.11260 56.00000 5.92478
v -1.11260 56.00000 5.92478
v -3.11745 56.00000 5.34549
v -4.50484 56.00000 4.30165
v -5.00000 56.00000 3.00000
v -4.50484 56.00000 1.69835
v -3.11745 56.00000 0.65451
v -1.11260 56.00000 0.07522
v 1.11260 56.00000 0.07522
v 3.11745 56.00000 0.65451
v 4.50484 56.00000 1.69835
v 3.00000 60.00000 1.00000
v 2.70291 60.00000 1.86777
v 1.87047 60.00000 2.56366
v 0.66756 60.00000 2.94986
v -0.66756 60.00000 2.94986
v -1.87047 60.00000 2.56366
v -2.70291 60.00000 1.86777
v -3.00000 60.00000 1.00000
v -2.70291 60.00000 0.13223
v -1.87047 60.00000 -0.56366
v -0.66756 60.00000 -0.94986
v 0.66756 60.00000 -0.94986
v 1.87047 60.00000 -0.56366
v 2.70291 60.00000 0.13223
v 0.00000 39.00000 1.00000
v 0.00000 60.00000 1.00000
v -29.50000 -5.00000 5.00000
v -30.55280 -5.00000 7.57115
v -33.21858 -5.00000 8.93923
v -36.25000 -5.00000 8.46410
v -38.22862 -5.00000 6.36808
v -38.22862 -5.00000 3.63192
v -36.25000 -5.00000 1.53590
v -33.21858 -5.00000 1.06077
v -30.55280 -5.00000 2.42885
v -35.00000 -3.00000 13.00000
v -36.40373 -3.00000 16.21394
v -39.95811 -3.00000 17.92404
v -44.00000 -3.00000 17.33013
v -46.63816 -3.00000 14.71010
v -46.63816 -3.00000 11.28990
v -44.00000 -3.00000 8.66987
v -39.95811 -3.00000 8.07596
v -36.40373 -3.00000 9.78606
v -42.00000 3.00000 21.00000
v -43.16978 3.00000 23.89254
v -46.13176 3.00000 25.43163
v -49.50000 3.00000 24.89711
v -51.69846 3.00000 22.53909
v -51.69846 3.00000 19.46091
v -49.50000 3.00000 17.10289
v -46.13176 3.00000 16.56837
v -43.16978 3.00000 18.10746
v -49.50000 10.00000 29.00000
v -50.31884 10.00000 30.92836
v -52.39223 10.00000 31.95442
v -54.75000 10.00000 31.59808
v -56.28892 10.00000 30.02606
v -56.28892 10.00000 27.97394
v -54.75000 10.00000 26.40192
v -52.39223 10.00000 26.04558
v -50.31884 10.00000 27.07164
v -56.00000 17.00000 36.00000
v -56.46791 17.00000 37.28558
v -57.65270 17.00000 37.96962
v -59.00000 17.00000 37.73205
v -59.87939 17.00000 36.68404
v -59.87939 17.00000 35.31596
v -59.00000 17.00000 34.26795
v -57.65270 17.00000 34.03038
v -56.46791 17.00000 34.71442
v -34.00000 -5.00000 5.00000
v -58.00000 17.00000 36.00000
v -52.75000 17.00000 33.00000
v -53.40901 17.00000 34.41421
v -55.00000 17.00000 35.00000
v -56.59099 17.00000 34.41421
v -57.25000 17.00000 33.00000
v -56.59099 17.00000 31.58579
v -55.00000 17.00000 31.00000
v -53.40901 17.00000 31.58579
v -56.25000 25.00000 40.00000
v -56.76256 25.00000 41.06066
v -58.00000 25.00000 41.50000
v -59.23744 25.00000 41.06066
v -59.75000 25.00000 40.00000
v -59.23744 25.00000 38.93934
v -58.00000 25.00000 38.50000
v -56.76256 25.00000 38.93934
v -59.00000 33.00000 45.00000
v -59.29289 33.00000 45.53033
v -60.00000 33.00000 45.75000
v -60.70711 33.00000 45.53033
v -61.00000 33.00000 45.00000
v -60.70711 33.00000 44.46967
v -60.00000 33.00000 44.25000
v -59.29289 33.00000 44.46967
v -55.00000 17.00000 33.00000
v -60.00000 33.00000 45.00000
v 38.50000 -5.00000 5.00000
v 37.44720 -5.00000 7.57115
v 34.78142 -5.00000 8.93923
v 31.75000 -5.00000 8.46410
v 29.77138 -5.00000 6.36808
v 29.77138 -5.00000 3.63192
v 31.75000 -5.00000 1.53590
v 34.78142 -5.00000 1.06077
v 37.44720 -5.00000 2.42885
v 47.00000 -3.00000 13.00000
v 45.59627 -3.00000 16.21394
v 42.04189 -3.00000 17.92404
v 38.00000 -3.00000 17.33013
v 35.36184 -3.00000 14.71010
v 35.36184 -3.00000 11.28990
v 38.00000 -3.00000 8.66987
v 42.04189 -3.00000 8.07596
v 45.59627 -3.00000 9.78606
v 52.00000 3.00000 21.00000
v 50.83022 3.00000 23.89254
v 47.86824 3.00000 25.43163
v 44.50000 3.00000 24.89711
v 42.30154 3.00000 22.53909
v 42.30154 3.00000 19.46091
v 44.50000 3.00000 17.10289
v 47.86824 3.00000 16.56837
v 50.83022 3.00000 18.10746
v 56.50000 10.00000 29.00000
v 55.68116 10.00000 30.92836
v 53.60777 10.00000 31.95442
v 51.25000 10.00000 31.59808
v 49.71108 10.00000 30.02606
v 49.71108 10.00000 27.97394
v 51.25000 10.00000 26.40192
v 53.60777 10.00000 26.04558
v 55.68116 10.00000 27.07164
v 60.00000 17.00000 36.00000
v 59.53209 17.00000 37.28558
v 58.34730 17.00000 37.96962
v 57.00000 17.00000 37.73205
v 56.12061 17.00000 36.68404
v 56.12061 17.00000 35.31596
v 57.00000 17.00000 34.26795
v 58.34730 17.00000 34.03038
v 59.53209 17.00000 34.71442
v 34.00000 -5.00000 5.00000
v 58.00000 17.00000 36.00000
v 57.25000 17.00000 33.00000
v 56.59099 17.00000 34.41421
v 55.00000 17.00000 35.00000
v 53.40901 17.00000 34.41421
v 52.75000 17.00000 33.00000
v 53.40901 17.00000 31.58579
v 55.00000 17.00000 31.00000
v 56.59099 17.00000 31.58579
v 59.75000 25.00000 40.00000
v 59.23744 25.00000 41.06066
v 58.00000 25.00000 41.50000
v 56.76256 25.00000 41.06066
v 56.25000 25.00000 40.00000
v 56.76256 25.00000 38.93934
v 58.00000 25.00000 38.50000
v 59.23744 25.00000 38.93934
v 61.00000 33.00000 45.00000
v 60.70711 33.00000 45.53033
v 60.00000 33.00000 45.75000
v 59.29289 33.00000 45.53033
v 59.00000 33.00000 45.00000
v 59.29289 33.00000 44.46967
v 60.00000 33.00000 44.25000
v 60.70711 33.00000 44.46967
v 55.00000 17.00000 33.00000
v 60.00000 33.00000 45.00000
v -14.50000 -28.00000 19.00000
v -15.23223 -28.00000 20.41421
v -17.00000 -28.00000 21.00000
v -18.76777 -28.00000 20.41421
v -19.50000 -28.00000 19.00000
v -18.76777 -28.00000 17.58579
v -17.00000 -28.00000 17.00000
v -15.23223 -28.00000 17.58579
v -8.00000 -28.00000 22.00000
v -8.87868 -28.00000 23.76777
v -11.00000 -28.00000 24.50000
v -13.12132 -28.00000 23.76777
v -14.00000 -28.00000 22.00000
v -13.12132 -28.00000 20.23223
v -11.00000 -28.00000 19.50000
v -8.87868 -28.00000 20.23223
v -1.50000 -28.00000 25.00000
v -2.52513 -28.00000 27.12132
v -5.00000 -28.00000 28.00000
v -7.47487 -28.00000 27.12132
v -8.50000 -28.00000 25.00000
v -7.47487 -28.00000 22.87868
v -5.00000 -28.00000 22.00000
v -2.52513 -28.00000 22.87868
v 4.00000 -28.00000 28.00000
v 2.82843 -28.00000 30.47487
v 0.00000 -28.00000 31.50000
v -2.82843 -28.00000 30.47487
v -4.00000 -28.00000 28.00000
v -2.82843 -28.00000 25.52513
v -0.00000 -28.00000 24.50000
v 2.82843 -28.00000 25.52513
v 8.50000 -28.00000 25.00000
v 7.47487 -28.00000 27.12132
v 5.00000 -28.00000 28.00000
v 2.52513 -28.00000 27.12132
v 1.50000 -28.00000 25.00000
v 2.52513 -28.00000 22.87868
v 5.00000 -28.00000 22.00000
v 7.47487 -28.00000 22.87868
v 14.00000 -28.00000 22.00000
v 13.12132 -28.00000 23.76777
v 11.00000 -28.00000 24.50000
v 8.87868 -28.00000 23.76777
v 8.00000 -28.00000 22.00000
v 8.87868 -28.00000 20.23223
v 11.00000 -28.00000 19.50000
v 13.12132 -28.00000 20.23223
v 19.50000 -28.00000 19.00000
v 18.76777 -28.00000 20.41421
v 17.00000 -28.00000 21.00000
v 15.23223 -28.00000 20.41421
v 14.50000 -28.00000 19.00000
v 15.23223 -28.00000 17.58579
v 17.00000 -28.00000 17.00000
v 18.76777 -28.00000 17.58579
v -17.00000 -28.00000 19.00000
v 17.00000 -28.00000 19.00000
v -14.50000 -16.00000 19.00000
v -15.23223 -16.00000 20.41421
v -17.00000 -16.00000 21.00000
v -18.76777 -16.00000 20.41421
v -19.50000 -16.00000 19.00000
v -18.76777 -16.00000 17.58579
v -17.00000 -16.00000 17.00000
v -15.23223 -16.00000 17.58579
v -8.00000 -16.00000 22.00000
v -8.87868 -16.00000 23.76777
v -11.00000 -16.00000 24.50000
v -13.12132 -16.00000 23.76777
v -14.00000 -16.00000 22.00000
v -13.12132 -16.00000 20.23223
v -11.00000 -16.00000 19.50000
v -8.87868 -16.00000 20.23223
v -1.50000 -16.00000 25.00000
v -2.52513 -16.00000 27.12132
v -5.00000 -16.00000 28.00000
v -7.47487 -16.00000 27.12132
v -8.50000 -16.00000 25.00000
v -7.47487 -16.00000 22.87868
v -5.00000 -16.00000 22.00000
v -2.52513 -16.00000 22.87868
v 4.00000 -16.00000 28.00000
v 2.82843 -16.00000 30.47487
v 0.00000 -16.00000 31.50000
v -2.82843 -16.00000 30.47487
v -4.00000 -16.00000 28.00000
v -2.82843 -16.00000 25.52513
v -0.00000 -16.00000 24.50000
v 2.82843 -16.00000 25.52513
v 8.50000 -16.00000 25.00000
v 7.47487 -16.00000 27.12132
v 5.00000 -16.00000 28.00000
v 2.52513 -16.00000 27.12132
v 1.50000 -16.00000 25.00000
v 2.52513 -16.00000 22.87868
v 5.00000 -16.00000 22.00000
v 7.47487 -16.00000 22.87868
v 14.00000 -16.00000 22.00000
v 13.12132 -16.00000 23.76777
v 11.00000 -16.00000 24.50000
v 8.87868 -16.00000 23.76777
v 8.00000 -16.00000 22.00000
v 8.87868 -16.00000 20.23223
v 11.00000 -16.00000 19.50000
v 13.12132 -16.00000 20.23223
v 19.50000 -16.00000 19.00000
v 18.76777 -16.00000 20.41421
v 17.00000 -16.00000 21.00000
v 15.23223 -16.00000 20.41421
v 14.50000 -16.00000 19.00000
v 15.23223 -16.00000 17.58579
v 17.00000 -16.00000 17.00000
v 18.76777 -16.00000 17.58579
v -17.00000 -16.00000 19.00000
v 17.00000 -16.00000 19.00000
v -14.50000 -4.00000 19.00000
v -15.23223 -4.00000 20.41421
v -17.00000 -4.00000 21.00000
v -18.76777 -4.00000 20.41421
v -19.50000 -4.00000 19.00000
v -18.76777 -4.00000 17.58579
v -17.00000 -4.00000 17.00000
v -15.23223 -4.00000 17.58579
v -8.00000 -4.00000 22.00000
v -8.87868 -4.00000 23.76777
v -11.00000 -4.00000 24.50000
v -13.12132 -4.00000 23.76777
v -14.00000 -4.00000 22.00000
v -13.12132 -4.00000 20.23223
v -11.00000 -4.00000 19.50000
v -8.87868 -4.00000 20.23223
v -1.50000 -4.00000 25.00000
v -2.52513 -4.00000 27.12132
v -5.00000 -4.00000 28.00000
v -7.47487 -4.00000 27.12132
v -8.50000 -4.00000 25.00000
v -7.47487 -4.00000 22.87868
v -5.00000 -4.00000 22.00000
v -2.52513 -4.00000 22.87868
v 4.00000 -4.00000 28.00000
v 2.82843 -4.00000 30.47487
v 0.00000 -4.00000 31.50000
v -2.82843 -4.00000 30.47487
v -4.00000 -4.00000 28.00000
v -2.82843 -4.00000 25.52513
v -0.00000 -4.00000 24.50000
v 2.82843 -4.00000 25.52513
v 8.50000 -4.00000 25.00000
v 7.47487 -4.00000 27.12132
v 5.00000 -4.00000 28.00000
v 2.52513 -4.00000 27.12132
v 1.50000 -4.00000 25.00000
v 2.52513 -4.00000 22.87868
v 5.00000 -4.00000 22.00000
v 7.47487 -4.00000 22.87868
v 14.00000 -4.00000 22.00000
v 13.12132 -4.00000 23.76777
v 11.00000 -4.00000 24.50000
v 8.87868 -4.00000 23.76777
v 8.00000 -4.00000 22.00000
v 8.87868 -4.00000 20.23223
v 11.00000 -4.00000 19.50000
v 13.12132 -4.00000 20.23223
v 19.50000 -4.00000 19.00000
v 18.76777 -4.00000 20.41421
v 17.00000 -4.00000 21.00000
v 15.23223 -4.00000 20.41421
v 14.50000 -4.00000 19.00000
v 15.23223 -4.00000 17.58579
v 17.00000 -4.00000 17.00000
v 18.76777 -4.00000 17.58579
v -17.00000 -4.00000 19.00000
v 17.00000 -4.00000 19.00000
v -14.50000 8.00000 19.00000
v -15.23223 8.00000 20.41421
v -17.00000 8.00000 21.00000
v -18.76777 8.00000 20.41421
v -19.50000 8.00000 19.00000
v -18.76777 8.00000 17.58579
v -17.00000 8.00000 17.00000
v -15.23223 8.00000 17.58579
v -8.00000 8.00000 22.00000
v -8.87868 8.00000 23.76777
v -11.00000 8.00000 24.50000
v -13.12132 8.00000 23.76777
v -14.00000 8.00000 22.00000
v -13.12132 8.00000 20.23223
v -11.00000 8.00000 19.50000
v -8.87868 8.00000 20.23223
v -1.50000 8.00000 25.00000
v -2.52513 8.00000 27.12132
v -5.00000 8.00000 28.00000
v -7.47487 8.00000 27.12132
v -8.50000 8.00000 25.00000
v -7.47487 8.00000 22.87868
v -5.00000 8.00000 22.00000
v -2.52513 8.00000 22.87868
v 4.00000 8.00000 28.00000
v 2.82843 8.00000 30.47487
v 0.00000 8.00000 31.50000
v -2.82843 8.00000 30.47487
v -4.00000 8.00000 28.00000
v -2.82843 8.00000 25.52513
v -0.00000 8.00000 24.50000
v 2.82843 8.00000 25.52513
v 8.50000 8.00000 25.00000
v 7.47487 8.00000 27.12132
v 5.00000 8.00000 28.00000
v 2.52513 8.00000 27.12132
v 1.50000 8.00000 25.00000
v 2.52513 8.00000 22.87868
v 5.00000 8.00000 22.00000
v 7.47487 8.00000 22.87868
v 14.00000 8.00000 22.00000
v 13.12132 8.00000 23.76777
v 11.00000 8.00000 24.50000
v 8.87868 8.00000 23.76777
v 8.00000 8.00000 22.00000
v 8.87868 8.00000 20.23223
v 11.00000 8.00000 19.50000
v 13.12132 8.00000 20.23223
v 19.50000 8.00000 19.00000
v 18.76777 8.00000 20.41421
v 17.00000 8.00000 21.00000
v 15.23223 8.00000 20.41421
v 14.50000 8.00000 19.00000
v 15.23223 8.00000 17.58579
v 17.00000 8.00000 17.00000
v 18.76777 8.00000 17.58579
v -17.00000 8.00000 19.00000
v 17.00000 8.00000 19.00000
v -14.50000 20.00000 19.00000
v -15.23223 20.00000 20.41421
v -17.00000 20.00000 21.00000
v -18.76777 20.00000 20.41421
v -19.50000 20.00000 19.00000
v -18.76777 20.00000 17.58579
v -17.00000 20.00000 17.00000
v -15.23223 20.00000 17.58579
v -8.00000 20.00000 22.00000
v -8.87868 20.00000 23.76777
v -11.00000 20.00000 24.50000
v -13.12132 20.00000 23.76777
v -14.00000 20.00000 22.00000
v -13.12132 20.00000 20.23223
v -11.00000 20.00000 19.50000
v -8.87868 20.00000 20.23223
v -1.50000 20.00000 25.00000
v -2.52513 20.00000 27.12132
v -5.00000 20.00000 28.00000
v -7.47487 20.00000 27.12132
v -8.50000 20.00000 25.00000
v -7.47487 20.00000 22.87868
v -5.00000 20.00000 22.00000
v -2.52513 20.00000 22.87868
v 4.00000 20.00000 28.00000
v 2.82843 20.00000 30.47487
v 0.00000 20.00000 31.50000
v -2.82843 20.00000 30.47487
v -4.00000 20.00000 28.00000
v -2.82843 20.00000 25.52513
v -0.00000 20.00000 24.50000
v 2.82843 20.00000 25.52513
v 8.50000 20.00000 25.00000
v 7.47487 20.00000 27.12132
v 5.00000 20.00000 28.00000
v 2.52513 20.00000 27.12132
v 1.50000 20.00000 25.00000
v 2.52513 20.00000 22.87868
v 5.00000 20.00000 22.00000
v 7.47487 20.00000 22.87868
v 14.00000 20.00000 22.00000
v 13.12132 20.00000 23.76777
v 11.00000 20.00000 24.50000
v 8.87868 20.00000 23.76777
v 8.00000 20.00000 22.00000
v 8.87868 20.00000 20.23223
v 11.00000 20.00000 19.50000
v 13.12132 20.00000 20.23223
v 19.50000 20.00000 19.00000
v 18.76777 20.00000 20.41421
v 17.00000 20.00000 21.00000
v 15.23223 20.00000 20.41421
v 14.50000 20.00000 19.00000
v 15.23223 20.00000 17.58579
v 17.00000 20.00000 17.00000
v 18.76777 20.00000 17.58579
v -17.00000 20.00000 19.00000
v 17.00000 20.00000 19.00000
v -14.50000 31.00000 19.00000
v -15.23223 31.00000 20.41421
v -17.00000 31.00000 21.00000
v -18.76777 31.00000 20.41421
v -19.50000 31.00000 19.00000
v -18.76777 31.00000 17.58579
v -17.00000 31.00000 17.00000
v -15.23223 31.00000 17.58579
v -8.00000 31.00000 22.00000
v -8.87868 31.00000 23.76777
v -11.00000 31.00000 24.50000
v -13.12132 31.00000 23.76777
v -14.00000 31.00000 22.00000
v -13.12132 31.00000 20.23223
v -11.00000 31.00000 19.50000
v -8.87868 31.00000 20.23223
v -1.50000 31.00000 25.00000
v -2.52513 31.00000 27.12132
v -5.00000 31.00000 28.00000
v -7.47487 31.00000 27.12132
v -8.50000 31.00000 25.00000
v -7.47487 31.00000 22.87868
v -5.00000 31.00000 22.00000
v -2.52513 31.00000 22.87868
v 4.00000 31.00000 28.00000
v 2.82843 31.00000 30.47487
v 0.00000 31.00000 31.50000
v -2.82843 31.00000 30.47487
v -4.00000 31.00000 28.00000
v -2.82843 31.00000 25.52513
v -0.00000 31.00000 24.50000
v 2.82843 31.00000 25.52513
v 8.50000 31.00000 25.00000
v 7.47487 31.00000 27.12132
v 5.00000 31.00000 28.00000
v 2.52513 31.00000 27.12132
v 1.50000 31.00000 25.00000
v 2.52513 31.00000 22.87868
v 5.00000 31.00000 22.00000
v 7.47487 31.00000 22.87868
v 14.00000 31.00000 22.00000
v 13.12132 31.00000 23.76777
v 11.00000 31.00000 24.50000
v 8.87868 31.00000 23.76777
v 8.00000 31.00000 22.00000
v 8.87868 31.00000 20.23223
v 11.00000 31.00000 19.50000
v 13.12132 31.00000 20.23223
v 19.50000 31.00000 19.00000
v 18.76777 31.00000 20.41421
v 17.00000 31.00000 21.00000
v 15.23223 31.00000 20.41421
v 14.50000 31.00000 19.00000
v 15.23223 31.00000 17.58579
v 17.00000 31.00000 17.00000
v 18.76777 31.00000 17.58579
v -17.00000 31.00000 19.00000
v 17.00000 31.00000 19.00000
v 2.50000 -30.00000 22.00000
v 1.76777 -30.00000 23.76777
v 0.00000 -30.00000 24.50000
v -1.76777 -30.00000 23.76777
v -2.50000 -30.00000 22.00000
v -1.76777 -30.00000 20.23223
v -0.00000 -30.00000 19.50000
v 1.76777 -30.00000 20.23223
v 3.00000 -20.00000 25.00000
v 2.12132 -20.00000 27.12132
v 0.00000 -20.00000 28.00000
v -2.12132 -20.00000 27.12132
v -3.00000 -20.00000 25.00000
v -2.12132 -20.00000 22.87868
v -0.00000 -20.00000 22.00000
v 2.12132 -20.00000 22.87868
v 3.50000 -10.00000 27.00000
v 2.47487 -10.00000 29.47487
v 0.00000 -10.00000 30.50000
v -2.47487 -10.00000 29.47487
v -3.50000 -10.00000 27.00000
v -2.47487 -10.00000 24.52513
v -0.00000 -10.00000 23.50000
v 2.47487 -10.00000 24.52513
v 4.00000 0.00000 29.00000
v 2.82843 0.00000 31.82843
v 0.00000 0.00000 33.00000
v -2.82843 0.00000 31.82843
v -4.00000 0.00000 29.00000
v -2.82843 0.00000 26.17157
v -0.00000 0.00000 25.00000
v 2.82843 0.00000 26.17157
v 3.50000 10.00000 27.00000
v 2.47487 10.00000 29.47487
v 0.00000 10.00000 30.50000
v -2.47487 10.00000 29.47487
v -3.50000 10.00000 27.00000
v -2.47487 10.00000 24.52513
v -0.00000 10.00000 23.50000
v 2.47487 10.00000 24.52513
v 3.00000 20.00000 25.00000
v 2.12132 20.00000 27.12132
v 0.00000 20.00000 28.00000
v -2.12132 20.00000 27.12132
v -3.00000 20.00000 25.00000
v -2.12132 20.00000 22.87868
v -0.00000 20.00000 22.00000
v 2.12132 20.00000 22.87868
v 2.50000 30.00000 22.00000
v 1.76777 30.00000 23.76777
v 0.00000 30.00000 24.50000
v -1.76777 30.00000 23.76777
v -2.50000 30.00000 22.00000
v -1.76777 30.00000 20.23223
v -0.00000 30.00000 19.50000
v 1.76777 30.00000 20.23223
v 0.00000 -30.00000 22.00000
v 0.00000 30.00000 22.00000
v -24.50000 -25.00000 8.00000
v -25.23223 -25.00000 9.41421
v -27.00000 -25.00000 10.00000
v -28.76777 -25.00000 9.41421
v -29.50000 -25.00000 8.00000
v -28.76777 -25.00000 6.58579
v -27.00000 -25.00000 6.00000
v -25.23223 -25.00000 6.58579
v -30.00000 -24.00000 11.00000
v -30.87868 -24.00000 12.76777
v -33.00000 -24.00000 13.50000
v -35.12132 -24.00000 12.76777
v -36.00000 -24.00000 11.00000
v -35.12132 -24.00000 9.23223
v -33.00000 -24.00000 8.50000
v -30.87868 -24.00000 9.23223
v -35.50000 -22.00000 15.00000
v -36.23223 -22.00000 16.41421
v -38.00000 -22.00000 17.00000
v -39.76777 -22.00000 16.41421
v -40.50000 -22.00000 15.00000
v -39.76777 -22.00000 13.58579
v -38.00000 -22.00000 13.00000
v -36.23223 -22.00000 13.58579
v -41.50000 -19.00000 12.00000
v -41.93934 -19.00000 12.88388
v -43.00000 -19.00000 13.25000
v -44.06066 -19.00000 12.88388
v -44.50000 -19.00000 12.00000
v -44.06066 -19.00000 11.11612
v -43.00000 -19.00000 10.75000
v -41.93934 -19.00000 11.11612
v -27.00000 -25.00000 8.00000
v -43.00000 -19.00000 12.00000
v -24.50000 -12.00000 8.00000
v -25.23223 -12.00000 9.41421
v -27.00000 -12.00000 10.00000
v -28.76777 -12.00000 9.41421
v -29.50000 -12.00000 8.00000
v -28.76777 -12.00000 6.58579
v -27.00000 -12.00000 6.00000
v -25.23223 -12.00000 6.58579
v -30.00000 -11.00000 11.00000
v -30.87868 -11.00000 12.76777
v -33.00000 -11.00000 13.50000
v -35.12132 -11.00000 12.76777
v -36.00000 -11.00000 11.00000
v -35.12132 -11.00000 9.23223
v -33.00000 -11.00000 8.50000
v -30.87868 -11.00000 9.23223
v -35.50000 -9.00000 15.00000
v -36.23223 -9.00000 16.41421
v -38.00000 -9.00000 17.00000
v -39.76777 -9.00000 16.41421
v -40.50000 -9.00000 15.00000
v -39.76777 -9.00000 13.58579
v -38.00000 -9.00000 13.00000
v -36.23223 -9.00000 13.58579
v -41.50000 -6.00000 12.00000
v -41.93934 -6.00000 12.88388
v -43.00000 -6.00000 13.25000
v -44.06066 -6.00000 12.88388
v -44.50000 -6.00000 12.00000
v -44.06066 -6.00000 11.11612
v -43.00000 -6.00000 10.75000
v -41.93934 -6.00000 11.11612
v -27.00000 -12.00000 8.00000
v -43.00000 -6.00000 12.00000
v -24.50000 1.00000 8.00000
v -25.23223 1.00000 9.41421
v -27.00000 1.00000 10.00000
v -28.76777 1.00000 9.41421
v -29.50000 1.00000 8.00000
v -28.76777 1.00000 6.58579
v -27.00000 1.00000 6.00000
v -25.23223 1.00000 6.58579
v -30.00000 2.00000 11.00000
v -30.87868 2.00000 12.76777
v -33.00000 2.00000 13.50000
v -35.12132 2.00000 12.76777
v -36.00000 2.00000 11.00000
v -35.12132 2.00000 9.23223
v -33.00000 2.00000 8.50000
v -30.87868 2.00000 9.23223
v -35.50000 4.00000 15.00000
v -36.23223 4.00000 16.41421
v -38.00000 4.00000 17.00000
v -39.76777 4.00000 16.41421
v -40.50000 4.00000 15.00000
v -39.76777 4.00000 13.58579
v -38.00000 4.00000 13.00000
v -36.23223 4.00000 13.58579
v -41.50000 7.00000 12.00000
v -41.93934 7.00000 12.88388
v -43.00000 7.00000 13.25000
v -44.06066 7.00000 12.88388
v -44.50000 7.00000 12.00000
v -44.06066 7.00000 11.11612
v -43.00000 7.00000 10.75000
v -41.93934 7.00000 11.11612
v -27.00000 1.00000 8.00000
v -43.00000 7.00000 12.00000
v -24.50000 14.00000 8.00000
v -25.23223 14.00000 9.41421
v -27.00000 14.00000 10.00000
v -28.76777 14.00000 9.41421
v -29.50000 14.00000 8.00000
v -28.76777 14.00000 6.58579
v -27.00000 14.00000 6.00000
v -25.23223 14.00000 6.58579
v -30.00000 15.00000 11.00000
v -30.87868 15.00000 12.76777
v -33.00000 15.00000 13.50000
v -35.12132 15.00000 12.76777
v -36.00000 15.00000 11.00000
v -35.12132 15.00000 9.23223
v -33.00000 15.00000 8.50000
v -30.87868 15.00000 9.23223
v -35.50000 17.00000 15.00000
v -36.23223 17.00000 16.41421
v -38.00000 17.00000 17.00000
v -39.76777 17.00000 16.41421
v -40.50000 17.00000 15.00000
v -39.76777 17.00000 13.58579
v -38.00000 17.00000 13.00000
v -36.23223 17.00000 13.58579
v -41.50000 20.00000 12.00000
v -41.93934 20.00000 12.88388
v -43.00000 20.00000 13.25000
v -44.06066 20.00000 12.88388
v -44.50000 20.00000 12.00000
v -44.06066 20.00000 11.11612
v -43.00000 20.00000 10.75000
v -41.93934 20.00000 11.11612
v -27.00000 14.00000 8.00000
v -43.00000 20.00000 12.00000
v -24.50000 27.00000 8.00000
v -25.23223 27.00000 9.41421
v -27.00000 27.00000 10.00000
v -28.76777 27.00000 9.41421
v -29.50000 27.00000 8.00000
v -28.76777 27.00000 6.58579
v -27.00000 27.00000 6.00000
v -25.23223 27.00000 6.58579
v -30.00000 28.00000 11.00000
v -30.87868 28.00000 12.76777
v -33.00000 28.00000 13.50000
v -35.12132 28.00000 12.76777
v -36.00000 28.00000 11.00000
v -35.12132 28.00000 9.23223
v -33.00000 28.00000 8.50000
v -30.87868 28.00000 9.23223
v -35.50000 30.00000 15.00000
v -36.23223 30.00000 16.41421
v -38.00000 30.00000 17.00000
v -39.76777 30.00000 16.41421
v -40.50000 30.00000 15.00000
v -39.76777 30.00000 13.58579
v -38.00000 30.00000 13.00000
v -36.23223 30.00000 13.58579
v -41.50000 33.00000 12.00000
v -41.93934 33.00000 12.88388
v -43.00000 33.00000 13.25000
v -44.06066 33.00000 12.88388
v -44.50000 33.00000 12.00000
v -44.06066 33.00000 11.11612
v -43.00000 33.00000 10.75000
v -41.93934 33.00000 11.11612
v -27.00000 27.00000 8.00000
v -43.00000 33.00000 12.00000
v 29.50000 -25.00000 8.00000
v 28.76777 -25.00000 9.41421
v 27.00000 -25.00000 10.00000
v 25.23223 -25.00000 9.41421
v 24.50000 -25.00000 8.00000
v 25.23223 -25.00000 6.58579
v 27.00000 -25.00000 6.00000
v 28.76777 -25.00000 6.58579
v 36.00000 -24.00000 11.00000
v 35.12132 -24.00000 12.76777
v 33.00000 -24.00000 13.50000
v 30.87868 -24.00000 12.76777
v 30.00000 -24.00000 11.00000
v 30.87868 -24.00000 9.23223
v 33.00000 -24.00000 8.50000
v 35.12132 -24.00000 9.23223
v 40.50000 -22.00000 15.00000
v 39.76777 -22.00000 16.41421
v 38.00000 -22.00000 17.00000
v 36.23223 -22.00000 16.41421
v 35.50000 -22.00000 15.00000
v 36.23223 -22.00000 13.58579
v 38.00000 -22.00000 13.00000
v 39.76777 -22.00000 13.58579
v 44.50000 -19.00000 12.00000
v 44.06066 -19.00000 12.88388
v 43.00000 -19.00000 13.25000
v 41.93934 -19.00000 12.88388
v 41.50000 -19.00000 12.00000
v 41.93934 -19.00000 11.11612
v 43.00000 -19.00000 10.75000
v 44.06066 -19.00000 11.11612
v 27.00000 -25.00000 8.00000
v 43.00000 -19.00000 12.00000
v 29.50000 -12.00000 8.00000
v 28.76777 -12.00000 9.41421
v 27.00000 -12.00000 10.00000
v 25.23223 -12.00000 9.41421
v 24.50000 -12.00000 8.00000
v 25.23223 -12.00000 6.58579
v 27.00000 -12.00000 6.00000
v 28.76777 -12.00000 6.58579
v 36.00000 -11.00000 11.00000
v 35.12132 -11.00000 12.76777
v 33.00000 -11.00000 13.50000
v 30.87868 -11.00000 12.76777
v 30.00000 -11.00000 11.00000
v 30.87868 -11.00000 9.23223
v 33.00000 -11.00000 8.50000
v 35.12132 -11.00000 9.23223
v 40.50000 -9.00000 15.00000
v 39.76777 -9.00000 16.41421
v 38.00000 -9.00000 17.00000
v 36.23223 -9.00000 16.41421
v 35.50000 -9.00000 15.00000
v 36.23223 -9.00000 13.58579
v 38.00000 -9.00000 13.00000
v 39.76777 -9.00000 13.58579
v 44.50000 -6.00000 12.00000
v 44.06066 -6.00000 12.88388
v 43.00000 -6.00000 13.25000
v 41.93934 -6.00000 12.88388
v 41.50000 -6.00000 12.00000
v 41.93934 -6.00000 11.11612
v 43.00000 -6.00000 10.75000
v 44.06066 -6.00000 11.11612
v 27.00000 -12.00000 8.00000
v 43.00000 -6.00000 12.00000
v 29.50000 1.00000 8.00000
v 28.76777 1.00000 9.41421
v 27.00000 1.00000 10.00000
v 25.23223 1.00000 9.41421
v 24.50000 1.00000 8.00000
v 25.23223 1.00000 6.58579
v 27.00000 1.00000 6.00000
v 28.76777 1.00000 6.58579
v 36.00000 2.00000 11.00000
v 35.12132 2.00000 12.76777
v 33.00000 2.00000 13.50000
v 30.87868 2.00000 12.76777
v 30.00000 2.00000 11.00000
v 30.87868 2.00000 9.23223
v 33.00000 2.00000 8.50000
v 35.12132 2.00000 9.23223
v 40.50000 4.00000 15.00000
v 39.76777 4.00000 16.41421
v 38.00000 4.00000 17.00000
v 36.23223 4.00000 16.41421
v 35.50000 4.00000 15.00000
v 36.23223 4.00000 13.58579
v 38.00000 4.00000 13.00000
v 39.76777 4.00000 13.58579
v 44.50000 7.00000 12.00000
v 44.06066 7.00000 12.88388
v 43.00000 7.00000 13.25000
v 41.93934 7.00000 12.88388
v 41.50000 7.00000 12.00000
v 41.93934 7.00000 11.11612
v 43.00000 7.00000 10.75000
v 44.06066 7.00000 11.11612
v 27.00000 1.00000 8.00000
v 43.00000 7.00000 12.00000
v 29.50000 14.00000 8.00000
v 28.76777 14.00000 9.41421
v 27.00000 14.00000 10.00000
v 25.23223 14.00000 9.41421
v 24.50000 14.00000 8.00000
v 25.23223 14.00000 6.58579
v 27.00000 14.00000 6.00000
v 28.76777 14.00000 6.58579
v 36.00000 15.00000 11.00000
v 35.12132 15.00000 12.76777
v 33.00000 15.00000 13.50000
v 30.87868 15.00000 12.76777
v 30.00000 15.00000 11.00000
v 30.87868 15.00000 9.23223
v 33.00000 15.00000 8.50000
v 35.12132 15.00000 9.23223
v 40.50000 17.00000 15.00000
v 39.76777 17.00000 16.41421
v 38.00000 17.00000 17.00000
v 36.23223 17.00000 16.41421
v 35.50000 17.00000 15.00000
v 36.23223 17.00000 13.58579
v 38.00000 17.00000 13.00000
v 39.76777 17.00000 13.58579
v 44.50000 20.00000 12.00000
v 44.06066 20.00000 12.88388
v 43.00000 20.00000 13.25000
v 41.93934 20.00000 12.88388
v 41.50000 20.00000 12.00000
v 41.93934 20.00000 11.11612
v 43.00000 20.00000 10.75000
v 44.06066 20.00000 11.11612
v 27.00000 14.00000 8.00000
v 43.00000 20.00000 12.00000
v 29.50000 27.00000 8.00000
v 28.76777 27.00000 9.41421
v 27.00000 27.00000 10.00000
v 25.23223 27.00000 9.41421
v 24.50000 27.00000 8.00000
v 25.23223 27.00000 6.58579
v 27.00000 27.00000 6.00000
v 28.76777 27.00000 6.58579
v 36.00000 28.00000 11.00000
v 35.12132 28.00000 12.76777
v 33.00000 28.00000 13.50000
v 30.87868 28.00000 12.76777
v 30.00000 28.00000 11.00000
v 30.87868 28.00000 9.23223
v 33.00000 28.00000 8.50000
v 35.12132 28.00000 9.23223
v 40.50000 30.00000 15.00000
v 39.76777 30.00000 16.41421
v 38.00000 30.00000 17.00000
v 36.23223 30.00000 16.41421
v 35.50000 30.00000 15.00000
v 36.23223 30.00000 13.58579
v 38.00000 30.00000 13.00000
v 39.76777 30.00000 13.58579
v 44.50000 33.00000 12.00000
v 44.06066 33.00000 12.88388
v 43.00000 33.00000 13.25000
v 41.93934 33.00000 12.88388
v 41.50000 33.00000 12.00000
v 41.93934 33.00000 11.11612
v 43.00000 33.00000 10.75000
v 44.06066 33.00000 11.11612
v 27.00000 27.00000 8.00000
v 43.00000 33.00000 12.00000
v -28.25000 -25.00000 3.00000
v -29.05546 -25.00000 4.23744
v -31.00000 -25.00000 4.75000
v -32.94454 -25.00000 4.23744
v -33.75000 -25.00000 3.00000
v -32.94454 -25.00000 1.76256
v -31.00000 -25.00000 1.25000
v -29.05546 -25.00000 1.76256
v -30.75000 -21.00000 5.00000
v -31.70190 -21.00000 6.59099
v -34.00000 -21.00000 7.25000
v -36.29810 -21.00000 6.59099
v -37.25000 -21.00000 5.00000
v -36.29810 -21.00000 3.40901
v -34.00000 -21.00000 2.75000
v -31.70190 -21.00000 3.40901
v -35.00000 -16.00000 3.00000
v -35.58579 -16.00000 3.88388
v -37.00000 -16.00000 4.25000
v -38.41421 -16.00000 3.88388
v -39.00000 -16.00000 3.00000
v -38.41421 -16.00000 2.11612
v -37.00000 -16.00000 1.75000
v -35.58579 -16.00000 2.11612
v -31.00000 -25.00000 3.00000
v -37.00000 -16.00000 3.00000
v -28.25000 -11.00000 3.00000
v -29.05546 -11.00000 4.23744
v -31.00000 -11.00000 4.75000
v -32.94454 -11.00000 4.23744
v -33.75000 -11.00000 3.00000
v -32.94454 -11.00000 1.76256
v -31.00000 -11.00000 1.25000
v -29.05546 -11.00000 1.76256
v -30.75000 -7.00000 5.00000
v -31.70190 -7.00000 6.59099
v -34.00000 -7.00000 7.25000
v -36.29810 -7.00000 6.59099
v -37.25000 -7.00000 5.00000
v -36.29810 -7.00000 3.40901
v -34.00000 -7.00000 2.75000
v -31.70190 -7.00000 3.40901
v -35.00000 -2.00000 3.00000
v -35.58579 -2.00000 3.88388
v -37.00000 -2.00000 4.25000
v -38.41421 -2.00000 3.88388
v -39.00000 -2.00000 3.00000
v -38.41421 -2.00000 2.11612
v -37.00000 -2.00000 1.75000
v -35.58579 -2.00000 2.11612
v -31.00000 -11.00000 3.00000
v -37.00000 -2.00000 3.00000
v -28.25000 3.00000 3.00000
v -29.05546 3.00000 4.23744
v -31.00000 3.00000 4.75000
v -32.94454 3.00000 4.23744
v -33.75000 3.00000 3.00000
v -32.94454 3.00000 1.76256
v -31.00000 3.00000 1.25000
v -29.05546 3.00000 1.76256
v -30.75000 7.00000 5.00000
v -31.70190 7.00000 6.59099
v -34.00000 7.00000 7.25000
v -36.29810 7.00000 6.59099
v -37.25000 7.00000 5.00000
v -36.29810 7.00000 3.40901
v -34.00000 7.00000 2.75000
v -31.70190 7.00000 3.40901
v -35.00000 12.00000 3.00000
v -35.58579 12.00000 3.88388
v -37.00000 12.00000 4.25000
v -38.41421 12.00000 3.88388
v -39.00000 12.00000 3.00000
v -38.41421 12.00000 2.11612
v -37.00000 12.00000 1.75000
v -35.58579 12.00000 2.11612
v -31.00000 3.00000 3.00000
v -37.00000 12.00000 3.00000
v -28.25000 17.00000 3.00000
v -29.05546 17.00000 4.23744
v -31.00000 17.00000 4.75000
v -32.94454 17.00000 4.23744
v -33.75000 17.00000 3.00000
v -32.94454 17.00000 1.76256
v -31.00000 17.00000 1.25000
v -29.05546 17.00000 1.76256
v -30.75000 21.00000 5.00000
v -31.70190 21.00000 6.59099
v -34.00000 21.00000 7.25000
v -36.29810 21.00000 6.59099
v -37.25000 21.00000 5.00000
v -36.29810 21.00000 3.40901
v -34.00000 21.00000 2.75000
v -31.70190 21.00000 3.40901
v -35.00000 26.00000 3.00000
v -35.58579 26.00000 3.88388
v -37.00000 26.00000 4.25000
v -38.41421 26.00000 3.88388
v -39.00000 26.00000 3.00000
v -38.41421 26.00000 2.11612
v -37.00000 26.00000 1.75000
v -35.58579 26.00000 2.11612
v -31.00000 17.00000 3.00000
v -37.00000 26.00000 3.00000
v 33.75000 -25.00000 3.00000
v 32.94454 -25.00000 4.23744
v 31.00000 -25.00000 4.75000
v 29.05546 -25.00000 4.23744
v 28.25000 -25.00000 3.00000
v 29.05546 -25.00000 1.76256
v 31.00000 -25.00000 1.25000
v 32.94454 -25.00000 1.76256
v 37.25000 -21.00000 5.00000
v 36.29810 -21.00000 6.59099
v 34.00000 -21.00000 7.25000
v 31.70190 -21.00000 6.59099
v 30.75000 -21.00000 5.00000
v 31.70190 -21.00000 3.40901
v 34.00000 -21.00000 2.75000
v 36.29810 -21.00000 3.40901
v 39.00000 -16.00000 3.00000
v 38.41421 -16.00000 3.88388
v 37.00000 -16.00000 4.25000
v 35.58579 -16.00000 3.88388
v 35.00000 -16.00000 3.00000
v 35.58579 -16.00000 2.11612
v 37.00000 -16.00000 1.75000
v 38.41421 -16.00000 2.11612
v 31.00000 -25.00000 3.00000
v 37.00000 -16.00000 3.00000
v 33.75000 -11.00000 3.00000
v 32.94454 -11.00000 4.23744
v 31.00000 -11.00000 4.75000
v 29.05546 -11.00000 4.23744
v 28.25000 -11.00000 3.00000
v 29.05546 -11.00000 1.76256
v 31.00000 -11.00000 1.25000
v 32.94454 -11.00000 1.76256
v 37.25000 -7.00000 5.00000
v 36.29810 -7.00000 6.59099
v 34.00000 -7.00000 7.25000
v 31.70190 -7.00000 6.59099
v 30.75000 -7.00000 5.00000
v 31.70190 -7.00000 3.40901
v 34.00000 -7.00000 2.75000
v 36.29810 -7.00000 3.40901
v 39.00000 -2.00000 3.00000
v 38.41421 -2.00000 3.88388
v 37.00000 -2.00000 4.25000
v 35.58579 -2.00000 3.88388
v 35.00000 -2.00000 3.00000
v 35.58579 -2.00000 2.11612
v 37.00000 -2.00000 1.75000
v 38.41421 -2.00000 2.11612
v 31.00000 -11.00000 3.00000
v 37.00000 -2.00000 3.00000
v 33.75000 3.00000 3.00000
v 32.94454 3.00000 4.23744
v 31.00000 3.00000 4.75000
v 29.05546 3.00000 4.23744
v 28.25000 3.00000 3.00000
v 29.05546 3.00000 1.76256
v 31.00000 3.00000 1.25000
v 32.94454 3.00000 1.76256
v 37.25000 7.00000 5.00000
v 36.29810 7.00000 6.59099
v 34.00000 7.00000 7.25000
v 31.70190 7.00000 6.59099
v 30.75000 7.00000 5.00000
v 31.70190 7.00000 3.40901
v 34.00000 7.00000 2.75000
v 36.29810 7.00000 3.40901
v 39.00000 12.00000 3.00000
v 38.41421 12.00000 3.88388
v 37.00000 12.00000 4.25000
v 35.58579 12.00000 3.88388
v 35.00000 12.00000 3.00000
v 35.58579 12.00000 2.11612
v 37.00000 12.00000 1.75000
v 38.41421 12.00000 2.11612
v 31.00000 3.00000 3.00000
v 37.00000 12.00000 3.00000
v 33.75000 17.00000 3.00000
v 32.94454 17.00000 4.23744
v 31.00000 17.00000 4.75000
v 29.05546 17.00000 4.23744
v 28.25000 17.00000 3.00000
v 29.05546 17.00000 1.76256
v 31.00000 17.00000 1.25000
v 32.94454 17.00000 1.76256
v 37.25000 21.00000 5.00000
v 36.29810 21.00000 6.59099
v 34.00000 21.00000 7.25000
v 31.70190 21.00000 6.59099
v 30.75000 21.00000 5.00000
v 31.70190 21.00000 3.40901
v 34.00000 21.00000 2.75000
v 36.29810 21.00000 3.40901
v 39.00000 26.00000 3.00000
v 38.41421 26.00000 3.88388
v 37.00000 26.00000 4.25000
v 35.58579 26.00000 3.88388
v 35.00000 26.00000 3.00000
v 35.58579 26.00000 2.11612
v 37.00000 26.00000 1.75000
v 38.41421 26.00000 2.11612
v 31.00000 17.00000 3.00000
v 37.00000 26.00000 3.00000
v -16.50000 -32.00000 17.00000
v -17.06477 -32.00000 17.82092
v -18.33378 -32.00000 18.02367
v -19.35145 -32.00000 17.45558
v -19.35145 -32.00000 16.54442
v -18.33378 -32.00000 15.97633
v -17.06477 -32.00000 16.17908
v -15.90000 -30.00000 19.00000
v -16.69067 -30.00000 20.21184
v -18.46729 -30.00000 20.51114
v -19.89203 -30.00000 19.67252
v -19.89203 -30.00000 18.32748
v -18.46729 -30.00000 17.48886
v -16.69067 -30.00000 17.78816
v -16.50000 -28.00000 17.00000
v -17.06477 -28.00000 17.82092
v -18.33378 -28.00000 18.02367
v -19.35145 -28.00000 17.45558
v -19.35145 -28.00000 16.54442
v -18.33378 -28.00000 15.97633
v -17.06477 -28.00000 16.17908
v -18.00000 -32.00000 17.00000
v -18.00000 -28.00000 17.00000
v -7.50000 -32.00000 19.00000
v -8.06477 -32.00000 19.82092
v -9.33378 -32.00000 20.02367
v -10.35145 -32.00000 19.45558
v -10.35145 -32.00000 18.54442
v -9.33378 -32.00000 17.97633
v -8.06477 -32.00000 18.17908
v -6.90000 -30.00000 21.00000
v -7.69067 -30.00000 22.21184
v -9.46729 -30.00000 22.51114
v -10.89203 -30.00000 21.67252
v -10.89203 -30.00000 20.32748
v -9.46729 -30.00000 19.48886
v -7.69067 -30.00000 19.78816
v -7.50000 -28.00000 19.00000
v -8.06477 -28.00000 19.82092
v -9.33378 -28.00000 20.02367
v -10.35145 -28.00000 19.45558
v -10.35145 -28.00000 18.54442
v -9.33378 -28.00000 17.97633
v -8.06477 -28.00000 18.17908
v -9.00000 -32.00000 19.00000
v -9.00000 -28.00000 19.00000
v 10.50000 -32.00000 19.00000
v 9.93523 -32.00000 19.82092
v 8.66622 -32.00000 20.02367
v 7.64855 -32.00000 19.45558
v 7.64855 -32.00000 18.54442
v 8.66622 -32.00000 17.97633
v 9.93523 -32.00000 18.17908
v 11.10000 -30.00000 21.00000
v 10.30933 -30.00000 22.21184
v 8.53271 -30.00000 22.51114
v 7.10797 -30.00000 21.67252
v 7.10797 -30.00000 20.32748
v 8.53271 -30.00000 19.48886
v 10.30933 -30.00000 19.78816
v 10.50000 -28.00000 19.00000
v 9.93523 -28.00000 19.82092
v 8.66622 -28.00000 20.02367
v 7.64855 -28.00000 19.45558
v 7.64855 -28.00000 18.54442
v 8.66622 -28.00000 17.97633
v 9.93523 -28.00000 18.17908
v 9.00000 -32.00000 19.00000
v 9.00000 -28.00000 19.00000
v 19.50000 -32.00000 17.00000
v 18.93523 -32.00000 17.82092
v 17.66622 -32.00000 18.02367
v 16.64855 -32.00000 17.45558
v 16.64855 -32.00000 16.54442
v 17.66622 -32.00000 15.97633
v 18.93523 -32.00000 16.17908
v 20.10000 -30.00000 19.00000
v 19.30933 -30.00000 20.21184
v 17.53271 -30.00000 20.51114
v 16.10797 -30.00000 19.67252
v 16.10797 -30.00000 18.32748
v 17.53271 -30.00000 17.48886
v 19.30933 -30.00000 17.78816
v 19.50000 -28.00000 17.00000
v 18.93523 -28.00000 17.82092
v 17.66622 -28.00000 18.02367
v 16.64855 -28.00000 17.45558
v 16.64855 -28.00000 16.54442
v 17.66622 -28.00000 15.97633
v 18.93523 -28.00000 16.17908
v 18.00000 -32.00000 17.00000
v 18.00000 -28.00000 17.00000
v -16.50000 -22.00000 17.00000
v -17.06477 -22.00000 17.82092
v -18.33378 -22.00000 18.02367
v -19.35145 -22.00000 17.45558
v -19.35145 -22.00000 16.54442
v -18.33378 -22.00000 15.97633
v -17.06477 -22.00000 16.17908
v -15.90000 -20.00000 19.00000
v -16.69067 -20.00000 20.21184
v -18.46729 -20.00000 20.51114
v -19.89203 -20.00000 19.67252
v -19.89203 -20.00000 18.32748
v -18.46729 -20.00000 17.48886
v -16.69067 -20.00000 17.78816
v -16.50000 -18.00000 17.00000
v -17.06477 -18.00000 17.82092
v -18.33378 -18.00000 18.02367
v -19.35145 -18.00000 17.45558
v -19.35145 -18.00000 16.54442
v -18.33378 -18.00000 15.97633
v -17.06477 -18.00000 16.17908
v -18.00000 -22.00000 17.00000
v -18.00000 -18.00000 17.00000
v -7.50000 -22.00000 19.00000
v -8.06477 -22.00000 19.82092
v -9.33378 -22.00000 20.02367
v -10.35145 -22.00000 19.45558
v -10.35145 -22.00000 18.54442
v -9.33378 -22.00000 17.97633
v -8.06477 -22.00000 18.17908
v -6.90000 -20.00000 21.00000
v -7.69067 -20.00000 22.21184
v -9.46729 -20.00000 22.51114
v -10.89203 -20.00000 21.67252
v -10.89203 -20.00000 20.32748
v -9.46729 -20.00000 19.48886
v -7.69067 -20.00000 19.78816
v -7.50000 -18.00000 19.00000
v -8.06477 -18.00000 19.82092
v -9.33378 -18.00000 20.02367
v -10.35145 -18.00000 19.45558
v -10.35145 -18.00000 18.54442
v -9.33378 -18.00000 17.97633
v -8.06477 -18.00000 18.17908
v -9.00000 -22.00000 19.00000
v -9.00000 -18.00000 19.00000
v 10.50000 -22.00000 19.00000
v 9.93523 -22.00000 19.82092
v 8.66622 -22.00000 20.02367
v 7.64855 -22.00000 19.45558
v 7.64855 -22.00000 18.54442
v 8.66622 -22.00000 17.97633
v 9.93523 -22.00000 18.17908
v 11.10000 -20.00000 21.00000
v 10.30933 -20.00000 22.21184
v 8.53271 -20.00000 22.51114
v 7.10797 -20.00000 21.67252
v 7.10797 -20.00000 20.32748
v 8.53271 -20.00000 19.48886
v 10.30933 -20.00000 19.78816
v 10.50000 -18.00000 19.00000
v 9.93523 -18.00000 19.82092
v 8.66622 -18.00000 20.02367
v 7.64855 -18.00000 19.45558
v 7.64855 -18.00000 18.54442
v 8.66622 -18.00000 17.97633
v 9.93523 -18.00000 18.17908
v 9.00000 -22.00000 19.00000
v 9.00000 -18.00000 19.00000
v 19.50000 -22.00000 17.00000
v 18.93523 -22.00000 17.82092
v 17.66622 -22.00000 18.02367
v 16.64855 -22.00000 17.45558
v 16.64855 -22.00000 16.54442
v 17.66622 -22.00000 15.97633
v 18.93523 -22.00000 16.17908
v 20.10000 -20.00000 19.00000
v 19.30933 -20.00000 20.21184
v 17.53271 -20.00000 20.51114
v 16.10797 -20.00000 19.67252
v 16.10797 -20.00000 18.32748
v 17.53271 -20.00000 17.48886
v 19.30933 -20.00000 17.78816
v 19.50000 -18.00000 17.00000
v 18.93523 -18.00000 17.82092
v 17.66622 -18.00000 18.02367
v 16.64855 -18.00000 17.45558
v 16.64855 -18.00000 16.54442
v 17.66622 -18.00000 15.97633
v 18.93523 -18.00000 16.17908
v 18.00000 -22.00000 17.00000
v 18.00000 -18.00000 17.00000
v -16.50000 -12.00000 17.00000
v -17.06477 -12.00000 17.82092
v -18.33378 -12.00000 18.02367
v -19.35145 -12.00000 17.45558
v -19.35145 -12.00000 16.54442
v -18.33378 -12.00000 15.97633
v -17.06477 -12.00000 16.17908
v -15.90000 -10.00000 19.00000
v -16.69067 -10.00000 20.21184
v -18.46729 -10.00000 20.51114
v -19.89203 -10.00000 19.67252
v -19.89203 -10.00000 18.32748
v -18.46729 -10.00000 17.48886
v -16.69067 -10.00000 17.78816
v -16.50000 -8.00000 17.00000
v -17.06477 -8.00000 17.82092
v -18.33378 -8.00000 18.02367
v -19.35145 -8.00000 17.45558
v -19.35145 -8.00000 16.54442
v -18.33378 -8.00000 15.97633
v -17.06477 -8.00000 16.17908
v -18.00000 -12.00000 17.00000
v -18.00000 -8.00000 17.00000
v -7.50000 -12.00000 19.00000
v -8.06477 -12.00000 19.82092
v -9.33378 -12.00000 20.02367
v -10.35145 -12.00000 19.45558
v -10.35145 -12.00000 18.54442
v -9.33378 -12.00000 17.97633
v -8.06477 -12.00000 18.17908
v -6.90000 -10.00000 21.00000
v -7.69067 -10.00000 22.21184
v -9.46729 -10.00000 22.51114
v -10.89203 -10.00000 21.67252
v -10.89203 -10.00000 20.32748
v -9.46729 -10.00000 19.48886
v -7.69067 -10.00000 19.78816
v -7.50000 -8.00000 19.00000
v -8.06477 -8.00000 19.82092
v -9.33378 -8.00000 20.02367
v -10.35145 -8.00000 19.45558
v -10.35145 -8.00000 18.54442
v -9.33378 -8.00000 17.97633
v -8.06477 -8.00000 18.17908
v -9.00000 -12.00000 19.00000
v -9.00000 -8.00000 19.00000
v 10.50000 -12.00000 19.00000
v 9.93523 -12.00000 19.82092
v 8.66622 -12.00000 20.02367
v 7.64855 -12.00000 19.45558
v 7.64855 -12.00000 18.54442
v 8.66622 -12.00000 17.97633
v 9.93523 -12.00000 18.17908
v 11.10000 -10.00000 21.00000
v 10.30933 -10.00000 22.21184
v 8.53271 -10.00000 22.51114
v 7.10797 -10.00000 21.67252
v 7.10797 -10.00000 20.32748
v 8.53271 -10.00000 19.48886
v 10.30933 -10.00000 19.78816
v 10.50000 -8.00000 19.00000
v 9.93523 -8.00000 19.82092
v 8.66622 -8.00000 20.02367
v 7.64855 -8.00000 19.45558
v 7.64855 -8.00000 18.54442
v 8.66622 -8.00000 17.97633
v 9.93523 -8.00000 18.17908
v 9.00000 -12.00000 19.00000
v 9.00000 -8.00000 19.00000
v 19.50000 -12.00000 17.00000
v 18.93523 -12.00000 17.82092
v 17.66622 -12.00000 18.02367
v 16.64855 -12.00000 17.45558
v 16.64855 -12.00000 16.54442
v 17.66622 -12.00000 15.97633
v 18.93523 -12.00000 16.17908
v 20.10000 -10.00000 19.00000
v 19.30933 -10.00000 20.21184
v 17.53271 -10.00000 20.51114
v 16.10797 -10.00000 19.67252
v 16.10797 -10.00000 18.32748
v 17.53271 -10.00000 17.48886
v 19.30933 -10.00000 17.78816
v 19.50000 -8.00000 17.00000
v 18.93523 -8.00000 17.82092
v 17.66622 -8.00000 18.02367
v 16.64855 -8.00000 17.45558
v 16.64855 -8.00000 16.54442
v 17.66622 -8.00000 15.97633
v 18.93523 -8.00000 16.17908
v 18.00000 -12.00000 17.00000
v 18.00000 -8.00000 17.00000
v -16.50000 -2.00000 17.00000
v -17.06477 -2.00000 17.82092
v -18.33378 -2.00000 18.02367
v -19.35145 -2.00000 17.45558
v -19.35145 -2.00000 16.54442
v -18.33378 -2.00000 15.97633
v -17.06477 -2.00000 16.17908
v -15.90000 0.00000 19.00000
v -16.69067 0.00000 20.21184
v -18.46729 0.00000 20.51114
v -19.89203 0.00000 19.67252
v -19.89203 0.00000 18.32748
v -18.46729 0.00000 17.48886
v -16.69067 0.00000 17.78816
v -16.50000 2.00000 17.00000
v -17.06477 2.00000 17.82092
v -18.33378 2.00000 18.02367
v -19.35145 2.00000 17.45558
v -19.35145 2.00000 16.54442
v -18.33378 2.00000 15.97633
v -17.06477 2.00000 16.17908
v -18.00000 -2.00000 17.00000
v -18.00000 2.00000 17.00000
v -7.50000 -2.00000 19.00000
v -8.06477 -2.00000 19.82092
v -9.33378 -2.00000 20.02367
v -10.35145 -2.00000 19.45558
v -10.35145 -2.00000 18.54442
v -9.33378 -2.00000 17.97633
v -8.06477 -2.00000 18.17908
v -6.90000 0.00000 21.00000
v -7.69067 0.00000 22.21184
v -9.46729 0.00000 22.51114
v -10.89203 0.00000 21.67252
v -10.89203 0.00000 20.32748
v -9.46729 0.00000 19.48886
v -7.69067 0.00000 19.78816
v -7.50000 2.00000 19.00000
v -8.06477 2.00000 19.82092
v -9.33378 2.00000 20.02367
v -10.35145 2.00000 19.45558
v -10.35145 2.00000 18.54442
v -9.33378 2.00000 17.97633
v -8.06477 2.00000 18.17908
v -9.00000 -2.00000 19.00000
v -9.00000 2.00000 19.00000
v 10.50000 -2.00000 19.00000
v 9.93523 -2.00000 19.82092
v 8.66622 -2.00000 20.02367
v 7.64855 -2.00000 19.45558
v 7.64855 -2.00000 18.54442
v 8.66622 -2.00000 17.97633
v 9.93523 -2.00000 18.17908
v 11.10000 0.00000 21.00000
v 10.30933 0.00000 22.21184
v 8.53271 0.00000 22.51114
v 7.10797 0.00000 21.67252
v 7.10797 0.00000 20.32748
v 8.53271 0.00000 19.48886
v 10.30933 0.00000 19.78816
v 10.50000 2.00000 19.00000
v 9.93523 2.00000 19.82092
v 8.66622 2.00000 20.02367
v 7.64855 2.00000 19.45558
v 7.64855 2.00000 18.54442
v 8.66622 2.00000 17.97633
v 9.93523 2.00000 18.17908
v 9.00000 -2.00000 19.00000
v 9.00000 2.00000 19.00000
v 19.50000 -2.00000 17.00000
v 18.93523 -2.00000 17.82092
v 17.66622 -2.00000 18.02367
v 16.64855 -2.00000 17.45558
v 16.64855 -2.00000 16.54442
v 17.66622 -2.00000 15.97633
v 18.93523 -2.00000 16.17908
v 20.10000 0.00000 19.00000
v 19.30933 0.00000 20.21184
v 17.53271 0.00000 20.51114
v 16.10797 0.00000 19.67252
v 16.10797 0.00000 18.32748
v 17.53271 0.00000 17.48886
v 19.30933 0.00000 17.78816
v 19.50000 2.00000 17.00000
v 18.93523 2.00000 17.82092
v 17.66622 2.00000 18.02367
v 16.64855 2.00000 17.45558
v 16.64855 2.00000 16.54442
v 17.66622 2.00000 15.97633
v 18.93523 2.00000 16.17908
v 18.00000 -2.00000 17.00000
v 18.00000 2.00000 17.00000
v -16.50000 8.00000 17.00000
v -17.06477 8.00000 17.82092
v -18.33378 8.00000 18.02367
v -19.35145 8.00000 17.45558
v -19.35145 8.00000 16.54442
v -18.33378 8.00000 15.97633
v -17.06477 8.00000 16.17908
v -15.90000 10.00000 19.00000
v -16.69067 10.00000 20.21184
v -18.46729 10.00000 20.51114
v -19.89203 10.00000 19.67252
v -19.89203 10.00000 18.32748
v -18.46729 10.00000 17.48886
v -16.69067 10.00000 17.78816
v -16.50000 12.00000 17.00000
v -17.06477 12.00000 17.82092
v -18.33378 12.00000 18.02367
v -19.35145 12.00000 17.45558
v -19.35145 12.00000 16.54442
v -18.33378 12.00000 15.97633
v -17.06477 12.00000 16.17908
v -18.00000 8.00000 17.00000
v -18.00000 12.00000 17.00000
v -7.50000 8.00000 19.00000
v -8.06477 8.00000 19.82092
v -9.33378 8.00000 20.02367
v -10.35145 8.00000 19.45558
v -10.35145 8.00000 18.54442
v -9.33378 8.00000 17.97633
v -8.06477 8.00000 18.17908
v -6.90000 10.00000 21.00000
v -7.69067 10.00000 22.21184
v -9.46729 10.00000 22.51114
v -10.89203 10.00000 21.67252
v -10.89203 10.00000 20.32748
v -9.46729 10.00000 19.48886
v -7.69067 10.00000 19.78816
v -7.50000 12.00000 19.00000
v -8.06477 12.00000 19.82092
v -9.33378 12.00000 20.02367
v -10.35145 12.00000 19.45558
v -10.35145 12.00000 18.54442
v -9.33378 12.00000 17.97633
v -8.06477 12.00000 18.17908
v -9.00000 8.00000 19.00000
v -9.00000 12.00000 19.00000
v 10.50000 8.00000 19.00000
v 9.93523 8.00000 19.82092
v 8.66622 8.00000 20.02367
v 7.64855 8.00000 19.45558
v 7.64855 8.00000 18.54442
v 8.66622 8.00000 17.97633
v 9.93523 8.00000 18.17908
v 11.10000 10.00000 21.00000
v 10.30933 10.00000 22.21184
v 8.53271 10.00000 22.51114
v 7.10797 10.00000 21.67252
v 7.10797 10.00000 20.32748
v 8.53271 10.00000 19.48886
v 10.30933 10.00000 19.78816
v 10.50000 12.00000 19.00000
v 9.93523 12.00000 19.82092
v 8.66622 12.00000 20.02367
v 7.64855 12.00000 19.45558
v 7.64855 12.00000 18.54442
v 8.66622 12.00000 17.97633
v 9.93523 12.00000 18.17908
v 9.00000 8.00000 19.00000
v 9.00000 12.00000 19.00000
v 19.50000 8.00000 17.00000
v 18.93523 8.00000 17.82092
v 17.66622 8.00000 18.02367
v 16.64855 8.00000 17.45558
v 16.64855 8.00000 16.54442
v 17.66622 8.00000 15.97633
v 18.93523 8.00000 16.17908
v 20.10000 10.00000 19.00000
v 19.30933 10.00000 20.21184
v 17.53271 10.00000 20.51114
v 16.10797 10.00000 19.67252
v 16.10797 10.00000 18.32748
v 17.53271 10.00000 17.48886
v 19.30933 10.00000 17.78816
v 19.50000 12.00000 17.00000
v 18.93523 12.00000 17.82092
v 17.66622 12.00000 18.02367
v 16.64855 12.00000 17.45558
v 16.64855 12.00000 16.54442
v 17.66622 12.00000 15.97633
v 18.93523 12.00000 16.17908
v 18.00000 8.00000 17.00000
v 18.00000 12.00000 17.00000
v -16.50000 18.00000 17.00000
v -17.06477 18.00000 17.82092
v -18.33378 18.00000 18.02367
v -19.35145 18.00000 17.45558
v -19.35145 18.00000 16.54442
v -18.33378 18.00000 15.97633
v -17.06477 18.00000 16.17908
v -15.90000 20.00000 19.00000
v -16.69067 20.00000 20.21184
v -18.46729 20.00000 20.51114
v -19.89203 20.00000 19.67252
v -19.89203 20.00000 18.32748
v -18.46729 20.00000 17.48886
v -16.69067 20.00000 17.78816
v -16.50000 22.00000 17.00000
v -17.06477 22.00000 17.82092
v -18.33378 22.00000 18.02367
v -19.35145 22.00000 17.45558
v -19.35145 22.00000 16.54442
v -18.33378 22.00000 15.97633
v -17.06477 22.00000 16.17908
v -18.00000 18.00000 17.00000
v -18.00000 22.00000 17.00000
v -7.50000 18.00000 19.00000
v -8.06477 18.00000 19.82092
v -9.33378 18.00000 20.02367
v -10.35145 18.00000 19.45558
v -10.35145 18.00000 18.54442
v -9.33378 18.00000 17.97633
v -8.06477 18.00000 18.17908
v -6.90000 20.00000 21.00000
v -7.69067 20.00000 22.21184
v -9.46729 20.00000 22.51114
v -10.89203 20.00000 21.67252
v -10.89203 20.00000 20.32748
v -9.46729 20.00000 19.48886
v -7.69067 20.00000 19.78816
v -7.50000 22.00000 19.00000
v -8.06477 22.00000 19.82092
v -9.33378 22.00000 20.02367
v -10.35145 22.00000 19.45558
v -10.35145 22.00000 18.54442
v -9.33378 22.00000 17.97633
v -8.06477 22.00000 18.17908
v -9.00000 18.00000 19.00000
v -9.00000 22.00000 19.00000
v 10.50000 18.00000 19.00000
v 9.93523 18.00000 19.82092
v 8.66622 18.00000 20.02367
v 7.64855 18.00000 19.45558
v 7.64855 18.00000 18.54442
v 8.66622 18.00000 17.97633
v 9.93523 18.00000 18.17908
v 11.10000 20.00000 21.00000
v 10.30933 20.00000 22.21184
v 8.53271 20.00000 22.51114
v 7.10797 20.00000 21.67252
v 7.10797 20.00000 20.32748
v 8.53271 20.00000 19.48886
v 10.30933 20.00000 19.78816
v 10.50000 22.00000 19.00000
v 9.93523 22.00000 19.82092
v 8.66622 22.00000 20.02367
v 7.64855 22.00000 19.45558
v 7.64855 22.00000 18.54442
v 8.66622 22.00000 17.97633
v 9.93523 22.00000 18.17908
v 9.00000 18.00000 19.00000
v 9.00000 22.00000 19.00000
v 19.50000 18.00000 17.00000
v 18.93523 18.00000 17.82092
v 17.66622 18.00000 18.02367
v 16.64855 18.00000 17.45558
v 16.64855 18.00000 16.54442
v 17.66622 18.00000 15.97633
v 18.93523 18.00000 16.17908
v 20.10000 20.00000 19.00000
v 19.30933 20.00000 20.21184
v 17.53271 20.00000 20.51114
v 16.10797 20.00000 19.67252
v 16.10797 20.00000 18.32748
v 17.53271 20.00000 17.48886
v 19.30933 20.00000 17.78816
v 19.50000 22.00000 17.00000
v 18.93523 22.00000 17.82092
v 17.66622 22.00000 18.02367
v 16.64855 22.00000 17.45558
v 16.64855 22.00000 16.54442
v 17.66622 22.00000 15.97633
v 18.93523 22.00000 16.17908
v 18.00000 18.00000 17.00000
v 18.00000 22.00000 17.00000
v -16.50000 28.00000 17.00000
v -17.06477 28.00000 17.82092
v -18.33378 28.00000 18.02367
v -19.35145 28.00000 17.45558
v -19.35145 28.00000 16.54442
v -18.33378 28.00000 15.97633
v -17.06477 28.00000 16.17908
v -15.90000 30.00000 19.00000
v -16.69067 30.00000 20.21184
v -18.46729 30.00000 20.51114
v -19.89203 30.00000 19.67252
v -19.89203 30.00000 18.32748
v -18.46729 30.00000 17.48886
v -16.69067 30.00000 17.78816
v -16.50000 32.00000 17.00000
v -17.06477 32.00000 17.82092
v -18.33378 32.00000 18.02367
v -19.35145 32.00000 17.45558
v -19.35145 32.00000 16.54442
v -18.33378 32.00000 15.97633
v -17.06477 32.00000 16.17908
v -18.00000 28.00000 17.00000
v -18.00000 32.00000 17.00000
v -7.50000 28.00000 19.00000
v -8.06477 28.00000 19.82092
v -9.33378 28.00000 20.02367
v -10.35145 28.00000 19.45558
v -10.35145 28.00000 18.54442
v -9.33378 28.00000 17.97633
v -8.06477 28.00000 18.17908
v -6.90000 30.00000 21.00000
v -7.69067 30.00000 22.21184
v -9.46729 30.00000 22.51114
v -10.89203 30.00000 21.67252
v -10.89203 30.00000 20.32748
v -9.46729 30.00000 19.48886
v -7.69067 30.00000 19.78816
v -7.50000 32.00000 19.00000
v -8.06477 32.00000 19.82092
v -9.33378 32.00000 20.02367
v -10.35145 32.00000 19.45558
v -10.35145 32.00000 18.54442
v -9.33378 32.00000 17.97633
v -8.06477 32.00000 18.17908
v -9.00000 28.00000 19.00000
v -9.00000 32.00000 19.00000
v 10.50000 28.00000 19.00000
v 9.93523 28.00000 19.82092
v 8.66622 28.00000 20.02367
v 7.64855 28.00000 19.45558
v 7.64855 28.00000 18.54442
v 8.66622 28.00000 17.97633
v 9.93523 28.00000 18.17908
v 11.10000 30.00000 21.00000
v 10.30933 30.00000 22.21184
v 8.53271 30.00000 22.51114
v 7.10797 30.00000 21.67252
v 7.10797 30.00000 20.32748
v 8.53271 30.00000 19.48886
v 10.30933 30.00000 19.78816
v 10.50000 32.00000 19.00000
v 9.93523 32.00000 19.82092
v 8.66622 32.00000 20.02367
v 7.64855 32.00000 19.45558
v 7.64855 32.00000 18.54442
v 8.66622 32.00000 17.97633
v 9.93523 32.00000 18.17908
v 9.00000 28.00000 19.00000
v 9.00000 32.00000 19.00000
v 19.50000 28.00000 17.00000
v 18.93523 28.00000 17.82092
v 17.66622 28.00000 18.02367
v 16.64855 28.00000 17.45558
v 16.64855 28.00000 16.54442
v 17.66622 28.00000 15.97633
v 18.93523 28.00000 16.17908
v 20.10000 30.00000 19.00000
v 19.30933 30.00000 20.21184
v 17.53271 30.00000 20.51114
v 16.10797 30.00000 19.67252
v 16.10797 30.00000 18.32748
v 17.53271 30.00000 17.48886
v 19.30933 30.00000 17.78816
v 19.50000 32.00000 17.00000
v 18.93523 32.00000 17.82092
v 17.66622 32.00000 18.02367
v 16.64855 32.00000 17.45558
v 16.64855 32.00000 16.54442
v 17.66622 32.00000 15.97633
v 18.93523 32.00000 16.17908
v 18.00000 28.00000 17.00000
v 18.00000 32.00000 17.00000
v -25.50000 -26.00000 7.00000
v -26.06477 -26.00000 7.82092
v -27.33378 -26.00000 8.02367
v -28.35145 -26.00000 7.45558
v -28.35145 -26.00000 6.54442
v -27.33378 -26.00000 5.97633
v -26.06477 -26.00000 6.17908
v -24.90000 -24.00000 9.00000
v -25.69067 -24.00000 10.21184
v -27.46729 -24.00000 10.51114
v -28.89203 -24.00000 9.67252
v -28.89203 -24.00000 8.32748
v -27.46729 -24.00000 7.48886
v -25.69067 -24.00000 7.78816
v -25.50000 -22.00000 7.00000
v -26.06477 -22.00000 7.82092
v -27.33378 -22.00000 8.02367
v -28.35145 -22.00000 7.45558
v -28.35145 -22.00000 6.54442
v -27.33378 -22.00000 5.97633
v -26.06477 -22.00000 6.17908
v -27.00000 -26.00000 7.00000
v -27.00000 -22.00000 7.00000
v 28.50000 -26.00000 7.00000
v 27.93523 -26.00000 7.82092
v 26.66622 -26.00000 8.02367
v 25.64855 -26.00000 7.45558
v 25.64855 -26.00000 6.54442
v 26.66622 -26.00000 5.97633
v 27.93523 -26.00000 6.17908
v 29.10000 -24.00000 9.00000
v 28.30933 -24.00000 10.21184
v 26.53271 -24.00000 10.51114
v 25.10797 -24.00000 9.67252
v 25.10797 -24.00000 8.32748
v 26.53271 -24.00000 7.48886
v 28.30933 -24.00000 7.78816
v 28.50000 -22.00000 7.00000
v 27.93523 -22.00000 7.82092
v 26.66622 -22.00000 8.02367
v 25.64855 -22.00000 7.45558
v 25.64855 -22.00000 6.54442
v 26.66622 -22.00000 5.97633
v 27.93523 -22.00000 6.17908
v 27.00000 -26.00000 7.00000
v 27.00000 -22.00000 7.00000
v -25.50000 -10.00000 7.00000
v -26.06477 -10.00000 7.82092
v -27.33378 -10.00000 8.02367
v -28.35145 -10.00000 7.45558
v -28.35145 -10.00000 6.54442
v -27.33378 -10.00000 5.97633
v -26.06477 -10.00000 6.17908
v -24.90000 -8.00000 9.00000
v -25.69067 -8.00000 10.21184
v -27.46729 -8.00000 10.51114
v -28.89203 -8.00000 9.67252
v -28.89203 -8.00000 8.32748
v -27.46729 -8.00000 7.48886
v -25.69067 -8.00000 7.78816
v -25.50000 -6.00000 7.00000
v -26.06477 -6.00000 7.82092
v -27.33378 -6.00000 8.02367
v -28.35145 -6.00000 7.45558
v -28.35145 -6.00000 6.54442
v -27.33378 -6.00000 5.97633
v -26.06477 -6.00000 6.17908
v -27.00000 -10.00000 7.00000
v -27.00000 -6.00000 7.00000
v 28.50000 -10.00000 7.00000
v 27.93523 -10.00000 7.82092
v 26.66622 -10.00000 8.02367
v 25.64855 -10.00000 7.45558
v 25.64855 -10.00000 6.54442
v 26.66622 -10.00000 5.97633
v 27.93523 -10.00000 6.17908
v 29.10000 -8.00000 9.00000
v 28.30933 -8.00000 10.21184
v 26.53271 -8.00000 10.51114
v 25.10797 -8.00000 9.67252
v 25.10797 -8.00000 8.32748
v 26.53271 -8.00000 7.48886
v 28.30933 -8.00000 7.78816
v 28.50000 -6.00000 7.00000
v 27.93523 -6.00000 7.82092
v 26.66622 -6.00000 8.02367
v 25.64855 -6.00000 7.45558
v 25.64855 -6.00000 6.54442
v 26.66622 -6.00000 5.97633
v 27.93523 -6.00000 6.17908
v 27.00000 -10.00000 7.00000
v 27.00000 -6.00000 7.00000
v -25.50000 6.00000 7.00000
v -26.06477 6.00000 7.82092
v -27.33378 6.00000 8.02367
v -28.35145 6.00000 7.45558
v -28.35145 6.00000 6.54442
v -27.33378 6.00000 5.97633
v -26.06477 6.00000 6.17908
v -24.90000 8.00000 9.00000
v -25.69067 8.00000 10.21184
v -27.46729 8.00000 10.51114
v -28.89203 8.00000 9.67252
v -28.89203 8.00000 8.32748
v -27.46729 8.00000 7.48886
v -25.69067 8.00000 7.78816
v -25.50000 10.00000 7.00000
v -26.06477 10.00000 7.82092
v -27.33378 10.00000 8.02367
v -28.35145 10.00000 7.45558
v -28.35145 10.00000 6.54442
v -27.33378 10.00000 5.97633
v -26.06477 10.00000 6.17908
v -27.00000 6.00000 7.00000
v -27.00000 10.00000 7.00000
v 28.50000 6.00000 7.00000
v 27.93523 6.00000 7.82092
v 26.66622 6.00000 8.02367
v 25.64855 6.00000 7.45558
v 25.64855 6.00000 6.54442
v 26.66622 6.00000 5.97633
v 27.93523 6.00000 6.17908
v 29.10000 8.00000 9.00000
v 28.30933 8.00000 10.21184
v 26.53271 8.00000 10.51114
v 25.10797 8.00000 9.67252
v 25.10797 8.00000 8.32748
v 26.53271 8.00000 7.48886
v 28.30933 8.00000 7.78816
v 28.50000 10.00000 7.00000
v 27.93523 10.00000 7.82092
v 26.66622 10.00000 8.02367
v 25.64855 10.00000 7.45558
v 25.64855 10.00000 6.54442
v 26.66622 10.00000 5.97633
v 27.93523 10.00000 6.17908
v 27.00000 6.00000 7.00000
v 27.00000 10.00000 7.00000
v -25.50000 22.00000 7.00000
v -26.06477 22.00000 7.82092
v -27.33378 22.00000 8.02367
v -28.35145 22.00000 7.45558
v -28.35145 22.00000 6.54442
v -27.33378 22.00000 5.97633
v -26.06477 22.00000 6.17908
v -24.90000 24.00000 9.00000
v -25.69067 24.00000 10.21184
v -27.46729 24.00000 10.51114
v -28.89203 24.00000 9.67252
v -28.89203 24.00000 8.32748
v -27.46729 24.00000 7.48886
v -25.69067 24.00000 7.78816
v -25.50000 26.00000 7.00000
v -26.06477 26.00000 7.82092
v -27.33378 26.00000 8.02367
v -28.35145 26.00000 7.45558
v -28.35145 26.00000 6.54442
v -27.33378 26.00000 5.97633
v -26.06477 26.00000 6.17908
v -27.00000 22.00000 7.00000
v -27.00000 26.00000 7.00000
v 28.50000 22.00000 7.00000
v 27.93523 22.00000 7.82092
v 26.66622 22.00000 8.02367
v 25.64855 22.00000 7.45558
v 25.64855 22.00000 6.54442
v 26.66622 22.00000 5.97633
v 27.93523 22.00000 6.17908
v 29.10000 24.00000 9.00000
v 28.30933 24.00000 10.21184
v 26.53271 24.00000 10.51114
v 25.10797 24.00000 9.67252
v 25.10797 24.00000 8.32748
v 26.53271 24.00000 7.48886
v 28.30933 24.00000 7.78816
v 28.50000 26.00000 7.00000
v 27.93523 26.00000 7.82092
v 26.66622 26.00000 8.02367
v 25.64855 26.00000 7.45558
v 25.64855 26.00000 6.54442
v 26.66622 26.00000 5.97633
v 27.93523 26.00000 6.17908
v 27.00000 22.00000 7.00000
v 27.00000 26.00000 7.00000
v 2.25000 -33.00000 25.00000
v 1.59099 -33.00000 26.13137
v 0.00000 -33.00000 26.60000
v -1.59099 -33.00000 26.13137
v -2.25000 -33.00000 25.00000
v -1.59099 -33.00000 23.86863
v -0.00000 -33.00000 23.40000
v 1.59099 -33.00000 23.86863
v 2.90000 -31.00000 28.00000
v 2.05061 -31.00000 29.48492
v 0.00000 -31.00000 30.10000
v -2.05061 -31.00000 29.48492
v -2.90000 -31.00000 28.00000
v -2.05061 -31.00000 26.51508
v -0.00000 -31.00000 25.90000
v 2.05061 -31.00000 26.51508
v 2.00000 -29.00000 25.00000
v 1.41421 -29.00000 26.06066
v 0.00000 -29.00000 26.50000
v -1.41421 -29.00000 26.06066
v -2.00000 -29.00000 25.00000
v -1.41421 -29.00000 23.93934
v -0.00000 -29.00000 23.50000
v 1.41421 -29.00000 23.93934
v 0.00000 -33.00000 25.00000
v 0.00000 -29.00000 25.00000
v 2.25000 -23.00000 25.00000
v 1.59099 -23.00000 26.13137
v 0.00000 -23.00000 26.60000
v -1.59099 -23.00000 26.13137
v -2.25000 -23.00000 25.00000
v -1.59099 -23.00000 23.86863
v -0.00000 -23.00000 23.40000
v 1.59099 -23.00000 23.86863
v 2.90000 -21.00000 28.00000
v 2.05061 -21.00000 29.48492
v 0.00000 -21.00000 30.10000
v -2.05061 -21.00000 29.48492
v -2.90000 -21.00000 28.00000
v -2.05061 -21.00000 26.51508
v -0.00000 -21.00000 25.90000
v 2.05061 -21.00000 26.51508
v 2.00000 -19.00000 25.00000
v 1.41421 -19.00000 26.06066
v 0.00000 -19.00000 26.50000
v -1.41421 -19.00000 26.06066
v -2.00000 -19.00000 25.00000
v -1.41421 -19.00000 23.93934
v -0.00000 -19.00000 23.50000
v 1.41421 -19.00000 23.93934
v 0.00000 -23.00000 25.00000
v 0.00000 -19.00000 25.00000
v 2.25000 -13.00000 25.00000
v 1.59099 -13.00000 26.13137
v 0.00000 -13.00000 26.60000
v -1.59099 -13.00000 26.13137
v -2.25000 -13.00000 25.00000
v -1.59099 -13.00000 23.86863
v -0.00000 -13.00000 23.40000
v 1.59099 -13.00000 23.86863
v 2.90000 -11.00000 28.00000
v 2.05061 -11.00000 29.48492
v 0.00000 -11.00000 30.10000
v -2.05061 -11.00000 29.48492
v -2.90000 -11.00000 28.00000
v -2.05061 -11.00000 26.51508
v -0.00000 -11.00000 25.90000
v 2.05061 -11.00000 26.51508
v 2.00000 -9.00000 25.00000
v 1.41421 -9.00000 26.06066
v 0.00000 -9.00000 26.50000
v -1.41421 -9.00000 26.06066
v -2.00000 -9.00000 25.00000
v -1.41421 -9.00000 23.93934
v -0.00000 -9.00000 23.50000
v 1.41421 -9.00000 23.93934
v 0.00000 -13.00000 25.00000
v 0.00000 -9.00000 25.00000
v 2.25000 -3.00000 25.00000
v 1.59099 -3.00000 26.13137
v 0.00000 -3.00000 26.60000
v -1.59099 -3.00000 26.13137
v -2.25000 -3.00000 25.00000
v -1.59099 -3.00000 23.86863
v -0.00000 -3.00000 23.40000
v 1.59099 -3.00000 23.86863
v 2.90000 -1.00000 28.00000
v 2.05061 -1.00000 29.48492
v 0.00000 -1.00000 30.10000
v -2.05061 -1.00000 29.48492
v -2.90000 -1.00000 28.00000
v -2.05061 -1.00000 26.51508
v -0.00000 -1.00000 25.90000
v 2.05061 -1.00000 26.51508
v 2.00000 1.00000 25.00000
v 1.41421 1.00000 26.06066
v 0.00000 1.00000 26.50000
v -1.41421 1.00000 26.06066
v -2.00000 1.00000 25.00000
v -1.41421 1.00000 23.93934
v -0.00000 1.00000 23.50000
v 1.41421 1.00000 23.93934
v 0.00000 -3.00000 25.00000
v 0.00000 1.00000 25.00000
v 2.25000 7.00000 25.00000
v 1.59099 7.00000 26.13137
v 0.00000 7.00000 26.60000
v -1.59099 7.00000 26.13137
v -2.25000 7.00000 25.00000
v -1.59099 7.00000 23.86863
v -0.00000 7.00000 23.40000
v 1.59099 7.00000 23.86863
v 2.90000 9.00000 28.00000
v 2.05061 9.00000 29.48492
v 0.00000 9.00000 30.10000
v -2.05061 9.00000 29.48492
v -2.90000 9.00000 28.00000
v -2.05061 9.00000 26.51508
v -0.00000 9.00000 25.90000
v 2.05061 9.00000 26.51508
v 2.00000 11.00000 25.00000
v 1.41421 11.00000 26.06066
v 0.00000 11.00000 26.50000
v -1.41421 11.00000 26.06066
v -2.00000 11.00000 25.00000
v -1.41421 11.00000 23.93934
v -0.00000 11.00000 23.50000
v 1.41421 11.00000 23.93934
v 0.00000 7.00000 25.00000
v 0.00000 11.00000 25.00000
v 2.25000 17.00000 25.00000
v 1.59099 17.00000 26.13137
v 0.00000 17.00000 26.60000
v -1.59099 17.00000 26.13137
v -2.25000 17.00000 25.00000
v -1.59099 17.00000 23.86863
v -0.00000 17.00000 23.40000
v 1.59099 17.00000 23.86863
v 2.90000 19.00000 28.00000
v 2.05061 19.00000 29.48492
v 0.00000 19.00000 30.10000
v -2.05061 19.00000 29.48492
v -2.90000 19.00000 28.00000
v -2.05061 19.00000 26.51508
v -0.00000 19.00000 25.90000
v 2.05061 19.00000 26.51508
v 2.00000 21.00000 25.00000
v 1.41421 21.00000 26.06066
v 0.00000 21.00000 26.50000
v -1.41421 21.00000 26.06066
v -2.00000 21.00000 25.00000
v -1.41421 21.00000 23.93934
v -0.00000 21.00000 23.50000
v 1.41421 21.00000 23.93934
v 0.00000 17.00000 25.00000
v 0.00000 21.00000 25.00000
v 2.25000 27.00000 25.00000
v 1.59099 27.00000 26.13137
v 0.00000 27.00000 26.60000
v -1.59099 27.00000 26.13137
v -2.25000 27.00000 25.00000
v -1.59099 27.00000 23.86863
v -0.00000 27.00000 23.40000
v 1.59099 27.00000 23.86863
v 2.90000 29.00000 28.00000
v 2.05061 29.00000 29.48492
v 0.00000 29.00000 30.10000
v -2.05061 29.00000 29.48492
v -2.90000 29.00000 28.00000
v -2.05061 29.00000 26.51508
v -0.00000 29.00000 25.90000
v 2.05061 29.00000 26.51508
v 2.00000 31.00000 25.00000
v 1.41421 31.00000 26.06066
v 0.00000 31.00000 26.50000
v -1.41421 31.00000 26.06066
v -2.00000 31.00000 25.00000
v -1.41421 31.00000 23.93934
v -0.00000 31.00000 23.50000
v 1.41421 31.00000 23.93934
v 0.00000 27.00000 25.00000
v 0.00000 31.00000 25.00000
v -16.50000 28.00000 11.00000
v -17.52513 28.00000 12.76777
v -20.00000 28.00000 13.50000
v -22.47487 28.00000 12.76777
v -23.50000 28.00000 11.00000
v -22.47487 28.00000 9.23223
v -20.00000 28.00000 8.50000
v -17.52513 28.00000 9.23223
v -22.50000 34.00000 15.00000
v -23.81802 34.00000 17.12132
v -27.00000 34.00000 18.00000
v -30.18198 34.00000 17.12132
v -31.50000 34.00000 15.00000
v -30.18198 34.00000 12.87868
v -27.00000 34.00000 12.00000
v -23.81802 34.00000 12.87868
v -28.50000 41.00000 19.00000
v -29.52513 41.00000 20.76777
v -32.00000 41.00000 21.50000
v -34.47487 41.00000 20.76777
v -35.50000 41.00000 19.00000
v -34.47487 41.00000 17.23223
v -32.00000 41.00000 16.50000
v -29.52513 41.00000 17.23223
v -34.50000 48.00000 15.00000
v -34.93934 48.00000 15.70711
v -36.00000 48.00000 16.00000
v -37.06066 48.00000 15.70711
v -37.50000 48.00000 15.00000
v -37.06066 48.00000 14.29289
v -36.00000 48.00000 14.00000
v -34.93934 48.00000 14.29289
v -20.00000 28.00000 11.00000
v -36.00000 48.00000 15.00000
v 23.50000 28.00000 11.00000
v 22.47487 28.00000 12.76777
v 20.00000 28.00000 13.50000
v 17.52513 28.00000 12.76777
v 16.50000 28.00000 11.00000
v 17.52513 28.00000 9.23223
v 20.00000 28.00000 8.50000
v 22.47487 28.00000 9.23223
v 31.50000 34.00000 15.00000
v 30.18198 34.00000 17.12132
v 27.00000 34.00000 18.00000
v 23.81802 34.00000 17.12132
v 22.50000 34.00000 15.00000
v 23.81802 34.00000 12.87868
v 27.00000 34.00000 12.00000
v 30.18198 34.00000 12.87868
v 35.50000 41.00000 19.00000
v 34.47487 41.00000 20.76777
v 32.00000 41.00000 21.50000
v 29.52513 41.00000 20.76777
v 28.50000 41.00000 19.00000
v 29.52513 41.00000 17.23223
v 32.00000 41.00000 16.50000
v 34.47487 41.00000 17.23223
v 37.50000 48.00000 15.00000
v 37.06066 48.00000 15.70711
v 36.00000 48.00000 16.00000
v 34.93934 48.00000 15.70711
v 34.50000 48.00000 15.00000
v 34.93934 48.00000 14.29289
v 36.00000 48.00000 14.00000
v 37.06066 48.00000 14.29289
v 20.00000 28.00000 11.00000
v 36.00000 48.00000 15.00000
v -14.00000 -30.00000 9.00000
v -15.17157 -30.00000 11.12132
v -18.00000 -30.00000 12.00000
v -20.82843 -30.00000 11.12132
v -22.00000 -30.00000 9.00000
v -20.82843 -30.00000 6.87868
v -18.00000 -30.00000 6.00000
v -15.17157 -30.00000 6.87868
v -19.00000 -34.00000 12.00000
v -20.46447 -34.00000 14.47487
v -24.00000 -34.00000 15.50000
v -27.53553 -34.00000 14.47487
v -29.00000 -34.00000 12.00000
v -27.53553 -34.00000 9.52513
v -24.00000 -34.00000 8.50000
v -20.46447 -34.00000 9.52513
v -26.00000 -38.00000 14.00000
v -27.17157 -38.00000 16.12132
v -30.00000 -38.00000 17.00000
v -32.82843 -38.00000 16.12132
v -34.00000 -38.00000 14.00000
v -32.82843 -38.00000 11.87868
v -30.00000 -38.00000 11.00000
v -27.17157 -38.00000 11.87868
v -31.00000 -42.00000 10.00000
v -31.58579 -42.00000 11.06066
v -33.00000 -42.00000 11.50000
v -34.41421 -42.00000 11.06066
v -35.00000 -42.00000 10.00000
v -34.41421 -42.00000 8.93934
v -33.00000 -42.00000 8.50000
v -31.58579 -42.00000 8.93934
v -18.00000 -30.00000 9.00000
v -33.00000 -42.00000 10.00000
v 22.00000 -30.00000 9.00000
v 20.82843 -30.00000 11.12132
v 18.00000 -30.00000 12.00000
v 15.17157 -30.00000 11.12132
v 14.00000 -30.00000 9.00000
v 15.17157 -30.00000 6.87868
v 18.00000 -30.00000 6.00000
v 20.82843 -30.00000 6.87868
v 29.00000 -34.00000 12.00000
v 27.53553 -34.00000 14.47487
v 24.00000 -34.00000 15.50000
v 20.46447 -34.00000 14.47487
v 19.00000 -34.00000 12.00000
v 20.46447 -34.00000 9.52513
v 24.00000 -34.00000 8.50000
v 27.53553 -34.00000 9.52513
v 34.00000 -38.00000 14.00000
v 32.82843 -38.00000 16.12132
v 30.00000 -38.00000 17.00000
v 27.17157 -38.00000 16.12132
v 26.00000 -38.00000 14.00000
v 27.17157 -38.00000 11.87868
v 30.00000 -38.00000 11.00000
v 32.82843 -38.00000 11.87868
v 35.00000 -42.00000 10.00000
v 34.41421 -42.00000 11.06066
v 33.00000 -42.00000 11.50000
v 31.58579 -42.00000 11.06066
v 31.00000 -42.00000 10.00000
v 31.58579 -42.00000 8.93934
v 33.00000 -42.00000 8.50000
v 34.41421 -42.00000 8.93934
v 18.00000 -30.00000 9.00000
v 33.00000 -42.00000 10.00000
f 1 2 20 19
f 2 3 21 20
f 3 4 22 21
f 4 5 23 22
f 5 6 24 23
f 6 7 25 24
f 7 8 26 25
f 8 9 27 26
f 9 10 28 27
f 10 11 29 28
f 11 12 30 29
f 12 13 31 30
f 13 14 32 31
f 14 15 33 32
f 15 16 34 33
f 16 17 35 34
f 17 18 36 35
f 18 1 19 36
f 19 20 38 37
f 20 21 39 38
f 21 22 40 39
f 22 23 41 40
f 23 24 42 41
f 24 25 43 42
f 25 26 44 43
f 26 27 45 44
f 27 28 46 45
f 28 29 47 46
f 29 30 48 47
f 30 31 49 48
f 31 32 50 49
f 32 33 51 50
f 33 34 52 51
f 34 35 53 52
f 35 36 54 53
f 36 19 37 54
f 37 38 56 55
f 38 39 57 56
f 39 40 58 57
f 40 41 59 58
f 41 42 60 59
f 42 43 61 60
f 43 44 62 61
f 44 45 63 62
f 45 46 64 63
f 46 47 65 64
f 47 48 66 65
f 48 49 67 66
f 49 50 68 67
f 50 51 69 68
f 51 52 70 69
f 52 53 71 70
f 53 54 72 71
f 54 37 55 72
f 55 56 74 73
f 56 57 75 74
f 57 58 76 75
f 58 59 77 76
f 59 60 78 77
f 60 61 79 78
f 61 62 80 79
f 62 63 81 80
f 63 64 82 81
f 64 65 83 82
f 65 66 84 83
f 66 67 85 84
f 67 68 86 85
f 68 69 87 86
f 69 70 88 87
f 70 71 89 88
f 71 72 90 89
f 72 55 73 90
f 73 74 92 91
f 74 75 93 92
f 75 76 94 93
f 76 77 95 94
f 77 78 96 95
f 78 79 97 96
f 79 80 98 97
f 80 81 99 98
f 81 82 100 99
f 82 83 101 100
f 83 84 102 101
f 84 85 103 102
f 85 86 104 103
f 86 87 105 104
f 87 88 106 105
f 88 89 107 106
f 89 90 108 107
f 90 73 91 108
f 91 92 110 109
f 92 93 111 110
f 93 94 112 111
f 94 95 113 112
f 95 96 114 113
f 96 97 115 114
f 97 98 116 115
f 98 99 117 116
f 99 100 118 117
f 100 101 119 118
f 101 102 120 119
f 102 103 121 120
f 103 104 122 121
f 104 105 123 122
f 105 106 124 123
f 106 107 125 124
f 107 108 126 125
f 108 91 109 126
f 127 2 1
f 128 109 110
f 127 3 2
f 128 110 111
f 127 4 3
f 128 111 112
f 127 5 4
f 128 112 113
f 127 6 5
f 128 113 114
f 127 7 6
f 128 114 115
f 127 8 7
f 128 115 116
f 127 9 8
f 128 116 117
f 127 10 9
f 128 117 118
f 127 11 10
f 128 118 119
f 127 12 11
f 128 119 120
f 127 13 12
f 128 120 121
f 127 14 13
f 128 121 122
f 127 15 14
f 128 122 123
f 127 16 15
f 128 123 124
f 127 17 16
f 128 124 125
f 127 18 17
f 128 125 126
f 127 1 18
f 128 126 109
f 129 130 146 145
f 130 131 147 146
f 131 132 148 147
f 132 133 149 148
f 133 134 150 149
f 134 135 151 150
f 135 136 152 151
f 136 137 153 152
f 137 138 154 153
f 138 139 155 154
f 139 140 156 155
f 140 141 157 156
f 141 142 158 157
f 142 143 159 158
f 143 144 160 159
f 144 129 145 160
f 145 146 162 161
f 146 147 163 162
f 147 148 164 163
f 148 149 165 164
f 149 150 166 165
f 150 151 167 166
f 151 152 168 167
f 152 153 169 168
f 153 154 170 169
f 154 155 171 170
f 155 156 172 171
f 156 157 173 172
f 157 158 174 173
f 158 159 175 174
f 159 160 176 175
f 160 145 161 176
f 161 162 178 177
f 162 163 179 178
f 163 164 180 179
f 164 165 181 180
f 165 166 182 181
f 166 167 183 182
f 167 168 184 183
f 168 169 185 184
f 169 170 186 185
f 170 171 187 186
f 171 172 188 187
f 172 173 189 188
f 173 174 190 189
f 174 175 191 190
f 175 176 192 191
f 176 161 177 192
f 177 178 194 193
f 178 179 195 194
f 179 180 196 195
f 180 181 197 196
f 181 182 198 197
f 182 183 199 198
f 183 184 200 199
f 184 185 201 200
f 185 186 202 201
f 186 187 203 202
f 187 188 204 203
f 188 189 205 204
f 189 190 206 205
f 190 191 207 206
f 191 192 208 207
f 192 177 193 208
f 193 194 210 209
f 194 195 211 210
f 195 196 212 211
f 196 197 213 212
f 197 198 214 213
f 198 199 215 214
f 199 200 216 215
f 200 201 217 216
f 201 202 218 217
f 202 203 219 218
f 203 204 220 219
f 204 205 221 220
f 205 206 222 221
f 206 207 223 222
f 207 208 224 223
f 208 193 209 224
f 225 130 129
f 226 209 210
f 225 131 130
f 226 210 211
f 225 132 131
f 226 211 212
f 225 133 132
f 226 212 213
f 225 134 133
f 226 213 214
f 225 135 134
f 226 214 215
f 225 136 135
f 226 215 216
f 225 137 136
f 226 216 217
f 225 138 137
f 226 217 218
f 225 139 138
f 226 218 219
f 225 140 139
f 226 219 220
f 225 141 140
f 226 220 221
f 225 142 141
f 226 221 222
f 225 143 142
f 226 222 223
f 225 144 143
f 226 223 224
f 225 129 144
f 226 224 209
f 227 228 244 243
f 228 229 245 244
f 229 230 246 245
f 230 231 247 246
f 231 232 248 247
f 232 233 249 248
f 233 234 250 249
f 234 235 251 250
f 235 236 252 251
f 236 237 253 252
f 237 238 254 253
f 238 239 255 254
f 239 240 256 255
f 240 241 257 256
f 241 242 258 257
f 242 227 243 258
f 243 244 260 259
f 244 245 261 260
f 245 246 262 261
f 246 247 263 262
f 247 248 264 263
f 248 249 265 264
f 249 250 266 265
f 250 251 267 266
f 251 252 268 267
f 252 253 269 268
f 253 254 270 269
f 254 255 271 270
f 255 256 272 271
f 256 257 273 272
f 257 258 274 273
f 258 243 259 274
f 259 260 276 275
f 260 261 277 276
f 261 262 278 277
f 262 263 279 278
f 263 264 280 279
f 264 265 281 280
f 265 266 282 281
f 266 267 283 282
f 267 268 284 283
f 268 269 285 284
f 269 270 286 285
f 270 271 287 286
f 271 272 288 287
f 272 273 289 288
f 273 274 290 289
f 274 259 275 290
f 275 276 292 291
f 276 277 293 292
f 277 278 294 293
f 278 279 295 294
f 279 280 296 295
f 280 281 297 296
f 281 282 298 297
f 282 283 299 298
f 283 284 300 299
f 284 285 301 300
f 285 286 302 301
f 286 287 303 302
f 287 288 304 303
f 288 289 305 304
f 289 290 306 305
f 290 275 291 306
f 307 228 227
f 308 291 292
f 307 229 228
f 308 292 293
f 307 230 229
f 308 293 294
f 307 231 230
f 308 294 295
f 307 232 231
f 308 295 296
f 307 233 232
f 308 296 297
f 307 234 233
f 308 297 298
f 307 235 234
f 308 298 299
f 307 236 235
f 308 299 300
f 307 237 236
f 308 300 301
f 307 238 237
f 308 301 302
f 307 239 238
f 308 302 303
f 307 240 239
f 308 303 304
f 307 241 240
f 308 304 305
f 307 242 241
f 308 305 306
f 307 227 242
f 308 306 291
f 309 310 322 321
f 310 311 323 322
f 311 312 324 323
f 312 313 325 324
f 313 314 326 325
f 314 315 327 326
f 315 316 328 327
f 316 317 329 328
f 317 318 330 329
f 318 319 331 330
f 319 320 332 331
f 320 309 321 332
f 321 322 334 333
f 322 323 335 334
f 323 324 336 335
f 324 325 337 336
f 325 326 338 337
f 326 327 339 338
f 327 328 340 339
f 328 329 341 340
f 329 330 342 341
f 330 331 343 342
f 331 332 344 343
f 332 321 333 344
f 333 334 346 345
f 334 335 347 346
f 335 336 348 347
f 336 337 349 348
f 337 338 350 349
f 338 339 351 350
f 339 340 352 351
f 340 341 353 352
f 341 342 354 353
f 342 343 355 354
f 343 344 356 355
f 344 333 345 356
f 345 346 358 357
f 346 347 359 358
f 347 348 360 359
f 348 349 361 360
f 349 350 362 361
f 350 351 363 362
f 351 352 364 363
f 352 353 365 364
f 353 354 366 365
f 354 355 367 366
f 355 356 368 367
f 356 345 357 368
f 369 310 309
f 370 357 358
f 369 311 310
f 370 358 359
f 369 312 311
f 370 359 360
f 369 313 312
f 370 360 361
f 369 314 313
f 370 361 362
f 369 315 314
f 370 362 363
f 369 316 315
f 370 363 364
f 369 317 316
f 370 364 365
f 369 318 317
f 370 365 366
f 369 319 318
f 370 366 367
f 369 320 319
f 370 367 368
f 369 309 320
f 370 368 357
f 371 372 382 381
f 372 373 383 382
f 373 374 384 383
f 374 375 385 384
f 375 376 386 385
f 376 377 387 386
f 377 378 388 387
f 378 379 389 388
f 379 380 390 389
f 380 371 381 390
f 381 382 392 391
f 382 383 393 392
f 383 384 394 393
f 384 385 395 394
f 385 386 396 395
f 386 387 397 396
f 387 388 398 397
f 388 389 399 398
f 389 390 400 399
f 390 381 391 400
f 391 392 402 401
f 392 393 403 402
f 393 394 404 403
f 394 395 405 404
f 395 396 406 405
f 396 397 407 406
f 397 398 408 407
f 398 399 409 408
f 399 400 410 409
f 400 391 401 410
f 411 372 371
f 412 401 402
f 411 373 372
f 412 402 403
f 411 374 373
f 412 403 404
f 411 375 374
f 412 404 405
f 411 376 375
f 412 405 406
f 411 377 376
f 412 406 407
f 411 378 377
f 412 407 408
f 411 379 378
f 412 408 409
f 411 380 379
f 412 409 410
f 411 371 380
f 412 410 401
f 413 414 424 423
f 414 415 425 424
f 415 416 426 425
f 416 417 427 426
f 417 418 428 427
f 418 419 429 428
f 419 420 430 429
f 420 421 431 430
f 421 422 432 431
f 422 413 423 432
f 423 424 434 433
f 424 425 435 434
f 425 426 436 435
f 426 427 437 436
f 427 428 438 437
f 428 429 439 438
f 429 430 440 439
f 430 431 441 440
f 431 432 442 441
f 432 423 433 442
f 433 434 444 443
f 434 435 445 444
f 435 436 446 445
f 436 437 447 446
f 437 438 448 447
f 438 439 449 448
f 439 440 450 449
f 440 441 451 450
f 441 442 452 451
f 442 433 443 452
f 453 414 413
f 454 443 444
f 453 415 414
f 454 444 445
f 453 416 415
f 454 445 446
f 453 417 416
f 454 446 447
f 453 418 417
f 454 447 448
f 453 419 418
f 454 448 449
f 453 420 419
f 454 449 450
f 453 421 420
f 454 450 451
f 453 422 421
f 454 451 452
f 453 413 422
f 454 452 443
f 455 456 468 467
f 456 457 469 468
f 457 458 470 469
f 458 459 471 470
f 459 460 472 471
f 460 461 473 472
f 461 462 474 473
f 462 463 475 474
f 463 464 476 475
f 464 465 477 476
f 465 466 478 477
f 466 455 467 478
f 467 468 480 479
f 468 469 481 480
f 469 470 482 481
f 470 471 483 482
f 471 472 484 483
f 472 473 485 484
f 473 474 486 485
f 474 475 487 486
f 475 476 488 487
f 476 477 489 488
f 477 478 490 489
f 478 467 479 490
f 479 480 492 491
f 480 481 493 492
f 481 482 494 493
f 482 483 495 494
f 483 484 496 495
f 484 485 497 496
f 485 486 498 497
f 486 487 499 498
f 487 488 500 499
f 488 489 501 500
f 489 490 502 501
f 490 479 491 502
f 491 492 504 503
f 492 493 505 504
f 493 494 506 505
f 494 495 507 506
f 495 496 508 507
f 496 497 509 508
f 497 498 510 509
f 498 499 511 510
f 499 500 512 511
f 500 501 513 512
f 501 502 514 513
f 502 491 503 514
f 515 456 455
f 516 503 504
f 515 457 456
f 516 504 505
f 515 458 457
f 516 505 506
f 515 459 458
f 516 506 507
f 515 460 459
f 516 507 508
f 515 461 460
f 516 508 509
f 515 462 461
f 516 509 510
f 515 463 462
f 516 510 511
f 515 464 463
f 516 511 512
f 515 465 464
f 516 512 513
f 515 466 465
f 516 513 514
f 515 455 466
f 516 514 503
f 517 518 528 527
f 518 519 529 528
f 519 520 530 529
f 520 521 531 530
f 521 522 532 531
f 522 523 533 532
f 523 524 534 533
f 524 525 535 534
f 525 526 536 535
f 526 517 527 536
f 527 528 538 537
f 528 529 539 538
f 529 530 540 539
f 530 531 541 540
f 531 532 542 541
f 532 533 543 542
f 533 534 544 543
f 534 535 545 544
f 535 536 546 545
f 536 527 537 546
f 537 538 548 547
f 538 539 549 548
f 539 540 550 549
f 540 541 551 550
f 541 542 552 551
f 542 543 553 552
f 543 544 554 553
f 544 545 555 554
f 545 546 556 555
f 546 537 547 556
f 557 518 517
f 558 547 548
f 557 519 518
f 558 548 549
f 557 520 519
f 558 549 550
f 557 521 520
f 558 550 551
f 557 522 521
f 558 551 552
f 557 523 522
f 558 552 553
f 557 524 523
f 558 553 554
f 557 525 524
f 558 554 555
f 557 526 525
f 558 555 556
f 557 517 526
f 558 556 547
f 559 560 570 569
f 560 561 571 570
f 561 562 572 571
f 562 563 573 572
f 563 564 574 573
f 564 565 575 574
f 565 566 576 575
f 566 567 577 576
f 567 568 578 577
f 568 559 569 578
f 569 570 580 579
f 570 571 581 580
f 571 572 582 581
f 572 573 583 582
f 573 574 584 583
f 574 575 585 584
f 575 576 586 585
f 576 577 587 586
f 577 578 588 587
f 578 569 579 588
f 579 580 590 589
f 580 581 591 590
f 581 582 592 591
f 582 583 593 592
f 583 584 594 593
f 584 585 595 594
f 585 586 596 595
f 586 587 597 596
f 587 588 598 597
f 588 579 589 598
f 599 560 559
f 600 589 590
f 599 561 560
f 600 590 591
f 599 562 561
f 600 591 592
f 599 563 562
f 600 592 593
f 599 564 563
f 600 593 594
f 599 565 564
f 600 594 595
f 599 566 565
f 600 595 596
f 599 567 566
f 600 596 597
f 599 568 567
f 600 597 598
f 599 559 568
f 600 598 589
f 601 602 616 615
f 602 603 617 616
f 603 604 618 617
f 604 605 619 618
f 605 606 620 619
f 606 607 621 620
f 607 608 622 621
f 608 609 623 622
f 609 610 624 623
f 610 611 625 624
f 611 612 626 625
f 612 613 627 626
f 613 614 628 627
f 614 601 615 628
f 615 616 630 629
f 616 617 631 630
f 617 618 632 631
f 618 619 633 632
f 619 620 634 633
f 620 621 635 634
f 621 622 636 635
f 622 623 637 636
f 623 624 638 637
f 624 625 639 638
f 625 626 640 639
f 626 627 641 640
f 627 628 642 641
f 628 615 629 642
f 629 630 644 643
f 630 631 645 644
f 631 632 646 645
f 632 633 647 646
f 633 634 648 647
f 634 635 649 648
f 635 636 650 649
f 636 637 651 650
f 637 638 652 651
f 638 639 653 652
f 639 640 654 653
f 640 641 655 654
f 641 642 656 655
f 642 629 643 656
f 643 644 658 657
f 644 645 659 658
f 645 646 660 659
f 646 647 661 660
f 647 648 662 661
f 648 649 663 662
f 649 650 664 663
f 650 651 665 664
f 651 652 666 665
f 652 653 667 666
f 653 654 668 667
f 654 655 669 668
f 655 656 670 669
f 656 643 657 670
f 671 602 601
f 672 657 658
f 671 603 602
f 672 658 659
f 671 604 603
f 672 659 660
f 671 605 604
f 672 660 661
f 671 606 605
f 672 661 662
f 671 607 606
f 672 662 663
f 671 608 607
f 672 663 664
f 671 609 608
f 672 664 665
f 671 610 609
f 672 665 666
f 671 611 610
f 672 666 667
f 671 612 611
f 672 667 668
f 671 613 612
f 672 668 669
f 671 614 613
f 672 669 670
f 671 601 614
f 672 670 657
f 673 674 688 687
f 674 675 689 688
f 675 676 690 689
f 676 677 691 690
f 677 678 692 691
f 678 679 693 692
f 679 680 694 693
f 680 681 695 694
f 681 682 696 695
f 682 683 697 696
f 683 684 698 697
f 684 685 699 698
f 685 686 700 699
f 686 673 687 700
f 687 688 702 701
f 688 689 703 702
f 689 690 704 703
f 690 691 705 704
f 691 692 706 705
f 692 693 707 706
f 693 694 708 707
f 694 695 709 708
f 695 696 710 709
f 696 697 711 710
f 697 698 712 711
f 698 699 713 712
f 699 700 714 713
f 700 687 701 714
f 701 702 716 715
f 702 703 717 716
f 703 704 718 717
f 704 705 719 718
f 705 706 720 719
f 706 707 721 720
f 707 708 722 721
f 708 709 723 722
f 709 710 724 723
f 710 711 725 724
f 711 712 726 725
f 712 713 727 726
f 713 714 728 727
f 714 701 715 728
f 715 716 730 729
f 716 717 731 730
f 717 718 732 731
f 718 719 733 732
f 719 720 734 733
f 720 721 735 734
f 721 722 736 735
f 722 723 737 736
f 723 724 738 737
f 724 725 739 738
f 725 726 740 739
f 726 727 741 740
f 727 728 742 741
f 728 715 729 742
f 743 674 673
f 744 729 730
f 743 675 674
f 744 730 731
f 743 676 675
f 744 731 732
f 743 677 676
f 744 732 733
f 743 678 677
f 744 733 734
f 743 679 678
f 744 734 735
f 743 680 679
f 744 735 736
f 743 681 680
f 744 736 737
f 743 682 681
f 744 737 738
f 743 683 682
f 744 738 739
f 743 684 683
f 744 739 740
f 743 685 684
f 744 740 741
f 743 686 685
f 744 741 742
f 743 673 686
f 744 742 729
f 745 746 755 754
f 746 747 756 755
f 747 748 757 756
f 748 749 758 757
f 749 750 759 758
f 750 751 760 759
f 751 752 761 760
f 752 753 762 761
f 753 745 754 762
f 754 755 764 763
f 755 756 765 764
f 756 757 766 765
f 757 758 767 766
f 758 759 768 767
f 759 760 769 768
f 760 761 770 769
f 761 762 771 770
f 762 754 763 771
f 763 764 773 772
f 764 765 774 773
f 765 766 775 774
f 766 767 776 775
f 767 768 777 776
f 768 769 778 777
f 769 770 779 778
f 770 771 780 779
f 771 763 772 780
f 772 773 782 781
f 773 774 783 782
f 774 775 784 783
f 775 776 785 784
f 776 777 786 785
f 777 778 787 786
f 778 779 788 787
f 779 780 789 788
f 780 772 781 789
f 790 746 745
f 791 781 782
f 790 747 746
f 791 782 783
f 790 748 747
f 791 783 784
f 790 749 748
f 791 784 785
f 790 750 749
f 791 785 786
f 790 751 750
f 791 786 787
f 790 752 751
f 791 787 788
f 790 753 752
f 791 788 789
f 790 745 753
f 791 789 781
f 792 793 801 800
f 793 794 802 801
f 794 795 803 802
f 795 796 804 803
f 796 797 805 804
f 797 798 806 805
f 798 799 807 806
f 799 792 800 807
f 800 801 809 808
f 801 802 810 809
f 802 803 811 810
f 803 804 812 811
f 804 805 813 812
f 805 806 814 813
f 806 807 815 814
f 807 800 808 815
f 816 793 792
f 817 808 809
f 816 794 793
f 817 809 810
f 816 795 794
f 817 810 811
f 816 796 795
f 817 811 812
f 816 797 796
f 817 812 813
f 816 798 797
f 817 813 814
f 816 799 798
f 817 814 815
f 816 792 799
f 817 815 808
f 818 819 828 827
f 819 820 829 828
f 820 821 830 829
f 821 822 831 830
f 822 823 832 831
f 823 824 833 832
f 824 825 834 833
f 825 826 835 834
f 826 818 827 835
f 827 828 837 836
f 828 829 838 837
f 829 830 839 838
f 830 831 840 839
f 831 832 841 840
f 832 833 842 841
f 833 834 843 842
f 834 835 844 843
f 835 827 836 844
f 836 837 846 845
f 837 838 847 846
f 838 839 848 847
f 839 840 849 848
f 840 841 850 849
f 841 842 851 850
f 842 843 852 851
f 843 844 853 852
f 844 836 845 853
f 845 846 855 854
f 846 847 856 855
f 847 848 857 856
f 848 849 858 857
f 849 850 859 858
f 850 851 860 859
f 851 852 861 860
f 852 853 862 861
f 853 845 854 862
f 863 819 818
f 864 854 855
f 863 820 819
f 864 855 856
f 863 821 820
f 864 856 857
f 863 822 821
f 864 857 858
f 863 823 822
f 864 858 859
f 863 824 823
f 864 859 860
f 863 825 824
f 864 860 861
f 863 826 825
f 864 861 862
f 863 818 826
f 864 862 854
f 865 866 874 873
f 866 867 875 874
f 867 868 876 875
f 868 869 877 876
f 869 870 878 877
f 870 871 879 878
f 871 872 880 879
f 872 865 873 880
f 873 874 882 881
f 874 875 883 882
f 875 876 884 883
f 876 877 885 884
f 877 878 886 885
f 878 879 887 886
f 879 880 888 887
f 880 873 881 888
f 889 866 865
f 890 881 882
f 889 867 866
f 890 882 883
f 889 868 867
f 890 883 884
f 889 869 868
f 890 884 885
f 889 870 869
f 890 885 886
f 889 871 870
f 890 886 887
f 889 872 871
f 890 887 888
f 889 865 872
f 890 888 881
f 891 892 900 899
f 892 893 901 900
f 893 894 902 901
f 894 895 903 902
f 895 896 904 903
f 896 897 905 904
f 897 898 906 905
f 898 891 899 906
f 899 900 908 907
f 900 901 909 908
f 901 902 910 909
f 902 903 911 910
f 903 904 912 911
f 904 905 913 912
f 905 906 914 913
f 906 899 907 914
f 907 908 916 915
f 908 909 917 916
f 909 910 918 917
f 910 911 919 918
f 911 912 920 919
f 912 913 921 920
f 913 914 922 921
f 914 907 915 922
f 915 916 924 923
f 916 917 925 924
f 917 918 926 925
f 918 919 927 926
f 919 920 928 927
f 920 921 929 928
f 921 922 930 929
f 922 915 923 930
f 923 924 932 931
f 924 925 933 932
f 925 926 934 933
f 926 927 935 934
f 927 928 936 935
f 928 929 937 936
f 929 930 938 937
f 930 923 931 938
f 931 932 940 939
f 932 933 941 940
f 933 934 942 941
f 934 935 943 942
f 935 936 944 943
f 936 937 945 944
f 937 938 946 945
f 938 931 939 946
f 947 892 891
f 948 939 940
f 947 893 892
f 948 940 941
f 947 894 893
f 948 941 942
f 947 895 894
f 948 942 943
f 947 896 895
f 948 943 944
f 947 897 896
f 948 944 945
f 947 898 897
f 948 945 946
f 947 891 898
f 948 946 939
f 949 950 958 957
f 950 951 959 958
f 951 952 960 959
f 952 953 961 960
f 953 954 962 961
f 954 955 963 962
f 955 956 964 963
f 956 949 957 964
f 957 958 966 965
f 958 959 967 966
f 959 960 968 967
f 960 961 969 968
f 961 962 970 969
f 962 963 971 970
f 963 964 972 971
f 964 957 965 972
f 965 966 974 973
f 966 967 975 974
f 967 968 976 975
f 968 969 977 976
f 969 970 978 977
f 970 971 979 978
f 971 972 980 979
f 972 965 973 980
f 973 974 982 981
f 974 975 983 982
f 975 976 984 983
f 976 977 985 984
f 977 978 986 985
f 978 979 987 986
f 979 980 988 987
f 980 973 981 988
f 981 982 990 989
f 982 983 991 990
f 983 984 992 991
f 984 985 993 992
f 985 986 994 993
f 986 987 995 994
f 987 988 996 995
f 988 981 989 996
f 989 990 998 997
f 990 991 999 998
f 991 992 1000 999
f 992 993 1001 1000
f 993 994 1002 1001
f 994 995 1003 1002
f 995 996 1004 1003
f 996 989 997 1004
f 1005 950 949
f 1006 997 998
f 1005 951 950
f 1006 998 999
f 1005 952 951
f 1006 999 1000
f 1005 953 952
f 1006 1000 1001
f 1005 954 953
f 1006 1001 1002
f 1005 955 954
f 1006 1002 1003
f 1005 956 955
f 1006 1003 1004
f 1005 949 956
f 1006 1004 997
f 1007 1008 1016 1015
f 1008 1009 1017 1016
f 1009 1010 1018 1017
f 1010 1011 1019 1018
f 1011 1012 1020 1019
f 1012 1013 1021 1020
f 1013 1014 1022 1021
f 1014 1007 1015 1022
f 1015 1016 1024 1023
f 1016 1017 1025 1024
f 1017 1018 1026 1025
f 1018 1019 1027 1026
f 1019 1020 1028 1027
f 1020 1021 1029 1028
f 1021 1022 1030 1029
f 1022 1015 1023 1030
f 1023 1024 1032 1031
f 1024 1025 1033 1032
f 1025 1026 1034 1033
f 1026 1027 1035 1034
f 1027 1028 1036 1035
f 1028 1029 1037 1036
f 1029 1030 1038 1037
f 1030 1023 1031 1038
f 1031 1032 1040 1039
f 1032 1033 1041 1040
f 1033 1034 1042 1041
f 1034 1035 1043 1042
f 1035 1036 1044 1043
f 1036 1037 1045 1044
f 1037 1038 1046 1045
f 1038 1031 1039 1046
f 1039 1040 1048 1047
f 1040 1041 1049 1048
f 1041 1042 1050 1049
f 1042 1043 1051 1050
f 1043 1044 1052 1051
f 1044 1045 1053 1052
f 1045 1046 1054 1053
f 1046 1039 1047 1054
f 1047 1048 1056 1055
f 1048 1049 1057 1056
f 1049 1050 1058 1057
f 1050 1051 1059 1058
f 1051 1052 1060 1059
f 1052 1053 1061 1060
f 1053 1054 1062 1061
f 1054 1047 1055 1062
f 1063 1008 1007
f 1064 1055 1056
f 1063 1009 1008
f 1064 1056 1057
f 1063 1010 1009
f 1064 1057 1058
f 1063 1011 1010
f 1064 1058 1059
f 1063 1012 1011
f 1064 1059 1060
f 1063 1013 1012
f 1064 1060 1061
f 1063 1014 1013
f 1064 1061 1062
f 1063 1007 1014
f 1064 1062 1055
f 1065 1066 1074 1073
f 1066 1067 1075 1074
f 1067 1068 1076 1075
f 1068 1069 1077 1076
f 1069 1070 1078 1077
f 1070 1071 1079 1078
f 1071 1072 1080 1079
f 1072 1065 1073 1080
f 1073 1074 1082 1081
f 1074 1075 1083 1082
f 1075 1076 1084 1083
f 1076 1077 1085 1084
f 1077 1078 1086 1085
f 1078 1079 1087 1086
f 1079 1080 1088 1087
f 1080 1073 1081 1088
f 1081 1082 1090 1089
f 1082 1083 1091 1090
f 1083 1084 1092 1091
f 1084 1085 1093 1092
f 1085 1086 1094 1093
f 1086 1087 1095 1094
f 1087 1088 1096 1095
f 1088 1081 1089 1096
f 1089 1090 1098 1097
f 1090 1091 1099 1098
f 1091 1092 1100 1099
f 1092 1093 1101 1100
f 1093 1094 1102 1101
f 1094 1095 1103 1102
f 1095 1096 1104 1103
f 1096 1089 1097 1104
f 1097 1098 1106 1105
f 1098 1099 1107 1106
f 1099 1100 1108 1107
f 1100 1101 1109 1108
f 1101 1102 1110 1109
f 1102 1103 1111 1110
f 1103 1104 1112 1111
f 1104 1097 1105 1112
f 1105 1106 1114 1113
f 1106 1107 1115 1114
f 1107 1108 1116 1115
f 1108 1109 1117 1116
f 1109 1110 1118 1117
f 1110 1111 1119 1118
f 1111 1112 1120 1119
f 1112 1105 1113 1120
f 1121 1066 1065
f 1122 1113 1114
f 1121 1067 1066
f 1122 1114 1115
f 1121 1068 1067
f 1122 1115 1116
f 1121 1069 1068
f 1122 1116 1117
f 1121 1070 1069
f 1122 1117 1118
f 1121 1071 1070
f 1122 1118 1119
f 1121 1072 1071
f 1122 1119 1120
f 1121 1065 1072
f 1122 1120 1113
f 1123 1124 1132 1131
f 1124 1125 1133 1132
f 1125 1126 1134 1133
f 1126 1127 1135 1134
f 1127 1128 1136 1135
f 1128 1129 1137 1136
f 1129 1130 1138 1137
f 1130 1123 1131 1138
f 1131 1132 1140 1139
f 1132 1133 1141 1140
f 1133 1134 1142 1141
f 1134 1135 1143 1142
f 1135 1136 1144 1143
f 1136 1137 1145 1144
f 1137 1138 1146 1145
f 1138 1131 1139 1146
f 1139 1140 1148 1147
f 1140 1141 1149 1148
f 1141 1142 1150 1149
f 1142 1143 1151 1150
f 1143 1144 1152 1151
f 1144 1145 1153 1152
f 1145 1146 1154 1153
f 1146 1139 1147 1154
f 1147 1148 1156 1155
f 1148 1149 1157 1156
f 1149 1150 1158 1157
f 1150 1151 1159 1158
f 1151 1152 1160 1159
f 1152 1153 1161 1160
f 1153 1154 1162 1161
f 1154 1147 1155 1162
f 1155 1156 1164 1163
f 1156 1157 1165 1164
f 1157 1158 1166 1165
f 1158 1159 1167 1166
f 1159 1160 1168 1167
f 1160 1161 1169 1168
f 1161 1162 1170 1169
f 1162 1155 1163 1170
f 1163 1164 1172 1171
f 1164 1165 1173 1172
f 1165 1166 1174 1173
f 1166 1167 1175 1174
f 1167 1168 1176 1175
f 1168 1169 1177 1176
f 1169 1170 1178 1177
f 1170 1163 1171 1178
f 1179 1124 1123
f 1180 1171 1172
f 1179 1125 1124
f 1180 1172 1173
f 1179 1126 1125
f 1180 1173 1174
f 1179 1127 1126
f 1180 1174 1175
f 1179 1128 1127
f 1180 1175 1176
f 1179 1129 1128
f 1180 1176 1177
f 1179 1130 1129
f 1180 1177 1178
f 1179 1123 1130
f 1180 1178 1171
f 1181 1182 1190 1189
f 1182 1183 1191 1190
f 1183 1184 1192 1191
f 1184 1185 1193 1192
f 1185 1186 1194 1193
f 1186 1187 1195 1194
f 1187 1188 1196 1195
f 1188 1181 1189 1196
f 1189 1190 1198 1197
f 1190 1191 1199 1198
f 1191 1192 1200 1199
f 1192 1193 1201 1200
f 1193 1194 1202 1201
f 1194 1195 1203 1202
f 1195 1196 1204 1203
f 1196 1189 1197 1204
f 1197 1198 1206 1205
f 1198 1199 1207 1206
f 1199 1200 1208 1207
f 1200 1201 1209 1208
f 1201 1202 1210 1209
f 1202 1203 1211 1210
f 1203 1204 1212 1211
f 1204 1197 1205 1212
f 1205 1206 1214 1213
f 1206 1207 1215 1214
f 1207 1208 1216 1215
f 1208 1209 1217 1216
f 1209 1210 1218 1217
f 1210 1211 1219 1218
f 1211 1212 1220 1219
f 1212 1205 1213 1220
f 1213 1214 1222 1221
f 1214 1215 1223 1222
f 1215 1216 1224 1223
f 1216 1217 1225 1224
f 1217 1218 1226 1225
f 1218 1219 1227 1226
f 1219 1220 1228 1227
f 1220 1213 1221 1228
f 1221 1222 1230 1229
f 1222 1223 1231 1230
f 1223 1224 1232 1231
f 1224 1225 1233 1232
f 1225 1226 1234 1233
f 1226 1227 1235 1234
f 1227 1228 1236 1235
f 1228 1221 1229 1236
f 1237 1182 1181
f 1238 1229 1230
f 1237 1183 1182
f 1238 1230 1231
f 1237 1184 1183
f 1238 1231 1232
f 1237 1185 1184
f 1238 1232 1233
f 1237 1186 1185
f 1238 1233 1234
f 1237 1187 1186
f 1238 1234 1235
f 1237 1188 1187
f 1238 1235 1236
f 1237 1181 1188
f 1238 1236 1229
f 1239 1240 1248 1247
f 1240 1241 1249 1248
f 1241 1242 1250 1249
f 1242 1243 1251 1250
f 1243 1244 1252 1251
f 1244 1245 1253 1252
f 1245 1246 1254 1253
f 1246 1239 1247 1254
f 1247 1248 1256 1255
f 1248 1249 1257 1256
f 1249 1250 1258 1257
f 1250 1251 1259 1258
f 1251 1252 1260 1259
f 1252 1253 1261 1260
f 1253 1254 1262 1261
f 1254 1247 1255 1262
f 1255 1256 1264 1263
f 1256 1257 1265 1264
f 1257 1258 1266 1265
f 1258 1259 1267 1266
f 1259 1260 1268 1267
f 1260 1261 1269 1268
f 1261 1262 1270 1269
f 1262 1255 1263 1270
f 1263 1264 1272 1271
f 1264 1265 1273 1272
f 1265 1266 1274 1273
f 1266 1267 1275 1274
f 1267 1268 1276 1275
f 1268 1269 1277 1276
f 1269 1270 1278 1277
f 1270 1263 1271 1278
f 1271 1272 1280 1279
f 1272 1273 1281 1280
f 1273 1274 1282 1281
f 1274 1275 1283 1282
f 1275 1276 1284 1283
f 1276 1277 1285 1284
f 1277 1278 1286 1285
f 1278 1271 1279 1286
f 1279 1280 1288 1287
f 1280 1281 1289 1288
f 1281 1282 1290 1289
f 1282 1283 1291 1290
f 1283 1284 1292 1291
f 1284 1285 1293 1292
f 1285 1286 1294 1293
f 1286 1279 1287 1294
f 1295 1240 1239
f 1296 1287 1288
f 1295 1241 1240
f 1296 1288 1289
f 1295 1242 1241
f 1296 1289 1290
f 1295 1243 1242
f 1296 1290 1291
f 1295 1244 1243
f 1296 1291 1292
f 1295 1245 1244
f 1296 1292 1293
f 1295 1246 1245
f 1296 1293 1294
f 1295 1239 1246
f 1296 1294 1287
f 1297 1298 1306 1305
f 1298 1299 1307 1306
f 1299 1300 1308 1307
f 1300 1301 1309 1308
f 1301 1302 1310 1309
f 1302 1303 1311 1310
f 1303 1304 1312 1311
f 1304 1297 1305 1312
f 1305 1306 1314 1313
f 1306 1307 1315 1314
f 1307 1308 1316 1315
f 1308 1309 1317 1316
f 1309 1310 1318 1317
f 1310 1311 1319 1318
f 1311 1312 1320 1319
f 1312 1305 1313 1320
f 1313 1314 1322 1321
f 1314 1315 1323 1322
f 1315 1316 1324 1323
f 1316 1317 1325 1324
f 1317 1318 1326 1325
f 1318 1319 1327 1326
f 1319 1320 1328 1327
f 1320 1313 1321 1328
f 1329 1298 1297
f 1330 1321 1322
f 1329 1299 1298
f 1330 1322 1323
f 1329 1300 1299
f 1330 1323 1324
f 1329 1301 1300
f 1330 1324 1325
f 1329 1302 1301
f 1330 1325 1326
f 1329 1303 1302
f 1330 1326 1327
f 1329 1304 1303
f 1330 1327 1328
f 1329 1297 1304
f 1330 1328 1321
f 1331 1332 1340 1339
f 1332 1333 1341 1340
f 1333 1334 1342 1341
f 1334 1335 1343 1342
f 1335 1336 1344 1343
f 1336 1337 1345 1344
f 1337 1338 1346 1345
f 1338 1331 1339 1346
f 1339 1340 1348 1347
f 1340 1341 1349 1348
f 1341 1342 1350 1349
f 1342 1343 1351 1350
f 1343 1344 1352 1351
f 1344 1345 1353 1352
f 1345 1346 1354 1353
f 1346 1339 1347 1354
f 1347 1348 1356 1355
f 1348 1349 1357 1356
f 1349 1350 1358 1357
f 1350 1351 1359 1358
f 1351 1352 1360 1359
f 1352 1353 1361 1360
f 1353 1354 1362 1361
f 1354 1347 1355 1362
f 1363 1332 1331
f 1364 1355 1356
f 1363 1333 1332
f 1364 1356 1357
f 1363 1334 1333
f 1364 1357 1358
f 1363 1335 1334
f 1364 1358 1359
f 1363 1336 1335
f 1364 1359 1360
f 1363 1337 1336
f 1364 1360 1361
f 1363 1338 1337
f 1364 1361 1362
f 1363 1331 1338
f 1364 1362 1355
f 1365 1366 1374 1373
f 1366 1367 1375 1374
f 1367 1368 1376 1375
f 1368 1369 1377 1376
f 1369 1370 1378 1377
f 1370 1371 1379 1378
f 1371 1372 1380 1379
f 1372 1365 1373 1380
f 1373 1374 1382 1381
f 1374 1375 1383 1382
f 1375 1376 1384 1383
f 1376 1377 1385 1384
f 1377 1378 1386 1385
f 1378 1379 1387 1386
f 1379 1380 1388 1387
f 1380 1373 1381 1388
f 1381 1382 1390 1389
f 1382 1383 1391 1390
f 1383 1384 1392 1391
f 1384 1385 1393 1392
f 1385 1386 1394 1393
f 1386 1387 1395 1394
f 1387 1388 1396 1395
f 1388 1381 1389 1396
f 1397 1366 1365
f 1398 1389 1390
f 1397 1367 1366
f 1398 1390 1391
f 1397 1368 1367
f 1398 1391 1392
f 1397 1369 1368
f 1398 1392 1393
f 1397 1370 1369
f 1398 1393 1394
f 1397 1371 1370
f 1398 1394 1395
f 1397 1372 1371
f 1398 1395 1396
f 1397 1365 1372
f 1398 1396 1389
f 1399 1400 1408 1407
f 1400 1401 1409 1408
f 1401 1402 1410 1409
f 1402 1403 1411 1410
f 1403 1404 1412 1411
f 1404 1405 1413 1412
f 1405 1406 1414 1413
f 1406 1399 1407 1414
f 1407 1408 1416 1415
f 1408 1409 1417 1416
f 1409 1410 1418 1417
f 1410 1411 1419 1418
f 1411 1412 1420 1419
f 1412 1413 1421 1420
f 1413 1414 1422 1421
f 1414 1407 1415 1422
f 1415 1416 1424 1423
f 1416 1417 1425 1424
f 1417 1418 1426 1425
f 1418 1419 1427 1426
f 1419 1420 1428 1427
f 1420 1421 1429 1428
f 1421 1422 1430 1429
f 1422 1415 1423 1430
f 1431 1400 1399
f 1432 1423 1424
f 1431 1401 1400
f 1432 1424 1425
f 1431 1402 1401
f 1432 1425 1426
f 1431 1403 1402
f 1432 1426 1427
f 1431 1404 1403
f 1432 1427 1428
f 1431 1405 1404
f 1432 1428 1429
f 1431 1406 1405
f 1432 1429 1430
f 1431 1399 1406
f 1432 1430 1423
f 1433 1434 1442 1441
f 1434 1435 1443 1442
f 1435 1436 1444 1443
f 1436 1437 1445 1444
f 1437 1438 1446 1445
f 1438 1439 1447 1446
f 1439 1440 1448 1447
f 1440 1433 1441 1448
f 1441 1442 1450 1449
f 1442 1443 1451 1450
f 1443 1444 1452 1451
f 1444 1445 1453 1452
f 1445 1446 1454 1453
f 1446 1447 1455 1454
f 1447 1448 1456 1455
f 1448 1441 1449 1456
f 1449 1450 1458 1457
f 1450 1451 1459 1458
f 1451 1452 1460 1459
f 1452 1453 1461 1460
f 1453 1454 1462 1461
f 1454 1455 1463 1462
f 1455 1456 1464 1463
f 1456 1449 1457 1464
f 1465 1434 1433
f 1466 1457 1458
f 1465 1435 1434
f 1466 1458 1459
f 1465 1436 1435
f 1466 1459 1460
f 1465 1437 1436
f 1466 1460 1461
f 1465 1438 1437
f 1466 1461 1462
f 1465 1439 1438
f 1466 1462 1463
f 1465 1440 1439
f 1466 1463 1464
f 1465 1433 1440
f 1466 1464 1457
f 1467 1468 1476 1475
f 1468 1469 1477 1476
f 1469 1470 1478 1477
f 1470 1471 1479 1478
f 1471 1472 1480 1479
f 1472 1473 1481 1480
f 1473 1474 1482 1481
f 1474 1467 1475 1482
f 1475 1476 1484 1483
f 1476 1477 1485 1484
f 1477 1478 1486 1485
f 1478 1479 1487 1486
f 1479 1480 1488 1487
f 1480 1481 1489 1488
f 1481 1482 1490 1489
f 1482 1475 1483 1490
f 1483 1484 1492 1491
f 1484 1485 1493 1492
f 1485 1486 1494 1493
f 1486 1487 1495 1494
f 1487 1488 1496 1495
f 1488 1489 1497 1496
f 1489 1490 1498 1497
f 1490 1483 1491 1498
f 1499 1468 1467
f 1500 1491 1492
f 1499 1469 1468
f 1500 1492 1493
f 1499 1470 1469
f 1500 1493 1494
f 1499 1471 1470
f 1500 1494 1495
f 1499 1472 1471
f 1500 1495 1496
f 1499 1473 1472
f 1500 1496 1497
f 1499 1474 1473
f 1500 1497 1498
f 1499 1467 1474
f 1500 1498 1491
f 1501 1502 1510 1509
f 1502 1503 1511 1510
f 1503 1504 1512 1511
f 1504 1505 1513 1512
f 1505 1506 1514 1513
f 1506 1507 1515 1514
f 1507 1508 1516 1515
f 1508 1501 1509 1516
f 1509 1510 1518 1517
f 1510 1511 1519 1518
f 1511 1512 1520 1519
f 1512 1513 1521 1520
f 1513 1514 1522 1521
f 1514 1515 1523 1522
f 1515 1516 1524 1523
f 1516 1509 1517 1524
f 1517 1518 1526 1525
f 1518 1519 1527 1526
f 1519 1520 1528 1527
f 1520 1521 1529 1528
f 1521 1522 1530 1529
f 1522 1523 1531 1530
f 1523 1524 1532 1531
f 1524 1517 1525 1532
f 1533 1502 1501
f 1534 1525 1526
f 1533 1503 1502
f 1534 1526 1527
f 1533 1504 1503
f 1534 1527 1528
f 1533 1505 1504
f 1534 1528 1529
f 1533 1506 1505
f 1534 1529 1530
f 1533 1507 1506
f 1534 1530 1531
f 1533 1508 1507
f 1534 1531 1532
f 1533 1501 1508
f 1534 1532 1525
f 1535 1536 1544 1543
f 1536 1537 1545 1544
f 1537 1538 1546 1545
f 1538 1539 1547 1546
f 1539 1540 1548 1547
f 1540 1541 1549 1548
f 1541 1542 1550 1549
f 1542 1535 1543 1550
f 1543 1544 1552 1551
f 1544 1545 1553 1552
f 1545 1546 1554 1553
f 1546 1547 1555 1554
f 1547 1548 1556 1555
f 1548 1549 1557 1556
f 1549 1550 1558 1557
f 1550 1543 1551 1558
f 1551 1552 1560 1559
f 1552 1553 1561 1560
f 1553 1554 1562 1561
f 1554 1555 1563 1562
f 1555 1556 1564 1563
f 1556 1557 1565 1564
f 1557 1558 1566 1565
f 1558 1551 1559 1566
f 1567 1536 1535
f 1568 1559 1560
f 1567 1537 1536
f 1568 1560 1561
f 1567 1538 1537
f 1568 1561 1562
f 1567 1539 1538
f 1568 1562 1563
f 1567 1540 1539
f 1568 1563 1564
f 1567 1541 1540
f 1568 1564 1565
f 1567 1542 1541
f 1568 1565 1566
f 1567 1535 1542
f 1568 1566 1559
f 1569 1570 1578 1577
f 1570 1571 1579 1578
f 1571 1572 1580 1579
f 1572 1573 1581 1580
f 1573 1574 1582 1581
f 1574 1575 1583 1582
f 1575 1576 1584 1583
f 1576 1569 1577 1584
f 1577 1578 1586 1585
f 1578 1579 1587 1586
f 1579 1580 1588 1587
f 1580 1581 1589 1588
f 1581 1582 1590 1589
f 1582 1583 1591 1590
f 1583 1584 1592 1591
f 1584 1577 1585 1592
f 1585 1586 1594 1593
f 1586 1587 1595 1594
f 1587 1588 1596 1595
f 1588 1589 1597 1596
f 1589 1590 1598 1597
f 1590 1591 1599 1598
f 1591 1592 1600 1599
f 1592 1585 1593 1600
f 1601 1570 1569
f 1602 1593 1594
f 1601 1571 1570
f 1602 1594 1595
f 1601 1572 1571
f 1602 1595 1596
f 1601 1573 1572
f 1602 1596 1597
f 1601 1574 1573
f 1602 1597 1598
f 1601 1575 1574
f 1602 1598 1599
f 1601 1576 1575
f 1602 1599 1600
f 1601 1569 1576
f 1602 1600 1593
f 1603 1604 1612 1611
f 1604 1605 1613 1612
f 1605 1606 1614 1613
f 1606 1607 1615 1614
f 1607 1608 1616 1615
f 1608 1609 1617 1616
f 1609 1610 1618 1617
f 1610 1603 1611 1618
f 1611 1612 1620 1619
f 1612 1613 1621 1620
f 1613 1614 1622 1621
f 1614 1615 1623 1622
f 1615 1616 1624 1623
f 1616 1617 1625 1624
f 1617 1618 1626 1625
f 1618 1611 1619 1626
f 1619 1620 1628 1627
f 1620 1621 1629 1628
f 1621 1622 1630 1629
f 1622 1623 1631 1630
f 1623 1624 1632 1631
f 1624 1625 1633 1632
f 1625 1626 1634 1633
f 1626 1619 1627 1634
f 1635 1604 1603
f 1636 1627 1628
f 1635 1605 1604
f 1636 1628 1629
f 1635 1606 1605
f 1636 1629 1630
f 1635 1607 1606
f 1636 1630 1631
f 1635 1608 1607
f 1636 1631 1632
f 1635 1609 1608
f 1636 1632 1633
f 1635 1610 1609
f 1636 1633 1634
f 1635 1603 1610
f 1636 1634 1627
f 1637 1638 1646 1645
f 1638 1639 1647 1646
f 1639 1640 1648 1647
f 1640 1641 1649 1648
f 1641 1642 1650 1649
f 1642 1643 1651 1650
f 1643 1644 1652 1651
f 1644 1637 1645 1652
f 1645 1646 1654 1653
f 1646 1647 1655 1654
f 1647 1648 1656 1655
f 1648 1649 1657 1656
f 1649 1650 1658 1657
f 1650 1651 1659 1658
f 1651 1652 1660 1659
f 1652 1645 1653 1660
f 1661 1638 1637
f 1662 1653 1654
f 1661 1639 1638
f 1662 1654 1655
f 1661 1640 1639
f 1662 1655 1656
f 1661 1641 1640
f 1662 1656 1657
f 1661 1642 1641
f 1662 1657 1658
f 1661 1643 1642
f 1662 1658 1659
f 1661 1644 1643
f 1662 1659 1660
f 1661 1637 1644
f 1662 1660 1653
f 1663 1664 1672 1671
f 1664 1665 1673 1672
f 1665 1666 1674 1673
f 1666 1667 1675 1674
f 1667 1668 1676 1675
f 1668 1669 1677 1676
f 1669 1670 1678 1677
f 1670 1663 1671 1678
f 1671 1672 1680 1679
f 1672 1673 1681 1680
f 1673 1674 1682 1681
f 1674 1675 1683 1682
f 1675 1676 1684 1683
f 1676 1677 1685 1684
f 1677 1678 1686 1685
f 1678 1671 1679 1686
f 1687 1664 1663
f 1688 1679 1680
f 1687 1665 1664
f 1688 1680 1681
f 1687 1666 1665
f 1688 1681 1682
f 1687 1667 1666
f 1688 1682 1683
f 1687 1668 1667
f 1688 1683 1684
f 1687 1669 1668
f 1688 1684 1685
f 1687 1670 1669
f 1688 1685 1686
f 1687 1663 1670
f 1688 1686 1679
f 1689 1690 1698 1697
f 1690 1691 1699 1698
f 1691 1692 1700 1699
f 1692 1693 1701 1700
f 1693 1694 1702 1701
f 1694 1695 1703 1702
f 1695 1696 1704 1703
f 1696 1689 1697 1704
f 1697 1698 1706 1705
f 1698 1699 1707 1706
f 1699 1700 1708 1707
f 1700 1701 1709 1708
f 1701 1702 1710 1709
f 1702 1703 1711 1710
f 1703 1704 1712 1711
f 1704 1697 1705 1712
f 1713 1690 1689
f 1714 1705 1706
f 1713 1691 1690
f 1714 1706 1707
f 1713 1692 1691
f 1714 1707 1708
f 1713 1693 1692
f 1714 1708 1709
f 1713 1694 1693
f 1714 1709 1710
f 1713 1695 1694
f 1714 1710 1711
f 1713 1696 1695
f 1714 1711 1712
f 1713 1689 1696
f 1714 1712 1705
f 1715 1716 1724 1723
f 1716 1717 1725 1724
f 1717 1718 1726 1725
f 1718 1719 1727 1726
f 1719 1720 1728 1727
f 1720 1721 1729 1728
f 1721 1722 1730 1729
f 1722 1715 1723 1730
f 1723 1724 1732 1731
f 1724 1725 1733 1732
f 1725 1726 1734 1733
f 1726 1727 1735 1734
f 1727 1728 1736 1735
f 1728 1729 1737 1736
f 1729 1730 1738 1737
f 1730 1723 1731 1738
f 1739 1716 1715
f 1740 1731 1732
f 1739 1717 1716
f 1740 1732 1733
f 1739 1718 1717
f 1740 1733 1734
f 1739 1719 1718
f 1740 1734 1735
f 1739 1720 1719
f 1740 1735 1736
f 1739 1721 1720
f 1740 1736 1737
f 1739 1722 1721
f 1740 1737 1738
f 1739 1715 1722
f 1740 1738 1731
f 1741 1742 1750 1749
f 1742 1743 1751 1750
f 1743 1744 1752 1751
f 1744 1745 1753 1752
f 1745 1746 1754 1753
f 1746 1747 1755 1754
f 1747 1748 1756 1755
f 1748 1741 1749 1756
f 1749 1750 1758 1757
f 1750 1751 1759 1758
f 1751 1752 1760 1759
f 1752 1753 1761 1760
f 1753 1754 1762 1761
f 1754 1755 1763 1762
f 1755 1756 1764 1763
f 1756 1749 1757 1764
f 1765 1742 1741
f 1766 1757 1758
f 1765 1743 1742
f 1766 1758 1759
f 1765 1744 1743
f 1766 1759 1760
f 1765 1745 1744
f 1766 1760 1761
f 1765 1746 1745
f 1766 1761 1762
f 1765 1747 1746
f 1766 1762 1763
f 1765 1748 1747
f 1766 1763 1764
f 1765 1741 1748
f 1766 1764 1757
f 1767 1768 1776 1775
f 1768 1769 1777 1776
f 1769 1770 1778 1777
f 1770 1771 1779 1778
f 1771 1772 1780 1779
f 1772 1773 1781 1780
f 1773 1774 1782 1781
f 1774 1767 1775 1782
f 1775 1776 1784 1783
f 1776 1777 1785 1784
f 1777 1778 1786 1785
f 1778 1779 1787 1786
f 1779 1780 1788 1787
f 1780 1781 1789 1788
f 1781 1782 1790 1789
f 1782 1775 1783 1790
f 1791 1768 1767
f 1792 1783 1784
f 1791 1769 1768
f 1792 1784 1785
f 1791 1770 1769
f 1792 1785 1786
f 1791 1771 1770
f 1792 1786 1787
f 1791 1772 1771
f 1792 1787 1788
f 1791 1773 1772
f 1792 1788 1789
f 1791 1774 1773
f 1792 1789 1790
f 1791 1767 1774
f 1792 1790 1783
f 1793 1794 1802 1801
f 1794 1795 1803 1802
f 1795 1796 1804 1803
f 1796 1797 1805 1804
f 1797 1798 1806 1805
f 1798 1799 1807 1806
f 1799 1800 1808 1807
f 1800 1793 1801 1808
f 1801 1802 1810 1809
f 1802 1803 1811 1810
f 1803 1804 1812 1811
f 1804 1805 1813 1812
f 1805 1806 1814 1813
f 1806 1807 1815 1814
f 1807 1808 1816 1815
f 1808 1801 1809 1816
f 1817 1794 1793
f 1818 1809 1810
f 1817 1795 1794
f 1818 1810 1811
f 1817 1796 1795
f 1818 1811 1812
f 1817 1797 1796
f 1818 1812 1813
f 1817 1798 1797
f 1818 1813 1814
f 1817 1799 1798
f 1818 1814 1815
f 1817 1800 1799
f 1818 1815 1816
f 1817 1793 1800
f 1818 1816 1809
f 1819 1820 1828 1827
f 1820 1821 1829 1828
f 1821 1822 1830 1829
f 1822 1823 1831 1830
f 1823 1824 1832 1831
f 1824 1825 1833 1832
f 1825 1826 1834 1833
f 1826 1819 1827 1834
f 1827 1828 1836 1835
f 1828 1829 1837 1836
f 1829 1830 1838 1837
f 1830 1831 1839 1838
f 1831 1832 1840 1839
f 1832 1833 1841 1840
f 1833 1834 1842 1841
f 1834 1827 1835 1842
f 1843 1820 1819
f 1844 1835 1836
f 1843 1821 1820
f 1844 1836 1837
f 1843 1822 1821
f 1844 1837 1838
f 1843 1823 1822
f 1844 1838 1839
f 1843 1824 1823
f 1844 1839 1840
f 1843 1825 1824
f 1844 1840 1841
f 1843 1826 1825
f 1844 1841 1842
f 1843 1819 1826
f 1844 1842 1835
f 1845 1846 1853 1852
f 1846 1847 1854 1853
f 1847 1848 1855 1854
f 1848 1849 1856 1855
f 1849 1850 1857 1856
f 1850 1851 1858 1857
f 1851 1845 1852 1858
f 1852 1853 1860 1859
f 1853 1854 1861 1860
f 1854 1855 1862 1861
f 1855 1856 1863 1862
f 1856 1857 1864 1863
f 1857 1858 1865 1864
f 1858 1852 1859 1865
f 1866 1846 1845
f 1867 1859 1860
f 1866 1847 1846
f 1867 1860 1861
f 1866 1848 1847
f 1867 1861 1862
f 1866 1849 1848
f 1867 1862 1863
f 1866 1850 1849
f 1867 1863 1864
f 1866 1851 1850
f 1867 1864 1865
f 1866 1845 1851
f 1867 1865 1859
f 1868 1869 1876 1875
f 1869 1870 1877 1876
f 1870 1871 1878 1877
f 1871 1872 1879 1878
f 1872 1873 1880 1879
f 1873 1874 1881 1880
f 1874 1868 1875 1881
f 1875 1876 1883 1882
f 1876 1877 1884 1883
f 1877 1878 1885 1884
f 1878 1879 1886 1885
f 1879 1880 1887 1886
f 1880 1881 1888 1887
f 1881 1875 1882 1888
f 1889 1869 1868
f 1890 1882 1883
f 1889 1870 1869
f 1890 1883 1884
f 1889 1871 1870
f 1890 1884 1885
f 1889 1872 1871
f 1890 1885 1886
f 1889 1873 1872
f 1890 1886 1887
f 1889 1874 1873
f 1890 1887 1888
f 1889 1868 1874
f 1890 1888 1882
f 1891 1892 1899 1898
f 1892 1893 1900 1899
f 1893 1894 1901 1900
f 1894 1895 1902 1901
f 1895 1896 1903 1902
f 1896 1897 1904 1903
f 1897 1891 1898 1904
f 1898 1899 1906 1905
f 1899 1900 1907 1906
f 1900 1901 1908 1907
f 1901 1902 1909 1908
f 1902 1903 1910 1909
f 1903 1904 1911 1910
f 1904 1898 1905 1911
f 1912 1892 1891
f 1913 1905 1906
f 1912 1893 1892
f 1913 1906 1907
f 1912 1894 1893
f 1913 1907 1908
f 1912 1895 1894
f 1913 1908 1909
f 1912 1896 1895
f 1913 1909 1910
f 1912 1897 1896
f 1913 1910 1911
f 1912 1891 1897
f 1913 1911 1905
f 1914 1915 1922 1921
f 1915 1916 1923 1922
f 1916 1917 1924 1923
f 1917 1918 1925 1924
f 1918 1919 1926 1925
f 1919 1920 1927 1926
f 1920 1914 1921 1927
f 1921 1922 1929 1928
f 1922 1923 1930 1929
f 1923 1924 1931 1930
f 1924 1925 1932 1931
f 1925 1926 1933 1932
f 1926 1927 1934 1933
f 1927 1921 1928 1934
f 1935 1915 1914
f 1936 1928 1929
f 1935 1916 1915
f 1936 1929 1930
f 1935 1917 1916
f 1936 1930 1931
f 1935 1918 1917
f 1936 1931 1932
f 1935 1919 1918
f 1936 1932 1933
f 1935 1920 1919
f 1936 1933 1934
f 1935 1914 1920
f 1936 1934 1928
f 1937 1938 1945 1944
f 1938 1939 1946 1945
f 1939 1940 1947 1946
f 1940 1941 1948 1947
f 1941 1942 1949 1948
f 1942 1943 1950 1949
f 1943 1937 1944 1950
f 1944 1945 1952 1951
f 1945 1946 1953 1952
f 1946 1947 1954 1953
f 1947 1948 1955 1954
f 1948 1949 1956 1955
f 1949 1950 1957 1956
f 1950 1944 1951 1957
f 1958 1938 1937
f 1959 1951 1952
f 1958 1939 1938
f 1959 1952 1953
f 1958 1940 1939
f 1959 1953 1954
f 1958 1941 1940
f 1959 1954 1955
f 1958 1942 1941
f 1959 1955 1956
f 1958 1943 1942
f 1959 1956 1957
f 1958 1937 1943
f 1959 1957 1951
f 1960 1961 1968 1967
f 1961 1962 1969 1968
f 1962 1963 1970 1969
f 1963 1964 1971 1970
f 1964 1965 1972 1971
f 1965 1966 1973 1972
f 1966 1960 1967 1973
f 1967 1968 1975 1974
f 1968 1969 1976 1975
f 1969 1970 1977 1976
f 1970 1971 1978 1977
f 1971 1972 1979 1978
f 1972 1973 1980 1979
f 1973 1967 1974 1980
f 1981 1961 1960
f 1982 1974 1975
f 1981 1962 1961
f 1982 1975 1976
f 1981 1963 1962
f 1982 1976 1977
f 1981 1964 1963
f 1982 1977 1978
f 1981 1965 1964
f 1982 1978 1979
f 1981 1966 1965
f 1982 1979 1980
f 1981 1960 1966
f 1982 1980 1974
f 1983 1984 1991 1990
f 1984 1985 1992 1991
f 1985 1986 1993 1992
f 1986 1987 1994 1993
f 1987 1988 1995 1994
f 1988 1989 1996 1995
f 1989 1983 1990 1996
f 1990 1991 1998 1997
f 1991 1992 1999 1998
f 1992 1993 2000 1999
f 1993 1994 2001 2000
f 1994 1995 2002 2001
f 1995 1996 2003 2002
f 1996 1990 1997 2003
f 2004 1984 1983
f 2005 1997 1998
f 2004 1985 1984
f 2005 1998 1999
f 2004 1986 1985
f 2005 1999 2000
f 2004 1987 1986
f 2005 2000 2001
f 2004 1988 1987
f 2005 2001 2002
f 2004 1989 1988
f 2005 2002 2003
f 2004 1983 1989
f 2005 2003 1997
f 2006 2007 2014 2013
f 2007 2008 2015 2014
f 2008 2009 2016 2015
f 2009 2010 2017 2016
f 2010 2011 2018 2017
f 2011 2012 2019 2018
f 2012 2006 2013 2019
f 2013 2014 2021 2020
f 2014 2015 2022 2021
f 2015 2016 2023 2022
f 2016 2017 2024 2023
f 2017 2018 2025 2024
f 2018 2019 2026 2025
f 2019 2013 2020 2026
f 2027 2007 2006
f 2028 2020 2021
f 2027 2008 2007
f 2028 2021 2022
f 2027 2009 2008
f 2028 2022 2023
f 2027 2010 2009
f 2028 2023 2024
f 2027 2011 2010
f 2028 2024 2025
f 2027 2012 2011
f 2028 2025 2026
f 2027 2006 2012
f 2028 2026 2020
f 2029 2030 2037 2036
f 2030 2031 2038 2037
f 2031 2032 2039 2038
f 2032 2033 2040 2039
f 2033 2034 2041 2040
f 2034 2035 2042 2041
f 2035 2029 2036 2042
f 2036 2037 2044 2043
f 2037 2038 2045 2044
f 2038 2039 2046 2045
f 2039 2040 2047 2046
f 2040 2041 2048 2047
f 2041 2042 2049 2048
f 2042 2036 2043 2049
f 2050 2030 2029
f 2051 2043 2044
f 2050 2031 2030
f 2051 2044 2045
f 2050 2032 2031
f 2051 2045 2046
f 2050 2033 2032
f 2051 2046 2047
f 2050 2034 2033
f 2051 2047 2048
f 2050 2035 2034
f 2051 2048 2049
f 2050 2029 2035
f 2051 2049 2043
f 2052 2053 2060 2059
f 2053 2054 2061 2060
f 2054 2055 2062 2061
f 2055 2056 2063 2062
f 2056 2057 2064 2063
f 2057 2058 2065 2064
f 2058 2052 2059 2065
f 2059 2060 2067 2066
f 2060 2061 2068 2067
f 2061 2062 2069 2068
f 2062 2063 2070 2069
f 2063 2064 2071 2070
f 2064 2065 2072 2071
f 2065 2059 2066 2072
f 2073 2053 2052
f 2074 2066 2067
f 2073 2054 2053
f 2074 2067 2068
f 2073 2055 2054
f 2074 2068 2069
f 2073 2056 2055
f 2074 2069 2070
f 2073 2057 2056
f 2074 2070 2071
f 2073 2058 2057
f 2074 2071 2072
f 2073 2052 2058
f 2074 2072 2066
f 2075 2076 2083 2082
f 2076 2077 2084 2083
f 2077 2078 2085 2084
f 2078 2079 2086 2085
f 2079 2080 2087 2086
f 2080 2081 2088 2087
f 2081 2075 2082 2088
f 2082 2083 2090 2089
f 2083 2084 2091 2090
f 2084 2085 2092 2091
f 2085 2086 2093 2092
f 2086 2087 2094 2093
f 2087 2088 2095 2094
f 2088 2082 2089 2095
f 2096 2076 2075
f 2097 2089 2090
f 2096 2077 2076
f 2097 2090 2091
f 2096 2078 2077
f 2097 2091 2092
f 2096 2079 2078
f 2097 2092 2093
f 2096 2080 2079
f 2097 2093 2094
f 2096 2081 2080
f 2097 2094 2095
f 2096 2075 2081
f 2097 2095 2089
f 2098 2099 2106 2105
f 2099 2100 2107 2106
f 2100 2101 2108 2107
f 2101 2102 2109 2108
f 2102 2103 2110 2109
f 2103 2104 2111 2110
f 2104 2098 2105 2111
f 2105 2106 2113 2112
f 2106 2107 2114 2113
f 2107 2108 2115 2114
f 2108 2109 2116 2115
f 2109 2110 2117 2116
f 2110 2111 2118 2117
f 2111 2105 2112 2118
f 2119 2099 2098
f 2120 2112 2113
f 2119 2100 2099
f 2120 2113 2114
f 2119 2101 2100
f 2120 2114 2115
f 2119 2102 2101
f 2120 2115 2116
f 2119 2103 2102
f 2120 2116 2117
f 2119 2104 2103
f 2120 2117 2118
f 2119 2098 2104
f 2120 2118 2112
f 2121 2122 2129 2128
f 2122 2123 2130 2129
f 2123 2124 2131 2130
f 2124 2125 2132 2131
f 2125 2126 2133 2132
f 2126 2127 2134 2133
f 2127 2121 2128 2134
f 2128 2129 2136 2135
f 2129 2130 2137 2136
f 2130 2131 2138 2137
f 2131 2132 2139 2138
f 2132 2133 2140 2139
f 2133 2134 2141 2140
f 2134 2128 2135 2141
f 2142 2122 2121
f 2143 2135 2136
f 2142 2123 2122
f 2143 2136 2137
f 2142 2124 2123
f 2143 2137 2138
f 2142 2125 2124
f 2143 2138 2139
f 2142 2126 2125
f 2143 2139 2140
f 2142 2127 2126
f 2143 2140 2141
f 2142 2121 2127
f 2143 2141 2135
f 2144 2145 2152 2151
f 2145 2146 2153 2152
f 2146 2147 2154 2153
f 2147 2148 2155 2154
f 2148 2149 2156 2155
f 2149 2150 2157 2156
f 2150 2144 2151 2157
f 2151 2152 2159 2158
f 2152 2153 2160 2159
f 2153 2154 2161 2160
f 2154 2155 2162 2161
f 2155 2156 2163 2162
f 2156 2157 2164 2163
f 2157 2151 2158 2164
f 2165 2145 2144
f 2166 2158 2159
f 2165 2146 2145
f 2166 2159 2160
f 2165 2147 2146
f 2166 2160 2161
f 2165 2148 2147
f 2166 2161 2162
f 2165 2149 2148
f 2166 2162 2163
f 2165 2150 2149
f 2166 2163 2164
f 2165 2144 2150
f 2166 2164 2158
f 2167 2168 2175 2174
f 2168 2169 2176 2175
f 2169 2170 2177 2176
f 2170 2171 2178 2177
f 2171 2172 2179 2178
f 2172 2173 2180 2179
f 2173 2167 2174 2180
f 2174 2175 2182 2181
f 2175 2176 2183 2182
f 2176 2177 2184 2183
f 2177 2178 2185 2184
f 2178 2179 2186 2185
f 2179 2180 2187 2186
f 2180 2174 2181 2187
f 2188 2168 2167
f 2189 2181 2182
f 2188 2169 2168
f 2189 2182 2183
f 2188 2170 2169
f 2189 2183 2184
f 2188 2171 2170
f 2189 2184 2185
f 2188 2172 2171
f 2189 2185 2186
f 2188 2173 2172
f 2189 2186 2187
f 2188 2167 2173
f 2189 2187 2181
f 2190 2191 2198 2197
f 2191 2192 2199 2198
f 2192 2193 2200 2199
f 2193 2194 2201 2200
f 2194 2195 2202 2201
f 2195 2196 2203 2202
f 2196 2190 2197 2203
f 2197 2198 2205 2204
f 2198 2199 2206 2205
f 2199 2200 2207 2206
f 2200 2201 2208 2207
f 2201 2202 2209 2208
f 2202 2203 2210 2209
f 2203 2197 2204 2210
f 2211 2191 2190
f 2212 2204 2205
f 2211 2192 2191
f 2212 2205 2206
f 2211 2193 2192
f 2212 2206 2207
f 2211 2194 2193
f 2212 2207 2208
f 2211 2195 2194
f 2212 2208 2209
f 2211 2196 2195
f 2212 2209 2210
f 2211 2190 2196
f 2212 2210 2204
f 2213 2214 2221 2220
f 2214 2215 2222 2221
f 2215 2216 2223 2222
f 2216 2217 2224 2223
f 2217 2218 2225 2224
f 2218 2219 2226 2225
f 2219 2213 2220 2226
f 2220 2221 2228 2227
f 2221 2222 2229 2228
f 2222 2223 2230 2229
f 2223 2224 2231 2230
f 2224 2225 2232 2231
f 2225 2226 2233 2232
f 2226 2220 2227 2233
f 2234 2214 2213
f 2235 2227 2228
f 2234 2215 2214
f 2235 2228 2229
f 2234 2216 2215
f 2235 2229 2230
f 2234 2217 2216
f 2235 2230 2231
f 2234 2218 2217
f 2235 2231 2232
f 2234 2219 2218
f 2235 2232 2233
f 2234 2213 2219
f 2235 2233 2227
f 2236 2237 2244 2243
f 2237 2238 2245 2244
f 2238 2239 2246 2245
f 2239 2240 2247 2246
f 2240 2241 2248 2247
f 2241 2242 2249 2248
f 2242 2236 2243 2249
f 2243 2244 2251 2250
f 2244 2245 2252 2251
f 2245 2246 2253 2252
f 2246 2247 2254 2253
f 2247 2248 2255 2254
f 2248 2249 2256 2255
f 2249 2243 2250 2256
f 2257 2237 2236
f 2258 2250 2251
f 2257 2238 2237
f 2258 2251 2252
f 2257 2239 2238
f 2258 2252 2253
f 2257 2240 2239
f 2258 2253 2254
f 2257 2241 2240
f 2258 2254 2255
f 2257 2242 2241
f 2258 2255 2256
f 2257 2236 2242
f 2258 2256 2250
f 2259 2260 2267 2266
f 2260 2261 2268 2267
f 2261 2262 2269 2268
f 2262 2263 2270 2269
f 2263 2264 2271 2270
f 2264 2265 2272 2271
f 2265 2259 2266 2272
f 2266 2267 2274 2273
f 2267 2268 2275 2274
f 2268 2269 2276 2275
f 2269 2270 2277 2276
f 2270 2271 2278 2277
f 2271 2272 2279 2278
f 2272 2266 2273 2279
f 2280 2260 2259
f 2281 2273 2274
f 2280 2261 2260
f 2281 2274 2275
f 2280 2262 2261
f 2281 2275 2276
f 2280 2263 2262
f 2281 2276 2277
f 2280 2264 2263
f 2281 2277 2278
f 2280 2265 2264
f 2281 2278 2279
f 2280 2259 2265
f 2281 2279 2273
f 2282 2283 2290 2289
f 2283 2284 2291 2290
f 2284 2285 2292 2291
f 2285 2286 2293 2292
f 2286 2287 2294 2293
f 2287 2288 2295 2294
f 2288 2282 2289 2295
f 2289 2290 2297 2296
f 2290 2291 2298 2297
f 2291 2292 2299 2298
f 2292 2293 2300 2299
f 2293 2294 2301 2300
f 2294 2295 2302 2301
f 2295 2289 2296 2302
f 2303 2283 2282
f 2304 2296 2297
f 2303 2284 2283
f 2304 2297 2298
f 2303 2285 2284
f 2304 2298 2299
f 2303 2286 2285
f 2304 2299 2300
f 2303 2287 2286
f 2304 2300 2301
f 2303 2288 2287
f 2304 2301 2302
f 2303 2282 2288
f 2304 2302 2296
f 2305 2306 2313 2312
f 2306 2307 2314 2313
f 2307 2308 2315 2314
f 2308 2309 2316 2315
f 2309 2310 2317 2316
f 2310 2311 2318 2317
f 2311 2305 2312 2318
f 2312 2313 2320 2319
f 2313 2314 2321 2320
f 2314 2315 2322 2321
f 2315 2316 2323 2322
f 2316 2317 2324 2323
f 2317 2318 2325 2324
f 2318 2312 2319 2325
f 2326 2306 2305
f 2327 2319 2320
f 2326 2307 2306
f 2327 2320 2321
f 2326 2308 2307
f 2327 2321 2322
f 2326 2309 2308
f 2327 2322 2323
f 2326 2310 2309
f 2327 2323 2324
f 2326 2311 2310
f 2327 2324 2325
f 2326 2305 2311
f 2327 2325 2319
f 2328 2329 2336 2335
f 2329 2330 2337 2336
f 2330 2331 2338 2337
f 2331 2332 2339 2338
f 2332 2333 2340 2339
f 2333 2334 2341 2340
f 2334 2328 2335 2341
f 2335 2336 2343 2342
f 2336 2337 2344 2343
f 2337 2338 2345 2344
f 2338 2339 2346 2345
f 2339 2340 2347 2346
f 2340 2341 2348 2347
f 2341 2335 2342 2348
f 2349 2329 2328
f 2350 2342 2343
f 2349 2330 2329
f 2350 2343 2344
f 2349 2331 2330
f 2350 2344 2345
f 2349 2332 2331
f 2350 2345 2346
f 2349 2333 2332
f 2350 2346 2347
f 2349 2334 2333
f 2350 2347 2348
f 2349 2328 2334
f 2350 2348 2342
f 2351 2352 2359 2358
f 2352 2353 2360 2359
f 2353 2354 2361 2360
f 2354 2355 2362 2361
f 2355 2356 2363 2362
f 2356 2357 2364 2363
f 2357 2351 2358 2364
f 2358 2359 2366 2365
f 2359 2360 2367 2366
f 2360 2361 2368 2367
f 2361 2362 2369 2368
f 2362 2363 2370 2369
f 2363 2364 2371 2370
f 2364 2358 2365 2371
f 2372 2352 2351
f 2373 2365 2366
f 2372 2353 2352
f 2373 2366 2367
f 2372 2354 2353
f 2373 2367 2368
f 2372 2355 2354
f 2373 2368 2369
f 2372 2356 2355
f 2373 2369 2370
f 2372 2357 2356
f 2373 2370 2371
f 2372 2351 2357
f 2373 2371 2365
f 2374 2375 2382 2381
f 2375 2376 2383 2382
f 2376 2377 2384 2383
f 2377 2378 2385 2384
f 2378 2379 2386 2385
f 2379 2380 2387 2386
f 2380 2374 2381 2387
f 2381 2382 2389 2388
f 2382 2383 2390 2389
f 2383 2384 2391 2390
f 2384 2385 2392 2391
f 2385 2386 2393 2392
f 2386 2387 2394 2393
f 2387 2381 2388 2394
f 2395 2375 2374
f 2396 2388 2389
f 2395 2376 2375
f 2396 2389 2390
f 2395 2377 2376
f 2396 2390 2391
f 2395 2378 2377
f 2396 2391 2392
f 2395 2379 2378
f 2396 2392 2393
f 2395 2380 2379
f 2396 2393 2394
f 2395 2374 2380
f 2396 2394 2388
f 2397 2398 2405 2404
f 2398 2399 2406 2405
f 2399 2400 2407 2406
f 2400 2401 2408 2407
f 2401 2402 2409 2408
f 2402 2403 2410 2409
f 2403 2397 2404 2410
f 2404 2405 2412 2411
f 2405 2406 2413 2412
f 2406 2407 2414 2413
f 2407 2408 2415 2414
f 2408 2409 2416 2415
f 2409 2410 2417 2416
f 2410 2404 2411 2417
f 2418 2398 2397
f 2419 2411 2412
f 2418 2399 2398
f 2419 2412 2413
f 2418 2400 2399
f 2419 2413 2414
f 2418 2401 2400
f 2419 2414 2415
f 2418 2402 2401
f 2419 2415 2416
f 2418 2403 2402
f 2419 2416 2417
f 2418 2397 2403
f 2419 2417 2411
f 2420 2421 2428 2427
f 2421 2422 2429 2428
f 2422 2423 2430 2429
f 2423 2424 2431 2430
f 2424 2425 2432 2431
f 2425 2426 2433 2432
f 2426 2420 2427 2433
f 2427 2428 2435 2434
f 2428 2429 2436 2435
f 2429 2430 2437 2436
f 2430 2431 2438 2437
f 2431 2432 2439 2438
f 2432 2433 2440 2439
f 2433 2427 2434 2440
f 2441 2421 2420
f 2442 2434 2435
f 2441 2422 2421
f 2442 2435 2436
f 2441 2423 2422
f 2442 2436 2437
f 2441 2424 2423
f 2442 2437 2438
f 2441 2425 2424
f 2442 2438 2439
f 2441 2426 2425
f 2442 2439 2440
f 2441 2420 2426
f 2442 2440 2434
f 2443 2444 2451 2450
f 2444 2445 2452 2451
f 2445 2446 2453 2452
f 2446 2447 2454 2453
f 2447 2448 2455 2454
f 2448 2449 2456 2455
f 2449 2443 2450 2456
f 2450 2451 2458 2457
f 2451 2452 2459 2458
f 2452 2453 2460 2459
f 2453 2454 2461 2460
f 2454 2455 2462 2461
f 2455 2456 2463 2462
f 2456 2450 2457 2463
f 2464 2444 2443
f 2465 2457 2458
f 2464 2445 2444
f 2465 2458 2459
f 2464 2446 2445
f 2465 2459 2460
f 2464 2447 2446
f 2465 2460 2461
f 2464 2448 2447
f 2465 2461 2462
f 2464 2449 2448
f 2465 2462 2463
f 2464 2443 2449
f 2465 2463 2457
f 2466 2467 2474 2473
f 2467 2468 2475 2474
f 2468 2469 2476 2475
f 2469 2470 2477 2476
f 2470 2471 2478 2477
f 2471 2472 2479 2478
f 2472 2466 2473 2479
f 2473 2474 2481 2480
f 2474 2475 2482 2481
f 2475 2476 2483 2482
f 2476 2477 2484 2483
f 2477 2478 2485 2484
f 2478 2479 2486 2485
f 2479 2473 2480 2486
f 2487 2467 2466
f 2488 2480 2481
f 2487 2468 2467
f 2488 2481 2482
f 2487 2469 2468
f 2488 2482 2483
f 2487 2470 2469
f 2488 2483 2484
f 2487 2471 2470
f 2488 2484 2485
f 2487 2472 2471
f 2488 2485 2486
f 2487 2466 2472
f 2488 2486 2480
f 2489 2490 2497 2496
f 2490 2491 2498 2497
f 2491 2492 2499 2498
f 2492 2493 2500 2499
f 2493 2494 2501 2500
f 2494 2495 2502 2501
f 2495 2489 2496 2502
f 2496 2497 2504 2503
f 2497 2498 2505 2504
f 2498 2499 2506 2505
f 2499 2500 2507 2506
f 2500 2501 2508 2507
f 2501 2502 2509 2508
f 2502 2496 2503 2509
f 2510 2490 2489
f 2511 2503 2504
f 2510 2491 2490
f 2511 2504 2505
f 2510 2492 2491
f 2511 2505 2506
f 2510 2493 2492
f 2511 2506 2507
f 2510 2494 2493
f 2511 2507 2508
f 2510 2495 2494
f 2511 2508 2509
f 2510 2489 2495
f 2511 2509 2503
f 2512 2513 2520 2519
f 2513 2514 2521 2520
f 2514 2515 2522 2521
f 2515 2516 2523 2522
f 2516 2517 2524 2523
f 2517 2518 2525 2524
f 2518 2512 2519 2525
f 2519 2520 2527 2526
f 2520 2521 2528 2527
f 2521 2522 2529 2528
f 2522 2523 2530 2529
f 2523 2524 2531 2530
f 2524 2525 2532 2531
f 2525 2519 2526 2532
f 2533 2513 2512
f 2534 2526 2527
f 2533 2514 2513
f 2534 2527 2528
f 2533 2515 2514
f 2534 2528 2529
f 2533 2516 2515
f 2534 2529 2530
f 2533 2517 2516
f 2534 2530 2531
f 2533 2518 2517
f 2534 2531 2532
f 2533 2512 2518
f 2534 2532 2526
f 2535 2536 2543 2542
f 2536 2537 2544 2543
f 2537 2538 2545 2544
f 2538 2539 2546 2545
f 2539 2540 2547 2546
f 2540 2541 2548 2547
f 2541 2535 2542 2548
f 2542 2543 2550 2549
f 2543 2544 2551 2550
f 2544 2545 2552 2551
f 2545 2546 2553 2552
f 2546 2547 2554 2553
f 2547 2548 2555 2554
f 2548 2542 2549 2555
f 2556 2536 2535
f 2557 2549 2550
f 2556 2537 2536
f 2557 2550 2551
f 2556 2538 2537
f 2557 2551 2552
f 2556 2539 2538
f 2557 2552 2553
f 2556 2540 2539
f 2557 2553 2554
f 2556 2541 2540
f 2557 2554 2555
f 2556 2535 2541
f 2557 2555 2549
f 2558 2559 2566 2565
f 2559 2560 2567 2566
f 2560 2561 2568 2567
f 2561 2562 2569 2568
f 2562 2563 2570 2569
f 2563 2564 2571 2570
f 2564 2558 2565 2571
f 2565 2566 2573 2572
f 2566 2567 2574 2573
f 2567 2568 2575 2574
f 2568 2569 2576 2575
f 2569 2570 2577 2576
f 2570 2571 2578 2577
f 2571 2565 2572 2578
f 2579 2559 2558
f 2580 2572 2573
f 2579 2560 2559
f 2580 2573 2574
f 2579 2561 2560
f 2580 2574 2575
f 2579 2562 2561
f 2580 2575 2576
f 2579 2563 2562
f 2580 2576 2577
f 2579 2564 2563
f 2580 2577 2578
f 2579 2558 2564
f 2580 2578 2572
f 2581 2582 2589 2588
f 2582 2583 2590 2589
f 2583 2584 2591 2590
f 2584 2585 2592 2591
f 2585 2586 2593 2592
f 2586 2587 2594 2593
f 2587 2581 2588 2594
f 2588 2589 2596 2595
f 2589 2590 2597 2596
f 2590 2591 2598 2597
f 2591 2592 2599 2598
f 2592 2593 2600 2599
f 2593 2594 2601 2600
f 2594 2588 2595 2601
f 2602 2582 2581
f 2603 2595 2596
f 2602 2583 2582
f 2603 2596 2597
f 2602 2584 2583
f 2603 2597 2598
f 2602 2585 2584
f 2603 2598 2599
f 2602 2586 2585
f 2603 2599 2600
f 2602 2587 2586
f 2603 2600 2601
f 2602 2581 2587
f 2603 2601 2595
f 2604 2605 2612 2611
f 2605 2606 2613 2612
f 2606 2607 2614 2613
f 2607 2608 2615 2614
f 2608 2609 2616 2615
f 2609 2610 2617 2616
f 2610 2604 2611 2617
f 2611 2612 2619 2618
f 2612 2613 2620 2619
f 2613 2614 2621 2620
f 2614 2615 2622 2621
f 2615 2616 2623 2622
f 2616 2617 2624 2623
f 2617 2611 2618 2624
f 2625 2605 2604
f 2626 2618 2619
f 2625 2606 2605
f 2626 2619 2620
f 2625 2607 2606
f 2626 2620 2621
f 2625 2608 2607
f 2626 2621 2622
f 2625 2609 2608
f 2626 2622 2623
f 2625 2610 2609
f 2626 2623 2624
f 2625 2604 2610
f 2626 2624 2618
f 2627 2628 2635 2634
f 2628 2629 2636 2635
f 2629 2630 2637 2636
f 2630 2631 2638 2637
f 2631 2632 2639 2638
f 2632 2633 2640 2639
f 2633 2627 2634 2640
f 2634 2635 2642 2641
f 2635 2636 2643 2642
f 2636 2637 2644 2643
f 2637 2638 2645 2644
f 2638 2639 2646 2645
f 2639 2640 2647 2646
f 2640 2634 2641 2647
f 2648 2628 2627
f 2649 2641 2642
f 2648 2629 2628
f 2649 2642 2643
f 2648 2630 2629
f 2649 2643 2644
f 2648 2631 2630
f 2649 2644 2645
f 2648 2632 2631
f 2649 2645 2646
f 2648 2633 2632
f 2649 2646 2647
f 2648 2627 2633
f 2649 2647 2641
f 2650 2651 2658 2657
f 2651 2652 2659 2658
f 2652 2653 2660 2659
f 2653 2654 2661 2660
f 2654 2655 2662 2661
f 2655 2656 2663 2662
f 2656 2650 2657 2663
f 2657 2658 2665 2664
f 2658 2659 2666 2665
f 2659 2660 2667 2666
f 2660 2661 2668 2667
f 2661 2662 2669 2668
f 2662 2663 2670 2669
f 2663 2657 2664 2670
f 2671 2651 2650
f 2672 2664 2665
f 2671 2652 2651
f 2672 2665 2666
f 2671 2653 2652
f 2672 2666 2667
f 2671 2654 2653
f 2672 2667 2668
f 2671 2655 2654
f 2672 2668 2669
f 2671 2656 2655
f 2672 2669 2670
f 2671 2650 2656
f 2672 2670 2664
f 2673 2674 2682 2681
f 2674 2675 2683 2682
f 2675 2676 2684 2683
f 2676 2677 2685 2684
f 2677 2678 2686 2685
f 2678 2679 2687 2686
f 2679 2680 2688 2687
f 2680 2673 2681 2688
f 2681 2682 2690 2689
f 2682 2683 2691 2690
f 2683 2684 2692 2691
f 2684 2685 2693 2692
f 2685 2686 2694 2693
f 2686 2687 2695 2694
f 2687 2688 2696 2695
f 2688 2681 2689 2696
f 2697 2674 2673
f 2698 2689 2690
f 2697 2675 2674
f 2698 2690 2691
f 2697 2676 2675
f 2698 2691 2692
f 2697 2677 2676
f 2698 2692 2693
f 2697 2678 2677
f 2698 2693 2694
f 2697 2679 2678
f 2698 2694 2695
f 2697 2680 2679
f 2698 2695 2696
f 2697 2673 2680
f 2698 2696 2689
f 2699 2700 2708 2707
f 2700 2701 2709 2708
f 2701 2702 2710 2709
f 2702 2703 2711 2710
f 2703 2704 2712 2711
f 2704 2705 2713 2712
f 2705 2706 2714 2713
f 2706 2699 2707 2714
f 2707 2708 2716 2715
f 2708 2709 2717 2716
f 2709 2710 2718 2717
f 2710 2711 2719 2718
f 2711 2712 2720 2719
f 2712 2713 2721 2720
f 2713 2714 2722 2721
f 2714 2707 2715 2722
f 2723 2700 2699
f 2724 2715 2716
f 2723 2701 2700
f 2724 2716 2717
f 2723 2702 2701
f 2724 2717 2718
f 2723 2703 2702
f 2724 2718 2719
f 2723 2704 2703
f 2724 2719 2720
f 2723 2705 2704
f 2724 2720 2721
f 2723 2706 2705
f 2724 2721 2722
f 2723 2699 2706
f 2724 2722 2715
f 2725 2726 2734 2733
f 2726 2727 2735 2734
f 2727 2728 2736 2735
f 2728 2729 2737 2736
f 2729 2730 2738 2737
f 2730 2731 2739 2738
f 2731 2732 2740 2739
f 2732 2725 2733 2740
f 2733 2734 2742 2741
f 2734 2735 2743 2742
f 2735 2736 2744 2743
f 2736 2737 2745 2744
f 2737 2738 2746 2745
f 2738 2739 2747 2746
f 2739 2740 2748 2747
f 2740 2733 2741 2748
f 2749 2726 2725
f 2750 2741 2742
f 2749 2727 2726
f 2750 2742 2743
f 2749 2728 2727
f 2750 2743 2744
f 2749 2729 2728
f 2750 2744 2745
f 2749 2730 2729
f 2750 2745 2746
f 2749 2731 2730
f 2750 2746 2747
f 2749 2732 2731
f 2750 2747 2748
f 2749 2725 2732
f 2750 2748 2741
f 2751 2752 2760 2759
f 2752 2753 2761 2760
f 2753 2754 2762 2761
f 2754 2755 2763 2762
f 2755 2756 2764 2763
f 2756 2757 2765 2764
f 2757 2758 2766 2765
f 2758 2751 2759 2766
f 2759 2760 2768 2767
f 2760 2761 2769 2768
f 2761 2762 2770 2769
f 2762 2763 2771 2770
f 2763 2764 2772 2771
f 2764 2765 2773 2772
f 2765 2766 2774 2773
f 2766 2759 2767 2774
f 2775 2752 2751
f 2776 2767 2768
f 2775 2753 2752
f 2776 2768 2769
f 2775 2754 2753
f 2776 2769 2770
f 2775 2755 2754
f 2776 2770 2771
f 2775 2756 2755
f 2776 2771 2772
f 2775 2757 2756
f 2776 2772 2773
f 2775 2758 2757
f 2776 2773 2774
f 2775 2751 2758
f 2776 2774 2767
f 2777 2778 2786 2785
f 2778 2779 2787 2786
f 2779 2780 2788 2787
f 2780 2781 2789 2788
f 2781 2782 2790 2789
f 2782 2783 2791 2790
f 2783 2784 2792 2791
f 2784 2777 2785 2792
f 2785 2786 2794 2793
f 2786 2787 2795 2794
f 2787 2788 2796 2795
f 2788 2789 2797 2796
f 2789 2790 2798 2797
f 2790 2791 2799 2798
f 2791 2792 2800 2799
f 2792 2785 2793 2800
f 2801 2778 2777
f 2802 2793 2794
f 2801 2779 2778
f 2802 2794 2795
f 2801 2780 2779
f 2802 2795 2796
f 2801 2781 2780
f 2802 2796 2797
f 2801 2782 2781
f 2802 2797 2798
f 2801 2783 2782
f 2802 2798 2799
f 2801 2784 2783
f 2802 2799 2800
f 2801 2777 2784
f 2802 2800 2793
f 2803 2804 2812 2811
f 2804 2805 2813 2812
f 2805 2806 2814 2813
f 2806 2807 2815 2814
f 2807 2808 2816 2815
f 2808 2809 2817 2816
f 2809 2810 2818 2817
f 2810 2803 2811 2818
f 2811 2812 2820 2819
f 2812 2813 2821 2820
f 2813 2814 2822 2821
f 2814 2815 2823 2822
f 2815 2816 2824 2823
f 2816 2817 2825 2824
f 2817 2818 2826 2825
f 2818 2811 2819 2826
f 2827 2804 2803
f 2828 2819 2820
f 2827 2805 2804
f 2828 2820 2821
f 2827 2806 2805
f 2828 2821 2822
f 2827 2807 2806
f 2828 2822 2823
f 2827 2808 2807
f 2828 2823 2824
f 2827 2809 2808
f 2828 2824 2825
f 2827 2810 2809
f 2828 2825 2826
f 2827 2803 2810
f 2828 2826 2819
f 2829 2830 2838 2837
f 2830 2831 2839 2838
f 2831 2832 2840 2839
f 2832 2833 2841 2840
f 2833 2834 2842 2841
f 2834 2835 2843 2842
f 2835 2836 2844 2843
f 2836 2829 2837 2844
f 2837 2838 2846 2845
f 2838 2839 2847 2846
f 2839 2840 2848 2847
f 2840 2841 2849 2848
f 2841 2842 2850 2849
f 2842 2843 2851 2850
f 2843 2844 2852 2851
f 2844 2837 2845 2852
f 2853 2830 2829
f 2854 2845 2846
f 2853 2831 2830
f 2854 2846 2847
f 2853 2832 2831
f 2854 2847 2848
f 2853 2833 2832
f 2854 2848 2849
f 2853 2834 2833
f 2854 2849 2850
f 2853 2835 2834
f 2854 2850 2851
f 2853 2836 2835
f 2854 2851 2852
f 2853 2829 2836
f 2854 2852 2845
f 2855 2856 2864 2863
f 2856 2857 2865 2864
f 2857 2858 2866 2865
f 2858 2859 2867 2866
f 2859 2860 2868 2867
f 2860 2861 2869 2868
f 2861 2862 2870 2869
f 2862 2855 2863 2870
f 2863 2864 2872 2871
f 2864 2865 2873 2872
f 2865 2866 2874 2873
f 2866 2867 2875 2874
f 2867 2868 2876 2875
f 2868 2869 2877 2876
f 2869 2870 2878 2877
f 2870 2863 2871 2878
f 2871 2872 2880 2879
f 2872 2873 2881 2880
f 2873 2874 2882 2881
f 2874 2875 2883 2882
f 2875 2876 2884 2883
f 2876 2877 2885 2884
f 2877 2878 2886 2885
f 2878 2871 2879 2886
f 2887 2856 2855
f 2888 2879 2880
f 2887 2857 2856
f 2888 2880 2881
f 2887 2858 2857
f 2888 2881 2882
f 2887 2859 2858
f 2888 2882 2883
f 2887 2860 2859
f 2888 2883 2884
f 2887 2861 2860
f 2888 2884 2885
f 2887 2862 2861
f 2888 2885 2886
f 2887 2855 2862
f 2888 2886 2879
f 2889 2890 2898 2897
f 2890 2891 2899 2898
f 2891 2892 2900 2899
f 2892 2893 2901 2900
f 2893 2894 2902 2901
f 2894 2895 2903 2902
f 2895 2896 2904 2903
f 2896 2889 2897 2904
f 2897 2898 2906 2905
f 2898 2899 2907 2906
f 2899 2900 2908 2907
f 2900 2901 2909 2908
f 2901 2902 2910 2909
f 2902 2903 2911 2910
f 2903 2904 2912 2911
f 2904 2897 2905 2912
f 2905 2906 2914 2913
f 2906 2907 2915 2914
f 2907 2908 2916 2915
f 2908 2909 2917 2916
f 2909 2910 2918 2917
f 2910 2911 2919 2918
f 2911 2912 2920 2919
f 2912 2905 2913 2920
f 2921 2890 2889
f 2922 2913 2914
f 2921 2891 2890
f 2922 2914 2915
f 2921 2892 2891
f 2922 2915 2916
f 2921 2893 2892
f 2922 2916 2917
f 2921 2894 2893
f 2922 2917 2918
f 2921 2895 2894
f 2922 2918 2919
f 2921 2896 2895
f 2922 2919 2920
f 2921 2889 2896
f 2922 2920 2913
f 2923 2924 2932 2931
f 2924 2925 2933 2932
f 2925 2926 2934 2933
f 2926 2927 2935 2934
f 2927 2928 2936 2935
f 2928 2929 2937 2936
f 2929 2930 2938 2937
f 2930 2923 2931 2938
f 2931 2932 2940 2939
f 2932 2933 2941 2940
f 2933 2934 2942 2941
f 2934 2935 2943 2942
f 2935 2936 2944 2943
f 2936 2937 2945 2944
f 2937 2938 2946 2945
f 2938 2931 2939 2946
f 2939 2940 2948 2947
f 2940 2941 2949 2948
f 2941 2942 2950 2949
f 2942 2943 2951 2950
f 2943 2944 2952 2951
f 2944 2945 2953 2952
f 2945 2946 2954 2953
f 2946 2939 2947 2954
f 2955 2924 2923
f 2956 2947 2948
f 2955 2925 2924
f 2956 2948 2949
f 2955 2926 2925
f 2956 2949 2950
f 2955 2927 2926
f 2956 2950 2951
f 2955 2928 2927
f 2956 2951 2952
f 2955 2929 2928
f 2956 2952 2953
f 2955 2930 2929
f 2956 2953 2954
f 2955 2923 2930
f 2956 2954 2947
f 2957 2958 2966 2965
f 2958 2959 2967 2966
f 2959 2960 2968 2967
f 2960 2961 2969 2968
f 2961 2962 2970 2969
f 2962 2963 2971 2970
f 2963 2964 2972 2971
f 2964 2957 2965 2972
f 2965 2966 2974 2973
f 2966 2967 2975 2974
f 2967 2968 2976 2975
f 2968 2969 2977 2976
f 2969 2970 2978 2977
f 2970 2971 2979 2978
f 2971 2972 2980 2979
f 2972 2965 2973 2980
f 2973 2974 2982 2981
f 2974 2975 2983 2982
f 2975 2976 2984 2983
f 2976 2977 2985 2984
f 2977 2978 2986 2985
f 2978 2979 2987 2986
f 2979 2980 2988 2987
f 2980 2973 2981 2988
f 2989 2958 2957
f 2990 2981 2982
f 2989 2959 2958
f 2990 2982 2983
f 2989 2960 2959
f 2990 2983 2984
f 2989 2961 2960
f 2990 2984 2985
f 2989 2962 2961
f 2990 2985 2986
f 2989 2963 2962
f 2990 2986 2987
f 2989 2964 2963
f 2990 2987 2988
f 2989 2957 2964
f 2990 2988 2981
