# WormTailUltraHeadmatched
# Exported approximation from Ship Editor geometry
# FRONT = -Y, REAR/TIP = +Y
# bodies=94 vertices=3332 faces=3918
v 12.50000 -42.00000 0.00000
v 11.74616 -42.00000 2.56515
v 9.57556 -42.00000 4.82091
v 6.25000 -42.00000 6.49519
v 2.17060 -42.00000 7.38606
v -2.17060 -42.00000 7.38606
v -6.25000 -42.00000 6.49519
v -9.57556 -42.00000 4.82091
v -11.74616 -42.00000 2.56515
v -12.50000 -42.00000 0.00000
v -11.74616 -42.00000 -2.56515
v -9.57556 -42.00000 -4.82091
v -6.25000 -42.00000 -6.49519
v -2.17060 -42.00000 -7.38606
v 2.17060 -42.00000 -7.38606
v 6.25000 -42.00000 -6.49519
v 9.57556 -42.00000 -4.82091
v 11.74616 -42.00000 -2.56515
v 16.50000 -28.00000 3.00000
v 15.50493 -28.00000 6.59121
v 12.63973 -28.00000 9.74927
v 8.25000 -28.00000 12.09327
v 2.86519 -28.00000 13.34048
v -2.86519 -28.00000 13.34048
v -8.25000 -28.00000 12.09327
v -12.63973 -28.00000 9.74927
v -15.50493 -28.00000 6.59121
v -16.50000 -28.00000 3.00000
v -15.50493 -28.00000 -0.59121
v -12.63973 -28.00000 -3.74927
v -8.25000 -28.00000 -6.09327
v -2.86519 -28.00000 -7.34048
v 2.86519 -28.00000 -7.34048
v 8.25000 -28.00000 -6.09327
v 12.63973 -28.00000 -3.74927
v 15.50493 -28.00000 -0.59121
v 19.50000 -12.00000 7.00000
v 18.32401 -12.00000 11.27525
v 14.93787 -12.00000 15.03485
v 9.75000 -12.00000 17.82532
v 3.38614 -12.00000 19.31010
v -3.38614 -12.00000 19.31010
v -9.75000 -12.00000 17.82532
v -14.93787 -12.00000 15.03485
v -18.32401 -12.00000 11.27525
v -19.50000 -12.00000 7.00000
v -18.32401 -12.00000 2.72475
v -14.93787 -12.00000 -1.03485
v -9.75000 -12.00000 -3.82532
v -3.38614 -12.00000 -5.31010
v 3.38614 -12.00000 -5.31010
v 9.75000 -12.00000 -3.82532
v 14.93787 -12.00000 -1.03485
v 18.32401 -12.00000 2.72475
v 19.00000 6.00000 10.00000
v 17.85416 6.00000 14.10424
v 14.55484 6.00000 17.71345
v 9.50000 6.00000 20.39230
v 3.29932 6.00000 21.81769
v -3.29932 6.00000 21.81769
v -9.50000 6.00000 20.39230
v -14.55484 6.00000 17.71345
v -17.85416 6.00000 14.10424
v -19.00000 6.00000 10.00000
v -17.85416 6.00000 5.89576
v -14.55484 6.00000 2.28655
v -9.50000 6.00000 -0.39230
v -3.29932 6.00000 -1.81769
v 3.29932 6.00000 -1.81769
v 9.50000 6.00000 -0.39230
v 14.55484 6.00000 2.28655
v 17.85416 6.00000 5.89576
v 16.00000 24.00000 8.00000
v 15.03508 24.00000 11.42020
v 12.25671 24.00000 14.42788
v 8.00000 24.00000 16.66025
v 2.77837 24.00000 17.84808
v -2.77837 24.00000 17.84808
v -8.00000 24.00000 16.66025
v -12.25671 24.00000 14.42788
v -15.03508 24.00000 11.42020
v -16.00000 24.00000 8.00000
v -15.03508 24.00000 4.57980
v -12.25671 24.00000 1.57212
v -8.00000 24.00000 -0.66025
v -2.77837 24.00000 -1.84808
v 2.77837 24.00000 -1.84808
v 8.00000 24.00000 -0.66025
v 12.25671 24.00000 1.57212
v 15.03508 24.00000 4.57980
v 12.00000 42.00000 5.00000
v 11.27631 42.00000 7.56515
v 9.19253 42.00000 9.82091
v 6.00000 42.00000 11.49519
v 2.08378 42.00000 12.38606
v -2.08378 42.00000 12.38606
v -6.00000 42.00000 11.49519
v -9.19253 42.00000 9.82091
v -11.27631 42.00000 7.56515
v -12.00000 42.00000 5.00000
v -11.27631 42.00000 2.43485
v -9.19253 42.00000 0.17909
v -6.00000 42.00000 -1.49519
v -2.08378 42.00000 -2.38606
v 2.08378 42.00000 -2.38606
v 6.00000 42.00000 -1.49519
v 9.19253 42.00000 0.17909
v 11.27631 42.00000 2.43485
v 7.50000 60.00000 2.00000
v 7.04769 60.00000 3.71010
v 5.74533 60.00000 5.21394
v 3.75000 60.00000 6.33013
v 1.30236 60.00000 6.92404
v -1.30236 60.00000 6.92404
v -3.75000 60.00000 6.33013
v -5.74533 60.00000 5.21394
v -7.04769 60.00000 3.71010
v -7.50000 60.00000 2.00000
v -7.04769 60.00000 0.28990
v -5.74533 60.00000 -1.21394
v -3.75000 60.00000 -2.33013
v -1.30236 60.00000 -2.92404
v 1.30236 60.00000 -2.92404
v 3.75000 60.00000 -2.33013
v 5.74533 60.00000 -1.21394
v 7.04769 60.00000 0.28990
v 3.50000 78.00000 0.00000
v 3.28892 78.00000 0.85505
v 2.68116 78.00000 1.60697
v 1.75000 78.00000 2.16506
v 0.60777 78.00000 2.46202
v -0.60777 78.00000 2.46202
v -1.75000 78.00000 2.16506
v -2.68116 78.00000 1.60697
v -3.28892 78.00000 0.85505
v -3.50000 78.00000 0.00000
v -3.28892 78.00000 -0.85505
v -2.68116 78.00000 -1.60697
v -1.75000 78.00000 -2.16506
v -0.60777 78.00000 -2.46202
v 0.60777 78.00000 -2.46202
v 1.75000 78.00000 -2.16506
v 2.68116 78.00000 -1.60697
v 3.28892 78.00000 -0.85505
v 0.00000 -42.00000 0.00000
v 0.00000 78.00000 0.00000
v 10.50000 -34.00000 11.00000
v 9.70074 -34.00000 13.10476
v 7.42462 -34.00000 14.88909
v 4.01818 -34.00000 16.08134
v 0.00000 -34.00000 16.50000
v -4.01818 -34.00000 16.08134
v -7.42462 -34.00000 14.88909
v -9.70074 -34.00000 13.10476
v -10.50000 -34.00000 11.00000
v -9.70074 -34.00000 8.89524
v -7.42462 -34.00000 7.11091
v -4.01818 -34.00000 5.91866
v -0.00000 -34.00000 5.50000
v 4.01818 -34.00000 5.91866
v 7.42462 -34.00000 7.11091
v 9.70074 -34.00000 8.89524
v 14.50000 -21.00000 15.00000
v 13.39625 -21.00000 18.06147
v 10.25305 -21.00000 20.65685
v 5.54891 -21.00000 22.39104
v 0.00000 -21.00000 23.00000
v -5.54891 -21.00000 22.39104
v -10.25305 -21.00000 20.65685
v -13.39625 -21.00000 18.06147
v -14.50000 -21.00000 15.00000
v -13.39625 -21.00000 11.93853
v -10.25305 -21.00000 9.34315
v -5.54891 -21.00000 7.60896
v -0.00000 -21.00000 7.00000
v 5.54891 -21.00000 7.60896
v 10.25305 -21.00000 9.34315
v 13.39625 -21.00000 11.93853
v 17.00000 -6.00000 20.00000
v 15.70595 -6.00000 23.82683
v 12.02082 -6.00000 27.07107
v 6.50562 -6.00000 29.23880
v 0.00000 -6.00000 30.00000
v -6.50562 -6.00000 29.23880
v -12.02082 -6.00000 27.07107
v -15.70595 -6.00000 23.82683
v -17.00000 -6.00000 20.00000
v -15.70595 -6.00000 16.17317
v -12.02082 -6.00000 12.92893
v -6.50562 -6.00000 10.76120
v -0.00000 -6.00000 10.00000
v 6.50562 -6.00000 10.76120
v 12.02082 -6.00000 12.92893
v 15.70595 -6.00000 16.17317
v 16.00000 11.00000 22.00000
v 14.78207 11.00000 25.82683
v 11.31371 11.00000 29.07107
v 6.12293 11.00000 31.23880
v 0.00000 11.00000 32.00000
v -6.12293 11.00000 31.23880
v -11.31371 11.00000 29.07107
v -14.78207 11.00000 25.82683
v -16.00000 11.00000 22.00000
v -14.78207 11.00000 18.17317
v -11.31371 11.00000 14.92893
v -6.12293 11.00000 12.76120
v -0.00000 11.00000 12.00000
v 6.12293 11.00000 12.76120
v 11.31371 11.00000 14.92893
v 14.78207 11.00000 18.17317
v 13.00000 28.00000 19.00000
v 12.01043 28.00000 22.06147
v 9.19239 28.00000 24.65685
v 4.97488 28.00000 26.39104
v 0.00000 28.00000 27.00000
v -4.97488 28.00000 26.39104
v -9.19239 28.00000 24.65685
v -12.01043 28.00000 22.06147
v -13.00000 28.00000 19.00000
v -12.01043 28.00000 15.93853
v -9.19239 28.00000 13.34315
v -4.97488 28.00000 11.60896
v -0.00000 28.00000 11.00000
v 4.97488 28.00000 11.60896
v 9.19239 28.00000 13.34315
v 12.01043 28.00000 15.93853
v 9.00000 46.00000 15.00000
v 8.31492 46.00000 17.10476
v 6.36396 46.00000 18.88909
v 3.44415 46.00000 20.08134
v 0.00000 46.00000 20.50000
v -3.44415 46.00000 20.08134
v -6.36396 46.00000 18.88909
v -8.31492 46.00000 17.10476
v -9.00000 46.00000 15.00000
v -8.31492 46.00000 12.89524
v -6.36396 46.00000 11.11091
v -3.44415 46.00000 9.91866
v -0.00000 46.00000 9.50000
v 3.44415 46.00000 9.91866
v 6.36396 46.00000 11.11091
v 8.31492 46.00000 12.89524
v 5.00000 63.00000 11.00000
v 4.61940 63.00000 12.14805
v 3.53553 63.00000 13.12132
v 1.91342 63.00000 13.77164
v 0.00000 63.00000 14.00000
v -1.91342 63.00000 13.77164
v -3.53553 63.00000 13.12132
v -4.61940 63.00000 12.14805
v -5.00000 63.00000 11.00000
v -4.61940 63.00000 9.85195
v -3.53553 63.00000 8.87868
v -1.91342 63.00000 8.22836
v -0.00000 63.00000 8.00000
v 1.91342 63.00000 8.22836
v 3.53553 63.00000 8.87868
v 4.61940 63.00000 9.85195
v 0.00000 -34.00000 11.00000
v 0.00000 63.00000 11.00000
v 11.00000 -30.00000 -8.00000
v 10.16267 -30.00000 -5.70390
v 7.77817 -30.00000 -3.75736
v 4.20952 -30.00000 -2.45672
v 0.00000 -30.00000 -2.00000
v -4.20952 -30.00000 -2.45672
v -7.77817 -30.00000 -3.75736
v -10.16267 -30.00000 -5.70390
v -11.00000 -30.00000 -8.00000
v -10.16267 -30.00000 -10.29610
v -7.77817 -30.00000 -12.24264
v -4.20952 -30.00000 -13.54328
v -0.00000 -30.00000 -14.00000
v 4.20952 -30.00000 -13.54328
v 7.77817 -30.00000 -12.24264
v 10.16267 -30.00000 -10.29610
v 15.00000 -15.00000 -11.00000
v 13.85819 -15.00000 -7.74719
v 10.60660 -15.00000 -4.98959
v 5.74025 -15.00000 -3.14702
v 0.00000 -15.00000 -2.50000
v -5.74025 -15.00000 -3.14702
v -10.60660 -15.00000 -4.98959
v -13.85819 -15.00000 -7.74719
v -15.00000 -15.00000 -11.00000
v -13.85819 -15.00000 -14.25281
v -10.60660 -15.00000 -17.01041
v -5.74025 -15.00000 -18.85298
v -0.00000 -15.00000 -19.50000
v 5.74025 -15.00000 -18.85298
v 10.60660 -15.00000 -17.01041
v 13.85819 -15.00000 -14.25281
v 17.00000 1.00000 -14.00000
v 15.70595 1.00000 -10.17317
v 12.02082 1.00000 -6.92893
v 6.50562 1.00000 -4.76120
v 0.00000 1.00000 -4.00000
v -6.50562 1.00000 -4.76120
v -12.02082 1.00000 -6.92893
v -15.70595 1.00000 -10.17317
v -17.00000 1.00000 -14.00000
v -15.70595 1.00000 -17.82683
v -12.02082 1.00000 -21.07107
v -6.50562 1.00000 -23.23880
v -0.00000 1.00000 -24.00000
v 6.50562 1.00000 -23.23880
v 12.02082 1.00000 -21.07107
v 15.70595 1.00000 -17.82683
v 15.00000 19.00000 -13.00000
v 13.85819 19.00000 -9.55585
v 10.60660 19.00000 -6.63604
v 5.74025 19.00000 -4.68508
v 0.00000 19.00000 -4.00000
v -5.74025 19.00000 -4.68508
v -10.60660 19.00000 -6.63604
v -13.85819 19.00000 -9.55585
v -15.00000 19.00000 -13.00000
v -13.85819 19.00000 -16.44415
v -10.60660 19.00000 -19.36396
v -5.74025 19.00000 -21.31492
v -0.00000 19.00000 -22.00000
v 5.74025 19.00000 -21.31492
v 10.60660 19.00000 -19.36396
v 13.85819 19.00000 -16.44415
v 11.00000 37.00000 -11.00000
v 10.16267 37.00000 -8.51256
v 7.77817 37.00000 -6.40381
v 4.20952 37.00000 -4.99478
v 0.00000 37.00000 -4.50000
v -4.20952 37.00000 -4.99478
v -7.77817 37.00000 -6.40381
v -10.16267 37.00000 -8.51256
v -11.00000 37.00000 -11.00000
v -10.16267 37.00000 -13.48744
v -7.77817 37.00000 -15.59619
v -4.20952 37.00000 -17.00522
v -0.00000 37.00000 -17.50000
v 4.20952 37.00000 -17.00522
v 7.77817 37.00000 -15.59619
v 10.16267 37.00000 -13.48744
v 6.50000 55.00000 -8.00000
v 6.00522 55.00000 -6.46927
v 4.59619 55.00000 -5.17157
v 2.48744 55.00000 -4.30448
v 0.00000 55.00000 -4.00000
v -2.48744 55.00000 -4.30448
v -4.59619 55.00000 -5.17157
v -6.00522 55.00000 -6.46927
v -6.50000 55.00000 -8.00000
v -6.00522 55.00000 -9.53073
v -4.59619 55.00000 -10.82843
v -2.48744 55.00000 -11.69552
v -0.00000 55.00000 -12.00000
v 2.48744 55.00000 -11.69552
v 4.59619 55.00000 -10.82843
v 6.00522 55.00000 -9.53073
v 0.00000 -30.00000 -8.00000
v 0.00000 55.00000 -8.00000
v 10.50000 -40.00000 1.00000
v 9.46017 -40.00000 3.60330
v 6.54664 -40.00000 5.69099
v 2.33647 -40.00000 6.84957
v -2.33647 -40.00000 6.84957
v -6.54664 -40.00000 5.69099
v -9.46017 -40.00000 3.60330
v -10.50000 -40.00000 1.00000
v -9.46017 -40.00000 -1.60330
v -6.54664 -40.00000 -3.69099
v -2.33647 -40.00000 -4.84957
v 2.33647 -40.00000 -4.84957
v 6.54664 -40.00000 -3.69099
v 9.46017 -40.00000 -1.60330
v 9.00000 -46.00000 3.00000
v 8.10872 -46.00000 5.16942
v 5.61141 -46.00000 6.90916
v 2.00269 -46.00000 7.87464
v -2.00269 -46.00000 7.87464
v -5.61141 -46.00000 6.90916
v -8.10872 -46.00000 5.16942
v -9.00000 -46.00000 3.00000
v -8.10872 -46.00000 0.83058
v -5.61141 -46.00000 -0.90916
v -2.00269 -46.00000 -1.87464
v 2.00269 -46.00000 -1.87464
v 5.61141 -46.00000 -0.90916
v 8.10872 -46.00000 0.83058
v 7.00000 -52.00000 4.00000
v 6.30678 -52.00000 5.73553
v 4.36443 -52.00000 7.12733
v 1.55765 -52.00000 7.89971
v -1.55765 -52.00000 7.89971
v -4.36443 -52.00000 7.12733
v -6.30678 -52.00000 5.73553
v -7.00000 -52.00000 4.00000
v -6.30678 -52.00000 2.26447
v -4.36443 -52.00000 0.87267
v -1.55765 -52.00000 0.10029
v 1.55765 -52.00000 0.10029
v 4.36443 -52.00000 0.87267
v 6.30678 -52.00000 2.26447
v 5.00000 -57.00000 3.00000
v 4.50484 -57.00000 4.30165
v 3.11745 -57.00000 5.34549
v 1.11260 -57.00000 5.92478
v -1.11260 -57.00000 5.92478
v -3.11745 -57.00000 5.34549
v -4.50484 -57.00000 4.30165
v -5.00000 -57.00000 3.00000
v -4.50484 -57.00000 1.69835
v -3.11745 -57.00000 0.65451
v -1.11260 -57.00000 0.07522
v 1.11260 -57.00000 0.07522
v 3.11745 -57.00000 0.65451
v 4.50484 -57.00000 1.69835
v 3.00000 -61.00000 1.00000
v 2.70291 -61.00000 1.86777
v 1.87047 -61.00000 2.56366
v 0.66756 -61.00000 2.94986
v -0.66756 -61.00000 2.94986
v -1.87047 -61.00000 2.56366
v -2.70291 -61.00000 1.86777
v -3.00000 -61.00000 1.00000
v -2.70291 -61.00000 0.13223
v -1.87047 -61.00000 -0.56366
v -0.66756 -61.00000 -0.94986
v 0.66756 -61.00000 -0.94986
v 1.87047 -61.00000 -0.56366
v 2.70291 -61.00000 0.13223
v 0.00000 -40.00000 1.00000
v 0.00000 -61.00000 1.00000
v -12.50000 -28.00000 3.00000
v -13.50481 -28.00000 5.50000
v -16.25000 -28.00000 7.33013
v -20.00000 -28.00000 8.00000
v -23.75000 -28.00000 7.33013
v -26.49519 -28.00000 5.50000
v -27.50000 -28.00000 3.00000
v -26.49519 -28.00000 0.50000
v -23.75000 -28.00000 -1.33013
v -20.00000 -28.00000 -2.00000
v -16.25000 -28.00000 -1.33013
v -13.50481 -28.00000 0.50000
v -18.00000 -17.00000 6.00000
v -19.33975 -17.00000 9.25000
v -23.00000 -17.00000 11.62917
v -28.00000 -17.00000 12.50000
v -33.00000 -17.00000 11.62917
v -36.66025 -17.00000 9.25000
v -38.00000 -17.00000 6.00000
v -36.66025 -17.00000 2.75000
v -33.00000 -17.00000 0.37083
v -28.00000 -17.00000 -0.50000
v -23.00000 -17.00000 0.37083
v -19.33975 -17.00000 2.75000
v -25.50000 -4.00000 10.00000
v -26.90673 -4.00000 13.50000
v -30.75000 -4.00000 16.06218
v -36.00000 -4.00000 17.00000
v -41.25000 -4.00000 16.06218
v -45.09327 -4.00000 13.50000
v -46.50000 -4.00000 10.00000
v -45.09327 -4.00000 6.50000
v -41.25000 -4.00000 3.93782
v -36.00000 -4.00000 3.00000
v -30.75000 -4.00000 3.93782
v -26.90673 -4.00000 6.50000
v -36.00000 11.00000 7.00000
v -37.07180 11.00000 9.75000
v -40.00000 11.00000 11.76314
v -44.00000 11.00000 12.50000
v -48.00000 11.00000 11.76314
v -50.92820 11.00000 9.75000
v -52.00000 11.00000 7.00000
v -50.92820 11.00000 4.25000
v -48.00000 11.00000 2.23686
v -44.00000 11.00000 1.50000
v -40.00000 11.00000 2.23686
v -37.07180 11.00000 4.25000
v -46.00000 25.00000 3.00000
v -46.53590 25.00000 4.50000
v -48.00000 25.00000 5.59808
v -50.00000 25.00000 6.00000
v -52.00000 25.00000 5.59808
v -53.46410 25.00000 4.50000
v -54.00000 25.00000 3.00000
v -53.46410 25.00000 1.50000
v -52.00000 25.00000 0.40192
v -50.00000 25.00000 0.00000
v -48.00000 25.00000 0.40192
v -46.53590 25.00000 1.50000
v -20.00000 -28.00000 3.00000
v -50.00000 25.00000 3.00000
v -11.50000 11.00000 5.00000
v -12.55041 11.00000 7.05725
v -15.30041 11.00000 8.32870
v -18.69959 11.00000 8.32870
v -21.44959 11.00000 7.05725
v -22.50000 11.00000 5.00000
v -21.44959 11.00000 2.94275
v -18.69959 11.00000 1.67130
v -15.30041 11.00000 1.67130
v -12.55041 11.00000 2.94275
v -17.00000 20.00000 8.00000
v -18.33688 20.00000 10.64503
v -21.83688 20.00000 12.27975
v -26.16312 20.00000 12.27975
v -29.66312 20.00000 10.64503
v -31.00000 20.00000 8.00000
v -29.66312 20.00000 5.35497
v -26.16312 20.00000 3.72025
v -21.83688 20.00000 3.72025
v -18.33688 20.00000 5.35497
v -24.00000 30.00000 10.00000
v -25.14590 30.00000 12.35114
v -28.14590 30.00000 13.80423
v -31.85410 30.00000 13.80423
v -34.85410 30.00000 12.35114
v -36.00000 30.00000 10.00000
v -34.85410 30.00000 7.64886
v -31.85410 30.00000 6.19577
v -28.14590 30.00000 6.19577
v -25.14590 30.00000 7.64886
v -32.00000 41.00000 6.00000
v -32.57295 41.00000 7.17557
v -34.07295 41.00000 7.90211
v -35.92705 41.00000 7.90211
v -37.42705 41.00000 7.17557
v -38.00000 41.00000 6.00000
v -37.42705 41.00000 4.82443
v -35.92705 41.00000 4.09789
v -34.07295 41.00000 4.09789
v -32.57295 41.00000 4.82443
v -17.00000 11.00000 5.00000
v -35.00000 41.00000 6.00000
v -7.00000 42.00000 3.00000
v -7.93582 42.00000 4.60697
v -10.30541 42.00000 5.46202
v -13.00000 42.00000 5.16506
v -14.75877 42.00000 3.85505
v -14.75877 42.00000 2.14495
v -13.00000 42.00000 0.83494
v -10.30541 42.00000 0.53798
v -7.93582 42.00000 1.39303
v -11.00000 49.00000 5.00000
v -12.16978 49.00000 6.92836
v -15.13176 49.00000 7.95442
v -18.50000 49.00000 7.59808
v -20.69846 49.00000 6.02606
v -20.69846 49.00000 3.97394
v -18.50000 49.00000 2.40192
v -15.13176 49.00000 2.04558
v -12.16978 49.00000 3.07164
v -16.00000 56.00000 7.00000
v -16.93582 56.00000 8.60697
v -19.30541 56.00000 9.46202
v -22.00000 56.00000 9.16506
v -23.75877 56.00000 7.85505
v -23.75877 56.00000 6.14495
v -22.00000 56.00000 4.83494
v -19.30541 56.00000 4.53798
v -16.93582 56.00000 5.39303
v -21.00000 64.00000 3.00000
v -21.46791 64.00000 3.96418
v -22.65270 64.00000 4.47721
v -24.00000 64.00000 4.29904
v -24.87939 64.00000 3.51303
v -24.87939 64.00000 2.48697
v -24.00000 64.00000 1.70096
v -22.65270 64.00000 1.52279
v -21.46791 64.00000 2.03582
v -11.00000 42.00000 3.00000
v -23.00000 64.00000 3.00000
v 27.50000 -28.00000 3.00000
v 26.49519 -28.00000 5.50000
v 23.75000 -28.00000 7.33013
v 20.00000 -28.00000 8.00000
v 16.25000 -28.00000 7.33013
v 13.50481 -28.00000 5.50000
v 12.50000 -28.00000 3.00000
v 13.50481 -28.00000 0.50000
v 16.25000 -28.00000 -1.33013
v 20.00000 -28.00000 -2.00000
v 23.75000 -28.00000 -1.33013
v 26.49519 -28.00000 0.50000
v 38.00000 -17.00000 6.00000
v 36.66025 -17.00000 9.25000
v 33.00000 -17.00000 11.62917
v 28.00000 -17.00000 12.50000
v 23.00000 -17.00000 11.62917
v 19.33975 -17.00000 9.25000
v 18.00000 -17.00000 6.00000
v 19.33975 -17.00000 2.75000
v 23.00000 -17.00000 0.37083
v 28.00000 -17.00000 -0.50000
v 33.00000 -17.00000 0.37083
v 36.66025 -17.00000 2.75000
v 46.50000 -4.00000 10.00000
v 45.09327 -4.00000 13.50000
v 41.25000 -4.00000 16.06218
v 36.00000 -4.00000 17.00000
v 30.75000 -4.00000 16.06218
v 26.90673 -4.00000 13.50000
v 25.50000 -4.00000 10.00000
v 26.90673 -4.00000 6.50000
v 30.75000 -4.00000 3.93782
v 36.00000 -4.00000 3.00000
v 41.25000 -4.00000 3.93782
v 45.09327 -4.00000 6.50000
v 52.00000 11.00000 7.00000
v 50.92820 11.00000 9.75000
v 48.00000 11.00000 11.76314
v 44.00000 11.00000 12.50000
v 40.00000 11.00000 11.76314
v 37.07180 11.00000 9.75000
v 36.00000 11.00000 7.00000
v 37.07180 11.00000 4.25000
v 40.00000 11.00000 2.23686
v 44.00000 11.00000 1.50000
v 48.00000 11.00000 2.23686
v 50.92820 11.00000 4.25000
v 54.00000 25.00000 3.00000
v 53.46410 25.00000 4.50000
v 52.00000 25.00000 5.59808
v 50.00000 25.00000 6.00000
v 48.00000 25.00000 5.59808
v 46.53590 25.00000 4.50000
v 46.00000 25.00000 3.00000
v 46.53590 25.00000 1.50000
v 48.00000 25.00000 0.40192
v 50.00000 25.00000 0.00000
v 52.00000 25.00000 0.40192
v 53.46410 25.00000 1.50000
v 20.00000 -28.00000 3.00000
v 50.00000 25.00000 3.00000
v 22.50000 11.00000 5.00000
v 21.44959 11.00000 7.05725
v 18.69959 11.00000 8.32870
v 15.30041 11.00000 8.32870
v 12.55041 11.00000 7.05725
v 11.50000 11.00000 5.00000
v 12.55041 11.00000 2.94275
v 15.30041 11.00000 1.67130
v 18.69959 11.00000 1.67130
v 21.44959 11.00000 2.94275
v 31.00000 20.00000 8.00000
v 29.66312 20.00000 10.64503
v 26.16312 20.00000 12.27975
v 21.83688 20.00000 12.27975
v 18.33688 20.00000 10.64503
v 17.00000 20.00000 8.00000
v 18.33688 20.00000 5.35497
v 21.83688 20.00000 3.72025
v 26.16312 20.00000 3.72025
v 29.66312 20.00000 5.35497
v 36.00000 30.00000 10.00000
v 34.85410 30.00000 12.35114
v 31.85410 30.00000 13.80423
v 28.14590 30.00000 13.80423
v 25.14590 30.00000 12.35114
v 24.00000 30.00000 10.00000
v 25.14590 30.00000 7.64886
v 28.14590 30.00000 6.19577
v 31.85410 30.00000 6.19577
v 34.85410 30.00000 7.64886
v 38.00000 41.00000 6.00000
v 37.42705 41.00000 7.17557
v 35.92705 41.00000 7.90211
v 34.07295 41.00000 7.90211
v 32.57295 41.00000 7.17557
v 32.00000 41.00000 6.00000
v 32.57295 41.00000 4.82443
v 34.07295 41.00000 4.09789
v 35.92705 41.00000 4.09789
v 37.42705 41.00000 4.82443
v 17.00000 11.00000 5.00000
v 35.00000 41.00000 6.00000
v 15.00000 42.00000 3.00000
v 14.06418 42.00000 4.60697
v 11.69459 42.00000 5.46202
v 9.00000 42.00000 5.16506
v 7.24123 42.00000 3.85505
v 7.24123 42.00000 2.14495
v 9.00000 42.00000 0.83494
v 11.69459 42.00000 0.53798
v 14.06418 42.00000 1.39303
v 21.00000 49.00000 5.00000
v 19.83022 49.00000 6.92836
v 16.86824 49.00000 7.95442
v 13.50000 49.00000 7.59808
v 11.30154 49.00000 6.02606
v 11.30154 49.00000 3.97394
v 13.50000 49.00000 2.40192
v 16.86824 49.00000 2.04558
v 19.83022 49.00000 3.07164
v 24.00000 56.00000 7.00000
v 23.06418 56.00000 8.60697
v 20.69459 56.00000 9.46202
v 18.00000 56.00000 9.16506
v 16.24123 56.00000 7.85505
v 16.24123 56.00000 6.14495
v 18.00000 56.00000 4.83494
v 20.69459 56.00000 4.53798
v 23.06418 56.00000 5.39303
v 25.00000 64.00000 3.00000
v 24.53209 64.00000 3.96418
v 23.34730 64.00000 4.47721
v 22.00000 64.00000 4.29904
v 21.12061 64.00000 3.51303
v 21.12061 64.00000 2.48697
v 22.00000 64.00000 1.70096
v 23.34730 64.00000 1.52279
v 24.53209 64.00000 2.03582
v 11.00000 42.00000 3.00000
v 23.00000 64.00000 3.00000
v -26.75000 -7.00000 5.00000
v -27.74431 -7.00000 7.41045
v -30.26200 -7.00000 8.69303
v -33.12500 -7.00000 8.24760
v -34.99369 -7.00000 6.28258
v -34.99369 -7.00000 3.71742
v -33.12500 -7.00000 1.75240
v -30.26200 -7.00000 1.30697
v -27.74431 -7.00000 2.58955
v -32.50000 -5.00000 13.00000
v -33.78676 -5.00000 16.05324
v -37.04494 -5.00000 17.67784
v -40.75000 -5.00000 17.11362
v -43.16831 -5.00000 14.62460
v -43.16831 -5.00000 11.37540
v -40.75000 -5.00000 8.88638
v -37.04494 -5.00000 8.32216
v -33.78676 -5.00000 9.94676
v -39.50000 0.00000 21.00000
v -40.55280 0.00000 23.57115
v -43.21858 0.00000 24.93923
v -46.25000 0.00000 24.46410
v -48.22862 0.00000 22.36808
v -48.22862 0.00000 19.63192
v -46.25000 0.00000 17.53590
v -43.21858 0.00000 17.06077
v -40.55280 0.00000 18.42885
v -46.00000 7.00000 28.00000
v -46.70187 7.00000 29.76767
v -48.47906 7.00000 30.70822
v -50.50000 7.00000 30.38157
v -51.81908 7.00000 28.94056
v -51.81908 7.00000 27.05944
v -50.50000 7.00000 25.61843
v -48.47906 7.00000 25.29178
v -46.70187 7.00000 26.23233
v -51.25000 14.00000 34.00000
v -51.65942 14.00000 35.02846
v -52.69612 14.00000 35.57569
v -53.87500 14.00000 35.38564
v -54.64446 14.00000 34.54723
v -54.64446 14.00000 33.45277
v -53.87500 14.00000 32.61436
v -52.69612 14.00000 32.42431
v -51.65942 14.00000 32.97154
v -31.00000 -7.00000 5.00000
v -53.00000 14.00000 34.00000
v -48.00000 14.00000 31.00000
v -48.58579 14.00000 32.27279
v -50.00000 14.00000 32.80000
v -51.41421 14.00000 32.27279
v -52.00000 14.00000 31.00000
v -51.41421 14.00000 29.72721
v -50.00000 14.00000 29.20000
v -48.58579 14.00000 29.72721
v -51.50000 22.00000 38.00000
v -51.93934 22.00000 38.98995
v -53.00000 22.00000 39.40000
v -54.06066 22.00000 38.98995
v -54.50000 22.00000 38.00000
v -54.06066 22.00000 37.01005
v -53.00000 22.00000 36.60000
v -51.93934 22.00000 37.01005
v -54.10000 29.00000 42.00000
v -54.36360 29.00000 42.49497
v -55.00000 29.00000 42.70000
v -55.63640 29.00000 42.49497
v -55.90000 29.00000 42.00000
v -55.63640 29.00000 41.50503
v -55.00000 29.00000 41.30000
v -54.36360 29.00000 41.50503
v -50.00000 14.00000 31.00000
v -55.00000 29.00000 42.00000
v 35.25000 -7.00000 5.00000
v 34.25569 -7.00000 7.41045
v 31.73800 -7.00000 8.69303
v 28.87500 -7.00000 8.24760
v 27.00631 -7.00000 6.28258
v 27.00631 -7.00000 3.71742
v 28.87500 -7.00000 1.75240
v 31.73800 -7.00000 1.30697
v 34.25569 -7.00000 2.58955
v 43.50000 -5.00000 13.00000
v 42.21324 -5.00000 16.05324
v 38.95506 -5.00000 17.67784
v 35.25000 -5.00000 17.11362
v 32.83169 -5.00000 14.62460
v 32.83169 -5.00000 11.37540
v 35.25000 -5.00000 8.88638
v 38.95506 -5.00000 8.32216
v 42.21324 -5.00000 9.94676
v 48.50000 0.00000 21.00000
v 47.44720 0.00000 23.57115
v 44.78142 0.00000 24.93923
v 41.75000 0.00000 24.46410
v 39.77138 0.00000 22.36808
v 39.77138 0.00000 19.63192
v 41.75000 0.00000 17.53590
v 44.78142 0.00000 17.06077
v 47.44720 0.00000 18.42885
v 52.00000 7.00000 28.00000
v 51.29813 7.00000 29.76767
v 49.52094 7.00000 30.70822
v 47.50000 7.00000 30.38157
v 46.18092 7.00000 28.94056
v 46.18092 7.00000 27.05944
v 47.50000 7.00000 25.61843
v 49.52094 7.00000 25.29178
v 51.29813 7.00000 26.23233
v 54.75000 14.00000 34.00000
v 54.34058 14.00000 35.02846
v 53.30388 14.00000 35.57569
v 52.12500 14.00000 35.38564
v 51.35554 14.00000 34.54723
v 51.35554 14.00000 33.45277
v 52.12500 14.00000 32.61436
v 53.30388 14.00000 32.42431
v 54.34058 14.00000 32.97154
v 31.00000 -7.00000 5.00000
v 53.00000 14.00000 34.00000
v 52.00000 14.00000 31.00000
v 51.41421 14.00000 32.27279
v 50.00000 14.00000 32.80000
v 48.58579 14.00000 32.27279
v 48.00000 14.00000 31.00000
v 48.58579 14.00000 29.72721
v 50.00000 14.00000 29.20000
v 51.41421 14.00000 29.72721
v 54.50000 22.00000 38.00000
v 54.06066 22.00000 38.98995
v 53.00000 22.00000 39.40000
v 51.93934 22.00000 38.98995
v 51.50000 22.00000 38.00000
v 51.93934 22.00000 37.01005
v 53.00000 22.00000 36.60000
v 54.06066 22.00000 37.01005
v 55.90000 29.00000 42.00000
v 55.63640 29.00000 42.49497
v 55.00000 29.00000 42.70000
v 54.36360 29.00000 42.49497
v 54.10000 29.00000 42.00000
v 54.36360 29.00000 41.50503
v 55.00000 29.00000 41.30000
v 55.63640 29.00000 41.50503
v 50.00000 14.00000 31.00000
v 55.00000 29.00000 42.00000
v -14.75000 -27.00000 19.00000
v -15.40901 -27.00000 20.27279
v -17.00000 -27.00000 20.80000
v -18.59099 -27.00000 20.27279
v -19.25000 -27.00000 19.00000
v -18.59099 -27.00000 17.72721
v -17.00000 -27.00000 17.20000
v -15.40901 -27.00000 17.72721
v -8.30000 -27.00000 21.80000
v -9.10546 -27.00000 23.35563
v -11.05000 -27.00000 24.00000
v -12.99454 -27.00000 23.35563
v -13.80000 -27.00000 21.80000
v -12.99454 -27.00000 20.24437
v -11.05000 -27.00000 19.60000
v -9.10546 -27.00000 20.24437
v -2.10000 -27.00000 24.60000
v -2.97868 -27.00000 26.36777
v -5.10000 -27.00000 27.10000
v -7.22132 -27.00000 26.36777
v -8.10000 -27.00000 24.60000
v -7.22132 -27.00000 22.83223
v -5.10000 -27.00000 22.10000
v -2.97868 -27.00000 22.83223
v 3.25000 -27.00000 27.00000
v 2.29810 -27.00000 29.05061
v 0.00000 -27.00000 29.90000
v -2.29810 -27.00000 29.05061
v -3.25000 -27.00000 27.00000
v -2.29810 -27.00000 24.94939
v -0.00000 -27.00000 24.10000
v 2.29810 -27.00000 24.94939
v 8.10000 -27.00000 24.60000
v 7.22132 -27.00000 26.36777
v 5.10000 -27.00000 27.10000
v 2.97868 -27.00000 26.36777
v 2.10000 -27.00000 24.60000
v 2.97868 -27.00000 22.83223
v 5.10000 -27.00000 22.10000
v 7.22132 -27.00000 22.83223
v 13.80000 -27.00000 21.80000
v 12.99454 -27.00000 23.35563
v 11.05000 -27.00000 24.00000
v 9.10546 -27.00000 23.35563
v 8.30000 -27.00000 21.80000
v 9.10546 -27.00000 20.24437
v 11.05000 -27.00000 19.60000
v 12.99454 -27.00000 20.24437
v 19.25000 -27.00000 19.00000
v 18.59099 -27.00000 20.27279
v 17.00000 -27.00000 20.80000
v 15.40901 -27.00000 20.27279
v 14.75000 -27.00000 19.00000
v 15.40901 -27.00000 17.72721
v 17.00000 -27.00000 17.20000
v 18.59099 -27.00000 17.72721
v -17.00000 -27.00000 19.00000
v 17.00000 -27.00000 19.00000
v -13.75000 -15.00000 19.00000
v -14.40901 -15.00000 20.27279
v -16.00000 -15.00000 20.80000
v -17.59099 -15.00000 20.27279
v -18.25000 -15.00000 19.00000
v -17.59099 -15.00000 17.72721
v -16.00000 -15.00000 17.20000
v -14.40901 -15.00000 17.72721
v -7.65000 -15.00000 21.80000
v -8.45546 -15.00000 23.35563
v -10.40000 -15.00000 24.00000
v -12.34454 -15.00000 23.35563
v -13.15000 -15.00000 21.80000
v -12.34454 -15.00000 20.24437
v -10.40000 -15.00000 19.60000
v -8.45546 -15.00000 20.24437
v -1.80000 -15.00000 24.60000
v -2.67868 -15.00000 26.36777
v -4.80000 -15.00000 27.10000
v -6.92132 -15.00000 26.36777
v -7.80000 -15.00000 24.60000
v -6.92132 -15.00000 22.83223
v -4.80000 -15.00000 22.10000
v -2.67868 -15.00000 22.83223
v 3.25000 -15.00000 27.00000
v 2.29810 -15.00000 29.05061
v 0.00000 -15.00000 29.90000
v -2.29810 -15.00000 29.05061
v -3.25000 -15.00000 27.00000
v -2.29810 -15.00000 24.94939
v -0.00000 -15.00000 24.10000
v 2.29810 -15.00000 24.94939
v 7.80000 -15.00000 24.60000
v 6.92132 -15.00000 26.36777
v 4.80000 -15.00000 27.10000
v 2.67868 -15.00000 26.36777
v 1.80000 -15.00000 24.60000
v 2.67868 -15.00000 22.83223
v 4.80000 -15.00000 22.10000
v 6.92132 -15.00000 22.83223
v 13.15000 -15.00000 21.80000
v 12.34454 -15.00000 23.35563
v 10.40000 -15.00000 24.00000
v 8.45546 -15.00000 23.35563
v 7.65000 -15.00000 21.80000
v 8.45546 -15.00000 20.24437
v 10.40000 -15.00000 19.60000
v 12.34454 -15.00000 20.24437
v 18.25000 -15.00000 19.00000
v 17.59099 -15.00000 20.27279
v 16.00000 -15.00000 20.80000
v 14.40901 -15.00000 20.27279
v 13.75000 -15.00000 19.00000
v 14.40901 -15.00000 17.72721
v 16.00000 -15.00000 17.20000
v 17.59099 -15.00000 17.72721
v -16.00000 -15.00000 19.00000
v 16.00000 -15.00000 19.00000
v -12.75000 -3.00000 19.00000
v -13.40901 -3.00000 20.27279
v -15.00000 -3.00000 20.80000
v -16.59099 -3.00000 20.27279
v -17.25000 -3.00000 19.00000
v -16.59099 -3.00000 17.72721
v -15.00000 -3.00000 17.20000
v -13.40901 -3.00000 17.72721
v -7.00000 -3.00000 21.45000
v -7.80546 -3.00000 23.00563
v -9.75000 -3.00000 23.65000
v -11.69454 -3.00000 23.00563
v -12.50000 -3.00000 21.45000
v -11.69454 -3.00000 19.89437
v -9.75000 -3.00000 19.25000
v -7.80546 -3.00000 19.89437
v -1.50000 -3.00000 23.90000
v -2.37868 -3.00000 25.66777
v -4.50000 -3.00000 26.40000
v -6.62132 -3.00000 25.66777
v -7.50000 -3.00000 23.90000
v -6.62132 -3.00000 22.13223
v -4.50000 -3.00000 21.40000
v -2.37868 -3.00000 22.13223
v 3.25000 -3.00000 26.00000
v 2.29810 -3.00000 28.05061
v 0.00000 -3.00000 28.90000
v -2.29810 -3.00000 28.05061
v -3.25000 -3.00000 26.00000
v -2.29810 -3.00000 23.94939
v -0.00000 -3.00000 23.10000
v 2.29810 -3.00000 23.94939
v 7.50000 -3.00000 23.90000
v 6.62132 -3.00000 25.66777
v 4.50000 -3.00000 26.40000
v 2.37868 -3.00000 25.66777
v 1.50000 -3.00000 23.90000
v 2.37868 -3.00000 22.13223
v 4.50000 -3.00000 21.40000
v 6.62132 -3.00000 22.13223
v 12.50000 -3.00000 21.45000
v 11.69454 -3.00000 23.00563
v 9.75000 -3.00000 23.65000
v 7.80546 -3.00000 23.00563
v 7.00000 -3.00000 21.45000
v 7.80546 -3.00000 19.89437
v 9.75000 -3.00000 19.25000
v 11.69454 -3.00000 19.89437
v 17.25000 -3.00000 19.00000
v 16.59099 -3.00000 20.27279
v 15.00000 -3.00000 20.80000
v 13.40901 -3.00000 20.27279
v 12.75000 -3.00000 19.00000
v 13.40901 -3.00000 17.72721
v 15.00000 -3.00000 17.20000
v 16.59099 -3.00000 17.72721
v -15.00000 -3.00000 19.00000
v 15.00000 -3.00000 19.00000
v -11.75000 10.00000 19.00000
v -12.40901 10.00000 20.27279
v -14.00000 10.00000 20.80000
v -15.59099 10.00000 20.27279
v -16.25000 10.00000 19.00000
v -15.59099 10.00000 17.72721
v -14.00000 10.00000 17.20000
v -12.40901 10.00000 17.72721
v -6.35000 10.00000 21.45000
v -7.15546 10.00000 23.00563
v -9.10000 10.00000 23.65000
v -11.04454 10.00000 23.00563
v -11.85000 10.00000 21.45000
v -11.04454 10.00000 19.89437
v -9.10000 10.00000 19.25000
v -7.15546 10.00000 19.89437
v -1.20000 10.00000 23.90000
v -2.07868 10.00000 25.66777
v -4.20000 10.00000 26.40000
v -6.32132 10.00000 25.66777
v -7.20000 10.00000 23.90000
v -6.32132 10.00000 22.13223
v -4.20000 10.00000 21.40000
v -2.07868 10.00000 22.13223
v 3.25000 10.00000 26.00000
v 2.29810 10.00000 28.05061
v 0.00000 10.00000 28.90000
v -2.29810 10.00000 28.05061
v -3.25000 10.00000 26.00000
v -2.29810 10.00000 23.94939
v -0.00000 10.00000 23.10000
v 2.29810 10.00000 23.94939
v 7.20000 10.00000 23.90000
v 6.32132 10.00000 25.66777
v 4.20000 10.00000 26.40000
v 2.07868 10.00000 25.66777
v 1.20000 10.00000 23.90000
v 2.07868 10.00000 22.13223
v 4.20000 10.00000 21.40000
v 6.32132 10.00000 22.13223
v 11.85000 10.00000 21.45000
v 11.04454 10.00000 23.00563
v 9.10000 10.00000 23.65000
v 7.15546 10.00000 23.00563
v 6.35000 10.00000 21.45000
v 7.15546 10.00000 19.89437
v 9.10000 10.00000 19.25000
v 11.04454 10.00000 19.89437
v 16.25000 10.00000 19.00000
v 15.59099 10.00000 20.27279
v 14.00000 10.00000 20.80000
v 12.40901 10.00000 20.27279
v 11.75000 10.00000 19.00000
v 12.40901 10.00000 17.72721
v 14.00000 10.00000 17.20000
v 15.59099 10.00000 17.72721
v -14.00000 10.00000 19.00000
v 14.00000 10.00000 19.00000
v -9.75000 23.00000 19.00000
v -10.40901 23.00000 20.27279
v -12.00000 23.00000 20.80000
v -13.59099 23.00000 20.27279
v -14.25000 23.00000 19.00000
v -13.59099 23.00000 17.72721
v -12.00000 23.00000 17.20000
v -10.40901 23.00000 17.72721
v -5.05000 23.00000 21.10000
v -5.85546 23.00000 22.65563
v -7.80000 23.00000 23.30000
v -9.74454 23.00000 22.65563
v -10.55000 23.00000 21.10000
v -9.74454 23.00000 19.54437
v -7.80000 23.00000 18.90000
v -5.85546 23.00000 19.54437
v -0.60000 23.00000 23.20000
v -1.47868 23.00000 24.96777
v -3.60000 23.00000 25.70000
v -5.72132 23.00000 24.96777
v -6.60000 23.00000 23.20000
v -5.72132 23.00000 21.43223
v -3.60000 23.00000 20.70000
v -1.47868 23.00000 21.43223
v 3.25000 23.00000 25.00000
v 2.29810 23.00000 27.05061
v 0.00000 23.00000 27.90000
v -2.29810 23.00000 27.05061
v -3.25000 23.00000 25.00000
v -2.29810 23.00000 22.94939
v -0.00000 23.00000 22.10000
v 2.29810 23.00000 22.94939
v 6.60000 23.00000 23.20000
v 5.72132 23.00000 24.96777
v 3.60000 23.00000 25.70000
v 1.47868 23.00000 24.96777
v 0.60000 23.00000 23.20000
v 1.47868 23.00000 21.43223
v 3.60000 23.00000 20.70000
v 5.72132 23.00000 21.43223
v 10.55000 23.00000 21.10000
v 9.74454 23.00000 22.65563
v 7.80000 23.00000 23.30000
v 5.85546 23.00000 22.65563
v 5.05000 23.00000 21.10000
v 5.85546 23.00000 19.54437
v 7.80000 23.00000 18.90000
v 9.74454 23.00000 19.54437
v 14.25000 23.00000 19.00000
v 13.59099 23.00000 20.27279
v 12.00000 23.00000 20.80000
v 10.40901 23.00000 20.27279
v 9.75000 23.00000 19.00000
v 10.40901 23.00000 17.72721
v 12.00000 23.00000 17.20000
v 13.59099 23.00000 17.72721
v -12.00000 23.00000 19.00000
v 12.00000 23.00000 19.00000
v -7.75000 36.00000 19.00000
v -8.40901 36.00000 20.27279
v -10.00000 36.00000 20.80000
v -11.59099 36.00000 20.27279
v -12.25000 36.00000 19.00000
v -11.59099 36.00000 17.72721
v -10.00000 36.00000 17.20000
v -8.40901 36.00000 17.72721
v -3.75000 36.00000 21.10000
v -4.55546 36.00000 22.65563
v -6.50000 36.00000 23.30000
v -8.44454 36.00000 22.65563
v -9.25000 36.00000 21.10000
v -8.44454 36.00000 19.54437
v -6.50000 36.00000 18.90000
v -4.55546 36.00000 19.54437
v 0.00000 36.00000 23.20000
v -0.87868 36.00000 24.96777
v -3.00000 36.00000 25.70000
v -5.12132 36.00000 24.96777
v -6.00000 36.00000 23.20000
v -5.12132 36.00000 21.43223
v -3.00000 36.00000 20.70000
v -0.87868 36.00000 21.43223
v 3.25000 36.00000 25.00000
v 2.29810 36.00000 27.05061
v 0.00000 36.00000 27.90000
v -2.29810 36.00000 27.05061
v -3.25000 36.00000 25.00000
v -2.29810 36.00000 22.94939
v -0.00000 36.00000 22.10000
v 2.29810 36.00000 22.94939
v 6.00000 36.00000 23.20000
v 5.12132 36.00000 24.96777
v 3.00000 36.00000 25.70000
v 0.87868 36.00000 24.96777
v 0.00000 36.00000 23.20000
v 0.87868 36.00000 21.43223
v 3.00000 36.00000 20.70000
v 5.12132 36.00000 21.43223
v 9.25000 36.00000 21.10000
v 8.44454 36.00000 22.65563
v 6.50000 36.00000 23.30000
v 4.55546 36.00000 22.65563
v 3.75000 36.00000 21.10000
v 4.55546 36.00000 19.54437
v 6.50000 36.00000 18.90000
v 8.44454 36.00000 19.54437
v 12.25000 36.00000 19.00000
v 11.59099 36.00000 20.27279
v 10.00000 36.00000 20.80000
v 8.40901 36.00000 20.27279
v 7.75000 36.00000 19.00000
v 8.40901 36.00000 17.72721
v 10.00000 36.00000 17.20000
v 11.59099 36.00000 17.72721
v -10.00000 36.00000 19.00000
v 10.00000 36.00000 19.00000
v -5.75000 49.00000 19.00000
v -6.40901 49.00000 20.27279
v -8.00000 49.00000 20.80000
v -9.59099 49.00000 20.27279
v -10.25000 49.00000 19.00000
v -9.59099 49.00000 17.72721
v -8.00000 49.00000 17.20000
v -6.40901 49.00000 17.72721
v -2.45000 49.00000 20.75000
v -3.25546 49.00000 22.30563
v -5.20000 49.00000 22.95000
v -7.14454 49.00000 22.30563
v -7.95000 49.00000 20.75000
v -7.14454 49.00000 19.19437
v -5.20000 49.00000 18.55000
v -3.25546 49.00000 19.19437
v 0.60000 49.00000 22.50000
v -0.27868 49.00000 24.26777
v -2.40000 49.00000 25.00000
v -4.52132 49.00000 24.26777
v -5.40000 49.00000 22.50000
v -4.52132 49.00000 20.73223
v -2.40000 49.00000 20.00000
v -0.27868 49.00000 20.73223
v 3.25000 49.00000 24.00000
v 2.29810 49.00000 26.05061
v 0.00000 49.00000 26.90000
v -2.29810 49.00000 26.05061
v -3.25000 49.00000 24.00000
v -2.29810 49.00000 21.94939
v -0.00000 49.00000 21.10000
v 2.29810 49.00000 21.94939
v 5.40000 49.00000 22.50000
v 4.52132 49.00000 24.26777
v 2.40000 49.00000 25.00000
v 0.27868 49.00000 24.26777
v -0.60000 49.00000 22.50000
v 0.27868 49.00000 20.73223
v 2.40000 49.00000 20.00000
v 4.52132 49.00000 20.73223
v 7.95000 49.00000 20.75000
v 7.14454 49.00000 22.30563
v 5.20000 49.00000 22.95000
v 3.25546 49.00000 22.30563
v 2.45000 49.00000 20.75000
v 3.25546 49.00000 19.19437
v 5.20000 49.00000 18.55000
v 7.14454 49.00000 19.19437
v 10.25000 49.00000 19.00000
v 9.59099 49.00000 20.27279
v 8.00000 49.00000 20.80000
v 6.40901 49.00000 20.27279
v 5.75000 49.00000 19.00000
v 6.40901 49.00000 17.72721
v 8.00000 49.00000 17.20000
v 9.59099 49.00000 17.72721
v -8.00000 49.00000 19.00000
v 8.00000 49.00000 19.00000
v 2.50000 -27.00000 22.00000
v 1.76777 -27.00000 23.76777
v 0.00000 -27.00000 24.50000
v -1.76777 -27.00000 23.76777
v -2.50000 -27.00000 22.00000
v -1.76777 -27.00000 20.23223
v -0.00000 -27.00000 19.50000
v 1.76777 -27.00000 20.23223
v 3.00000 -16.00000 25.00000
v 2.12132 -16.00000 27.12132
v 0.00000 -16.00000 28.00000
v -2.12132 -16.00000 27.12132
v -3.00000 -16.00000 25.00000
v -2.12132 -16.00000 22.87868
v -0.00000 -16.00000 22.00000
v 2.12132 -16.00000 22.87868
v 3.50000 -4.00000 28.00000
v 2.47487 -4.00000 30.47487
v 0.00000 -4.00000 31.50000
v -2.47487 -4.00000 30.47487
v -3.50000 -4.00000 28.00000
v -2.47487 -4.00000 25.52513
v -0.00000 -4.00000 24.50000
v 2.47487 -4.00000 25.52513
v 3.75000 9.00000 30.00000
v 2.65165 9.00000 32.65165
v 0.00000 9.00000 33.75000
v -2.65165 9.00000 32.65165
v -3.75000 9.00000 30.00000
v -2.65165 9.00000 27.34835
v -0.00000 9.00000 26.25000
v 2.65165 9.00000 27.34835
v 3.50000 23.00000 29.00000
v 2.47487 23.00000 31.47487
v 0.00000 23.00000 32.50000
v -2.47487 23.00000 31.47487
v -3.50000 23.00000 29.00000
v -2.47487 23.00000 26.52513
v -0.00000 23.00000 25.50000
v 2.47487 23.00000 26.52513
v 3.00000 38.00000 27.00000
v 2.12132 38.00000 29.12132
v 0.00000 38.00000 30.00000
v -2.12132 38.00000 29.12132
v -3.00000 38.00000 27.00000
v -2.12132 38.00000 24.87868
v -0.00000 38.00000 24.00000
v 2.12132 38.00000 24.87868
v 2.50000 53.00000 25.00000
v 1.76777 53.00000 26.76777
v 0.00000 53.00000 27.50000
v -1.76777 53.00000 26.76777
v -2.50000 53.00000 25.00000
v -1.76777 53.00000 23.23223
v -0.00000 53.00000 22.50000
v 1.76777 53.00000 23.23223
v 1.75000 67.00000 22.00000
v 1.23744 67.00000 23.23744
v 0.00000 67.00000 23.75000
v -1.23744 67.00000 23.23744
v -1.75000 67.00000 22.00000
v -1.23744 67.00000 20.76256
v -0.00000 67.00000 20.25000
v 1.23744 67.00000 20.76256
v 0.00000 -27.00000 22.00000
v 0.00000 67.00000 22.00000
v -23.75000 -24.00000 8.00000
v -24.40901 -24.00000 9.34350
v -26.00000 -24.00000 9.90000
v -27.59099 -24.00000 9.34350
v -28.25000 -24.00000 8.00000
v -27.59099 -24.00000 6.65650
v -26.00000 -24.00000 6.10000
v -24.40901 -24.00000 6.65650
v -28.50000 -23.00000 11.00000
v -29.30546 -23.00000 12.62635
v -31.25000 -23.00000 13.30000
v -33.19454 -23.00000 12.62635
v -34.00000 -23.00000 11.00000
v -33.19454 -23.00000 9.37365
v -31.25000 -23.00000 8.70000
v -29.30546 -23.00000 9.37365
v -34.10000 -21.00000 14.00000
v -34.80294 -21.00000 15.41421
v -36.50000 -21.00000 16.00000
v -38.19706 -21.00000 15.41421
v -38.90000 -21.00000 14.00000
v -38.19706 -21.00000 12.58579
v -36.50000 -21.00000 12.00000
v -34.80294 -21.00000 12.58579
v -39.60000 -18.00000 11.00000
v -40.01005 -18.00000 11.77782
v -41.00000 -18.00000 12.10000
v -41.98995 -18.00000 11.77782
v -42.40000 -18.00000 11.00000
v -41.98995 -18.00000 10.22218
v -41.00000 -18.00000 9.90000
v -40.01005 -18.00000 10.22218
v -26.00000 -24.00000 8.00000
v -41.00000 -18.00000 11.00000
v -22.75000 -11.00000 8.00000
v -23.40901 -11.00000 9.34350
v -25.00000 -11.00000 9.90000
v -26.59099 -11.00000 9.34350
v -27.25000 -11.00000 8.00000
v -26.59099 -11.00000 6.65650
v -25.00000 -11.00000 6.10000
v -23.40901 -11.00000 6.65650
v -27.15000 -10.00000 11.00000
v -27.95546 -10.00000 12.62635
v -29.90000 -10.00000 13.30000
v -31.84454 -10.00000 12.62635
v -32.65000 -10.00000 11.00000
v -31.84454 -10.00000 9.37365
v -29.90000 -10.00000 8.70000
v -27.95546 -10.00000 9.37365
v -32.40000 -8.00000 14.00000
v -33.10294 -8.00000 15.41421
v -34.80000 -8.00000 16.00000
v -36.49706 -8.00000 15.41421
v -37.20000 -8.00000 14.00000
v -36.49706 -8.00000 12.58579
v -34.80000 -8.00000 12.00000
v -33.10294 -8.00000 12.58579
v -37.60000 -5.00000 11.00000
v -38.01005 -5.00000 11.77782
v -39.00000 -5.00000 12.10000
v -39.98995 -5.00000 11.77782
v -40.40000 -5.00000 11.00000
v -39.98995 -5.00000 10.22218
v -39.00000 -5.00000 9.90000
v -38.01005 -5.00000 10.22218
v -25.00000 -11.00000 8.00000
v -39.00000 -5.00000 11.00000
v -20.75000 2.00000 8.00000
v -21.40901 2.00000 9.34350
v -23.00000 2.00000 9.90000
v -24.59099 2.00000 9.34350
v -25.25000 2.00000 8.00000
v -24.59099 2.00000 6.65650
v -23.00000 2.00000 6.10000
v -21.40901 2.00000 6.65650
v -24.80000 3.00000 11.00000
v -25.60546 3.00000 12.62635
v -27.55000 3.00000 13.30000
v -29.49454 3.00000 12.62635
v -30.30000 3.00000 11.00000
v -29.49454 3.00000 9.37365
v -27.55000 3.00000 8.70000
v -25.60546 3.00000 9.37365
v -29.70000 5.00000 14.00000
v -30.40294 5.00000 15.41421
v -32.10000 5.00000 16.00000
v -33.79706 5.00000 15.41421
v -34.50000 5.00000 14.00000
v -33.79706 5.00000 12.58579
v -32.10000 5.00000 12.00000
v -30.40294 5.00000 12.58579
v -34.60000 8.00000 11.00000
v -35.01005 8.00000 11.77782
v -36.00000 8.00000 12.10000
v -36.98995 8.00000 11.77782
v -37.40000 8.00000 11.00000
v -36.98995 8.00000 10.22218
v -36.00000 8.00000 9.90000
v -35.01005 8.00000 10.22218
v -23.00000 2.00000 8.00000
v -36.00000 8.00000 11.00000
v -17.75000 16.00000 8.00000
v -18.40901 16.00000 9.34350
v -20.00000 16.00000 9.90000
v -21.59099 16.00000 9.34350
v -22.25000 16.00000 8.00000
v -21.59099 16.00000 6.65650
v -20.00000 16.00000 6.10000
v -18.40901 16.00000 6.65650
v -21.10000 17.00000 11.00000
v -21.90546 17.00000 12.62635
v -23.85000 17.00000 13.30000
v -25.79454 17.00000 12.62635
v -26.60000 17.00000 11.00000
v -25.79454 17.00000 9.37365
v -23.85000 17.00000 8.70000
v -21.90546 17.00000 9.37365
v -25.30000 19.00000 14.00000
v -26.00294 19.00000 15.41421
v -27.70000 19.00000 16.00000
v -29.39706 19.00000 15.41421
v -30.10000 19.00000 14.00000
v -29.39706 19.00000 12.58579
v -27.70000 19.00000 12.00000
v -26.00294 19.00000 12.58579
v -29.60000 22.00000 11.00000
v -30.01005 22.00000 11.77782
v -31.00000 22.00000 12.10000
v -31.98995 22.00000 11.77782
v -32.40000 22.00000 11.00000
v -31.98995 22.00000 10.22218
v -31.00000 22.00000 9.90000
v -30.01005 22.00000 10.22218
v -20.00000 16.00000 8.00000
v -31.00000 22.00000 11.00000
v -14.75000 30.00000 8.00000
v -15.40901 30.00000 9.34350
v -17.00000 30.00000 9.90000
v -18.59099 30.00000 9.34350
v -19.25000 30.00000 8.00000
v -18.59099 30.00000 6.65650
v -17.00000 30.00000 6.10000
v -15.40901 30.00000 6.65650
v -17.40000 31.00000 11.00000
v -18.20546 31.00000 12.62635
v -20.15000 31.00000 13.30000
v -22.09454 31.00000 12.62635
v -22.90000 31.00000 11.00000
v -22.09454 31.00000 9.37365
v -20.15000 31.00000 8.70000
v -18.20546 31.00000 9.37365
v -20.90000 33.00000 14.00000
v -21.60294 33.00000 15.41421
v -23.30000 33.00000 16.00000
v -24.99706 33.00000 15.41421
v -25.70000 33.00000 14.00000
v -24.99706 33.00000 12.58579
v -23.30000 33.00000 12.00000
v -21.60294 33.00000 12.58579
v -24.60000 36.00000 11.00000
v -25.01005 36.00000 11.77782
v -26.00000 36.00000 12.10000
v -26.98995 36.00000 11.77782
v -27.40000 36.00000 11.00000
v -26.98995 36.00000 10.22218
v -26.00000 36.00000 9.90000
v -25.01005 36.00000 10.22218
v -17.00000 30.00000 8.00000
v -26.00000 36.00000 11.00000
v -10.75000 44.00000 8.00000
v -11.40901 44.00000 9.34350
v -13.00000 44.00000 9.90000
v -14.59099 44.00000 9.34350
v -15.25000 44.00000 8.00000
v -14.59099 44.00000 6.65650
v -13.00000 44.00000 6.10000
v -11.40901 44.00000 6.65650
v -12.70000 45.00000 11.00000
v -13.50546 45.00000 12.62635
v -15.45000 45.00000 13.30000
v -17.39454 45.00000 12.62635
v -18.20000 45.00000 11.00000
v -17.39454 45.00000 9.37365
v -15.45000 45.00000 8.70000
v -13.50546 45.00000 9.37365
v -15.50000 47.00000 14.00000
v -16.20294 47.00000 15.41421
v -17.90000 47.00000 16.00000
v -19.59706 47.00000 15.41421
v -20.30000 47.00000 14.00000
v -19.59706 47.00000 12.58579
v -17.90000 47.00000 12.00000
v -16.20294 47.00000 12.58579
v -18.60000 50.00000 11.00000
v -19.01005 50.00000 11.77782
v -20.00000 50.00000 12.10000
v -20.98995 50.00000 11.77782
v -21.40000 50.00000 11.00000
v -20.98995 50.00000 10.22218
v -20.00000 50.00000 9.90000
v -19.01005 50.00000 10.22218
v -13.00000 44.00000 8.00000
v -20.00000 50.00000 11.00000
v 28.25000 -24.00000 8.00000
v 27.59099 -24.00000 9.34350
v 26.00000 -24.00000 9.90000
v 24.40901 -24.00000 9.34350
v 23.75000 -24.00000 8.00000
v 24.40901 -24.00000 6.65650
v 26.00000 -24.00000 6.10000
v 27.59099 -24.00000 6.65650
v 34.00000 -23.00000 11.00000
v 33.19454 -23.00000 12.62635
v 31.25000 -23.00000 13.30000
v 29.30546 -23.00000 12.62635
v 28.50000 -23.00000 11.00000
v 29.30546 -23.00000 9.37365
v 31.25000 -23.00000 8.70000
v 33.19454 -23.00000 9.37365
v 38.90000 -21.00000 14.00000
v 38.19706 -21.00000 15.41421
v 36.50000 -21.00000 16.00000
v 34.80294 -21.00000 15.41421
v 34.10000 -21.00000 14.00000
v 34.80294 -21.00000 12.58579
v 36.50000 -21.00000 12.00000
v 38.19706 -21.00000 12.58579
v 42.40000 -18.00000 11.00000
v 41.98995 -18.00000 11.77782
v 41.00000 -18.00000 12.10000
v 40.01005 -18.00000 11.77782
v 39.60000 -18.00000 11.00000
v 40.01005 -18.00000 10.22218
v 41.00000 -18.00000 9.90000
v 41.98995 -18.00000 10.22218
v 26.00000 -24.00000 8.00000
v 41.00000 -18.00000 11.00000
v 27.25000 -11.00000 8.00000
v 26.59099 -11.00000 9.34350
v 25.00000 -11.00000 9.90000
v 23.40901 -11.00000 9.34350
v 22.75000 -11.00000 8.00000
v 23.40901 -11.00000 6.65650
v 25.00000 -11.00000 6.10000
v 26.59099 -11.00000 6.65650
v 32.65000 -10.00000 11.00000
v 31.84454 -10.00000 12.62635
v 29.90000 -10.00000 13.30000
v 27.95546 -10.00000 12.62635
v 27.15000 -10.00000 11.00000
v 27.95546 -10.00000 9.37365
v 29.90000 -10.00000 8.70000
v 31.84454 -10.00000 9.37365
v 37.20000 -8.00000 14.00000
v 36.49706 -8.00000 15.41421
v 34.80000 -8.00000 16.00000
v 33.10294 -8.00000 15.41421
v 32.40000 -8.00000 14.00000
v 33.10294 -8.00000 12.58579
v 34.80000 -8.00000 12.00000
v 36.49706 -8.00000 12.58579
v 40.40000 -5.00000 11.00000
v 39.98995 -5.00000 11.77782
v 39.00000 -5.00000 12.10000
v 38.01005 -5.00000 11.77782
v 37.60000 -5.00000 11.00000
v 38.01005 -5.00000 10.22218
v 39.00000 -5.00000 9.90000
v 39.98995 -5.00000 10.22218
v 25.00000 -11.00000 8.00000
v 39.00000 -5.00000 11.00000
v 25.25000 2.00000 8.00000
v 24.59099 2.00000 9.34350
v 23.00000 2.00000 9.90000
v 21.40901 2.00000 9.34350
v 20.75000 2.00000 8.00000
v 21.40901 2.00000 6.65650
v 23.00000 2.00000 6.10000
v 24.59099 2.00000 6.65650
v 30.30000 3.00000 11.00000
v 29.49454 3.00000 12.62635
v 27.55000 3.00000 13.30000
v 25.60546 3.00000 12.62635
v 24.80000 3.00000 11.00000
v 25.60546 3.00000 9.37365
v 27.55000 3.00000 8.70000
v 29.49454 3.00000 9.37365
v 34.50000 5.00000 14.00000
v 33.79706 5.00000 15.41421
v 32.10000 5.00000 16.00000
v 30.40294 5.00000 15.41421
v 29.70000 5.00000 14.00000
v 30.40294 5.00000 12.58579
v 32.10000 5.00000 12.00000
v 33.79706 5.00000 12.58579
v 37.40000 8.00000 11.00000
v 36.98995 8.00000 11.77782
v 36.00000 8.00000 12.10000
v 35.01005 8.00000 11.77782
v 34.60000 8.00000 11.00000
v 35.01005 8.00000 10.22218
v 36.00000 8.00000 9.90000
v 36.98995 8.00000 10.22218
v 23.00000 2.00000 8.00000
v 36.00000 8.00000 11.00000
v 22.25000 16.00000 8.00000
v 21.59099 16.00000 9.34350
v 20.00000 16.00000 9.90000
v 18.40901 16.00000 9.34350
v 17.75000 16.00000 8.00000
v 18.40901 16.00000 6.65650
v 20.00000 16.00000 6.10000
v 21.59099 16.00000 6.65650
v 26.60000 17.00000 11.00000
v 25.79454 17.00000 12.62635
v 23.85000 17.00000 13.30000
v 21.90546 17.00000 12.62635
v 21.10000 17.00000 11.00000
v 21.90546 17.00000 9.37365
v 23.85000 17.00000 8.70000
v 25.79454 17.00000 9.37365
v 30.10000 19.00000 14.00000
v 29.39706 19.00000 15.41421
v 27.70000 19.00000 16.00000
v 26.00294 19.00000 15.41421
v 25.30000 19.00000 14.00000
v 26.00294 19.00000 12.58579
v 27.70000 19.00000 12.00000
v 29.39706 19.00000 12.58579
v 32.40000 22.00000 11.00000
v 31.98995 22.00000 11.77782
v 31.00000 22.00000 12.10000
v 30.01005 22.00000 11.77782
v 29.60000 22.00000 11.00000
v 30.01005 22.00000 10.22218
v 31.00000 22.00000 9.90000
v 31.98995 22.00000 10.22218
v 20.00000 16.00000 8.00000
v 31.00000 22.00000 11.00000
v 19.25000 30.00000 8.00000
v 18.59099 30.00000 9.34350
v 17.00000 30.00000 9.90000
v 15.40901 30.00000 9.34350
v 14.75000 30.00000 8.00000
v 15.40901 30.00000 6.65650
v 17.00000 30.00000 6.10000
v 18.59099 30.00000 6.65650
v 22.90000 31.00000 11.00000
v 22.09454 31.00000 12.62635
v 20.15000 31.00000 13.30000
v 18.20546 31.00000 12.62635
v 17.40000 31.00000 11.00000
v 18.20546 31.00000 9.37365
v 20.15000 31.00000 8.70000
v 22.09454 31.00000 9.37365
v 25.70000 33.00000 14.00000
v 24.99706 33.00000 15.41421
v 23.30000 33.00000 16.00000
v 21.60294 33.00000 15.41421
v 20.90000 33.00000 14.00000
v 21.60294 33.00000 12.58579
v 23.30000 33.00000 12.00000
v 24.99706 33.00000 12.58579
v 27.40000 36.00000 11.00000
v 26.98995 36.00000 11.77782
v 26.00000 36.00000 12.10000
v 25.01005 36.00000 11.77782
v 24.60000 36.00000 11.00000
v 25.01005 36.00000 10.22218
v 26.00000 36.00000 9.90000
v 26.98995 36.00000 10.22218
v 17.00000 30.00000 8.00000
v 26.00000 36.00000 11.00000
v 15.25000 44.00000 8.00000
v 14.59099 44.00000 9.34350
v 13.00000 44.00000 9.90000
v 11.40901 44.00000 9.34350
v 10.75000 44.00000 8.00000
v 11.40901 44.00000 6.65650
v 13.00000 44.00000 6.10000
v 14.59099 44.00000 6.65650
v 18.20000 45.00000 11.00000
v 17.39454 45.00000 12.62635
v 15.45000 45.00000 13.30000
v 13.50546 45.00000 12.62635
v 12.70000 45.00000 11.00000
v 13.50546 45.00000 9.37365
v 15.45000 45.00000 8.70000
v 17.39454 45.00000 9.37365
v 20.30000 47.00000 14.00000
v 19.59706 47.00000 15.41421
v 17.90000 47.00000 16.00000
v 16.20294 47.00000 15.41421
v 15.50000 47.00000 14.00000
v 16.20294 47.00000 12.58579
v 17.90000 47.00000 12.00000
v 19.59706 47.00000 12.58579
v 21.40000 50.00000 11.00000
v 20.98995 50.00000 11.77782
v 20.00000 50.00000 12.10000
v 19.01005 50.00000 11.77782
v 18.60000 50.00000 11.00000
v 19.01005 50.00000 10.22218
v 20.00000 50.00000 9.90000
v 20.98995 50.00000 10.22218
v 13.00000 44.00000 8.00000
v 20.00000 50.00000 11.00000
v -26.40000 -25.00000 3.00000
v -27.16152 -25.00000 4.16673
v -29.00000 -25.00000 4.65000
v -30.83848 -25.00000 4.16673
v -31.60000 -25.00000 3.00000
v -30.83848 -25.00000 1.83327
v -29.00000 -25.00000 1.35000
v -27.16152 -25.00000 1.83327
v -28.90000 -21.00000 5.00000
v -29.80797 -21.00000 6.48492
v -32.00000 -21.00000 7.10000
v -34.19203 -21.00000 6.48492
v -35.10000 -21.00000 5.00000
v -34.19203 -21.00000 3.51508
v -32.00000 -21.00000 2.90000
v -29.80797 -21.00000 3.51508
v -32.10000 -16.00000 3.00000
v -32.65650 -16.00000 3.84853
v -34.00000 -16.00000 4.20000
v -35.34350 -16.00000 3.84853
v -35.90000 -16.00000 3.00000
v -35.34350 -16.00000 2.15147
v -34.00000 -16.00000 1.80000
v -32.65650 -16.00000 2.15147
v -29.00000 -25.00000 3.00000
v -34.00000 -16.00000 3.00000
v -25.40000 -11.00000 3.00000
v -26.16152 -11.00000 4.16673
v -28.00000 -11.00000 4.65000
v -29.83848 -11.00000 4.16673
v -30.60000 -11.00000 3.00000
v -29.83848 -11.00000 1.83327
v -28.00000 -11.00000 1.35000
v -26.16152 -11.00000 1.83327
v -27.90000 -7.00000 5.00000
v -28.80797 -7.00000 6.48492
v -31.00000 -7.00000 7.10000
v -33.19203 -7.00000 6.48492
v -34.10000 -7.00000 5.00000
v -33.19203 -7.00000 3.51508
v -31.00000 -7.00000 2.90000
v -28.80797 -7.00000 3.51508
v -31.10000 -2.00000 3.00000
v -31.65650 -2.00000 3.84853
v -33.00000 -2.00000 4.20000
v -34.34350 -2.00000 3.84853
v -34.90000 -2.00000 3.00000
v -34.34350 -2.00000 2.15147
v -33.00000 -2.00000 1.80000
v -31.65650 -2.00000 2.15147
v -28.00000 -11.00000 3.00000
v -33.00000 -2.00000 3.00000
v -22.40000 4.00000 3.00000
v -23.16152 4.00000 4.16673
v -25.00000 4.00000 4.65000
v -26.83848 4.00000 4.16673
v -27.60000 4.00000 3.00000
v -26.83848 4.00000 1.83327
v -25.00000 4.00000 1.35000
v -23.16152 4.00000 1.83327
v -24.90000 8.00000 5.00000
v -25.80797 8.00000 6.48492
v -28.00000 8.00000 7.10000
v -30.19203 8.00000 6.48492
v -31.10000 8.00000 5.00000
v -30.19203 8.00000 3.51508
v -28.00000 8.00000 2.90000
v -25.80797 8.00000 3.51508
v -28.10000 13.00000 3.00000
v -28.65650 13.00000 3.84853
v -30.00000 13.00000 4.20000
v -31.34350 13.00000 3.84853
v -31.90000 13.00000 3.00000
v -31.34350 13.00000 2.15147
v -30.00000 13.00000 1.80000
v -28.65650 13.00000 2.15147
v -25.00000 4.00000 3.00000
v -30.00000 13.00000 3.00000
v -18.40000 19.00000 3.00000
v -19.16152 19.00000 4.16673
v -21.00000 19.00000 4.65000
v -22.83848 19.00000 4.16673
v -23.60000 19.00000 3.00000
v -22.83848 19.00000 1.83327
v -21.00000 19.00000 1.35000
v -19.16152 19.00000 1.83327
v -20.90000 23.00000 5.00000
v -21.80797 23.00000 6.48492
v -24.00000 23.00000 7.10000
v -26.19203 23.00000 6.48492
v -27.10000 23.00000 5.00000
v -26.19203 23.00000 3.51508
v -24.00000 23.00000 2.90000
v -21.80797 23.00000 3.51508
v -24.10000 28.00000 3.00000
v -24.65650 28.00000 3.84853
v -26.00000 28.00000 4.20000
v -27.34350 28.00000 3.84853
v -27.90000 28.00000 3.00000
v -27.34350 28.00000 2.15147
v -26.00000 28.00000 1.80000
v -24.65650 28.00000 2.15147
v -21.00000 19.00000 3.00000
v -26.00000 28.00000 3.00000
v -13.40000 34.00000 3.00000
v -14.16152 34.00000 4.16673
v -16.00000 34.00000 4.65000
v -17.83848 34.00000 4.16673
v -18.60000 34.00000 3.00000
v -17.83848 34.00000 1.83327
v -16.00000 34.00000 1.35000
v -14.16152 34.00000 1.83327
v -15.90000 38.00000 5.00000
v -16.80797 38.00000 6.48492
v -19.00000 38.00000 7.10000
v -21.19203 38.00000 6.48492
v -22.10000 38.00000 5.00000
v -21.19203 38.00000 3.51508
v -19.00000 38.00000 2.90000
v -16.80797 38.00000 3.51508
v -19.10000 43.00000 3.00000
v -19.65650 43.00000 3.84853
v -21.00000 43.00000 4.20000
v -22.34350 43.00000 3.84853
v -22.90000 43.00000 3.00000
v -22.34350 43.00000 2.15147
v -21.00000 43.00000 1.80000
v -19.65650 43.00000 2.15147
v -16.00000 34.00000 3.00000
v -21.00000 43.00000 3.00000
v 31.60000 -25.00000 3.00000
v 30.83848 -25.00000 4.16673
v 29.00000 -25.00000 4.65000
v 27.16152 -25.00000 4.16673
v 26.40000 -25.00000 3.00000
v 27.16152 -25.00000 1.83327
v 29.00000 -25.00000 1.35000
v 30.83848 -25.00000 1.83327
v 35.10000 -21.00000 5.00000
v 34.19203 -21.00000 6.48492
v 32.00000 -21.00000 7.10000
v 29.80797 -21.00000 6.48492
v 28.90000 -21.00000 5.00000
v 29.80797 -21.00000 3.51508
v 32.00000 -21.00000 2.90000
v 34.19203 -21.00000 3.51508
v 35.90000 -16.00000 3.00000
v 35.34350 -16.00000 3.84853
v 34.00000 -16.00000 4.20000
v 32.65650 -16.00000 3.84853
v 32.10000 -16.00000 3.00000
v 32.65650 -16.00000 2.15147
v 34.00000 -16.00000 1.80000
v 35.34350 -16.00000 2.15147
v 29.00000 -25.00000 3.00000
v 34.00000 -16.00000 3.00000
v 30.60000 -11.00000 3.00000
v 29.83848 -11.00000 4.16673
v 28.00000 -11.00000 4.65000
v 26.16152 -11.00000 4.16673
v 25.40000 -11.00000 3.00000
v 26.16152 -11.00000 1.83327
v 28.00000 -11.00000 1.35000
v 29.83848 -11.00000 1.83327
v 34.10000 -7.00000 5.00000
v 33.19203 -7.00000 6.48492
v 31.00000 -7.00000 7.10000
v 28.80797 -7.00000 6.48492
v 27.90000 -7.00000 5.00000
v 28.80797 -7.00000 3.51508
v 31.00000 -7.00000 2.90000
v 33.19203 -7.00000 3.51508
v 34.90000 -2.00000 3.00000
v 34.34350 -2.00000 3.84853
v 33.00000 -2.00000 4.20000
v 31.65650 -2.00000 3.84853
v 31.10000 -2.00000 3.00000
v 31.65650 -2.00000 2.15147
v 33.00000 -2.00000 1.80000
v 34.34350 -2.00000 2.15147
v 28.00000 -11.00000 3.00000
v 33.00000 -2.00000 3.00000
v 27.60000 4.00000 3.00000
v 26.83848 4.00000 4.16673
v 25.00000 4.00000 4.65000
v 23.16152 4.00000 4.16673
v 22.40000 4.00000 3.00000
v 23.16152 4.00000 1.83327
v 25.00000 4.00000 1.35000
v 26.83848 4.00000 1.83327
v 31.10000 8.00000 5.00000
v 30.19203 8.00000 6.48492
v 28.00000 8.00000 7.10000
v 25.80797 8.00000 6.48492
v 24.90000 8.00000 5.00000
v 25.80797 8.00000 3.51508
v 28.00000 8.00000 2.90000
v 30.19203 8.00000 3.51508
v 31.90000 13.00000 3.00000
v 31.34350 13.00000 3.84853
v 30.00000 13.00000 4.20000
v 28.65650 13.00000 3.84853
v 28.10000 13.00000 3.00000
v 28.65650 13.00000 2.15147
v 30.00000 13.00000 1.80000
v 31.34350 13.00000 2.15147
v 25.00000 4.00000 3.00000
v 30.00000 13.00000 3.00000
v 23.60000 19.00000 3.00000
v 22.83848 19.00000 4.16673
v 21.00000 19.00000 4.65000
v 19.16152 19.00000 4.16673
v 18.40000 19.00000 3.00000
v 19.16152 19.00000 1.83327
v 21.00000 19.00000 1.35000
v 22.83848 19.00000 1.83327
v 27.10000 23.00000 5.00000
v 26.19203 23.00000 6.48492
v 24.00000 23.00000 7.10000
v 21.80797 23.00000 6.48492
v 20.90000 23.00000 5.00000
v 21.80797 23.00000 3.51508
v 24.00000 23.00000 2.90000
v 26.19203 23.00000 3.51508
v 27.90000 28.00000 3.00000
v 27.34350 28.00000 3.84853
v 26.00000 28.00000 4.20000
v 24.65650 28.00000 3.84853
v 24.10000 28.00000 3.00000
v 24.65650 28.00000 2.15147
v 26.00000 28.00000 1.80000
v 27.34350 28.00000 2.15147
v 21.00000 19.00000 3.00000
v 26.00000 28.00000 3.00000
v 18.60000 34.00000 3.00000
v 17.83848 34.00000 4.16673
v 16.00000 34.00000 4.65000
v 14.16152 34.00000 4.16673
v 13.40000 34.00000 3.00000
v 14.16152 34.00000 1.83327
v 16.00000 34.00000 1.35000
v 17.83848 34.00000 1.83327
v 22.10000 38.00000 5.00000
v 21.19203 38.00000 6.48492
v 19.00000 38.00000 7.10000
v 16.80797 38.00000 6.48492
v 15.90000 38.00000 5.00000
v 16.80797 38.00000 3.51508
v 19.00000 38.00000 2.90000
v 21.19203 38.00000 3.51508
v 22.90000 43.00000 3.00000
v 22.34350 43.00000 3.84853
v 21.00000 43.00000 4.20000
v 19.65650 43.00000 3.84853
v 19.10000 43.00000 3.00000
v 19.65650 43.00000 2.15147
v 21.00000 43.00000 1.80000
v 22.34350 43.00000 2.15147
v 16.00000 34.00000 3.00000
v 21.00000 43.00000 3.00000
v -16.60000 -31.00000 17.00000
v -17.12711 -31.00000 17.78183
v -18.31153 -31.00000 17.97493
v -19.26136 -31.00000 17.43388
v -19.26136 -31.00000 16.56612
v -18.31153 -31.00000 16.02507
v -17.12711 -31.00000 16.21817
v -16.00000 -29.00000 19.00000
v -16.75302 -29.00000 20.13366
v -18.44504 -29.00000 20.41365
v -19.80194 -29.00000 19.62913
v -19.80194 -29.00000 18.37087
v -18.44504 -29.00000 17.58635
v -16.75302 -29.00000 17.86634
v -16.60000 -27.00000 17.00000
v -17.12711 -27.00000 17.78183
v -18.31153 -27.00000 17.97493
v -19.26136 -27.00000 17.43388
v -19.26136 -27.00000 16.56612
v -18.31153 -27.00000 16.02507
v -17.12711 -27.00000 16.21817
v -18.00000 -31.00000 17.00000
v -18.00000 -27.00000 17.00000
v -7.60000 -31.00000 17.00000
v -8.12711 -31.00000 17.78183
v -9.31153 -31.00000 17.97493
v -10.26136 -31.00000 17.43388
v -10.26136 -31.00000 16.56612
v -9.31153 -31.00000 16.02507
v -8.12711 -31.00000 16.21817
v -7.00000 -29.00000 19.00000
v -7.75302 -29.00000 20.13366
v -9.44504 -29.00000 20.41365
v -10.80194 -29.00000 19.62913
v -10.80194 -29.00000 18.37087
v -9.44504 -29.00000 17.58635
v -7.75302 -29.00000 17.86634
v -7.60000 -27.00000 17.00000
v -8.12711 -27.00000 17.78183
v -9.31153 -27.00000 17.97493
v -10.26136 -27.00000 17.43388
v -10.26136 -27.00000 16.56612
v -9.31153 -27.00000 16.02507
v -8.12711 -27.00000 16.21817
v -9.00000 -31.00000 17.00000
v -9.00000 -27.00000 17.00000
v 10.40000 -31.00000 17.00000
v 9.87289 -31.00000 17.78183
v 8.68847 -31.00000 17.97493
v 7.73864 -31.00000 17.43388
v 7.73864 -31.00000 16.56612
v 8.68847 -31.00000 16.02507
v 9.87289 -31.00000 16.21817
v 11.00000 -29.00000 19.00000
v 10.24698 -29.00000 20.13366
v 8.55496 -29.00000 20.41365
v 7.19806 -29.00000 19.62913
v 7.19806 -29.00000 18.37087
v 8.55496 -29.00000 17.58635
v 10.24698 -29.00000 17.86634
v 10.40000 -27.00000 17.00000
v 9.87289 -27.00000 17.78183
v 8.68847 -27.00000 17.97493
v 7.73864 -27.00000 17.43388
v 7.73864 -27.00000 16.56612
v 8.68847 -27.00000 16.02507
v 9.87289 -27.00000 16.21817
v 9.00000 -31.00000 17.00000
v 9.00000 -27.00000 17.00000
v 19.40000 -31.00000 17.00000
v 18.87289 -31.00000 17.78183
v 17.68847 -31.00000 17.97493
v 16.73864 -31.00000 17.43388
v 16.73864 -31.00000 16.56612
v 17.68847 -31.00000 16.02507
v 18.87289 -31.00000 16.21817
v 20.00000 -29.00000 19.00000
v 19.24698 -29.00000 20.13366
v 17.55496 -29.00000 20.41365
v 16.19806 -29.00000 19.62913
v 16.19806 -29.00000 18.37087
v 17.55496 -29.00000 17.58635
v 19.24698 -29.00000 17.86634
v 19.40000 -27.00000 17.00000
v 18.87289 -27.00000 17.78183
v 17.68847 -27.00000 17.97493
v 16.73864 -27.00000 17.43388
v 16.73864 -27.00000 16.56612
v 17.68847 -27.00000 16.02507
v 18.87289 -27.00000 16.21817
v 18.00000 -31.00000 17.00000
v 18.00000 -27.00000 17.00000
v -15.60000 -21.00000 18.00000
v -16.12711 -21.00000 18.78183
v -17.31153 -21.00000 18.97493
v -18.26136 -21.00000 18.43388
v -18.26136 -21.00000 17.56612
v -17.31153 -21.00000 17.02507
v -16.12711 -21.00000 17.21817
v -15.00000 -19.00000 20.00000
v -15.75302 -19.00000 21.13366
v -17.44504 -19.00000 21.41365
v -18.80194 -19.00000 20.62913
v -18.80194 -19.00000 19.37087
v -17.44504 -19.00000 18.58635
v -15.75302 -19.00000 18.86634
v -15.60000 -17.00000 18.00000
v -16.12711 -17.00000 18.78183
v -17.31153 -17.00000 18.97493
v -18.26136 -17.00000 18.43388
v -18.26136 -17.00000 17.56612
v -17.31153 -17.00000 17.02507
v -16.12711 -17.00000 17.21817
v -17.00000 -21.00000 18.00000
v -17.00000 -17.00000 18.00000
v -6.60000 -21.00000 18.00000
v -7.12711 -21.00000 18.78183
v -8.31153 -21.00000 18.97493
v -9.26136 -21.00000 18.43388
v -9.26136 -21.00000 17.56612
v -8.31153 -21.00000 17.02507
v -7.12711 -21.00000 17.21817
v -6.00000 -19.00000 20.00000
v -6.75302 -19.00000 21.13366
v -8.44504 -19.00000 21.41365
v -9.80194 -19.00000 20.62913
v -9.80194 -19.00000 19.37087
v -8.44504 -19.00000 18.58635
v -6.75302 -19.00000 18.86634
v -6.60000 -17.00000 18.00000
v -7.12711 -17.00000 18.78183
v -8.31153 -17.00000 18.97493
v -9.26136 -17.00000 18.43388
v -9.26136 -17.00000 17.56612
v -8.31153 -17.00000 17.02507
v -7.12711 -17.00000 17.21817
v -8.00000 -21.00000 18.00000
v -8.00000 -17.00000 18.00000
v 9.40000 -21.00000 18.00000
v 8.87289 -21.00000 18.78183
v 7.68847 -21.00000 18.97493
v 6.73864 -21.00000 18.43388
v 6.73864 -21.00000 17.56612
v 7.68847 -21.00000 17.02507
v 8.87289 -21.00000 17.21817
v 10.00000 -19.00000 20.00000
v 9.24698 -19.00000 21.13366
v 7.55496 -19.00000 21.41365
v 6.19806 -19.00000 20.62913
v 6.19806 -19.00000 19.37087
v 7.55496 -19.00000 18.58635
v 9.24698 -19.00000 18.86634
v 9.40000 -17.00000 18.00000
v 8.87289 -17.00000 18.78183
v 7.68847 -17.00000 18.97493
v 6.73864 -17.00000 18.43388
v 6.73864 -17.00000 17.56612
v 7.68847 -17.00000 17.02507
v 8.87289 -17.00000 17.21817
v 8.00000 -21.00000 18.00000
v 8.00000 -17.00000 18.00000
v 18.40000 -21.00000 18.00000
v 17.87289 -21.00000 18.78183
v 16.68847 -21.00000 18.97493
v 15.73864 -21.00000 18.43388
v 15.73864 -21.00000 17.56612
v 16.68847 -21.00000 17.02507
v 17.87289 -21.00000 17.21817
v 19.00000 -19.00000 20.00000
v 18.24698 -19.00000 21.13366
v 16.55496 -19.00000 21.41365
v 15.19806 -19.00000 20.62913
v 15.19806 -19.00000 19.37087
v 16.55496 -19.00000 18.58635
v 18.24698 -19.00000 18.86634
v 18.40000 -17.00000 18.00000
v 17.87289 -17.00000 18.78183
v 16.68847 -17.00000 18.97493
v 15.73864 -17.00000 18.43388
v 15.73864 -17.00000 17.56612
v 16.68847 -17.00000 17.02507
v 17.87289 -17.00000 17.21817
v 17.00000 -21.00000 18.00000
v 17.00000 -17.00000 18.00000
v -14.60000 -11.00000 19.00000
v -15.12711 -11.00000 19.78183
v -16.31153 -11.00000 19.97493
v -17.26136 -11.00000 19.43388
v -17.26136 -11.00000 18.56612
v -16.31153 -11.00000 18.02507
v -15.12711 -11.00000 18.21817
v -14.00000 -9.00000 21.00000
v -14.75302 -9.00000 22.13366
v -16.44504 -9.00000 22.41365
v -17.80194 -9.00000 21.62913
v -17.80194 -9.00000 20.37087
v -16.44504 -9.00000 19.58635
v -14.75302 -9.00000 19.86634
v -14.60000 -7.00000 19.00000
v -15.12711 -7.00000 19.78183
v -16.31153 -7.00000 19.97493
v -17.26136 -7.00000 19.43388
v -17.26136 -7.00000 18.56612
v -16.31153 -7.00000 18.02507
v -15.12711 -7.00000 18.21817
v -16.00000 -11.00000 19.00000
v -16.00000 -7.00000 19.00000
v -6.60000 -11.00000 19.00000
v -7.12711 -11.00000 19.78183
v -8.31153 -11.00000 19.97493
v -9.26136 -11.00000 19.43388
v -9.26136 -11.00000 18.56612
v -8.31153 -11.00000 18.02507
v -7.12711 -11.00000 18.21817
v -6.00000 -9.00000 21.00000
v -6.75302 -9.00000 22.13366
v -8.44504 -9.00000 22.41365
v -9.80194 -9.00000 21.62913
v -9.80194 -9.00000 20.37087
v -8.44504 -9.00000 19.58635
v -6.75302 -9.00000 19.86634
v -6.60000 -7.00000 19.00000
v -7.12711 -7.00000 19.78183
v -8.31153 -7.00000 19.97493
v -9.26136 -7.00000 19.43388
v -9.26136 -7.00000 18.56612
v -8.31153 -7.00000 18.02507
v -7.12711 -7.00000 18.21817
v -8.00000 -11.00000 19.00000
v -8.00000 -7.00000 19.00000
v 9.40000 -11.00000 19.00000
v 8.87289 -11.00000 19.78183
v 7.68847 -11.00000 19.97493
v 6.73864 -11.00000 19.43388
v 6.73864 -11.00000 18.56612
v 7.68847 -11.00000 18.02507
v 8.87289 -11.00000 18.21817
v 10.00000 -9.00000 21.00000
v 9.24698 -9.00000 22.13366
v 7.55496 -9.00000 22.41365
v 6.19806 -9.00000 21.62913
v 6.19806 -9.00000 20.37087
v 7.55496 -9.00000 19.58635
v 9.24698 -9.00000 19.86634
v 9.40000 -7.00000 19.00000
v 8.87289 -7.00000 19.78183
v 7.68847 -7.00000 19.97493
v 6.73864 -7.00000 19.43388
v 6.73864 -7.00000 18.56612
v 7.68847 -7.00000 18.02507
v 8.87289 -7.00000 18.21817
v 8.00000 -11.00000 19.00000
v 8.00000 -7.00000 19.00000
v 17.40000 -11.00000 19.00000
v 16.87289 -11.00000 19.78183
v 15.68847 -11.00000 19.97493
v 14.73864 -11.00000 19.43388
v 14.73864 -11.00000 18.56612
v 15.68847 -11.00000 18.02507
v 16.87289 -11.00000 18.21817
v 18.00000 -9.00000 21.00000
v 17.24698 -9.00000 22.13366
v 15.55496 -9.00000 22.41365
v 14.19806 -9.00000 21.62913
v 14.19806 -9.00000 20.37087
v 15.55496 -9.00000 19.58635
v 17.24698 -9.00000 19.86634
v 17.40000 -7.00000 19.00000
v 16.87289 -7.00000 19.78183
v 15.68847 -7.00000 19.97493
v 14.73864 -7.00000 19.43388
v 14.73864 -7.00000 18.56612
v 15.68847 -7.00000 18.02507
v 16.87289 -7.00000 18.21817
v 16.00000 -11.00000 19.00000
v 16.00000 -7.00000 19.00000
v -13.60000 0.00000 19.00000
v -14.12711 0.00000 19.78183
v -15.31153 0.00000 19.97493
v -16.26136 0.00000 19.43388
v -16.26136 0.00000 18.56612
v -15.31153 0.00000 18.02507
v -14.12711 0.00000 18.21817
v -13.00000 2.00000 21.00000
v -13.75302 2.00000 22.13366
v -15.44504 2.00000 22.41365
v -16.80194 2.00000 21.62913
v -16.80194 2.00000 20.37087
v -15.44504 2.00000 19.58635
v -13.75302 2.00000 19.86634
v -13.60000 4.00000 19.00000
v -14.12711 4.00000 19.78183
v -15.31153 4.00000 19.97493
v -16.26136 4.00000 19.43388
v -16.26136 4.00000 18.56612
v -15.31153 4.00000 18.02507
v -14.12711 4.00000 18.21817
v -15.00000 0.00000 19.00000
v -15.00000 4.00000 19.00000
v -5.60000 0.00000 19.00000
v -6.12711 0.00000 19.78183
v -7.31153 0.00000 19.97493
v -8.26136 0.00000 19.43388
v -8.26136 0.00000 18.56612
v -7.31153 0.00000 18.02507
v -6.12711 0.00000 18.21817
v -5.00000 2.00000 21.00000
v -5.75302 2.00000 22.13366
v -7.44504 2.00000 22.41365
v -8.80194 2.00000 21.62913
v -8.80194 2.00000 20.37087
v -7.44504 2.00000 19.58635
v -5.75302 2.00000 19.86634
v -5.60000 4.00000 19.00000
v -6.12711 4.00000 19.78183
v -7.31153 4.00000 19.97493
v -8.26136 4.00000 19.43388
v -8.26136 4.00000 18.56612
v -7.31153 4.00000 18.02507
v -6.12711 4.00000 18.21817
v -7.00000 0.00000 19.00000
v -7.00000 4.00000 19.00000
v 8.40000 0.00000 19.00000
v 7.87289 0.00000 19.78183
v 6.68847 0.00000 19.97493
v 5.73864 0.00000 19.43388
v 5.73864 0.00000 18.56612
v 6.68847 0.00000 18.02507
v 7.87289 0.00000 18.21817
v 9.00000 2.00000 21.00000
v 8.24698 2.00000 22.13366
v 6.55496 2.00000 22.41365
v 5.19806 2.00000 21.62913
v 5.19806 2.00000 20.37087
v 6.55496 2.00000 19.58635
v 8.24698 2.00000 19.86634
v 8.40000 4.00000 19.00000
v 7.87289 4.00000 19.78183
v 6.68847 4.00000 19.97493
v 5.73864 4.00000 19.43388
v 5.73864 4.00000 18.56612
v 6.68847 4.00000 18.02507
v 7.87289 4.00000 18.21817
v 7.00000 0.00000 19.00000
v 7.00000 4.00000 19.00000
v 16.40000 0.00000 19.00000
v 15.87289 0.00000 19.78183
v 14.68847 0.00000 19.97493
v 13.73864 0.00000 19.43388
v 13.73864 0.00000 18.56612
v 14.68847 0.00000 18.02507
v 15.87289 0.00000 18.21817
v 17.00000 2.00000 21.00000
v 16.24698 2.00000 22.13366
v 14.55496 2.00000 22.41365
v 13.19806 2.00000 21.62913
v 13.19806 2.00000 20.37087
v 14.55496 2.00000 19.58635
v 16.24698 2.00000 19.86634
v 16.40000 4.00000 19.00000
v 15.87289 4.00000 19.78183
v 14.68847 4.00000 19.97493
v 13.73864 4.00000 19.43388
v 13.73864 4.00000 18.56612
v 14.68847 4.00000 18.02507
v 15.87289 4.00000 18.21817
v 15.00000 0.00000 19.00000
v 15.00000 4.00000 19.00000
v -11.60000 11.00000 18.00000
v -12.12711 11.00000 18.78183
v -13.31153 11.00000 18.97493
v -14.26136 11.00000 18.43388
v -14.26136 11.00000 17.56612
v -13.31153 11.00000 17.02507
v -12.12711 11.00000 17.21817
v -11.00000 13.00000 20.00000
v -11.75302 13.00000 21.13366
v -13.44504 13.00000 21.41365
v -14.80194 13.00000 20.62913
v -14.80194 13.00000 19.37087
v -13.44504 13.00000 18.58635
v -11.75302 13.00000 18.86634
v -11.60000 15.00000 18.00000
v -12.12711 15.00000 18.78183
v -13.31153 15.00000 18.97493
v -14.26136 15.00000 18.43388
v -14.26136 15.00000 17.56612
v -13.31153 15.00000 17.02507
v -12.12711 15.00000 17.21817
v -13.00000 11.00000 18.00000
v -13.00000 15.00000 18.00000
v -4.60000 11.00000 18.00000
v -5.12711 11.00000 18.78183
v -6.31153 11.00000 18.97493
v -7.26136 11.00000 18.43388
v -7.26136 11.00000 17.56612
v -6.31153 11.00000 17.02507
v -5.12711 11.00000 17.21817
v -4.00000 13.00000 20.00000
v -4.75302 13.00000 21.13366
v -6.44504 13.00000 21.41365
v -7.80194 13.00000 20.62913
v -7.80194 13.00000 19.37087
v -6.44504 13.00000 18.58635
v -4.75302 13.00000 18.86634
v -4.60000 15.00000 18.00000
v -5.12711 15.00000 18.78183
v -6.31153 15.00000 18.97493
v -7.26136 15.00000 18.43388
v -7.26136 15.00000 17.56612
v -6.31153 15.00000 17.02507
v -5.12711 15.00000 17.21817
v -6.00000 11.00000 18.00000
v -6.00000 15.00000 18.00000
v 7.40000 11.00000 18.00000
v 6.87289 11.00000 18.78183
v 5.68847 11.00000 18.97493
v 4.73864 11.00000 18.43388
v 4.73864 11.00000 17.56612
v 5.68847 11.00000 17.02507
v 6.87289 11.00000 17.21817
v 8.00000 13.00000 20.00000
v 7.24698 13.00000 21.13366
v 5.55496 13.00000 21.41365
v 4.19806 13.00000 20.62913
v 4.19806 13.00000 19.37087
v 5.55496 13.00000 18.58635
v 7.24698 13.00000 18.86634
v 7.40000 15.00000 18.00000
v 6.87289 15.00000 18.78183
v 5.68847 15.00000 18.97493
v 4.73864 15.00000 18.43388
v 4.73864 15.00000 17.56612
v 5.68847 15.00000 17.02507
v 6.87289 15.00000 17.21817
v 6.00000 11.00000 18.00000
v 6.00000 15.00000 18.00000
v 14.40000 11.00000 18.00000
v 13.87289 11.00000 18.78183
v 12.68847 11.00000 18.97493
v 11.73864 11.00000 18.43388
v 11.73864 11.00000 17.56612
v 12.68847 11.00000 17.02507
v 13.87289 11.00000 17.21817
v 15.00000 13.00000 20.00000
v 14.24698 13.00000 21.13366
v 12.55496 13.00000 21.41365
v 11.19806 13.00000 20.62913
v 11.19806 13.00000 19.37087
v 12.55496 13.00000 18.58635
v 14.24698 13.00000 18.86634
v 14.40000 15.00000 18.00000
v 13.87289 15.00000 18.78183
v 12.68847 15.00000 18.97493
v 11.73864 15.00000 18.43388
v 11.73864 15.00000 17.56612
v 12.68847 15.00000 17.02507
v 13.87289 15.00000 17.21817
v 13.00000 11.00000 18.00000
v 13.00000 15.00000 18.00000
v -9.60000 22.00000 17.00000
v -10.12711 22.00000 17.78183
v -11.31153 22.00000 17.97493
v -12.26136 22.00000 17.43388
v -12.26136 22.00000 16.56612
v -11.31153 22.00000 16.02507
v -10.12711 22.00000 16.21817
v -9.00000 24.00000 19.00000
v -9.75302 24.00000 20.13366
v -11.44504 24.00000 20.41365
v -12.80194 24.00000 19.62913
v -12.80194 24.00000 18.37087
v -11.44504 24.00000 17.58635
v -9.75302 24.00000 17.86634
v -9.60000 26.00000 17.00000
v -10.12711 26.00000 17.78183
v -11.31153 26.00000 17.97493
v -12.26136 26.00000 17.43388
v -12.26136 26.00000 16.56612
v -11.31153 26.00000 16.02507
v -10.12711 26.00000 16.21817
v -11.00000 22.00000 17.00000
v -11.00000 26.00000 17.00000
v -3.60000 22.00000 17.00000
v -4.12711 22.00000 17.78183
v -5.31153 22.00000 17.97493
v -6.26136 22.00000 17.43388
v -6.26136 22.00000 16.56612
v -5.31153 22.00000 16.02507
v -4.12711 22.00000 16.21817
v -3.00000 24.00000 19.00000
v -3.75302 24.00000 20.13366
v -5.44504 24.00000 20.41365
v -6.80194 24.00000 19.62913
v -6.80194 24.00000 18.37087
v -5.44504 24.00000 17.58635
v -3.75302 24.00000 17.86634
v -3.60000 26.00000 17.00000
v -4.12711 26.00000 17.78183
v -5.31153 26.00000 17.97493
v -6.26136 26.00000 17.43388
v -6.26136 26.00000 16.56612
v -5.31153 26.00000 16.02507
v -4.12711 26.00000 16.21817
v -5.00000 22.00000 17.00000
v -5.00000 26.00000 17.00000
v 6.40000 22.00000 17.00000
v 5.87289 22.00000 17.78183
v 4.68847 22.00000 17.97493
v 3.73864 22.00000 17.43388
v 3.73864 22.00000 16.56612
v 4.68847 22.00000 16.02507
v 5.87289 22.00000 16.21817
v 7.00000 24.00000 19.00000
v 6.24698 24.00000 20.13366
v 4.55496 24.00000 20.41365
v 3.19806 24.00000 19.62913
v 3.19806 24.00000 18.37087
v 4.55496 24.00000 17.58635
v 6.24698 24.00000 17.86634
v 6.40000 26.00000 17.00000
v 5.87289 26.00000 17.78183
v 4.68847 26.00000 17.97493
v 3.73864 26.00000 17.43388
v 3.73864 26.00000 16.56612
v 4.68847 26.00000 16.02507
v 5.87289 26.00000 16.21817
v 5.00000 22.00000 17.00000
v 5.00000 26.00000 17.00000
v 12.40000 22.00000 17.00000
v 11.87289 22.00000 17.78183
v 10.68847 22.00000 17.97493
v 9.73864 22.00000 17.43388
v 9.73864 22.00000 16.56612
v 10.68847 22.00000 16.02507
v 11.87289 22.00000 16.21817
v 13.00000 24.00000 19.00000
v 12.24698 24.00000 20.13366
v 10.55496 24.00000 20.41365
v 9.19806 24.00000 19.62913
v 9.19806 24.00000 18.37087
v 10.55496 24.00000 17.58635
v 12.24698 24.00000 17.86634
v 12.40000 26.00000 17.00000
v 11.87289 26.00000 17.78183
v 10.68847 26.00000 17.97493
v 9.73864 26.00000 17.43388
v 9.73864 26.00000 16.56612
v 10.68847 26.00000 16.02507
v 11.87289 26.00000 16.21817
v 11.00000 22.00000 17.00000
v 11.00000 26.00000 17.00000
v -7.60000 33.00000 15.00000
v -8.12711 33.00000 15.78183
v -9.31153 33.00000 15.97493
v -10.26136 33.00000 15.43388
v -10.26136 33.00000 14.56612
v -9.31153 33.00000 14.02507
v -8.12711 33.00000 14.21817
v -7.00000 35.00000 17.00000
v -7.75302 35.00000 18.13366
v -9.44504 35.00000 18.41365
v -10.80194 35.00000 17.62913
v -10.80194 35.00000 16.37087
v -9.44504 35.00000 15.58635
v -7.75302 35.00000 15.86634
v -7.60000 37.00000 15.00000
v -8.12711 37.00000 15.78183
v -9.31153 37.00000 15.97493
v -10.26136 37.00000 15.43388
v -10.26136 37.00000 14.56612
v -9.31153 37.00000 14.02507
v -8.12711 37.00000 14.21817
v -9.00000 33.00000 15.00000
v -9.00000 37.00000 15.00000
v -2.60000 33.00000 15.00000
v -3.12711 33.00000 15.78183
v -4.31153 33.00000 15.97493
v -5.26136 33.00000 15.43388
v -5.26136 33.00000 14.56612
v -4.31153 33.00000 14.02507
v -3.12711 33.00000 14.21817
v -2.00000 35.00000 17.00000
v -2.75302 35.00000 18.13366
v -4.44504 35.00000 18.41365
v -5.80194 35.00000 17.62913
v -5.80194 35.00000 16.37087
v -4.44504 35.00000 15.58635
v -2.75302 35.00000 15.86634
v -2.60000 37.00000 15.00000
v -3.12711 37.00000 15.78183
v -4.31153 37.00000 15.97493
v -5.26136 37.00000 15.43388
v -5.26136 37.00000 14.56612
v -4.31153 37.00000 14.02507
v -3.12711 37.00000 14.21817
v -4.00000 33.00000 15.00000
v -4.00000 37.00000 15.00000
v 5.40000 33.00000 15.00000
v 4.87289 33.00000 15.78183
v 3.68847 33.00000 15.97493
v 2.73864 33.00000 15.43388
v 2.73864 33.00000 14.56612
v 3.68847 33.00000 14.02507
v 4.87289 33.00000 14.21817
v 6.00000 35.00000 17.00000
v 5.24698 35.00000 18.13366
v 3.55496 35.00000 18.41365
v 2.19806 35.00000 17.62913
v 2.19806 35.00000 16.37087
v 3.55496 35.00000 15.58635
v 5.24698 35.00000 15.86634
v 5.40000 37.00000 15.00000
v 4.87289 37.00000 15.78183
v 3.68847 37.00000 15.97493
v 2.73864 37.00000 15.43388
v 2.73864 37.00000 14.56612
v 3.68847 37.00000 14.02507
v 4.87289 37.00000 14.21817
v 4.00000 33.00000 15.00000
v 4.00000 37.00000 15.00000
v 10.40000 33.00000 15.00000
v 9.87289 33.00000 15.78183
v 8.68847 33.00000 15.97493
v 7.73864 33.00000 15.43388
v 7.73864 33.00000 14.56612
v 8.68847 33.00000 14.02507
v 9.87289 33.00000 14.21817
v 11.00000 35.00000 17.00000
v 10.24698 35.00000 18.13366
v 8.55496 35.00000 18.41365
v 7.19806 35.00000 17.62913
v 7.19806 35.00000 16.37087
v 8.55496 35.00000 15.58635
v 10.24698 35.00000 15.86634
v 10.40000 37.00000 15.00000
v 9.87289 37.00000 15.78183
v 8.68847 37.00000 15.97493
v 7.73864 37.00000 15.43388
v 7.73864 37.00000 14.56612
v 8.68847 37.00000 14.02507
v 9.87289 37.00000 14.21817
v 9.00000 33.00000 15.00000
v 9.00000 37.00000 15.00000
v -5.60000 44.00000 13.00000
v -6.12711 44.00000 13.78183
v -7.31153 44.00000 13.97493
v -8.26136 44.00000 13.43388
v -8.26136 44.00000 12.56612
v -7.31153 44.00000 12.02507
v -6.12711 44.00000 12.21817
v -5.00000 46.00000 15.00000
v -5.75302 46.00000 16.13366
v -7.44504 46.00000 16.41365
v -8.80194 46.00000 15.62913
v -8.80194 46.00000 14.37087
v -7.44504 46.00000 13.58635
v -5.75302 46.00000 13.86634
v -5.60000 48.00000 13.00000
v -6.12711 48.00000 13.78183
v -7.31153 48.00000 13.97493
v -8.26136 48.00000 13.43388
v -8.26136 48.00000 12.56612
v -7.31153 48.00000 12.02507
v -6.12711 48.00000 12.21817
v -7.00000 44.00000 13.00000
v -7.00000 48.00000 13.00000
v 8.40000 44.00000 13.00000
v 7.87289 44.00000 13.78183
v 6.68847 44.00000 13.97493
v 5.73864 44.00000 13.43388
v 5.73864 44.00000 12.56612
v 6.68847 44.00000 12.02507
v 7.87289 44.00000 12.21817
v 9.00000 46.00000 15.00000
v 8.24698 46.00000 16.13366
v 6.55496 46.00000 16.41365
v 5.19806 46.00000 15.62913
v 5.19806 46.00000 14.37087
v 6.55496 46.00000 13.58635
v 8.24698 46.00000 13.86634
v 8.40000 48.00000 13.00000
v 7.87289 48.00000 13.78183
v 6.68847 48.00000 13.97493
v 5.73864 48.00000 13.43388
v 5.73864 48.00000 12.56612
v 6.68847 48.00000 12.02507
v 7.87289 48.00000 12.21817
v 7.00000 44.00000 13.00000
v 7.00000 48.00000 13.00000
v -3.60000 54.00000 10.00000
v -4.12711 54.00000 10.78183
v -5.31153 54.00000 10.97493
v -6.26136 54.00000 10.43388
v -6.26136 54.00000 9.56612
v -5.31153 54.00000 9.02507
v -4.12711 54.00000 9.21817
v -3.00000 56.00000 12.00000
v -3.75302 56.00000 13.13366
v -5.44504 56.00000 13.41365
v -6.80194 56.00000 12.62913
v -6.80194 56.00000 11.37087
v -5.44504 56.00000 10.58635
v -3.75302 56.00000 10.86634
v -3.60000 58.00000 10.00000
v -4.12711 58.00000 10.78183
v -5.31153 58.00000 10.97493
v -6.26136 58.00000 10.43388
v -6.26136 58.00000 9.56612
v -5.31153 58.00000 9.02507
v -4.12711 58.00000 9.21817
v -5.00000 54.00000 10.00000
v -5.00000 58.00000 10.00000
v 6.40000 54.00000 10.00000
v 5.87289 54.00000 10.78183
v 4.68847 54.00000 10.97493
v 3.73864 54.00000 10.43388
v 3.73864 54.00000 9.56612
v 4.68847 54.00000 9.02507
v 5.87289 54.00000 9.21817
v 7.00000 56.00000 12.00000
v 6.24698 56.00000 13.13366
v 4.55496 56.00000 13.41365
v 3.19806 56.00000 12.62913
v 3.19806 56.00000 11.37087
v 4.55496 56.00000 10.58635
v 6.24698 56.00000 10.86634
v 6.40000 58.00000 10.00000
v 5.87289 58.00000 10.78183
v 4.68847 58.00000 10.97493
v 3.73864 58.00000 10.43388
v 3.73864 58.00000 9.56612
v 4.68847 58.00000 9.02507
v 5.87289 58.00000 9.21817
v 5.00000 54.00000 10.00000
v 5.00000 58.00000 10.00000
v 2.25000 -33.00000 25.00000
v 1.59099 -33.00000 26.13137
v 0.00000 -33.00000 26.60000
v -1.59099 -33.00000 26.13137
v -2.25000 -33.00000 25.00000
v -1.59099 -33.00000 23.86863
v -0.00000 -33.00000 23.40000
v 1.59099 -33.00000 23.86863
v 2.90000 -31.00000 28.00000
v 2.05061 -31.00000 29.48492
v 0.00000 -31.00000 30.10000
v -2.05061 -31.00000 29.48492
v -2.90000 -31.00000 28.00000
v -2.05061 -31.00000 26.51508
v -0.00000 -31.00000 25.90000
v 2.05061 -31.00000 26.51508
v 2.00000 -29.00000 25.00000
v 1.41421 -29.00000 26.06066
v 0.00000 -29.00000 26.50000
v -1.41421 -29.00000 26.06066
v -2.00000 -29.00000 25.00000
v -1.41421 -29.00000 23.93934
v -0.00000 -29.00000 23.50000
v 1.41421 -29.00000 23.93934
v 0.00000 -33.00000 25.00000
v 0.00000 -29.00000 25.00000
v 2.14875 -23.00000 24.20000
v 1.51940 -23.00000 25.28046
v 0.00000 -23.00000 25.72800
v -1.51940 -23.00000 25.28046
v -2.14875 -23.00000 24.20000
v -1.51940 -23.00000 23.11954
v -0.00000 -23.00000 22.67200
v 1.51940 -23.00000 23.11954
v 2.76950 -21.00000 27.06500
v 1.95833 -21.00000 28.48310
v 0.00000 -21.00000 29.07050
v -1.95833 -21.00000 28.48310
v -2.76950 -21.00000 27.06500
v -1.95833 -21.00000 25.64690
v -0.00000 -21.00000 25.05950
v 1.95833 -21.00000 25.64690
v 1.91000 -19.00000 24.20000
v 1.35057 -19.00000 25.21293
v 0.00000 -19.00000 25.63250
v -1.35057 -19.00000 25.21293
v -1.91000 -19.00000 24.20000
v -1.35057 -19.00000 23.18707
v -0.00000 -19.00000 22.76750
v 1.35057 -19.00000 23.18707
v 0.00000 -23.00000 24.20000
v 0.00000 -19.00000 24.20000
v 2.04750 -13.00000 23.40000
v 1.44780 -13.00000 24.42955
v 0.00000 -13.00000 24.85600
v -1.44780 -13.00000 24.42955
v -2.04750 -13.00000 23.40000
v -1.44780 -13.00000 22.37045
v -0.00000 -13.00000 21.94400
v 1.44780 -13.00000 22.37045
v 2.63900 -11.00000 26.13000
v 1.86605 -11.00000 27.48128
v 0.00000 -11.00000 28.04100
v -1.86605 -11.00000 27.48128
v -2.63900 -11.00000 26.13000
v -1.86605 -11.00000 24.77872
v -0.00000 -11.00000 24.21900
v 1.86605 -11.00000 24.77872
v 1.82000 -9.00000 23.40000
v 1.28693 -9.00000 24.36520
v 0.00000 -9.00000 24.76500
v -1.28693 -9.00000 24.36520
v -1.82000 -9.00000 23.40000
v -1.28693 -9.00000 22.43480
v -0.00000 -9.00000 22.03500
v 1.28693 -9.00000 22.43480
v 0.00000 -13.00000 23.40000
v 0.00000 -9.00000 23.40000
v 1.94625 -3.00000 22.60000
v 1.37621 -3.00000 23.57864
v 0.00000 -3.00000 23.98400
v -1.37621 -3.00000 23.57864
v -1.94625 -3.00000 22.60000
v -1.37621 -3.00000 21.62136
v -0.00000 -3.00000 21.21600
v 1.37621 -3.00000 21.62136
v 2.50850 -1.00000 25.19500
v 1.77378 -1.00000 26.47946
v 0.00000 -1.00000 27.01150
v -1.77378 -1.00000 26.47946
v -2.50850 -1.00000 25.19500
v -1.77378 -1.00000 23.91054
v -0.00000 -1.00000 23.37850
v 1.77378 -1.00000 23.91054
v 1.73000 1.00000 22.60000
v 1.22329 1.00000 23.51747
v 0.00000 1.00000 23.89750
v -1.22329 1.00000 23.51747
v -1.73000 1.00000 22.60000
v -1.22329 1.00000 21.68253
v -0.00000 1.00000 21.30250
v 1.22329 1.00000 21.68253
v 0.00000 -3.00000 22.60000
v 0.00000 1.00000 22.60000
v 1.84500 7.00000 21.80000
v 1.30461 7.00000 22.72772
v 0.00000 7.00000 23.11200
v -1.30461 7.00000 22.72772
v -1.84500 7.00000 21.80000
v -1.30461 7.00000 20.87228
v -0.00000 7.00000 20.48800
v 1.30461 7.00000 20.87228
v 2.37800 9.00000 24.26000
v 1.68150 9.00000 25.47764
v 0.00000 9.00000 25.98200
v -1.68150 9.00000 25.47764
v -2.37800 9.00000 24.26000
v -1.68150 9.00000 23.04236
v -0.00000 9.00000 22.53800
v 1.68150 9.00000 23.04236
v 1.64000 11.00000 21.80000
v 1.15966 11.00000 22.66974
v 0.00000 11.00000 23.03000
v -1.15966 11.00000 22.66974
v -1.64000 11.00000 21.80000
v -1.15966 11.00000 20.93026
v -0.00000 11.00000 20.57000
v 1.15966 11.00000 20.93026
v 0.00000 7.00000 21.80000
v 0.00000 11.00000 21.80000
v 1.74375 17.00000 21.00000
v 1.23302 17.00000 21.87681
v 0.00000 17.00000 22.24000
v -1.23302 17.00000 21.87681
v -1.74375 17.00000 21.00000
v -1.23302 17.00000 20.12319
v -0.00000 17.00000 19.76000
v 1.23302 17.00000 20.12319
v 2.24750 19.00000 23.32500
v 1.58922 19.00000 24.47582
v 0.00000 19.00000 24.95250
v -1.58922 19.00000 24.47582
v -2.24750 19.00000 23.32500
v -1.58922 19.00000 22.17418
v -0.00000 19.00000 21.69750
v 1.58922 19.00000 22.17418
v 1.55000 21.00000 21.00000
v 1.09602 21.00000 21.82201
v 0.00000 21.00000 22.16250
v -1.09602 21.00000 21.82201
v -1.55000 21.00000 21.00000
v -1.09602 21.00000 20.17799
v -0.00000 21.00000 19.83750
v 1.09602 21.00000 20.17799
v 0.00000 17.00000 21.00000
v 0.00000 21.00000 21.00000
v 1.64250 27.00000 20.20000
v 1.16142 27.00000 21.02590
v 0.00000 27.00000 21.36800
v -1.16142 27.00000 21.02590
v -1.64250 27.00000 20.20000
v -1.16142 27.00000 19.37410
v -0.00000 27.00000 19.03200
v 1.16142 27.00000 19.37410
v 2.11700 29.00000 22.39000
v 1.49695 29.00000 23.47399
v 0.00000 29.00000 23.92300
v -1.49695 29.00000 23.47399
v -2.11700 29.00000 22.39000
v -1.49695 29.00000 21.30601
v -0.00000 29.00000 20.85700
v 1.49695 29.00000 21.30601
v 1.46000 31.00000 20.20000
v 1.03238 31.00000 20.97428
v 0.00000 31.00000 21.29500
v -1.03238 31.00000 20.97428
v -1.46000 31.00000 20.20000
v -1.03238 31.00000 19.42572
v -0.00000 31.00000 19.10500
v 1.03238 31.00000 19.42572
v 0.00000 27.00000 20.20000
v 0.00000 31.00000 20.20000
v 1.54125 37.00000 19.40000
v 1.08983 37.00000 20.17499
v 0.00000 37.00000 20.49600
v -1.08983 37.00000 20.17499
v -1.54125 37.00000 19.40000
v -1.08983 37.00000 18.62501
v -0.00000 37.00000 18.30400
v 1.08983 37.00000 18.62501
v 1.98650 39.00000 21.45500
v 1.40467 39.00000 22.47217
v 0.00000 39.00000 22.89350
v -1.40467 39.00000 22.47217
v -1.98650 39.00000 21.45500
v -1.40467 39.00000 20.43783
v -0.00000 39.00000 20.01650
v 1.40467 39.00000 20.43783
v 1.37000 41.00000 19.40000
v 0.96874 41.00000 20.12655
v 0.00000 41.00000 20.42750
v -0.96874 41.00000 20.12655
v -1.37000 41.00000 19.40000
v -0.96874 41.00000 18.67345
v -0.00000 41.00000 18.37250
v 0.96874 41.00000 18.67345
v 0.00000 37.00000 19.40000
v 0.00000 41.00000 19.40000
v 1.44000 47.00000 18.60000
v 1.01823 47.00000 19.32408
v 0.00000 47.00000 19.62400
v -1.01823 47.00000 19.32408
v -1.44000 47.00000 18.60000
v -1.01823 47.00000 17.87592
v -0.00000 47.00000 17.57600
v 1.01823 47.00000 17.87592
v 1.85600 49.00000 20.52000
v 1.31239 49.00000 21.47035
v 0.00000 49.00000 21.86400
v -1.31239 49.00000 21.47035
v -1.85600 49.00000 20.52000
v -1.31239 49.00000 19.56965
v -0.00000 49.00000 19.17600
v 1.31239 49.00000 19.56965
v 1.28000 51.00000 18.60000
v 0.90510 51.00000 19.27882
v 0.00000 51.00000 19.56000
v -0.90510 51.00000 19.27882
v -1.28000 51.00000 18.60000
v -0.90510 51.00000 17.92118
v -0.00000 51.00000 17.64000
v 0.90510 51.00000 17.92118
v 0.00000 47.00000 18.60000
v 0.00000 51.00000 18.60000
v 1.33875 56.00000 17.80000
v 0.94664 56.00000 18.47317
v 0.00000 56.00000 18.75200
v -0.94664 56.00000 18.47317
v -1.33875 56.00000 17.80000
v -0.94664 56.00000 17.12683
v -0.00000 56.00000 16.84800
v 0.94664 56.00000 17.12683
v 1.72550 58.00000 19.58500
v 1.22011 58.00000 20.46853
v 0.00000 58.00000 20.83450
v -1.22011 58.00000 20.46853
v -1.72550 58.00000 19.58500
v -1.22011 58.00000 18.70147
v -0.00000 58.00000 18.33550
v 1.22011 58.00000 18.70147
v 1.19000 60.00000 17.80000
v 0.84146 60.00000 18.43109
v 0.00000 60.00000 18.69250
v -0.84146 60.00000 18.43109
v -1.19000 60.00000 17.80000
v -0.84146 60.00000 17.16891
v -0.00000 60.00000 16.90750
v 0.84146 60.00000 17.16891
v 0.00000 56.00000 17.80000
v 0.00000 60.00000 17.80000
v -9.75000 37.00000 10.00000
v -10.70190 37.00000 11.59099
v -13.00000 37.00000 12.25000
v -15.29810 37.00000 11.59099
v -16.25000 37.00000 10.00000
v -15.29810 37.00000 8.40901
v -13.00000 37.00000 7.75000
v -10.70190 37.00000 8.40901
v -14.75000 44.00000 14.00000
v -15.99480 44.00000 15.94454
v -19.00000 44.00000 16.75000
v -22.00520 44.00000 15.94454
v -23.25000 44.00000 14.00000
v -22.00520 44.00000 12.05546
v -19.00000 44.00000 11.25000
v -15.99480 44.00000 12.05546
v -20.75000 52.00000 18.00000
v -21.70190 52.00000 19.52028
v -24.00000 52.00000 20.15000
v -26.29810 52.00000 19.52028
v -27.25000 52.00000 18.00000
v -26.29810 52.00000 16.47972
v -24.00000 52.00000 15.85000
v -21.70190 52.00000 16.47972
v -26.50000 60.00000 13.00000
v -26.93934 60.00000 13.70711
v -28.00000 60.00000 14.00000
v -29.06066 60.00000 13.70711
v -29.50000 60.00000 13.00000
v -29.06066 60.00000 12.29289
v -28.00000 60.00000 12.00000
v -26.93934 60.00000 12.29289
v -13.00000 37.00000 10.00000
v -28.00000 60.00000 13.00000
v -6.50000 52.00000 8.00000
v -7.23223 52.00000 9.23744
v -9.00000 52.00000 9.75000
v -10.76777 52.00000 9.23744
v -11.50000 52.00000 8.00000
v -10.76777 52.00000 6.76256
v -9.00000 52.00000 6.25000
v -7.23223 52.00000 6.76256
v -9.75000 58.00000 11.00000
v -10.70190 58.00000 12.59099
v -13.00000 58.00000 13.25000
v -15.29810 58.00000 12.59099
v -16.25000 58.00000 11.00000
v -15.29810 58.00000 9.40901
v -13.00000 58.00000 8.75000
v -10.70190 58.00000 9.40901
v -13.50000 65.00000 14.00000
v -14.23223 65.00000 15.23744
v -16.00000 65.00000 15.75000
v -17.76777 65.00000 15.23744
v -18.50000 65.00000 14.00000
v -17.76777 65.00000 12.76256
v -16.00000 65.00000 12.25000
v -14.23223 65.00000 12.76256
v -17.75000 72.00000 10.00000
v -18.11612 72.00000 10.63640
v -19.00000 72.00000 10.90000
v -19.88388 72.00000 10.63640
v -20.25000 72.00000 10.00000
v -19.88388 72.00000 9.36360
v -19.00000 72.00000 9.10000
v -18.11612 72.00000 9.36360
v -9.00000 52.00000 8.00000
v -19.00000 72.00000 10.00000
v 16.25000 37.00000 10.00000
v 15.29810 37.00000 11.59099
v 13.00000 37.00000 12.25000
v 10.70190 37.00000 11.59099
v 9.75000 37.00000 10.00000
v 10.70190 37.00000 8.40901
v 13.00000 37.00000 7.75000
v 15.29810 37.00000 8.40901
v 23.25000 44.00000 14.00000
v 22.00520 44.00000 15.94454
v 19.00000 44.00000 16.75000
v 15.99480 44.00000 15.94454
v 14.75000 44.00000 14.00000
v 15.99480 44.00000 12.05546
v 19.00000 44.00000 11.25000
v 22.00520 44.00000 12.05546
v 27.25000 52.00000 18.00000
v 26.29810 52.00000 19.52028
v 24.00000 52.00000 20.15000
v 21.70190 52.00000 19.52028
v 20.75000 52.00000 18.00000
v 21.70190 52.00000 16.47972
v 24.00000 52.00000 15.85000
v 26.29810 52.00000 16.47972
v 29.50000 60.00000 13.00000
v 29.06066 60.00000 13.70711
v 28.00000 60.00000 14.00000
v 26.93934 60.00000 13.70711
v 26.50000 60.00000 13.00000
v 26.93934 60.00000 12.29289
v 28.00000 60.00000 12.00000
v 29.06066 60.00000 12.29289
v 13.00000 37.00000 10.00000
v 28.00000 60.00000 13.00000
v 11.50000 52.00000 8.00000
v 10.76777 52.00000 9.23744
v 9.00000 52.00000 9.75000
v 7.23223 52.00000 9.23744
v 6.50000 52.00000 8.00000
v 7.23223 52.00000 6.76256
v 9.00000 52.00000 6.25000
v 10.76777 52.00000 6.76256
v 16.25000 58.00000 11.00000
v 15.29810 58.00000 12.59099
v 13.00000 58.00000 13.25000
v 10.70190 58.00000 12.59099
v 9.75000 58.00000 11.00000
v 10.70190 58.00000 9.40901
v 13.00000 58.00000 8.75000
v 15.29810 58.00000 9.40901
v 18.50000 65.00000 14.00000
v 17.76777 65.00000 15.23744
v 16.00000 65.00000 15.75000
v 14.23223 65.00000 15.23744
v 13.50000 65.00000 14.00000
v 14.23223 65.00000 12.76256
v 16.00000 65.00000 12.25000
v 17.76777 65.00000 12.76256
v 20.25000 72.00000 10.00000
v 19.88388 72.00000 10.63640
v 19.00000 72.00000 10.90000
v 18.11612 72.00000 10.63640
v 17.75000 72.00000 10.00000
v 18.11612 72.00000 9.36360
v 19.00000 72.00000 9.10000
v 19.88388 72.00000 9.36360
v 9.00000 52.00000 8.00000
v 19.00000 72.00000 10.00000
v 7.50000 60.00000 3.00000
v 6.49519 60.00000 5.50000
v 3.75000 60.00000 7.33013
v 0.00000 60.00000 8.00000
v -3.75000 60.00000 7.33013
v -6.49519 60.00000 5.50000
v -7.50000 60.00000 3.00000
v -6.49519 60.00000 0.50000
v -3.75000 60.00000 -1.33013
v -0.00000 60.00000 -2.00000
v 3.75000 60.00000 -1.33013
v 6.49519 60.00000 0.50000
v 6.00000 68.00000 5.00000
v 5.19615 68.00000 7.00000
v 3.00000 68.00000 8.46410
v 0.00000 68.00000 9.00000
v -3.00000 68.00000 8.46410
v -5.19615 68.00000 7.00000
v -6.00000 68.00000 5.00000
v -5.19615 68.00000 3.00000
v -3.00000 68.00000 1.53590
v -0.00000 68.00000 1.00000
v 3.00000 68.00000 1.53590
v 5.19615 68.00000 3.00000
v 4.50000 76.00000 6.00000
v 3.89711 76.00000 7.50000
v 2.25000 76.00000 8.59808
v 0.00000 76.00000 9.00000
v -2.25000 76.00000 8.59808
v -3.89711 76.00000 7.50000
v -4.50000 76.00000 6.00000
v -3.89711 76.00000 4.50000
v -2.25000 76.00000 3.40192
v -0.00000 76.00000 3.00000
v 2.25000 76.00000 3.40192
v 3.89711 76.00000 4.50000
v 3.00000 84.00000 5.00000
v 2.59808 84.00000 6.00000
v 1.50000 84.00000 6.73205
v 0.00000 84.00000 7.00000
v -1.50000 84.00000 6.73205
v -2.59808 84.00000 6.00000
v -3.00000 84.00000 5.00000
v -2.59808 84.00000 4.00000
v -1.50000 84.00000 3.26795
v -0.00000 84.00000 3.00000
v 1.50000 84.00000 3.26795
v 2.59808 84.00000 4.00000
v 2.00000 91.00000 3.00000
v 1.73205 91.00000 3.75000
v 1.00000 91.00000 4.29904
v 0.00000 91.00000 4.50000
v -1.00000 91.00000 4.29904
v -1.73205 91.00000 3.75000
v -2.00000 91.00000 3.00000
v -1.73205 91.00000 2.25000
v -1.00000 91.00000 1.70096
v -0.00000 91.00000 1.50000
v 1.00000 91.00000 1.70096
v 1.73205 91.00000 2.25000
v 0.00000 60.00000 3.00000
v 0.00000 91.00000 3.00000
v 2.50000 85.00000 2.00000
v 2.02254 85.00000 3.17557
v 0.77254 85.00000 3.90211
v -0.77254 85.00000 3.90211
v -2.02254 85.00000 3.17557
v -2.50000 85.00000 2.00000
v -2.02254 85.00000 0.82443
v -0.77254 85.00000 0.09789
v 0.77254 85.00000 0.09789
v 2.02254 85.00000 0.82443
v 2.50000 93.00000 4.00000
v 2.02254 93.00000 5.17557
v 0.77254 93.00000 5.90211
v -0.77254 93.00000 5.90211
v -2.02254 93.00000 5.17557
v -2.50000 93.00000 4.00000
v -2.02254 93.00000 2.82443
v -0.77254 93.00000 2.09789
v 0.77254 93.00000 2.09789
v 2.02254 93.00000 2.82443
v 2.00000 103.00000 6.00000
v 1.61803 103.00000 7.02862
v 0.61803 103.00000 7.66435
v -0.61803 103.00000 7.66435
v -1.61803 103.00000 7.02862
v -2.00000 103.00000 6.00000
v -1.61803 103.00000 4.97138
v -0.61803 103.00000 4.33565
v 0.61803 103.00000 4.33565
v 1.61803 103.00000 4.97138
v 1.50000 114.00000 5.00000
v 1.21353 114.00000 5.79351
v 0.46353 114.00000 6.28393
v -0.46353 114.00000 6.28393
v -1.21353 114.00000 5.79351
v -1.50000 114.00000 5.00000
v -1.21353 114.00000 4.20649
v -0.46353 114.00000 3.71607
v 0.46353 114.00000 3.71607
v 1.21353 114.00000 4.20649
v 1.00000 126.00000 3.00000
v 0.80902 126.00000 3.52901
v 0.30902 126.00000 3.85595
v -0.30902 126.00000 3.85595
v -0.80902 126.00000 3.52901
v -1.00000 126.00000 3.00000
v -0.80902 126.00000 2.47099
v -0.30902 126.00000 2.14405
v 0.30902 126.00000 2.14405
v 0.80902 126.00000 2.47099
v 0.40000 139.00000 2.00000
v 0.32361 139.00000 2.20572
v 0.12361 139.00000 2.33287
v -0.12361 139.00000 2.33287
v -0.32361 139.00000 2.20572
v -0.40000 139.00000 2.00000
v -0.32361 139.00000 1.79428
v -0.12361 139.00000 1.66713
v 0.12361 139.00000 1.66713
v 0.32361 139.00000 1.79428
v 0.00000 85.00000 2.00000
v 0.00000 139.00000 2.00000
v 1.35000 90.00000 6.00000
v 0.95459 90.00000 7.41421
v 0.00000 90.00000 8.00000
v -0.95459 90.00000 7.41421
v -1.35000 90.00000 6.00000
v -0.95459 90.00000 4.58579
v -0.00000 90.00000 4.00000
v 0.95459 90.00000 4.58579
v 1.60000 100.00000 9.00000
v 1.13137 100.00000 10.76777
v 0.00000 100.00000 11.50000
v -1.13137 100.00000 10.76777
v -1.60000 100.00000 9.00000
v -1.13137 100.00000 7.23223
v -0.00000 100.00000 6.50000
v 1.13137 100.00000 7.23223
v 1.35000 112.00000 11.00000
v 0.95459 112.00000 12.41421
v 0.00000 112.00000 13.00000
v -0.95459 112.00000 12.41421
v -1.35000 112.00000 11.00000
v -0.95459 112.00000 9.58579
v -0.00000 112.00000 9.00000
v 0.95459 112.00000 9.58579
v 0.90000 124.00000 9.00000
v 0.63640 124.00000 9.88388
v 0.00000 124.00000 10.25000
v -0.63640 124.00000 9.88388
v -0.90000 124.00000 9.00000
v -0.63640 124.00000 8.11612
v -0.00000 124.00000 7.75000
v 0.63640 124.00000 8.11612
v 0.30000 135.00000 6.00000
v 0.21213 135.00000 6.28284
v 0.00000 135.00000 6.40000
v -0.21213 135.00000 6.28284
v -0.30000 135.00000 6.00000
v -0.21213 135.00000 5.71716
v -0.00000 135.00000 5.60000
v 0.21213 135.00000 5.71716
v 0.00000 90.00000 6.00000
v 0.00000 135.00000 6.00000
v 1.20000 91.00000 -2.00000
v 0.84853 91.00000 -0.93934
v 0.00000 91.00000 -0.50000
v -0.84853 91.00000 -0.93934
v -1.20000 91.00000 -2.00000
v -0.84853 91.00000 -3.06066
v -0.00000 91.00000 -3.50000
v 0.84853 91.00000 -3.06066
v 1.30000 103.00000 -4.00000
v 0.91924 103.00000 -2.76256
v 0.00000 103.00000 -2.25000
v -0.91924 103.00000 -2.76256
v -1.30000 103.00000 -4.00000
v -0.91924 103.00000 -5.23744
v -0.00000 103.00000 -5.75000
v 0.91924 103.00000 -5.23744
v 0.90000 118.00000 -5.00000
v 0.63640 118.00000 -4.22218
v 0.00000 118.00000 -3.90000
v -0.63640 118.00000 -4.22218
v -0.90000 118.00000 -5.00000
v -0.63640 118.00000 -5.77782
v -0.00000 118.00000 -6.10000
v 0.63640 118.00000 -5.77782
v 0.30000 132.00000 -2.00000
v 0.21213 132.00000 -1.75251
v 0.00000 132.00000 -1.65000
v -0.21213 132.00000 -1.75251
v -0.30000 132.00000 -2.00000
v -0.21213 132.00000 -2.24749
v -0.00000 132.00000 -2.35000
v 0.21213 132.00000 -2.24749
v 0.00000 91.00000 -2.00000
v 0.00000 132.00000 -2.00000
f 1 2 20 19
f 2 3 21 20
f 3 4 22 21
f 4 5 23 22
f 5 6 24 23
f 6 7 25 24
f 7 8 26 25
f 8 9 27 26
f 9 10 28 27
f 10 11 29 28
f 11 12 30 29
f 12 13 31 30
f 13 14 32 31
f 14 15 33 32
f 15 16 34 33
f 16 17 35 34
f 17 18 36 35
f 18 1 19 36
f 19 20 38 37
f 20 21 39 38
f 21 22 40 39
f 22 23 41 40
f 23 24 42 41
f 24 25 43 42
f 25 26 44 43
f 26 27 45 44
f 27 28 46 45
f 28 29 47 46
f 29 30 48 47
f 30 31 49 48
f 31 32 50 49
f 32 33 51 50
f 33 34 52 51
f 34 35 53 52
f 35 36 54 53
f 36 19 37 54
f 37 38 56 55
f 38 39 57 56
f 39 40 58 57
f 40 41 59 58
f 41 42 60 59
f 42 43 61 60
f 43 44 62 61
f 44 45 63 62
f 45 46 64 63
f 46 47 65 64
f 47 48 66 65
f 48 49 67 66
f 49 50 68 67
f 50 51 69 68
f 51 52 70 69
f 52 53 71 70
f 53 54 72 71
f 54 37 55 72
f 55 56 74 73
f 56 57 75 74
f 57 58 76 75
f 58 59 77 76
f 59 60 78 77
f 60 61 79 78
f 61 62 80 79
f 62 63 81 80
f 63 64 82 81
f 64 65 83 82
f 65 66 84 83
f 66 67 85 84
f 67 68 86 85
f 68 69 87 86
f 69 70 88 87
f 70 71 89 88
f 71 72 90 89
f 72 55 73 90
f 73 74 92 91
f 74 75 93 92
f 75 76 94 93
f 76 77 95 94
f 77 78 96 95
f 78 79 97 96
f 79 80 98 97
f 80 81 99 98
f 81 82 100 99
f 82 83 101 100
f 83 84 102 101
f 84 85 103 102
f 85 86 104 103
f 86 87 105 104
f 87 88 106 105
f 88 89 107 106
f 89 90 108 107
f 90 73 91 108
f 91 92 110 109
f 92 93 111 110
f 93 94 112 111
f 94 95 113 112
f 95 96 114 113
f 96 97 115 114
f 97 98 116 115
f 98 99 117 116
f 99 100 118 117
f 100 101 119 118
f 101 102 120 119
f 102 103 121 120
f 103 104 122 121
f 104 105 123 122
f 105 106 124 123
f 106 107 125 124
f 107 108 126 125
f 108 91 109 126
f 109 110 128 127
f 110 111 129 128
f 111 112 130 129
f 112 113 131 130
f 113 114 132 131
f 114 115 133 132
f 115 116 134 133
f 116 117 135 134
f 117 118 136 135
f 118 119 137 136
f 119 120 138 137
f 120 121 139 138
f 121 122 140 139
f 122 123 141 140
f 123 124 142 141
f 124 125 143 142
f 125 126 144 143
f 126 109 127 144
f 145 2 1
f 146 127 128
f 145 3 2
f 146 128 129
f 145 4 3
f 146 129 130
f 145 5 4
f 146 130 131
f 145 6 5
f 146 131 132
f 145 7 6
f 146 132 133
f 145 8 7
f 146 133 134
f 145 9 8
f 146 134 135
f 145 10 9
f 146 135 136
f 145 11 10
f 146 136 137
f 145 12 11
f 146 137 138
f 145 13 12
f 146 138 139
f 145 14 13
f 146 139 140
f 145 15 14
f 146 140 141
f 145 16 15
f 146 141 142
f 145 17 16
f 146 142 143
f 145 18 17
f 146 143 144
f 145 1 18
f 146 144 127
f 147 148 164 163
f 148 149 165 164
f 149 150 166 165
f 150 151 167 166
f 151 152 168 167
f 152 153 169 168
f 153 154 170 169
f 154 155 171 170
f 155 156 172 171
f 156 157 173 172
f 157 158 174 173
f 158 159 175 174
f 159 160 176 175
f 160 161 177 176
f 161 162 178 177
f 162 147 163 178
f 163 164 180 179
f 164 165 181 180
f 165 166 182 181
f 166 167 183 182
f 167 168 184 183
f 168 169 185 184
f 169 170 186 185
f 170 171 187 186
f 171 172 188 187
f 172 173 189 188
f 173 174 190 189
f 174 175 191 190
f 175 176 192 191
f 176 177 193 192
f 177 178 194 193
f 178 163 179 194
f 179 180 196 195
f 180 181 197 196
f 181 182 198 197
f 182 183 199 198
f 183 184 200 199
f 184 185 201 200
f 185 186 202 201
f 186 187 203 202
f 187 188 204 203
f 188 189 205 204
f 189 190 206 205
f 190 191 207 206
f 191 192 208 207
f 192 193 209 208
f 193 194 210 209
f 194 179 195 210
f 195 196 212 211
f 196 197 213 212
f 197 198 214 213
f 198 199 215 214
f 199 200 216 215
f 200 201 217 216
f 201 202 218 217
f 202 203 219 218
f 203 204 220 219
f 204 205 221 220
f 205 206 222 221
f 206 207 223 222
f 207 208 224 223
f 208 209 225 224
f 209 210 226 225
f 210 195 211 226
f 211 212 228 227
f 212 213 229 228
f 213 214 230 229
f 214 215 231 230
f 215 216 232 231
f 216 217 233 232
f 217 218 234 233
f 218 219 235 234
f 219 220 236 235
f 220 221 237 236
f 221 222 238 237
f 222 223 239 238
f 223 224 240 239
f 224 225 241 240
f 225 226 242 241
f 226 211 227 242
f 227 228 244 243
f 228 229 245 244
f 229 230 246 245
f 230 231 247 246
f 231 232 248 247
f 232 233 249 248
f 233 234 250 249
f 234 235 251 250
f 235 236 252 251
f 236 237 253 252
f 237 238 254 253
f 238 239 255 254
f 239 240 256 255
f 240 241 257 256
f 241 242 258 257
f 242 227 243 258
f 259 148 147
f 260 243 244
f 259 149 148
f 260 244 245
f 259 150 149
f 260 245 246
f 259 151 150
f 260 246 247
f 259 152 151
f 260 247 248
f 259 153 152
f 260 248 249
f 259 154 153
f 260 249 250
f 259 155 154
f 260 250 251
f 259 156 155
f 260 251 252
f 259 157 156
f 260 252 253
f 259 158 157
f 260 253 254
f 259 159 158
f 260 254 255
f 259 160 159
f 260 255 256
f 259 161 160
f 260 256 257
f 259 162 161
f 260 257 258
f 259 147 162
f 260 258 243
f 261 262 278 277
f 262 263 279 278
f 263 264 280 279
f 264 265 281 280
f 265 266 282 281
f 266 267 283 282
f 267 268 284 283
f 268 269 285 284
f 269 270 286 285
f 270 271 287 286
f 271 272 288 287
f 272 273 289 288
f 273 274 290 289
f 274 275 291 290
f 275 276 292 291
f 276 261 277 292
f 277 278 294 293
f 278 279 295 294
f 279 280 296 295
f 280 281 297 296
f 281 282 298 297
f 282 283 299 298
f 283 284 300 299
f 284 285 301 300
f 285 286 302 301
f 286 287 303 302
f 287 288 304 303
f 288 289 305 304
f 289 290 306 305
f 290 291 307 306
f 291 292 308 307
f 292 277 293 308
f 293 294 310 309
f 294 295 311 310
f 295 296 312 311
f 296 297 313 312
f 297 298 314 313
f 298 299 315 314
f 299 300 316 315
f 300 301 317 316
f 301 302 318 317
f 302 303 319 318
f 303 304 320 319
f 304 305 321 320
f 305 306 322 321
f 306 307 323 322
f 307 308 324 323
f 308 293 309 324
f 309 310 326 325
f 310 311 327 326
f 311 312 328 327
f 312 313 329 328
f 313 314 330 329
f 314 315 331 330
f 315 316 332 331
f 316 317 333 332
f 317 318 334 333
f 318 319 335 334
f 319 320 336 335
f 320 321 337 336
f 321 322 338 337
f 322 323 339 338
f 323 324 340 339
f 324 309 325 340
f 325 326 342 341
f 326 327 343 342
f 327 328 344 343
f 328 329 345 344
f 329 330 346 345
f 330 331 347 346
f 331 332 348 347
f 332 333 349 348
f 333 334 350 349
f 334 335 351 350
f 335 336 352 351
f 336 337 353 352
f 337 338 354 353
f 338 339 355 354
f 339 340 356 355
f 340 325 341 356
f 357 262 261
f 358 341 342
f 357 263 262
f 358 342 343
f 357 264 263
f 358 343 344
f 357 265 264
f 358 344 345
f 357 266 265
f 358 345 346
f 357 267 266
f 358 346 347
f 357 268 267
f 358 347 348
f 357 269 268
f 358 348 349
f 357 270 269
f 358 349 350
f 357 271 270
f 358 350 351
f 357 272 271
f 358 351 352
f 357 273 272
f 358 352 353
f 357 274 273
f 358 353 354
f 357 275 274
f 358 354 355
f 357 276 275
f 358 355 356
f 357 261 276
f 358 356 341
f 359 360 374 373
f 360 361 375 374
f 361 362 376 375
f 362 363 377 376
f 363 364 378 377
f 364 365 379 378
f 365 366 380 379
f 366 367 381 380
f 367 368 382 381
f 368 369 383 382
f 369 370 384 383
f 370 371 385 384
f 371 372 386 385
f 372 359 373 386
f 373 374 388 387
f 374 375 389 388
f 375 376 390 389
f 376 377 391 390
f 377 378 392 391
f 378 379 393 392
f 379 380 394 393
f 380 381 395 394
f 381 382 396 395
f 382 383 397 396
f 383 384 398 397
f 384 385 399 398
f 385 386 400 399
f 386 373 387 400
f 387 388 402 401
f 388 389 403 402
f 389 390 404 403
f 390 391 405 404
f 391 392 406 405
f 392 393 407 406
f 393 394 408 407
f 394 395 409 408
f 395 396 410 409
f 396 397 411 410
f 397 398 412 411
f 398 399 413 412
f 399 400 414 413
f 400 387 401 414
f 401 402 416 415
f 402 403 417 416
f 403 404 418 417
f 404 405 419 418
f 405 406 420 419
f 406 407 421 420
f 407 408 422 421
f 408 409 423 422
f 409 410 424 423
f 410 411 425 424
f 411 412 426 425
f 412 413 427 426
f 413 414 428 427
f 414 401 415 428
f 429 360 359
f 430 415 416
f 429 361 360
f 430 416 417
f 429 362 361
f 430 417 418
f 429 363 362
f 430 418 419
f 429 364 363
f 430 419 420
f 429 365 364
f 430 420 421
f 429 366 365
f 430 421 422
f 429 367 366
f 430 422 423
f 429 368 367
f 430 423 424
f 429 369 368
f 430 424 425
f 429 370 369
f 430 425 426
f 429 371 370
f 430 426 427
f 429 372 371
f 430 427 428
f 429 359 372
f 430 428 415
f 431 432 444 443
f 432 433 445 444
f 433 434 446 445
f 434 435 447 446
f 435 436 448 447
f 436 437 449 448
f 437 438 450 449
f 438 439 451 450
f 439 440 452 451
f 440 441 453 452
f 441 442 454 453
f 442 431 443 454
f 443 444 456 455
f 444 445 457 456
f 445 446 458 457
f 446 447 459 458
f 447 448 460 459
f 448 449 461 460
f 449 450 462 461
f 450 451 463 462
f 451 452 464 463
f 452 453 465 464
f 453 454 466 465
f 454 443 455 466
f 455 456 468 467
f 456 457 469 468
f 457 458 470 469
f 458 459 471 470
f 459 460 472 471
f 460 461 473 472
f 461 462 474 473
f 462 463 475 474
f 463 464 476 475
f 464 465 477 476
f 465 466 478 477
f 466 455 467 478
f 467 468 480 479
f 468 469 481 480
f 469 470 482 481
f 470 471 483 482
f 471 472 484 483
f 472 473 485 484
f 473 474 486 485
f 474 475 487 486
f 475 476 488 487
f 476 477 489 488
f 477 478 490 489
f 478 467 479 490
f 491 432 431
f 492 479 480
f 491 433 432
f 492 480 481
f 491 434 433
f 492 481 482
f 491 435 434
f 492 482 483
f 491 436 435
f 492 483 484
f 491 437 436
f 492 484 485
f 491 438 437
f 492 485 486
f 491 439 438
f 492 486 487
f 491 440 439
f 492 487 488
f 491 441 440
f 492 488 489
f 491 442 441
f 492 489 490
f 491 431 442
f 492 490 479
f 493 494 504 503
f 494 495 505 504
f 495 496 506 505
f 496 497 507 506
f 497 498 508 507
f 498 499 509 508
f 499 500 510 509
f 500 501 511 510
f 501 502 512 511
f 502 493 503 512
f 503 504 514 513
f 504 505 515 514
f 505 506 516 515
f 506 507 517 516
f 507 508 518 517
f 508 509 519 518
f 509 510 520 519
f 510 511 521 520
f 511 512 522 521
f 512 503 513 522
f 513 514 524 523
f 514 515 525 524
f 515 516 526 525
f 516 517 527 526
f 517 518 528 527
f 518 519 529 528
f 519 520 530 529
f 520 521 531 530
f 521 522 532 531
f 522 513 523 532
f 533 494 493
f 534 523 524
f 533 495 494
f 534 524 525
f 533 496 495
f 534 525 526
f 533 497 496
f 534 526 527
f 533 498 497
f 534 527 528
f 533 499 498
f 534 528 529
f 533 500 499
f 534 529 530
f 533 501 500
f 534 530 531
f 533 502 501
f 534 531 532
f 533 493 502
f 534 532 523
f 535 536 545 544
f 536 537 546 545
f 537 538 547 546
f 538 539 548 547
f 539 540 549 548
f 540 541 550 549
f 541 542 551 550
f 542 543 552 551
f 543 535 544 552
f 544 545 554 553
f 545 546 555 554
f 546 547 556 555
f 547 548 557 556
f 548 549 558 557
f 549 550 559 558
f 550 551 560 559
f 551 552 561 560
f 552 544 553 561
f 553 554 563 562
f 554 555 564 563
f 555 556 565 564
f 556 557 566 565
f 557 558 567 566
f 558 559 568 567
f 559 560 569 568
f 560 561 570 569
f 561 553 562 570
f 571 536 535
f 572 562 563
f 571 537 536
f 572 563 564
f 571 538 537
f 572 564 565
f 571 539 538
f 572 565 566
f 571 540 539
f 572 566 567
f 571 541 540
f 572 567 568
f 571 542 541
f 572 568 569
f 571 543 542
f 572 569 570
f 571 535 543
f 572 570 562
f 573 574 586 585
f 574 575 587 586
f 575 576 588 587
f 576 577 589 588
f 577 578 590 589
f 578 579 591 590
f 579 580 592 591
f 580 581 593 592
f 581 582 594 593
f 582 583 595 594
f 583 584 596 595
f 584 573 585 596
f 585 586 598 597
f 586 587 599 598
f 587 588 600 599
f 588 589 601 600
f 589 590 602 601
f 590 591 603 602
f 591 592 604 603
f 592 593 605 604
f 593 594 606 605
f 594 595 607 606
f 595 596 608 607
f 596 585 597 608
f 597 598 610 609
f 598 599 611 610
f 599 600 612 611
f 600 601 613 612
f 601 602 614 613
f 602 603 615 614
f 603 604 616 615
f 604 605 617 616
f 605 606 618 617
f 606 607 619 618
f 607 608 620 619
f 608 597 609 620
f 609 610 622 621
f 610 611 623 622
f 611 612 624 623
f 612 613 625 624
f 613 614 626 625
f 614 615 627 626
f 615 616 628 627
f 616 617 629 628
f 617 618 630 629
f 618 619 631 630
f 619 620 632 631
f 620 609 621 632
f 633 574 573
f 634 621 622
f 633 575 574
f 634 622 623
f 633 576 575
f 634 623 624
f 633 577 576
f 634 624 625
f 633 578 577
f 634 625 626
f 633 579 578
f 634 626 627
f 633 580 579
f 634 627 628
f 633 581 580
f 634 628 629
f 633 582 581
f 634 629 630
f 633 583 582
f 634 630 631
f 633 584 583
f 634 631 632
f 633 573 584
f 634 632 621
f 635 636 646 645
f 636 637 647 646
f 637 638 648 647
f 638 639 649 648
f 639 640 650 649
f 640 641 651 650
f 641 642 652 651
f 642 643 653 652
f 643 644 654 653
f 644 635 645 654
f 645 646 656 655
f 646 647 657 656
f 647 648 658 657
f 648 649 659 658
f 649 650 660 659
f 650 651 661 660
f 651 652 662 661
f 652 653 663 662
f 653 654 664 663
f 654 645 655 664
f 655 656 666 665
f 656 657 667 666
f 657 658 668 667
f 658 659 669 668
f 659 660 670 669
f 660 661 671 670
f 661 662 672 671
f 662 663 673 672
f 663 664 674 673
f 664 655 665 674
f 675 636 635
f 676 665 666
f 675 637 636
f 676 666 667
f 675 638 637
f 676 667 668
f 675 639 638
f 676 668 669
f 675 640 639
f 676 669 670
f 675 641 640
f 676 670 671
f 675 642 641
f 676 671 672
f 675 643 642
f 676 672 673
f 675 644 643
f 676 673 674
f 675 635 644
f 676 674 665
f 677 678 687 686
f 678 679 688 687
f 679 680 689 688
f 680 681 690 689
f 681 682 691 690
f 682 683 692 691
f 683 684 693 692
f 684 685 694 693
f 685 677 686 694
f 686 687 696 695
f 687 688 697 696
f 688 689 698 697
f 689 690 699 698
f 690 691 700 699
f 691 692 701 700
f 692 693 702 701
f 693 694 703 702
f 694 686 695 703
f 695 696 705 704
f 696 697 706 705
f 697 698 707 706
f 698 699 708 707
f 699 700 709 708
f 700 701 710 709
f 701 702 711 710
f 702 703 712 711
f 703 695 704 712
f 713 678 677
f 714 704 705
f 713 679 678
f 714 705 706
f 713 680 679
f 714 706 707
f 713 681 680
f 714 707 708
f 713 682 681
f 714 708 709
f 713 683 682
f 714 709 710
f 713 684 683
f 714 710 711
f 713 685 684
f 714 711 712
f 713 677 685
f 714 712 704
f 715 716 725 724
f 716 717 726 725
f 717 718 727 726
f 718 719 728 727
f 719 720 729 728
f 720 721 730 729
f 721 722 731 730
f 722 723 732 731
f 723 715 724 732
f 724 725 734 733
f 725 726 735 734
f 726 727 736 735
f 727 728 737 736
f 728 729 738 737
f 729 730 739 738
f 730 731 740 739
f 731 732 741 740
f 732 724 733 741
f 733 734 743 742
f 734 735 744 743
f 735 736 745 744
f 736 737 746 745
f 737 738 747 746
f 738 739 748 747
f 739 740 749 748
f 740 741 750 749
f 741 733 742 750
f 742 743 752 751
f 743 744 753 752
f 744 745 754 753
f 745 746 755 754
f 746 747 756 755
f 747 748 757 756
f 748 749 758 757
f 749 750 759 758
f 750 742 751 759
f 760 716 715
f 761 751 752
f 760 717 716
f 761 752 753
f 760 718 717
f 761 753 754
f 760 719 718
f 761 754 755
f 760 720 719
f 761 755 756
f 760 721 720
f 761 756 757
f 760 722 721
f 761 757 758
f 760 723 722
f 761 758 759
f 760 715 723
f 761 759 751
f 762 763 771 770
f 763 764 772 771
f 764 765 773 772
f 765 766 774 773
f 766 767 775 774
f 767 768 776 775
f 768 769 777 776
f 769 762 770 777
f 770 771 779 778
f 771 772 780 779
f 772 773 781 780
f 773 774 782 781
f 774 775 783 782
f 775 776 784 783
f 776 777 785 784
f 777 770 778 785
f 786 763 762
f 787 778 779
f 786 764 763
f 787 779 780
f 786 765 764
f 787 780 781
f 786 766 765
f 787 781 782
f 786 767 766
f 787 782 783
f 786 768 767
f 787 783 784
f 786 769 768
f 787 784 785
f 786 762 769
f 787 785 778
f 788 789 798 797
f 789 790 799 798
f 790 791 800 799
f 791 792 801 800
f 792 793 802 801
f 793 794 803 802
f 794 795 804 803
f 795 796 805 804
f 796 788 797 805
f 797 798 807 806
f 798 799 808 807
f 799 800 809 808
f 800 801 810 809
f 801 802 811 810
f 802 803 812 811
f 803 804 813 812
f 804 805 814 813
f 805 797 806 814
f 806 807 816 815
f 807 808 817 816
f 808 809 818 817
f 809 810 819 818
f 810 811 820 819
f 811 812 821 820
f 812 813 822 821
f 813 814 823 822
f 814 806 815 823
f 815 816 825 824
f 816 817 826 825
f 817 818 827 826
f 818 819 828 827
f 819 820 829 828
f 820 821 830 829
f 821 822 831 830
f 822 823 832 831
f 823 815 824 832
f 833 789 788
f 834 824 825
f 833 790 789
f 834 825 826
f 833 791 790
f 834 826 827
f 833 792 791
f 834 827 828
f 833 793 792
f 834 828 829
f 833 794 793
f 834 829 830
f 833 795 794
f 834 830 831
f 833 796 795
f 834 831 832
f 833 788 796
f 834 832 824
f 835 836 844 843
f 836 837 845 844
f 837 838 846 845
f 838 839 847 846
f 839 840 848 847
f 840 841 849 848
f 841 842 850 849
f 842 835 843 850
f 843 844 852 851
f 844 845 853 852
f 845 846 854 853
f 846 847 855 854
f 847 848 856 855
f 848 849 857 856
f 849 850 858 857
f 850 843 851 858
f 859 836 835
f 860 851 852
f 859 837 836
f 860 852 853
f 859 838 837
f 860 853 854
f 859 839 838
f 860 854 855
f 859 840 839
f 860 855 856
f 859 841 840
f 860 856 857
f 859 842 841
f 860 857 858
f 859 835 842
f 860 858 851
f 861 862 870 869
f 862 863 871 870
f 863 864 872 871
f 864 865 873 872
f 865 866 874 873
f 866 867 875 874
f 867 868 876 875
f 868 861 869 876
f 869 870 878 877
f 870 871 879 878
f 871 872 880 879
f 872 873 881 880
f 873 874 882 881
f 874 875 883 882
f 875 876 884 883
f 876 869 877 884
f 877 878 886 885
f 878 879 887 886
f 879 880 888 887
f 880 881 889 888
f 881 882 890 889
f 882 883 891 890
f 883 884 892 891
f 884 877 885 892
f 885 886 894 893
f 886 887 895 894
f 887 888 896 895
f 888 889 897 896
f 889 890 898 897
f 890 891 899 898
f 891 892 900 899
f 892 885 893 900
f 893 894 902 901
f 894 895 903 902
f 895 896 904 903
f 896 897 905 904
f 897 898 906 905
f 898 899 907 906
f 899 900 908 907
f 900 893 901 908
f 901 902 910 909
f 902 903 911 910
f 903 904 912 911
f 904 905 913 912
f 905 906 914 913
f 906 907 915 914
f 907 908 916 915
f 908 901 909 916
f 917 862 861
f 918 909 910
f 917 863 862
f 918 910 911
f 917 864 863
f 918 911 912
f 917 865 864
f 918 912 913
f 917 866 865
f 918 913 914
f 917 867 866
f 918 914 915
f 917 868 867
f 918 915 916
f 917 861 868
f 918 916 909
f 919 920 928 927
f 920 921 929 928
f 921 922 930 929
f 922 923 931 930
f 923 924 932 931
f 924 925 933 932
f 925 926 934 933
f 926 919 927 934
f 927 928 936 935
f 928 929 937 936
f 929 930 938 937
f 930 931 939 938
f 931 932 940 939
f 932 933 941 940
f 933 934 942 941
f 934 927 935 942
f 935 936 944 943
f 936 937 945 944
f 937 938 946 945
f 938 939 947 946
f 939 940 948 947
f 940 941 949 948
f 941 942 950 949
f 942 935 943 950
f 943 944 952 951
f 944 945 953 952
f 945 946 954 953
f 946 947 955 954
f 947 948 956 955
f 948 949 957 956
f 949 950 958 957
f 950 943 951 958
f 951 952 960 959
f 952 953 961 960
f 953 954 962 961
f 954 955 963 962
f 955 956 964 963
f 956 957 965 964
f 957 958 966 965
f 958 951 959 966
f 959 960 968 967
f 960 961 969 968
f 961 962 970 969
f 962 963 971 970
f 963 964 972 971
f 964 965 973 972
f 965 966 974 973
f 966 959 967 974
f 975 920 919
f 976 967 968
f 975 921 920
f 976 968 969
f 975 922 921
f 976 969 970
f 975 923 922
f 976 970 971
f 975 924 923
f 976 971 972
f 975 925 924
f 976 972 973
f 975 926 925
f 976 973 974
f 975 919 926
f 976 974 967
f 977 978 986 985
f 978 979 987 986
f 979 980 988 987
f 980 981 989 988
f 981 982 990 989
f 982 983 991 990
f 983 984 992 991
f 984 977 985 992
f 985 986 994 993
f 986 987 995 994
f 987 988 996 995
f 988 989 997 996
f 989 990 998 997
f 990 991 999 998
f 991 992 1000 999
f 992 985 993 1000
f 993 994 1002 1001
f 994 995 1003 1002
f 995 996 1004 1003
f 996 997 1005 1004
f 997 998 1006 1005
f 998 999 1007 1006
f 999 1000 1008 1007
f 1000 993 1001 1008
f 1001 1002 1010 1009
f 1002 1003 1011 1010
f 1003 1004 1012 1011
f 1004 1005 1013 1012
f 1005 1006 1014 1013
f 1006 1007 1015 1014
f 1007 1008 1016 1015
f 1008 1001 1009 1016
f 1009 1010 1018 1017
f 1010 1011 1019 1018
f 1011 1012 1020 1019
f 1012 1013 1021 1020
f 1013 1014 1022 1021
f 1014 1015 1023 1022
f 1015 1016 1024 1023
f 1016 1009 1017 1024
f 1017 1018 1026 1025
f 1018 1019 1027 1026
f 1019 1020 1028 1027
f 1020 1021 1029 1028
f 1021 1022 1030 1029
f 1022 1023 1031 1030
f 1023 1024 1032 1031
f 1024 1017 1025 1032
f 1033 978 977
f 1034 1025 1026
f 1033 979 978
f 1034 1026 1027
f 1033 980 979
f 1034 1027 1028
f 1033 981 980
f 1034 1028 1029
f 1033 982 981
f 1034 1029 1030
f 1033 983 982
f 1034 1030 1031
f 1033 984 983
f 1034 1031 1032
f 1033 977 984
f 1034 1032 1025
f 1035 1036 1044 1043
f 1036 1037 1045 1044
f 1037 1038 1046 1045
f 1038 1039 1047 1046
f 1039 1040 1048 1047
f 1040 1041 1049 1048
f 1041 1042 1050 1049
f 1042 1035 1043 1050
f 1043 1044 1052 1051
f 1044 1045 1053 1052
f 1045 1046 1054 1053
f 1046 1047 1055 1054
f 1047 1048 1056 1055
f 1048 1049 1057 1056
f 1049 1050 1058 1057
f 1050 1043 1051 1058
f 1051 1052 1060 1059
f 1052 1053 1061 1060
f 1053 1054 1062 1061
f 1054 1055 1063 1062
f 1055 1056 1064 1063
f 1056 1057 1065 1064
f 1057 1058 1066 1065
f 1058 1051 1059 1066
f 1059 1060 1068 1067
f 1060 1061 1069 1068
f 1061 1062 1070 1069
f 1062 1063 1071 1070
f 1063 1064 1072 1071
f 1064 1065 1073 1072
f 1065 1066 1074 1073
f 1066 1059 1067 1074
f 1067 1068 1076 1075
f 1068 1069 1077 1076
f 1069 1070 1078 1077
f 1070 1071 1079 1078
f 1071 1072 1080 1079
f 1072 1073 1081 1080
f 1073 1074 1082 1081
f 1074 1067 1075 1082
f 1075 1076 1084 1083
f 1076 1077 1085 1084
f 1077 1078 1086 1085
f 1078 1079 1087 1086
f 1079 1080 1088 1087
f 1080 1081 1089 1088
f 1081 1082 1090 1089
f 1082 1075 1083 1090
f 1091 1036 1035
f 1092 1083 1084
f 1091 1037 1036
f 1092 1084 1085
f 1091 1038 1037
f 1092 1085 1086
f 1091 1039 1038
f 1092 1086 1087
f 1091 1040 1039
f 1092 1087 1088
f 1091 1041 1040
f 1092 1088 1089
f 1091 1042 1041
f 1092 1089 1090
f 1091 1035 1042
f 1092 1090 1083
f 1093 1094 1102 1101
f 1094 1095 1103 1102
f 1095 1096 1104 1103
f 1096 1097 1105 1104
f 1097 1098 1106 1105
f 1098 1099 1107 1106
f 1099 1100 1108 1107
f 1100 1093 1101 1108
f 1101 1102 1110 1109
f 1102 1103 1111 1110
f 1103 1104 1112 1111
f 1104 1105 1113 1112
f 1105 1106 1114 1113
f 1106 1107 1115 1114
f 1107 1108 1116 1115
f 1108 1101 1109 1116
f 1109 1110 1118 1117
f 1110 1111 1119 1118
f 1111 1112 1120 1119
f 1112 1113 1121 1120
f 1113 1114 1122 1121
f 1114 1115 1123 1122
f 1115 1116 1124 1123
f 1116 1109 1117 1124
f 1117 1118 1126 1125
f 1118 1119 1127 1126
f 1119 1120 1128 1127
f 1120 1121 1129 1128
f 1121 1122 1130 1129
f 1122 1123 1131 1130
f 1123 1124 1132 1131
f 1124 1117 1125 1132
f 1125 1126 1134 1133
f 1126 1127 1135 1134
f 1127 1128 1136 1135
f 1128 1129 1137 1136
f 1129 1130 1138 1137
f 1130 1131 1139 1138
f 1131 1132 1140 1139
f 1132 1125 1133 1140
f 1133 1134 1142 1141
f 1134 1135 1143 1142
f 1135 1136 1144 1143
f 1136 1137 1145 1144
f 1137 1138 1146 1145
f 1138 1139 1147 1146
f 1139 1140 1148 1147
f 1140 1133 1141 1148
f 1149 1094 1093
f 1150 1141 1142
f 1149 1095 1094
f 1150 1142 1143
f 1149 1096 1095
f 1150 1143 1144
f 1149 1097 1096
f 1150 1144 1145
f 1149 1098 1097
f 1150 1145 1146
f 1149 1099 1098
f 1150 1146 1147
f 1149 1100 1099
f 1150 1147 1148
f 1149 1093 1100
f 1150 1148 1141
f 1151 1152 1160 1159
f 1152 1153 1161 1160
f 1153 1154 1162 1161
f 1154 1155 1163 1162
f 1155 1156 1164 1163
f 1156 1157 1165 1164
f 1157 1158 1166 1165
f 1158 1151 1159 1166
f 1159 1160 1168 1167
f 1160 1161 1169 1168
f 1161 1162 1170 1169
f 1162 1163 1171 1170
f 1163 1164 1172 1171
f 1164 1165 1173 1172
f 1165 1166 1174 1173
f 1166 1159 1167 1174
f 1167 1168 1176 1175
f 1168 1169 1177 1176
f 1169 1170 1178 1177
f 1170 1171 1179 1178
f 1171 1172 1180 1179
f 1172 1173 1181 1180
f 1173 1174 1182 1181
f 1174 1167 1175 1182
f 1175 1176 1184 1183
f 1176 1177 1185 1184
f 1177 1178 1186 1185
f 1178 1179 1187 1186
f 1179 1180 1188 1187
f 1180 1181 1189 1188
f 1181 1182 1190 1189
f 1182 1175 1183 1190
f 1183 1184 1192 1191
f 1184 1185 1193 1192
f 1185 1186 1194 1193
f 1186 1187 1195 1194
f 1187 1188 1196 1195
f 1188 1189 1197 1196
f 1189 1190 1198 1197
f 1190 1183 1191 1198
f 1191 1192 1200 1199
f 1192 1193 1201 1200
f 1193 1194 1202 1201
f 1194 1195 1203 1202
f 1195 1196 1204 1203
f 1196 1197 1205 1204
f 1197 1198 1206 1205
f 1198 1191 1199 1206
f 1207 1152 1151
f 1208 1199 1200
f 1207 1153 1152
f 1208 1200 1201
f 1207 1154 1153
f 1208 1201 1202
f 1207 1155 1154
f 1208 1202 1203
f 1207 1156 1155
f 1208 1203 1204
f 1207 1157 1156
f 1208 1204 1205
f 1207 1158 1157
f 1208 1205 1206
f 1207 1151 1158
f 1208 1206 1199
f 1209 1210 1218 1217
f 1210 1211 1219 1218
f 1211 1212 1220 1219
f 1212 1213 1221 1220
f 1213 1214 1222 1221
f 1214 1215 1223 1222
f 1215 1216 1224 1223
f 1216 1209 1217 1224
f 1217 1218 1226 1225
f 1218 1219 1227 1226
f 1219 1220 1228 1227
f 1220 1221 1229 1228
f 1221 1222 1230 1229
f 1222 1223 1231 1230
f 1223 1224 1232 1231
f 1224 1217 1225 1232
f 1225 1226 1234 1233
f 1226 1227 1235 1234
f 1227 1228 1236 1235
f 1228 1229 1237 1236
f 1229 1230 1238 1237
f 1230 1231 1239 1238
f 1231 1232 1240 1239
f 1232 1225 1233 1240
f 1233 1234 1242 1241
f 1234 1235 1243 1242
f 1235 1236 1244 1243
f 1236 1237 1245 1244
f 1237 1238 1246 1245
f 1238 1239 1247 1246
f 1239 1240 1248 1247
f 1240 1233 1241 1248
f 1241 1242 1250 1249
f 1242 1243 1251 1250
f 1243 1244 1252 1251
f 1244 1245 1253 1252
f 1245 1246 1254 1253
f 1246 1247 1255 1254
f 1247 1248 1256 1255
f 1248 1241 1249 1256
f 1249 1250 1258 1257
f 1250 1251 1259 1258
f 1251 1252 1260 1259
f 1252 1253 1261 1260
f 1253 1254 1262 1261
f 1254 1255 1263 1262
f 1255 1256 1264 1263
f 1256 1249 1257 1264
f 1265 1210 1209
f 1266 1257 1258
f 1265 1211 1210
f 1266 1258 1259
f 1265 1212 1211
f 1266 1259 1260
f 1265 1213 1212
f 1266 1260 1261
f 1265 1214 1213
f 1266 1261 1262
f 1265 1215 1214
f 1266 1262 1263
f 1265 1216 1215
f 1266 1263 1264
f 1265 1209 1216
f 1266 1264 1257
f 1267 1268 1276 1275
f 1268 1269 1277 1276
f 1269 1270 1278 1277
f 1270 1271 1279 1278
f 1271 1272 1280 1279
f 1272 1273 1281 1280
f 1273 1274 1282 1281
f 1274 1267 1275 1282
f 1275 1276 1284 1283
f 1276 1277 1285 1284
f 1277 1278 1286 1285
f 1278 1279 1287 1286
f 1279 1280 1288 1287
f 1280 1281 1289 1288
f 1281 1282 1290 1289
f 1282 1275 1283 1290
f 1283 1284 1292 1291
f 1284 1285 1293 1292
f 1285 1286 1294 1293
f 1286 1287 1295 1294
f 1287 1288 1296 1295
f 1288 1289 1297 1296
f 1289 1290 1298 1297
f 1290 1283 1291 1298
f 1291 1292 1300 1299
f 1292 1293 1301 1300
f 1293 1294 1302 1301
f 1294 1295 1303 1302
f 1295 1296 1304 1303
f 1296 1297 1305 1304
f 1297 1298 1306 1305
f 1298 1291 1299 1306
f 1299 1300 1308 1307
f 1300 1301 1309 1308
f 1301 1302 1310 1309
f 1302 1303 1311 1310
f 1303 1304 1312 1311
f 1304 1305 1313 1312
f 1305 1306 1314 1313
f 1306 1299 1307 1314
f 1307 1308 1316 1315
f 1308 1309 1317 1316
f 1309 1310 1318 1317
f 1310 1311 1319 1318
f 1311 1312 1320 1319
f 1312 1313 1321 1320
f 1313 1314 1322 1321
f 1314 1307 1315 1322
f 1315 1316 1324 1323
f 1316 1317 1325 1324
f 1317 1318 1326 1325
f 1318 1319 1327 1326
f 1319 1320 1328 1327
f 1320 1321 1329 1328
f 1321 1322 1330 1329
f 1322 1315 1323 1330
f 1331 1268 1267
f 1332 1323 1324
f 1331 1269 1268
f 1332 1324 1325
f 1331 1270 1269
f 1332 1325 1326
f 1331 1271 1270
f 1332 1326 1327
f 1331 1272 1271
f 1332 1327 1328
f 1331 1273 1272
f 1332 1328 1329
f 1331 1274 1273
f 1332 1329 1330
f 1331 1267 1274
f 1332 1330 1323
f 1333 1334 1342 1341
f 1334 1335 1343 1342
f 1335 1336 1344 1343
f 1336 1337 1345 1344
f 1337 1338 1346 1345
f 1338 1339 1347 1346
f 1339 1340 1348 1347
f 1340 1333 1341 1348
f 1341 1342 1350 1349
f 1342 1343 1351 1350
f 1343 1344 1352 1351
f 1344 1345 1353 1352
f 1345 1346 1354 1353
f 1346 1347 1355 1354
f 1347 1348 1356 1355
f 1348 1341 1349 1356
f 1349 1350 1358 1357
f 1350 1351 1359 1358
f 1351 1352 1360 1359
f 1352 1353 1361 1360
f 1353 1354 1362 1361
f 1354 1355 1363 1362
f 1355 1356 1364 1363
f 1356 1349 1357 1364
f 1365 1334 1333
f 1366 1357 1358
f 1365 1335 1334
f 1366 1358 1359
f 1365 1336 1335
f 1366 1359 1360
f 1365 1337 1336
f 1366 1360 1361
f 1365 1338 1337
f 1366 1361 1362
f 1365 1339 1338
f 1366 1362 1363
f 1365 1340 1339
f 1366 1363 1364
f 1365 1333 1340
f 1366 1364 1357
f 1367 1368 1376 1375
f 1368 1369 1377 1376
f 1369 1370 1378 1377
f 1370 1371 1379 1378
f 1371 1372 1380 1379
f 1372 1373 1381 1380
f 1373 1374 1382 1381
f 1374 1367 1375 1382
f 1375 1376 1384 1383
f 1376 1377 1385 1384
f 1377 1378 1386 1385
f 1378 1379 1387 1386
f 1379 1380 1388 1387
f 1380 1381 1389 1388
f 1381 1382 1390 1389
f 1382 1375 1383 1390
f 1383 1384 1392 1391
f 1384 1385 1393 1392
f 1385 1386 1394 1393
f 1386 1387 1395 1394
f 1387 1388 1396 1395
f 1388 1389 1397 1396
f 1389 1390 1398 1397
f 1390 1383 1391 1398
f 1399 1368 1367
f 1400 1391 1392
f 1399 1369 1368
f 1400 1392 1393
f 1399 1370 1369
f 1400 1393 1394
f 1399 1371 1370
f 1400 1394 1395
f 1399 1372 1371
f 1400 1395 1396
f 1399 1373 1372
f 1400 1396 1397
f 1399 1374 1373
f 1400 1397 1398
f 1399 1367 1374
f 1400 1398 1391
f 1401 1402 1410 1409
f 1402 1403 1411 1410
f 1403 1404 1412 1411
f 1404 1405 1413 1412
f 1405 1406 1414 1413
f 1406 1407 1415 1414
f 1407 1408 1416 1415
f 1408 1401 1409 1416
f 1409 1410 1418 1417
f 1410 1411 1419 1418
f 1411 1412 1420 1419
f 1412 1413 1421 1420
f 1413 1414 1422 1421
f 1414 1415 1423 1422
f 1415 1416 1424 1423
f 1416 1409 1417 1424
f 1417 1418 1426 1425
f 1418 1419 1427 1426
f 1419 1420 1428 1427
f 1420 1421 1429 1428
f 1421 1422 1430 1429
f 1422 1423 1431 1430
f 1423 1424 1432 1431
f 1424 1417 1425 1432
f 1433 1402 1401
f 1434 1425 1426
f 1433 1403 1402
f 1434 1426 1427
f 1433 1404 1403
f 1434 1427 1428
f 1433 1405 1404
f 1434 1428 1429
f 1433 1406 1405
f 1434 1429 1430
f 1433 1407 1406
f 1434 1430 1431
f 1433 1408 1407
f 1434 1431 1432
f 1433 1401 1408
f 1434 1432 1425
f 1435 1436 1444 1443
f 1436 1437 1445 1444
f 1437 1438 1446 1445
f 1438 1439 1447 1446
f 1439 1440 1448 1447
f 1440 1441 1449 1448
f 1441 1442 1450 1449
f 1442 1435 1443 1450
f 1443 1444 1452 1451
f 1444 1445 1453 1452
f 1445 1446 1454 1453
f 1446 1447 1455 1454
f 1447 1448 1456 1455
f 1448 1449 1457 1456
f 1449 1450 1458 1457
f 1450 1443 1451 1458
f 1451 1452 1460 1459
f 1452 1453 1461 1460
f 1453 1454 1462 1461
f 1454 1455 1463 1462
f 1455 1456 1464 1463
f 1456 1457 1465 1464
f 1457 1458 1466 1465
f 1458 1451 1459 1466
f 1467 1436 1435
f 1468 1459 1460
f 1467 1437 1436
f 1468 1460 1461
f 1467 1438 1437
f 1468 1461 1462
f 1467 1439 1438
f 1468 1462 1463
f 1467 1440 1439
f 1468 1463 1464
f 1467 1441 1440
f 1468 1464 1465
f 1467 1442 1441
f 1468 1465 1466
f 1467 1435 1442
f 1468 1466 1459
f 1469 1470 1478 1477
f 1470 1471 1479 1478
f 1471 1472 1480 1479
f 1472 1473 1481 1480
f 1473 1474 1482 1481
f 1474 1475 1483 1482
f 1475 1476 1484 1483
f 1476 1469 1477 1484
f 1477 1478 1486 1485
f 1478 1479 1487 1486
f 1479 1480 1488 1487
f 1480 1481 1489 1488
f 1481 1482 1490 1489
f 1482 1483 1491 1490
f 1483 1484 1492 1491
f 1484 1477 1485 1492
f 1485 1486 1494 1493
f 1486 1487 1495 1494
f 1487 1488 1496 1495
f 1488 1489 1497 1496
f 1489 1490 1498 1497
f 1490 1491 1499 1498
f 1491 1492 1500 1499
f 1492 1485 1493 1500
f 1501 1470 1469
f 1502 1493 1494
f 1501 1471 1470
f 1502 1494 1495
f 1501 1472 1471
f 1502 1495 1496
f 1501 1473 1472
f 1502 1496 1497
f 1501 1474 1473
f 1502 1497 1498
f 1501 1475 1474
f 1502 1498 1499
f 1501 1476 1475
f 1502 1499 1500
f 1501 1469 1476
f 1502 1500 1493
f 1503 1504 1512 1511
f 1504 1505 1513 1512
f 1505 1506 1514 1513
f 1506 1507 1515 1514
f 1507 1508 1516 1515
f 1508 1509 1517 1516
f 1509 1510 1518 1517
f 1510 1503 1511 1518
f 1511 1512 1520 1519
f 1512 1513 1521 1520
f 1513 1514 1522 1521
f 1514 1515 1523 1522
f 1515 1516 1524 1523
f 1516 1517 1525 1524
f 1517 1518 1526 1525
f 1518 1511 1519 1526
f 1519 1520 1528 1527
f 1520 1521 1529 1528
f 1521 1522 1530 1529
f 1522 1523 1531 1530
f 1523 1524 1532 1531
f 1524 1525 1533 1532
f 1525 1526 1534 1533
f 1526 1519 1527 1534
f 1535 1504 1503
f 1536 1527 1528
f 1535 1505 1504
f 1536 1528 1529
f 1535 1506 1505
f 1536 1529 1530
f 1535 1507 1506
f 1536 1530 1531
f 1535 1508 1507
f 1536 1531 1532
f 1535 1509 1508
f 1536 1532 1533
f 1535 1510 1509
f 1536 1533 1534
f 1535 1503 1510
f 1536 1534 1527
f 1537 1538 1546 1545
f 1538 1539 1547 1546
f 1539 1540 1548 1547
f 1540 1541 1549 1548
f 1541 1542 1550 1549
f 1542 1543 1551 1550
f 1543 1544 1552 1551
f 1544 1537 1545 1552
f 1545 1546 1554 1553
f 1546 1547 1555 1554
f 1547 1548 1556 1555
f 1548 1549 1557 1556
f 1549 1550 1558 1557
f 1550 1551 1559 1558
f 1551 1552 1560 1559
f 1552 1545 1553 1560
f 1553 1554 1562 1561
f 1554 1555 1563 1562
f 1555 1556 1564 1563
f 1556 1557 1565 1564
f 1557 1558 1566 1565
f 1558 1559 1567 1566
f 1559 1560 1568 1567
f 1560 1553 1561 1568
f 1569 1538 1537
f 1570 1561 1562
f 1569 1539 1538
f 1570 1562 1563
f 1569 1540 1539
f 1570 1563 1564
f 1569 1541 1540
f 1570 1564 1565
f 1569 1542 1541
f 1570 1565 1566
f 1569 1543 1542
f 1570 1566 1567
f 1569 1544 1543
f 1570 1567 1568
f 1569 1537 1544
f 1570 1568 1561
f 1571 1572 1580 1579
f 1572 1573 1581 1580
f 1573 1574 1582 1581
f 1574 1575 1583 1582
f 1575 1576 1584 1583
f 1576 1577 1585 1584
f 1577 1578 1586 1585
f 1578 1571 1579 1586
f 1579 1580 1588 1587
f 1580 1581 1589 1588
f 1581 1582 1590 1589
f 1582 1583 1591 1590
f 1583 1584 1592 1591
f 1584 1585 1593 1592
f 1585 1586 1594 1593
f 1586 1579 1587 1594
f 1587 1588 1596 1595
f 1588 1589 1597 1596
f 1589 1590 1598 1597
f 1590 1591 1599 1598
f 1591 1592 1600 1599
f 1592 1593 1601 1600
f 1593 1594 1602 1601
f 1594 1587 1595 1602
f 1603 1572 1571
f 1604 1595 1596
f 1603 1573 1572
f 1604 1596 1597
f 1603 1574 1573
f 1604 1597 1598
f 1603 1575 1574
f 1604 1598 1599
f 1603 1576 1575
f 1604 1599 1600
f 1603 1577 1576
f 1604 1600 1601
f 1603 1578 1577
f 1604 1601 1602
f 1603 1571 1578
f 1604 1602 1595
f 1605 1606 1614 1613
f 1606 1607 1615 1614
f 1607 1608 1616 1615
f 1608 1609 1617 1616
f 1609 1610 1618 1617
f 1610 1611 1619 1618
f 1611 1612 1620 1619
f 1612 1605 1613 1620
f 1613 1614 1622 1621
f 1614 1615 1623 1622
f 1615 1616 1624 1623
f 1616 1617 1625 1624
f 1617 1618 1626 1625
f 1618 1619 1627 1626
f 1619 1620 1628 1627
f 1620 1613 1621 1628
f 1621 1622 1630 1629
f 1622 1623 1631 1630
f 1623 1624 1632 1631
f 1624 1625 1633 1632
f 1625 1626 1634 1633
f 1626 1627 1635 1634
f 1627 1628 1636 1635
f 1628 1621 1629 1636
f 1637 1606 1605
f 1638 1629 1630
f 1637 1607 1606
f 1638 1630 1631
f 1637 1608 1607
f 1638 1631 1632
f 1637 1609 1608
f 1638 1632 1633
f 1637 1610 1609
f 1638 1633 1634
f 1637 1611 1610
f 1638 1634 1635
f 1637 1612 1611
f 1638 1635 1636
f 1637 1605 1612
f 1638 1636 1629
f 1639 1640 1648 1647
f 1640 1641 1649 1648
f 1641 1642 1650 1649
f 1642 1643 1651 1650
f 1643 1644 1652 1651
f 1644 1645 1653 1652
f 1645 1646 1654 1653
f 1646 1639 1647 1654
f 1647 1648 1656 1655
f 1648 1649 1657 1656
f 1649 1650 1658 1657
f 1650 1651 1659 1658
f 1651 1652 1660 1659
f 1652 1653 1661 1660
f 1653 1654 1662 1661
f 1654 1647 1655 1662
f 1655 1656 1664 1663
f 1656 1657 1665 1664
f 1657 1658 1666 1665
f 1658 1659 1667 1666
f 1659 1660 1668 1667
f 1660 1661 1669 1668
f 1661 1662 1670 1669
f 1662 1655 1663 1670
f 1671 1640 1639
f 1672 1663 1664
f 1671 1641 1640
f 1672 1664 1665
f 1671 1642 1641
f 1672 1665 1666
f 1671 1643 1642
f 1672 1666 1667
f 1671 1644 1643
f 1672 1667 1668
f 1671 1645 1644
f 1672 1668 1669
f 1671 1646 1645
f 1672 1669 1670
f 1671 1639 1646
f 1672 1670 1663
f 1673 1674 1682 1681
f 1674 1675 1683 1682
f 1675 1676 1684 1683
f 1676 1677 1685 1684
f 1677 1678 1686 1685
f 1678 1679 1687 1686
f 1679 1680 1688 1687
f 1680 1673 1681 1688
f 1681 1682 1690 1689
f 1682 1683 1691 1690
f 1683 1684 1692 1691
f 1684 1685 1693 1692
f 1685 1686 1694 1693
f 1686 1687 1695 1694
f 1687 1688 1696 1695
f 1688 1681 1689 1696
f 1689 1690 1698 1697
f 1690 1691 1699 1698
f 1691 1692 1700 1699
f 1692 1693 1701 1700
f 1693 1694 1702 1701
f 1694 1695 1703 1702
f 1695 1696 1704 1703
f 1696 1689 1697 1704
f 1705 1674 1673
f 1706 1697 1698
f 1705 1675 1674
f 1706 1698 1699
f 1705 1676 1675
f 1706 1699 1700
f 1705 1677 1676
f 1706 1700 1701
f 1705 1678 1677
f 1706 1701 1702
f 1705 1679 1678
f 1706 1702 1703
f 1705 1680 1679
f 1706 1703 1704
f 1705 1673 1680
f 1706 1704 1697
f 1707 1708 1716 1715
f 1708 1709 1717 1716
f 1709 1710 1718 1717
f 1710 1711 1719 1718
f 1711 1712 1720 1719
f 1712 1713 1721 1720
f 1713 1714 1722 1721
f 1714 1707 1715 1722
f 1715 1716 1724 1723
f 1716 1717 1725 1724
f 1717 1718 1726 1725
f 1718 1719 1727 1726
f 1719 1720 1728 1727
f 1720 1721 1729 1728
f 1721 1722 1730 1729
f 1722 1715 1723 1730
f 1723 1724 1732 1731
f 1724 1725 1733 1732
f 1725 1726 1734 1733
f 1726 1727 1735 1734
f 1727 1728 1736 1735
f 1728 1729 1737 1736
f 1729 1730 1738 1737
f 1730 1723 1731 1738
f 1739 1708 1707
f 1740 1731 1732
f 1739 1709 1708
f 1740 1732 1733
f 1739 1710 1709
f 1740 1733 1734
f 1739 1711 1710
f 1740 1734 1735
f 1739 1712 1711
f 1740 1735 1736
f 1739 1713 1712
f 1740 1736 1737
f 1739 1714 1713
f 1740 1737 1738
f 1739 1707 1714
f 1740 1738 1731
f 1741 1742 1750 1749
f 1742 1743 1751 1750
f 1743 1744 1752 1751
f 1744 1745 1753 1752
f 1745 1746 1754 1753
f 1746 1747 1755 1754
f 1747 1748 1756 1755
f 1748 1741 1749 1756
f 1749 1750 1758 1757
f 1750 1751 1759 1758
f 1751 1752 1760 1759
f 1752 1753 1761 1760
f 1753 1754 1762 1761
f 1754 1755 1763 1762
f 1755 1756 1764 1763
f 1756 1749 1757 1764
f 1765 1742 1741
f 1766 1757 1758
f 1765 1743 1742
f 1766 1758 1759
f 1765 1744 1743
f 1766 1759 1760
f 1765 1745 1744
f 1766 1760 1761
f 1765 1746 1745
f 1766 1761 1762
f 1765 1747 1746
f 1766 1762 1763
f 1765 1748 1747
f 1766 1763 1764
f 1765 1741 1748
f 1766 1764 1757
f 1767 1768 1776 1775
f 1768 1769 1777 1776
f 1769 1770 1778 1777
f 1770 1771 1779 1778
f 1771 1772 1780 1779
f 1772 1773 1781 1780
f 1773 1774 1782 1781
f 1774 1767 1775 1782
f 1775 1776 1784 1783
f 1776 1777 1785 1784
f 1777 1778 1786 1785
f 1778 1779 1787 1786
f 1779 1780 1788 1787
f 1780 1781 1789 1788
f 1781 1782 1790 1789
f 1782 1775 1783 1790
f 1791 1768 1767
f 1792 1783 1784
f 1791 1769 1768
f 1792 1784 1785
f 1791 1770 1769
f 1792 1785 1786
f 1791 1771 1770
f 1792 1786 1787
f 1791 1772 1771
f 1792 1787 1788
f 1791 1773 1772
f 1792 1788 1789
f 1791 1774 1773
f 1792 1789 1790
f 1791 1767 1774
f 1792 1790 1783
f 1793 1794 1802 1801
f 1794 1795 1803 1802
f 1795 1796 1804 1803
f 1796 1797 1805 1804
f 1797 1798 1806 1805
f 1798 1799 1807 1806
f 1799 1800 1808 1807
f 1800 1793 1801 1808
f 1801 1802 1810 1809
f 1802 1803 1811 1810
f 1803 1804 1812 1811
f 1804 1805 1813 1812
f 1805 1806 1814 1813
f 1806 1807 1815 1814
f 1807 1808 1816 1815
f 1808 1801 1809 1816
f 1817 1794 1793
f 1818 1809 1810
f 1817 1795 1794
f 1818 1810 1811
f 1817 1796 1795
f 1818 1811 1812
f 1817 1797 1796
f 1818 1812 1813
f 1817 1798 1797
f 1818 1813 1814
f 1817 1799 1798
f 1818 1814 1815
f 1817 1800 1799
f 1818 1815 1816
f 1817 1793 1800
f 1818 1816 1809
f 1819 1820 1828 1827
f 1820 1821 1829 1828
f 1821 1822 1830 1829
f 1822 1823 1831 1830
f 1823 1824 1832 1831
f 1824 1825 1833 1832
f 1825 1826 1834 1833
f 1826 1819 1827 1834
f 1827 1828 1836 1835
f 1828 1829 1837 1836
f 1829 1830 1838 1837
f 1830 1831 1839 1838
f 1831 1832 1840 1839
f 1832 1833 1841 1840
f 1833 1834 1842 1841
f 1834 1827 1835 1842
f 1843 1820 1819
f 1844 1835 1836
f 1843 1821 1820
f 1844 1836 1837
f 1843 1822 1821
f 1844 1837 1838
f 1843 1823 1822
f 1844 1838 1839
f 1843 1824 1823
f 1844 1839 1840
f 1843 1825 1824
f 1844 1840 1841
f 1843 1826 1825
f 1844 1841 1842
f 1843 1819 1826
f 1844 1842 1835
f 1845 1846 1854 1853
f 1846 1847 1855 1854
f 1847 1848 1856 1855
f 1848 1849 1857 1856
f 1849 1850 1858 1857
f 1850 1851 1859 1858
f 1851 1852 1860 1859
f 1852 1845 1853 1860
f 1853 1854 1862 1861
f 1854 1855 1863 1862
f 1855 1856 1864 1863
f 1856 1857 1865 1864
f 1857 1858 1866 1865
f 1858 1859 1867 1866
f 1859 1860 1868 1867
f 1860 1853 1861 1868
f 1869 1846 1845
f 1870 1861 1862
f 1869 1847 1846
f 1870 1862 1863
f 1869 1848 1847
f 1870 1863 1864
f 1869 1849 1848
f 1870 1864 1865
f 1869 1850 1849
f 1870 1865 1866
f 1869 1851 1850
f 1870 1866 1867
f 1869 1852 1851
f 1870 1867 1868
f 1869 1845 1852
f 1870 1868 1861
f 1871 1872 1880 1879
f 1872 1873 1881 1880
f 1873 1874 1882 1881
f 1874 1875 1883 1882
f 1875 1876 1884 1883
f 1876 1877 1885 1884
f 1877 1878 1886 1885
f 1878 1871 1879 1886
f 1879 1880 1888 1887
f 1880 1881 1889 1888
f 1881 1882 1890 1889
f 1882 1883 1891 1890
f 1883 1884 1892 1891
f 1884 1885 1893 1892
f 1885 1886 1894 1893
f 1886 1879 1887 1894
f 1895 1872 1871
f 1896 1887 1888
f 1895 1873 1872
f 1896 1888 1889
f 1895 1874 1873
f 1896 1889 1890
f 1895 1875 1874
f 1896 1890 1891
f 1895 1876 1875
f 1896 1891 1892
f 1895 1877 1876
f 1896 1892 1893
f 1895 1878 1877
f 1896 1893 1894
f 1895 1871 1878
f 1896 1894 1887
f 1897 1898 1906 1905
f 1898 1899 1907 1906
f 1899 1900 1908 1907
f 1900 1901 1909 1908
f 1901 1902 1910 1909
f 1902 1903 1911 1910
f 1903 1904 1912 1911
f 1904 1897 1905 1912
f 1905 1906 1914 1913
f 1906 1907 1915 1914
f 1907 1908 1916 1915
f 1908 1909 1917 1916
f 1909 1910 1918 1917
f 1910 1911 1919 1918
f 1911 1912 1920 1919
f 1912 1905 1913 1920
f 1921 1898 1897
f 1922 1913 1914
f 1921 1899 1898
f 1922 1914 1915
f 1921 1900 1899
f 1922 1915 1916
f 1921 1901 1900
f 1922 1916 1917
f 1921 1902 1901
f 1922 1917 1918
f 1921 1903 1902
f 1922 1918 1919
f 1921 1904 1903
f 1922 1919 1920
f 1921 1897 1904
f 1922 1920 1913
f 1923 1924 1932 1931
f 1924 1925 1933 1932
f 1925 1926 1934 1933
f 1926 1927 1935 1934
f 1927 1928 1936 1935
f 1928 1929 1937 1936
f 1929 1930 1938 1937
f 1930 1923 1931 1938
f 1931 1932 1940 1939
f 1932 1933 1941 1940
f 1933 1934 1942 1941
f 1934 1935 1943 1942
f 1935 1936 1944 1943
f 1936 1937 1945 1944
f 1937 1938 1946 1945
f 1938 1931 1939 1946
f 1947 1924 1923
f 1948 1939 1940
f 1947 1925 1924
f 1948 1940 1941
f 1947 1926 1925
f 1948 1941 1942
f 1947 1927 1926
f 1948 1942 1943
f 1947 1928 1927
f 1948 1943 1944
f 1947 1929 1928
f 1948 1944 1945
f 1947 1930 1929
f 1948 1945 1946
f 1947 1923 1930
f 1948 1946 1939
f 1949 1950 1958 1957
f 1950 1951 1959 1958
f 1951 1952 1960 1959
f 1952 1953 1961 1960
f 1953 1954 1962 1961
f 1954 1955 1963 1962
f 1955 1956 1964 1963
f 1956 1949 1957 1964
f 1957 1958 1966 1965
f 1958 1959 1967 1966
f 1959 1960 1968 1967
f 1960 1961 1969 1968
f 1961 1962 1970 1969
f 1962 1963 1971 1970
f 1963 1964 1972 1971
f 1964 1957 1965 1972
f 1973 1950 1949
f 1974 1965 1966
f 1973 1951 1950
f 1974 1966 1967
f 1973 1952 1951
f 1974 1967 1968
f 1973 1953 1952
f 1974 1968 1969
f 1973 1954 1953
f 1974 1969 1970
f 1973 1955 1954
f 1974 1970 1971
f 1973 1956 1955
f 1974 1971 1972
f 1973 1949 1956
f 1974 1972 1965
f 1975 1976 1984 1983
f 1976 1977 1985 1984
f 1977 1978 1986 1985
f 1978 1979 1987 1986
f 1979 1980 1988 1987
f 1980 1981 1989 1988
f 1981 1982 1990 1989
f 1982 1975 1983 1990
f 1983 1984 1992 1991
f 1984 1985 1993 1992
f 1985 1986 1994 1993
f 1986 1987 1995 1994
f 1987 1988 1996 1995
f 1988 1989 1997 1996
f 1989 1990 1998 1997
f 1990 1983 1991 1998
f 1999 1976 1975
f 2000 1991 1992
f 1999 1977 1976
f 2000 1992 1993
f 1999 1978 1977
f 2000 1993 1994
f 1999 1979 1978
f 2000 1994 1995
f 1999 1980 1979
f 2000 1995 1996
f 1999 1981 1980
f 2000 1996 1997
f 1999 1982 1981
f 2000 1997 1998
f 1999 1975 1982
f 2000 1998 1991
f 2001 2002 2009 2008
f 2002 2003 2010 2009
f 2003 2004 2011 2010
f 2004 2005 2012 2011
f 2005 2006 2013 2012
f 2006 2007 2014 2013
f 2007 2001 2008 2014
f 2008 2009 2016 2015
f 2009 2010 2017 2016
f 2010 2011 2018 2017
f 2011 2012 2019 2018
f 2012 2013 2020 2019
f 2013 2014 2021 2020
f 2014 2008 2015 2021
f 2022 2002 2001
f 2023 2015 2016
f 2022 2003 2002
f 2023 2016 2017
f 2022 2004 2003
f 2023 2017 2018
f 2022 2005 2004
f 2023 2018 2019
f 2022 2006 2005
f 2023 2019 2020
f 2022 2007 2006
f 2023 2020 2021
f 2022 2001 2007
f 2023 2021 2015
f 2024 2025 2032 2031
f 2025 2026 2033 2032
f 2026 2027 2034 2033
f 2027 2028 2035 2034
f 2028 2029 2036 2035
f 2029 2030 2037 2036
f 2030 2024 2031 2037
f 2031 2032 2039 2038
f 2032 2033 2040 2039
f 2033 2034 2041 2040
f 2034 2035 2042 2041
f 2035 2036 2043 2042
f 2036 2037 2044 2043
f 2037 2031 2038 2044
f 2045 2025 2024
f 2046 2038 2039
f 2045 2026 2025
f 2046 2039 2040
f 2045 2027 2026
f 2046 2040 2041
f 2045 2028 2027
f 2046 2041 2042
f 2045 2029 2028
f 2046 2042 2043
f 2045 2030 2029
f 2046 2043 2044
f 2045 2024 2030
f 2046 2044 2038
f 2047 2048 2055 2054
f 2048 2049 2056 2055
f 2049 2050 2057 2056
f 2050 2051 2058 2057
f 2051 2052 2059 2058
f 2052 2053 2060 2059
f 2053 2047 2054 2060
f 2054 2055 2062 2061
f 2055 2056 2063 2062
f 2056 2057 2064 2063
f 2057 2058 2065 2064
f 2058 2059 2066 2065
f 2059 2060 2067 2066
f 2060 2054 2061 2067
f 2068 2048 2047
f 2069 2061 2062
f 2068 2049 2048
f 2069 2062 2063
f 2068 2050 2049
f 2069 2063 2064
f 2068 2051 2050
f 2069 2064 2065
f 2068 2052 2051
f 2069 2065 2066
f 2068 2053 2052
f 2069 2066 2067
f 2068 2047 2053
f 2069 2067 2061
f 2070 2071 2078 2077
f 2071 2072 2079 2078
f 2072 2073 2080 2079
f 2073 2074 2081 2080
f 2074 2075 2082 2081
f 2075 2076 2083 2082
f 2076 2070 2077 2083
f 2077 2078 2085 2084
f 2078 2079 2086 2085
f 2079 2080 2087 2086
f 2080 2081 2088 2087
f 2081 2082 2089 2088
f 2082 2083 2090 2089
f 2083 2077 2084 2090
f 2091 2071 2070
f 2092 2084 2085
f 2091 2072 2071
f 2092 2085 2086
f 2091 2073 2072
f 2092 2086 2087
f 2091 2074 2073
f 2092 2087 2088
f 2091 2075 2074
f 2092 2088 2089
f 2091 2076 2075
f 2092 2089 2090
f 2091 2070 2076
f 2092 2090 2084
f 2093 2094 2101 2100
f 2094 2095 2102 2101
f 2095 2096 2103 2102
f 2096 2097 2104 2103
f 2097 2098 2105 2104
f 2098 2099 2106 2105
f 2099 2093 2100 2106
f 2100 2101 2108 2107
f 2101 2102 2109 2108
f 2102 2103 2110 2109
f 2103 2104 2111 2110
f 2104 2105 2112 2111
f 2105 2106 2113 2112
f 2106 2100 2107 2113
f 2114 2094 2093
f 2115 2107 2108
f 2114 2095 2094
f 2115 2108 2109
f 2114 2096 2095
f 2115 2109 2110
f 2114 2097 2096
f 2115 2110 2111
f 2114 2098 2097
f 2115 2111 2112
f 2114 2099 2098
f 2115 2112 2113
f 2114 2093 2099
f 2115 2113 2107
f 2116 2117 2124 2123
f 2117 2118 2125 2124
f 2118 2119 2126 2125
f 2119 2120 2127 2126
f 2120 2121 2128 2127
f 2121 2122 2129 2128
f 2122 2116 2123 2129
f 2123 2124 2131 2130
f 2124 2125 2132 2131
f 2125 2126 2133 2132
f 2126 2127 2134 2133
f 2127 2128 2135 2134
f 2128 2129 2136 2135
f 2129 2123 2130 2136
f 2137 2117 2116
f 2138 2130 2131
f 2137 2118 2117
f 2138 2131 2132
f 2137 2119 2118
f 2138 2132 2133
f 2137 2120 2119
f 2138 2133 2134
f 2137 2121 2120
f 2138 2134 2135
f 2137 2122 2121
f 2138 2135 2136
f 2137 2116 2122
f 2138 2136 2130
f 2139 2140 2147 2146
f 2140 2141 2148 2147
f 2141 2142 2149 2148
f 2142 2143 2150 2149
f 2143 2144 2151 2150
f 2144 2145 2152 2151
f 2145 2139 2146 2152
f 2146 2147 2154 2153
f 2147 2148 2155 2154
f 2148 2149 2156 2155
f 2149 2150 2157 2156
f 2150 2151 2158 2157
f 2151 2152 2159 2158
f 2152 2146 2153 2159
f 2160 2140 2139
f 2161 2153 2154
f 2160 2141 2140
f 2161 2154 2155
f 2160 2142 2141
f 2161 2155 2156
f 2160 2143 2142
f 2161 2156 2157
f 2160 2144 2143
f 2161 2157 2158
f 2160 2145 2144
f 2161 2158 2159
f 2160 2139 2145
f 2161 2159 2153
f 2162 2163 2170 2169
f 2163 2164 2171 2170
f 2164 2165 2172 2171
f 2165 2166 2173 2172
f 2166 2167 2174 2173
f 2167 2168 2175 2174
f 2168 2162 2169 2175
f 2169 2170 2177 2176
f 2170 2171 2178 2177
f 2171 2172 2179 2178
f 2172 2173 2180 2179
f 2173 2174 2181 2180
f 2174 2175 2182 2181
f 2175 2169 2176 2182
f 2183 2163 2162
f 2184 2176 2177
f 2183 2164 2163
f 2184 2177 2178
f 2183 2165 2164
f 2184 2178 2179
f 2183 2166 2165
f 2184 2179 2180
f 2183 2167 2166
f 2184 2180 2181
f 2183 2168 2167
f 2184 2181 2182
f 2183 2162 2168
f 2184 2182 2176
f 2185 2186 2193 2192
f 2186 2187 2194 2193
f 2187 2188 2195 2194
f 2188 2189 2196 2195
f 2189 2190 2197 2196
f 2190 2191 2198 2197
f 2191 2185 2192 2198
f 2192 2193 2200 2199
f 2193 2194 2201 2200
f 2194 2195 2202 2201
f 2195 2196 2203 2202
f 2196 2197 2204 2203
f 2197 2198 2205 2204
f 2198 2192 2199 2205
f 2206 2186 2185
f 2207 2199 2200
f 2206 2187 2186
f 2207 2200 2201
f 2206 2188 2187
f 2207 2201 2202
f 2206 2189 2188
f 2207 2202 2203
f 2206 2190 2189
f 2207 2203 2204
f 2206 2191 2190
f 2207 2204 2205
f 2206 2185 2191
f 2207 2205 2199
f 2208 2209 2216 2215
f 2209 2210 2217 2216
f 2210 2211 2218 2217
f 2211 2212 2219 2218
f 2212 2213 2220 2219
f 2213 2214 2221 2220
f 2214 2208 2215 2221
f 2215 2216 2223 2222
f 2216 2217 2224 2223
f 2217 2218 2225 2224
f 2218 2219 2226 2225
f 2219 2220 2227 2226
f 2220 2221 2228 2227
f 2221 2215 2222 2228
f 2229 2209 2208
f 2230 2222 2223
f 2229 2210 2209
f 2230 2223 2224
f 2229 2211 2210
f 2230 2224 2225
f 2229 2212 2211
f 2230 2225 2226
f 2229 2213 2212
f 2230 2226 2227
f 2229 2214 2213
f 2230 2227 2228
f 2229 2208 2214
f 2230 2228 2222
f 2231 2232 2239 2238
f 2232 2233 2240 2239
f 2233 2234 2241 2240
f 2234 2235 2242 2241
f 2235 2236 2243 2242
f 2236 2237 2244 2243
f 2237 2231 2238 2244
f 2238 2239 2246 2245
f 2239 2240 2247 2246
f 2240 2241 2248 2247
f 2241 2242 2249 2248
f 2242 2243 2250 2249
f 2243 2244 2251 2250
f 2244 2238 2245 2251
f 2252 2232 2231
f 2253 2245 2246
f 2252 2233 2232
f 2253 2246 2247
f 2252 2234 2233
f 2253 2247 2248
f 2252 2235 2234
f 2253 2248 2249
f 2252 2236 2235
f 2253 2249 2250
f 2252 2237 2236
f 2253 2250 2251
f 2252 2231 2237
f 2253 2251 2245
f 2254 2255 2262 2261
f 2255 2256 2263 2262
f 2256 2257 2264 2263
f 2257 2258 2265 2264
f 2258 2259 2266 2265
f 2259 2260 2267 2266
f 2260 2254 2261 2267
f 2261 2262 2269 2268
f 2262 2263 2270 2269
f 2263 2264 2271 2270
f 2264 2265 2272 2271
f 2265 2266 2273 2272
f 2266 2267 2274 2273
f 2267 2261 2268 2274
f 2275 2255 2254
f 2276 2268 2269
f 2275 2256 2255
f 2276 2269 2270
f 2275 2257 2256
f 2276 2270 2271
f 2275 2258 2257
f 2276 2271 2272
f 2275 2259 2258
f 2276 2272 2273
f 2275 2260 2259
f 2276 2273 2274
f 2275 2254 2260
f 2276 2274 2268
f 2277 2278 2285 2284
f 2278 2279 2286 2285
f 2279 2280 2287 2286
f 2280 2281 2288 2287
f 2281 2282 2289 2288
f 2282 2283 2290 2289
f 2283 2277 2284 2290
f 2284 2285 2292 2291
f 2285 2286 2293 2292
f 2286 2287 2294 2293
f 2287 2288 2295 2294
f 2288 2289 2296 2295
f 2289 2290 2297 2296
f 2290 2284 2291 2297
f 2298 2278 2277
f 2299 2291 2292
f 2298 2279 2278
f 2299 2292 2293
f 2298 2280 2279
f 2299 2293 2294
f 2298 2281 2280
f 2299 2294 2295
f 2298 2282 2281
f 2299 2295 2296
f 2298 2283 2282
f 2299 2296 2297
f 2298 2277 2283
f 2299 2297 2291
f 2300 2301 2308 2307
f 2301 2302 2309 2308
f 2302 2303 2310 2309
f 2303 2304 2311 2310
f 2304 2305 2312 2311
f 2305 2306 2313 2312
f 2306 2300 2307 2313
f 2307 2308 2315 2314
f 2308 2309 2316 2315
f 2309 2310 2317 2316
f 2310 2311 2318 2317
f 2311 2312 2319 2318
f 2312 2313 2320 2319
f 2313 2307 2314 2320
f 2321 2301 2300
f 2322 2314 2315
f 2321 2302 2301
f 2322 2315 2316
f 2321 2303 2302
f 2322 2316 2317
f 2321 2304 2303
f 2322 2317 2318
f 2321 2305 2304
f 2322 2318 2319
f 2321 2306 2305
f 2322 2319 2320
f 2321 2300 2306
f 2322 2320 2314
f 2323 2324 2331 2330
f 2324 2325 2332 2331
f 2325 2326 2333 2332
f 2326 2327 2334 2333
f 2327 2328 2335 2334
f 2328 2329 2336 2335
f 2329 2323 2330 2336
f 2330 2331 2338 2337
f 2331 2332 2339 2338
f 2332 2333 2340 2339
f 2333 2334 2341 2340
f 2334 2335 2342 2341
f 2335 2336 2343 2342
f 2336 2330 2337 2343
f 2344 2324 2323
f 2345 2337 2338
f 2344 2325 2324
f 2345 2338 2339
f 2344 2326 2325
f 2345 2339 2340
f 2344 2327 2326
f 2345 2340 2341
f 2344 2328 2327
f 2345 2341 2342
f 2344 2329 2328
f 2345 2342 2343
f 2344 2323 2329
f 2345 2343 2337
f 2346 2347 2354 2353
f 2347 2348 2355 2354
f 2348 2349 2356 2355
f 2349 2350 2357 2356
f 2350 2351 2358 2357
f 2351 2352 2359 2358
f 2352 2346 2353 2359
f 2353 2354 2361 2360
f 2354 2355 2362 2361
f 2355 2356 2363 2362
f 2356 2357 2364 2363
f 2357 2358 2365 2364
f 2358 2359 2366 2365
f 2359 2353 2360 2366
f 2367 2347 2346
f 2368 2360 2361
f 2367 2348 2347
f 2368 2361 2362
f 2367 2349 2348
f 2368 2362 2363
f 2367 2350 2349
f 2368 2363 2364
f 2367 2351 2350
f 2368 2364 2365
f 2367 2352 2351
f 2368 2365 2366
f 2367 2346 2352
f 2368 2366 2360
f 2369 2370 2377 2376
f 2370 2371 2378 2377
f 2371 2372 2379 2378
f 2372 2373 2380 2379
f 2373 2374 2381 2380
f 2374 2375 2382 2381
f 2375 2369 2376 2382
f 2376 2377 2384 2383
f 2377 2378 2385 2384
f 2378 2379 2386 2385
f 2379 2380 2387 2386
f 2380 2381 2388 2387
f 2381 2382 2389 2388
f 2382 2376 2383 2389
f 2390 2370 2369
f 2391 2383 2384
f 2390 2371 2370
f 2391 2384 2385
f 2390 2372 2371
f 2391 2385 2386
f 2390 2373 2372
f 2391 2386 2387
f 2390 2374 2373
f 2391 2387 2388
f 2390 2375 2374
f 2391 2388 2389
f 2390 2369 2375
f 2391 2389 2383
f 2392 2393 2400 2399
f 2393 2394 2401 2400
f 2394 2395 2402 2401
f 2395 2396 2403 2402
f 2396 2397 2404 2403
f 2397 2398 2405 2404
f 2398 2392 2399 2405
f 2399 2400 2407 2406
f 2400 2401 2408 2407
f 2401 2402 2409 2408
f 2402 2403 2410 2409
f 2403 2404 2411 2410
f 2404 2405 2412 2411
f 2405 2399 2406 2412
f 2413 2393 2392
f 2414 2406 2407
f 2413 2394 2393
f 2414 2407 2408
f 2413 2395 2394
f 2414 2408 2409
f 2413 2396 2395
f 2414 2409 2410
f 2413 2397 2396
f 2414 2410 2411
f 2413 2398 2397
f 2414 2411 2412
f 2413 2392 2398
f 2414 2412 2406
f 2415 2416 2423 2422
f 2416 2417 2424 2423
f 2417 2418 2425 2424
f 2418 2419 2426 2425
f 2419 2420 2427 2426
f 2420 2421 2428 2427
f 2421 2415 2422 2428
f 2422 2423 2430 2429
f 2423 2424 2431 2430
f 2424 2425 2432 2431
f 2425 2426 2433 2432
f 2426 2427 2434 2433
f 2427 2428 2435 2434
f 2428 2422 2429 2435
f 2436 2416 2415
f 2437 2429 2430
f 2436 2417 2416
f 2437 2430 2431
f 2436 2418 2417
f 2437 2431 2432
f 2436 2419 2418
f 2437 2432 2433
f 2436 2420 2419
f 2437 2433 2434
f 2436 2421 2420
f 2437 2434 2435
f 2436 2415 2421
f 2437 2435 2429
f 2438 2439 2446 2445
f 2439 2440 2447 2446
f 2440 2441 2448 2447
f 2441 2442 2449 2448
f 2442 2443 2450 2449
f 2443 2444 2451 2450
f 2444 2438 2445 2451
f 2445 2446 2453 2452
f 2446 2447 2454 2453
f 2447 2448 2455 2454
f 2448 2449 2456 2455
f 2449 2450 2457 2456
f 2450 2451 2458 2457
f 2451 2445 2452 2458
f 2459 2439 2438
f 2460 2452 2453
f 2459 2440 2439
f 2460 2453 2454
f 2459 2441 2440
f 2460 2454 2455
f 2459 2442 2441
f 2460 2455 2456
f 2459 2443 2442
f 2460 2456 2457
f 2459 2444 2443
f 2460 2457 2458
f 2459 2438 2444
f 2460 2458 2452
f 2461 2462 2469 2468
f 2462 2463 2470 2469
f 2463 2464 2471 2470
f 2464 2465 2472 2471
f 2465 2466 2473 2472
f 2466 2467 2474 2473
f 2467 2461 2468 2474
f 2468 2469 2476 2475
f 2469 2470 2477 2476
f 2470 2471 2478 2477
f 2471 2472 2479 2478
f 2472 2473 2480 2479
f 2473 2474 2481 2480
f 2474 2468 2475 2481
f 2482 2462 2461
f 2483 2475 2476
f 2482 2463 2462
f 2483 2476 2477
f 2482 2464 2463
f 2483 2477 2478
f 2482 2465 2464
f 2483 2478 2479
f 2482 2466 2465
f 2483 2479 2480
f 2482 2467 2466
f 2483 2480 2481
f 2482 2461 2467
f 2483 2481 2475
f 2484 2485 2492 2491
f 2485 2486 2493 2492
f 2486 2487 2494 2493
f 2487 2488 2495 2494
f 2488 2489 2496 2495
f 2489 2490 2497 2496
f 2490 2484 2491 2497
f 2491 2492 2499 2498
f 2492 2493 2500 2499
f 2493 2494 2501 2500
f 2494 2495 2502 2501
f 2495 2496 2503 2502
f 2496 2497 2504 2503
f 2497 2491 2498 2504
f 2505 2485 2484
f 2506 2498 2499
f 2505 2486 2485
f 2506 2499 2500
f 2505 2487 2486
f 2506 2500 2501
f 2505 2488 2487
f 2506 2501 2502
f 2505 2489 2488
f 2506 2502 2503
f 2505 2490 2489
f 2506 2503 2504
f 2505 2484 2490
f 2506 2504 2498
f 2507 2508 2515 2514
f 2508 2509 2516 2515
f 2509 2510 2517 2516
f 2510 2511 2518 2517
f 2511 2512 2519 2518
f 2512 2513 2520 2519
f 2513 2507 2514 2520
f 2514 2515 2522 2521
f 2515 2516 2523 2522
f 2516 2517 2524 2523
f 2517 2518 2525 2524
f 2518 2519 2526 2525
f 2519 2520 2527 2526
f 2520 2514 2521 2527
f 2528 2508 2507
f 2529 2521 2522
f 2528 2509 2508
f 2529 2522 2523
f 2528 2510 2509
f 2529 2523 2524
f 2528 2511 2510
f 2529 2524 2525
f 2528 2512 2511
f 2529 2525 2526
f 2528 2513 2512
f 2529 2526 2527
f 2528 2507 2513
f 2529 2527 2521
f 2530 2531 2538 2537
f 2531 2532 2539 2538
f 2532 2533 2540 2539
f 2533 2534 2541 2540
f 2534 2535 2542 2541
f 2535 2536 2543 2542
f 2536 2530 2537 2543
f 2537 2538 2545 2544
f 2538 2539 2546 2545
f 2539 2540 2547 2546
f 2540 2541 2548 2547
f 2541 2542 2549 2548
f 2542 2543 2550 2549
f 2543 2537 2544 2550
f 2551 2531 2530
f 2552 2544 2545
f 2551 2532 2531
f 2552 2545 2546
f 2551 2533 2532
f 2552 2546 2547
f 2551 2534 2533
f 2552 2547 2548
f 2551 2535 2534
f 2552 2548 2549
f 2551 2536 2535
f 2552 2549 2550
f 2551 2530 2536
f 2552 2550 2544
f 2553 2554 2561 2560
f 2554 2555 2562 2561
f 2555 2556 2563 2562
f 2556 2557 2564 2563
f 2557 2558 2565 2564
f 2558 2559 2566 2565
f 2559 2553 2560 2566
f 2560 2561 2568 2567
f 2561 2562 2569 2568
f 2562 2563 2570 2569
f 2563 2564 2571 2570
f 2564 2565 2572 2571
f 2565 2566 2573 2572
f 2566 2560 2567 2573
f 2574 2554 2553
f 2575 2567 2568
f 2574 2555 2554
f 2575 2568 2569
f 2574 2556 2555
f 2575 2569 2570
f 2574 2557 2556
f 2575 2570 2571
f 2574 2558 2557
f 2575 2571 2572
f 2574 2559 2558
f 2575 2572 2573
f 2574 2553 2559
f 2575 2573 2567
f 2576 2577 2584 2583
f 2577 2578 2585 2584
f 2578 2579 2586 2585
f 2579 2580 2587 2586
f 2580 2581 2588 2587
f 2581 2582 2589 2588
f 2582 2576 2583 2589
f 2583 2584 2591 2590
f 2584 2585 2592 2591
f 2585 2586 2593 2592
f 2586 2587 2594 2593
f 2587 2588 2595 2594
f 2588 2589 2596 2595
f 2589 2583 2590 2596
f 2597 2577 2576
f 2598 2590 2591
f 2597 2578 2577
f 2598 2591 2592
f 2597 2579 2578
f 2598 2592 2593
f 2597 2580 2579
f 2598 2593 2594
f 2597 2581 2580
f 2598 2594 2595
f 2597 2582 2581
f 2598 2595 2596
f 2597 2576 2582
f 2598 2596 2590
f 2599 2600 2607 2606
f 2600 2601 2608 2607
f 2601 2602 2609 2608
f 2602 2603 2610 2609
f 2603 2604 2611 2610
f 2604 2605 2612 2611
f 2605 2599 2606 2612
f 2606 2607 2614 2613
f 2607 2608 2615 2614
f 2608 2609 2616 2615
f 2609 2610 2617 2616
f 2610 2611 2618 2617
f 2611 2612 2619 2618
f 2612 2606 2613 2619
f 2620 2600 2599
f 2621 2613 2614
f 2620 2601 2600
f 2621 2614 2615
f 2620 2602 2601
f 2621 2615 2616
f 2620 2603 2602
f 2621 2616 2617
f 2620 2604 2603
f 2621 2617 2618
f 2620 2605 2604
f 2621 2618 2619
f 2620 2599 2605
f 2621 2619 2613
f 2622 2623 2630 2629
f 2623 2624 2631 2630
f 2624 2625 2632 2631
f 2625 2626 2633 2632
f 2626 2627 2634 2633
f 2627 2628 2635 2634
f 2628 2622 2629 2635
f 2629 2630 2637 2636
f 2630 2631 2638 2637
f 2631 2632 2639 2638
f 2632 2633 2640 2639
f 2633 2634 2641 2640
f 2634 2635 2642 2641
f 2635 2629 2636 2642
f 2643 2623 2622
f 2644 2636 2637
f 2643 2624 2623
f 2644 2637 2638
f 2643 2625 2624
f 2644 2638 2639
f 2643 2626 2625
f 2644 2639 2640
f 2643 2627 2626
f 2644 2640 2641
f 2643 2628 2627
f 2644 2641 2642
f 2643 2622 2628
f 2644 2642 2636
f 2645 2646 2653 2652
f 2646 2647 2654 2653
f 2647 2648 2655 2654
f 2648 2649 2656 2655
f 2649 2650 2657 2656
f 2650 2651 2658 2657
f 2651 2645 2652 2658
f 2652 2653 2660 2659
f 2653 2654 2661 2660
f 2654 2655 2662 2661
f 2655 2656 2663 2662
f 2656 2657 2664 2663
f 2657 2658 2665 2664
f 2658 2652 2659 2665
f 2666 2646 2645
f 2667 2659 2660
f 2666 2647 2646
f 2667 2660 2661
f 2666 2648 2647
f 2667 2661 2662
f 2666 2649 2648
f 2667 2662 2663
f 2666 2650 2649
f 2667 2663 2664
f 2666 2651 2650
f 2667 2664 2665
f 2666 2645 2651
f 2667 2665 2659
f 2668 2669 2676 2675
f 2669 2670 2677 2676
f 2670 2671 2678 2677
f 2671 2672 2679 2678
f 2672 2673 2680 2679
f 2673 2674 2681 2680
f 2674 2668 2675 2681
f 2675 2676 2683 2682
f 2676 2677 2684 2683
f 2677 2678 2685 2684
f 2678 2679 2686 2685
f 2679 2680 2687 2686
f 2680 2681 2688 2687
f 2681 2675 2682 2688
f 2689 2669 2668
f 2690 2682 2683
f 2689 2670 2669
f 2690 2683 2684
f 2689 2671 2670
f 2690 2684 2685
f 2689 2672 2671
f 2690 2685 2686
f 2689 2673 2672
f 2690 2686 2687
f 2689 2674 2673
f 2690 2687 2688
f 2689 2668 2674
f 2690 2688 2682
f 2691 2692 2699 2698
f 2692 2693 2700 2699
f 2693 2694 2701 2700
f 2694 2695 2702 2701
f 2695 2696 2703 2702
f 2696 2697 2704 2703
f 2697 2691 2698 2704
f 2698 2699 2706 2705
f 2699 2700 2707 2706
f 2700 2701 2708 2707
f 2701 2702 2709 2708
f 2702 2703 2710 2709
f 2703 2704 2711 2710
f 2704 2698 2705 2711
f 2712 2692 2691
f 2713 2705 2706
f 2712 2693 2692
f 2713 2706 2707
f 2712 2694 2693
f 2713 2707 2708
f 2712 2695 2694
f 2713 2708 2709
f 2712 2696 2695
f 2713 2709 2710
f 2712 2697 2696
f 2713 2710 2711
f 2712 2691 2697
f 2713 2711 2705
f 2714 2715 2722 2721
f 2715 2716 2723 2722
f 2716 2717 2724 2723
f 2717 2718 2725 2724
f 2718 2719 2726 2725
f 2719 2720 2727 2726
f 2720 2714 2721 2727
f 2721 2722 2729 2728
f 2722 2723 2730 2729
f 2723 2724 2731 2730
f 2724 2725 2732 2731
f 2725 2726 2733 2732
f 2726 2727 2734 2733
f 2727 2721 2728 2734
f 2735 2715 2714
f 2736 2728 2729
f 2735 2716 2715
f 2736 2729 2730
f 2735 2717 2716
f 2736 2730 2731
f 2735 2718 2717
f 2736 2731 2732
f 2735 2719 2718
f 2736 2732 2733
f 2735 2720 2719
f 2736 2733 2734
f 2735 2714 2720
f 2736 2734 2728
f 2737 2738 2746 2745
f 2738 2739 2747 2746
f 2739 2740 2748 2747
f 2740 2741 2749 2748
f 2741 2742 2750 2749
f 2742 2743 2751 2750
f 2743 2744 2752 2751
f 2744 2737 2745 2752
f 2745 2746 2754 2753
f 2746 2747 2755 2754
f 2747 2748 2756 2755
f 2748 2749 2757 2756
f 2749 2750 2758 2757
f 2750 2751 2759 2758
f 2751 2752 2760 2759
f 2752 2745 2753 2760
f 2761 2738 2737
f 2762 2753 2754
f 2761 2739 2738
f 2762 2754 2755
f 2761 2740 2739
f 2762 2755 2756
f 2761 2741 2740
f 2762 2756 2757
f 2761 2742 2741
f 2762 2757 2758
f 2761 2743 2742
f 2762 2758 2759
f 2761 2744 2743
f 2762 2759 2760
f 2761 2737 2744
f 2762 2760 2753
f 2763 2764 2772 2771
f 2764 2765 2773 2772
f 2765 2766 2774 2773
f 2766 2767 2775 2774
f 2767 2768 2776 2775
f 2768 2769 2777 2776
f 2769 2770 2778 2777
f 2770 2763 2771 2778
f 2771 2772 2780 2779
f 2772 2773 2781 2780
f 2773 2774 2782 2781
f 2774 2775 2783 2782
f 2775 2776 2784 2783
f 2776 2777 2785 2784
f 2777 2778 2786 2785
f 2778 2771 2779 2786
f 2787 2764 2763
f 2788 2779 2780
f 2787 2765 2764
f 2788 2780 2781
f 2787 2766 2765
f 2788 2781 2782
f 2787 2767 2766
f 2788 2782 2783
f 2787 2768 2767
f 2788 2783 2784
f 2787 2769 2768
f 2788 2784 2785
f 2787 2770 2769
f 2788 2785 2786
f 2787 2763 2770
f 2788 2786 2779
f 2789 2790 2798 2797
f 2790 2791 2799 2798
f 2791 2792 2800 2799
f 2792 2793 2801 2800
f 2793 2794 2802 2801
f 2794 2795 2803 2802
f 2795 2796 2804 2803
f 2796 2789 2797 2804
f 2797 2798 2806 2805
f 2798 2799 2807 2806
f 2799 2800 2808 2807
f 2800 2801 2809 2808
f 2801 2802 2810 2809
f 2802 2803 2811 2810
f 2803 2804 2812 2811
f 2804 2797 2805 2812
f 2813 2790 2789
f 2814 2805 2806
f 2813 2791 2790
f 2814 2806 2807
f 2813 2792 2791
f 2814 2807 2808
f 2813 2793 2792
f 2814 2808 2809
f 2813 2794 2793
f 2814 2809 2810
f 2813 2795 2794
f 2814 2810 2811
f 2813 2796 2795
f 2814 2811 2812
f 2813 2789 2796
f 2814 2812 2805
f 2815 2816 2824 2823
f 2816 2817 2825 2824
f 2817 2818 2826 2825
f 2818 2819 2827 2826
f 2819 2820 2828 2827
f 2820 2821 2829 2828
f 2821 2822 2830 2829
f 2822 2815 2823 2830
f 2823 2824 2832 2831
f 2824 2825 2833 2832
f 2825 2826 2834 2833
f 2826 2827 2835 2834
f 2827 2828 2836 2835
f 2828 2829 2837 2836
f 2829 2830 2838 2837
f 2830 2823 2831 2838
f 2839 2816 2815
f 2840 2831 2832
f 2839 2817 2816
f 2840 2832 2833
f 2839 2818 2817
f 2840 2833 2834
f 2839 2819 2818
f 2840 2834 2835
f 2839 2820 2819
f 2840 2835 2836
f 2839 2821 2820
f 2840 2836 2837
f 2839 2822 2821
f 2840 2837 2838
f 2839 2815 2822
f 2840 2838 2831
f 2841 2842 2850 2849
f 2842 2843 2851 2850
f 2843 2844 2852 2851
f 2844 2845 2853 2852
f 2845 2846 2854 2853
f 2846 2847 2855 2854
f 2847 2848 2856 2855
f 2848 2841 2849 2856
f 2849 2850 2858 2857
f 2850 2851 2859 2858
f 2851 2852 2860 2859
f 2852 2853 2861 2860
f 2853 2854 2862 2861
f 2854 2855 2863 2862
f 2855 2856 2864 2863
f 2856 2849 2857 2864
f 2865 2842 2841
f 2866 2857 2858
f 2865 2843 2842
f 2866 2858 2859
f 2865 2844 2843
f 2866 2859 2860
f 2865 2845 2844
f 2866 2860 2861
f 2865 2846 2845
f 2866 2861 2862
f 2865 2847 2846
f 2866 2862 2863
f 2865 2848 2847
f 2866 2863 2864
f 2865 2841 2848
f 2866 2864 2857
f 2867 2868 2876 2875
f 2868 2869 2877 2876
f 2869 2870 2878 2877
f 2870 2871 2879 2878
f 2871 2872 2880 2879
f 2872 2873 2881 2880
f 2873 2874 2882 2881
f 2874 2867 2875 2882
f 2875 2876 2884 2883
f 2876 2877 2885 2884
f 2877 2878 2886 2885
f 2878 2879 2887 2886
f 2879 2880 2888 2887
f 2880 2881 2889 2888
f 2881 2882 2890 2889
f 2882 2875 2883 2890
f 2891 2868 2867
f 2892 2883 2884
f 2891 2869 2868
f 2892 2884 2885
f 2891 2870 2869
f 2892 2885 2886
f 2891 2871 2870
f 2892 2886 2887
f 2891 2872 2871
f 2892 2887 2888
f 2891 2873 2872
f 2892 2888 2889
f 2891 2874 2873
f 2892 2889 2890
f 2891 2867 2874
f 2892 2890 2883
f 2893 2894 2902 2901
f 2894 2895 2903 2902
f 2895 2896 2904 2903
f 2896 2897 2905 2904
f 2897 2898 2906 2905
f 2898 2899 2907 2906
f 2899 2900 2908 2907
f 2900 2893 2901 2908
f 2901 2902 2910 2909
f 2902 2903 2911 2910
f 2903 2904 2912 2911
f 2904 2905 2913 2912
f 2905 2906 2914 2913
f 2906 2907 2915 2914
f 2907 2908 2916 2915
f 2908 2901 2909 2916
f 2917 2894 2893
f 2918 2909 2910
f 2917 2895 2894
f 2918 2910 2911
f 2917 2896 2895
f 2918 2911 2912
f 2917 2897 2896
f 2918 2912 2913
f 2917 2898 2897
f 2918 2913 2914
f 2917 2899 2898
f 2918 2914 2915
f 2917 2900 2899
f 2918 2915 2916
f 2917 2893 2900
f 2918 2916 2909
f 2919 2920 2928 2927
f 2920 2921 2929 2928
f 2921 2922 2930 2929
f 2922 2923 2931 2930
f 2923 2924 2932 2931
f 2924 2925 2933 2932
f 2925 2926 2934 2933
f 2926 2919 2927 2934
f 2927 2928 2936 2935
f 2928 2929 2937 2936
f 2929 2930 2938 2937
f 2930 2931 2939 2938
f 2931 2932 2940 2939
f 2932 2933 2941 2940
f 2933 2934 2942 2941
f 2934 2927 2935 2942
f 2943 2920 2919
f 2944 2935 2936
f 2943 2921 2920
f 2944 2936 2937
f 2943 2922 2921
f 2944 2937 2938
f 2943 2923 2922
f 2944 2938 2939
f 2943 2924 2923
f 2944 2939 2940
f 2943 2925 2924
f 2944 2940 2941
f 2943 2926 2925
f 2944 2941 2942
f 2943 2919 2926
f 2944 2942 2935
f 2945 2946 2954 2953
f 2946 2947 2955 2954
f 2947 2948 2956 2955
f 2948 2949 2957 2956
f 2949 2950 2958 2957
f 2950 2951 2959 2958
f 2951 2952 2960 2959
f 2952 2945 2953 2960
f 2953 2954 2962 2961
f 2954 2955 2963 2962
f 2955 2956 2964 2963
f 2956 2957 2965 2964
f 2957 2958 2966 2965
f 2958 2959 2967 2966
f 2959 2960 2968 2967
f 2960 2953 2961 2968
f 2969 2946 2945
f 2970 2961 2962
f 2969 2947 2946
f 2970 2962 2963
f 2969 2948 2947
f 2970 2963 2964
f 2969 2949 2948
f 2970 2964 2965
f 2969 2950 2949
f 2970 2965 2966
f 2969 2951 2950
f 2970 2966 2967
f 2969 2952 2951
f 2970 2967 2968
f 2969 2945 2952
f 2970 2968 2961
f 2971 2972 2980 2979
f 2972 2973 2981 2980
f 2973 2974 2982 2981
f 2974 2975 2983 2982
f 2975 2976 2984 2983
f 2976 2977 2985 2984
f 2977 2978 2986 2985
f 2978 2971 2979 2986
f 2979 2980 2988 2987
f 2980 2981 2989 2988
f 2981 2982 2990 2989
f 2982 2983 2991 2990
f 2983 2984 2992 2991
f 2984 2985 2993 2992
f 2985 2986 2994 2993
f 2986 2979 2987 2994
f 2995 2972 2971
f 2996 2987 2988
f 2995 2973 2972
f 2996 2988 2989
f 2995 2974 2973
f 2996 2989 2990
f 2995 2975 2974
f 2996 2990 2991
f 2995 2976 2975
f 2996 2991 2992
f 2995 2977 2976
f 2996 2992 2993
f 2995 2978 2977
f 2996 2993 2994
f 2995 2971 2978
f 2996 2994 2987
f 2997 2998 3006 3005
f 2998 2999 3007 3006
f 2999 3000 3008 3007
f 3000 3001 3009 3008
f 3001 3002 3010 3009
f 3002 3003 3011 3010
f 3003 3004 3012 3011
f 3004 2997 3005 3012
f 3005 3006 3014 3013
f 3006 3007 3015 3014
f 3007 3008 3016 3015
f 3008 3009 3017 3016
f 3009 3010 3018 3017
f 3010 3011 3019 3018
f 3011 3012 3020 3019
f 3012 3005 3013 3020
f 3013 3014 3022 3021
f 3014 3015 3023 3022
f 3015 3016 3024 3023
f 3016 3017 3025 3024
f 3017 3018 3026 3025
f 3018 3019 3027 3026
f 3019 3020 3028 3027
f 3020 3013 3021 3028
f 3029 2998 2997
f 3030 3021 3022
f 3029 2999 2998
f 3030 3022 3023
f 3029 3000 2999
f 3030 3023 3024
f 3029 3001 3000
f 3030 3024 3025
f 3029 3002 3001
f 3030 3025 3026
f 3029 3003 3002
f 3030 3026 3027
f 3029 3004 3003
f 3030 3027 3028
f 3029 2997 3004
f 3030 3028 3021
f 3031 3032 3040 3039
f 3032 3033 3041 3040
f 3033 3034 3042 3041
f 3034 3035 3043 3042
f 3035 3036 3044 3043
f 3036 3037 3045 3044
f 3037 3038 3046 3045
f 3038 3031 3039 3046
f 3039 3040 3048 3047
f 3040 3041 3049 3048
f 3041 3042 3050 3049
f 3042 3043 3051 3050
f 3043 3044 3052 3051
f 3044 3045 3053 3052
f 3045 3046 3054 3053
f 3046 3039 3047 3054
f 3047 3048 3056 3055
f 3048 3049 3057 3056
f 3049 3050 3058 3057
f 3050 3051 3059 3058
f 3051 3052 3060 3059
f 3052 3053 3061 3060
f 3053 3054 3062 3061
f 3054 3047 3055 3062
f 3063 3032 3031
f 3064 3055 3056
f 3063 3033 3032
f 3064 3056 3057
f 3063 3034 3033
f 3064 3057 3058
f 3063 3035 3034
f 3064 3058 3059
f 3063 3036 3035
f 3064 3059 3060
f 3063 3037 3036
f 3064 3060 3061
f 3063 3038 3037
f 3064 3061 3062
f 3063 3031 3038
f 3064 3062 3055
f 3065 3066 3074 3073
f 3066 3067 3075 3074
f 3067 3068 3076 3075
f 3068 3069 3077 3076
f 3069 3070 3078 3077
f 3070 3071 3079 3078
f 3071 3072 3080 3079
f 3072 3065 3073 3080
f 3073 3074 3082 3081
f 3074 3075 3083 3082
f 3075 3076 3084 3083
f 3076 3077 3085 3084
f 3077 3078 3086 3085
f 3078 3079 3087 3086
f 3079 3080 3088 3087
f 3080 3073 3081 3088
f 3081 3082 3090 3089
f 3082 3083 3091 3090
f 3083 3084 3092 3091
f 3084 3085 3093 3092
f 3085 3086 3094 3093
f 3086 3087 3095 3094
f 3087 3088 3096 3095
f 3088 3081 3089 3096
f 3097 3066 3065
f 3098 3089 3090
f 3097 3067 3066
f 3098 3090 3091
f 3097 3068 3067
f 3098 3091 3092
f 3097 3069 3068
f 3098 3092 3093
f 3097 3070 3069
f 3098 3093 3094
f 3097 3071 3070
f 3098 3094 3095
f 3097 3072 3071
f 3098 3095 3096
f 3097 3065 3072
f 3098 3096 3089
f 3099 3100 3108 3107
f 3100 3101 3109 3108
f 3101 3102 3110 3109
f 3102 3103 3111 3110
f 3103 3104 3112 3111
f 3104 3105 3113 3112
f 3105 3106 3114 3113
f 3106 3099 3107 3114
f 3107 3108 3116 3115
f 3108 3109 3117 3116
f 3109 3110 3118 3117
f 3110 3111 3119 3118
f 3111 3112 3120 3119
f 3112 3113 3121 3120
f 3113 3114 3122 3121
f 3114 3107 3115 3122
f 3115 3116 3124 3123
f 3116 3117 3125 3124
f 3117 3118 3126 3125
f 3118 3119 3127 3126
f 3119 3120 3128 3127
f 3120 3121 3129 3128
f 3121 3122 3130 3129
f 3122 3115 3123 3130
f 3131 3100 3099
f 3132 3123 3124
f 3131 3101 3100
f 3132 3124 3125
f 3131 3102 3101
f 3132 3125 3126
f 3131 3103 3102
f 3132 3126 3127
f 3131 3104 3103
f 3132 3127 3128
f 3131 3105 3104
f 3132 3128 3129
f 3131 3106 3105
f 3132 3129 3130
f 3131 3099 3106
f 3132 3130 3123
f 3133 3134 3146 3145
f 3134 3135 3147 3146
f 3135 3136 3148 3147
f 3136 3137 3149 3148
f 3137 3138 3150 3149
f 3138 3139 3151 3150
f 3139 3140 3152 3151
f 3140 3141 3153 3152
f 3141 3142 3154 3153
f 3142 3143 3155 3154
f 3143 3144 3156 3155
f 3144 3133 3145 3156
f 3145 3146 3158 3157
f 3146 3147 3159 3158
f 3147 3148 3160 3159
f 3148 3149 3161 3160
f 3149 3150 3162 3161
f 3150 3151 3163 3162
f 3151 3152 3164 3163
f 3152 3153 3165 3164
f 3153 3154 3166 3165
f 3154 3155 3167 3166
f 3155 3156 3168 3167
f 3156 3145 3157 3168
f 3157 3158 3170 3169
f 3158 3159 3171 3170
f 3159 3160 3172 3171
f 3160 3161 3173 3172
f 3161 3162 3174 3173
f 3162 3163 3175 3174
f 3163 3164 3176 3175
f 3164 3165 3177 3176
f 3165 3166 3178 3177
f 3166 3167 3179 3178
f 3167 3168 3180 3179
f 3168 3157 3169 3180
f 3169 3170 3182 3181
f 3170 3171 3183 3182
f 3171 3172 3184 3183
f 3172 3173 3185 3184
f 3173 3174 3186 3185
f 3174 3175 3187 3186
f 3175 3176 3188 3187
f 3176 3177 3189 3188
f 3177 3178 3190 3189
f 3178 3179 3191 3190
f 3179 3180 3192 3191
f 3180 3169 3181 3192
f 3193 3134 3133
f 3194 3181 3182
f 3193 3135 3134
f 3194 3182 3183
f 3193 3136 3135
f 3194 3183 3184
f 3193 3137 3136
f 3194 3184 3185
f 3193 3138 3137
f 3194 3185 3186
f 3193 3139 3138
f 3194 3186 3187
f 3193 3140 3139
f 3194 3187 3188
f 3193 3141 3140
f 3194 3188 3189
f 3193 3142 3141
f 3194 3189 3190
f 3193 3143 3142
f 3194 3190 3191
f 3193 3144 3143
f 3194 3191 3192
f 3193 3133 3144
f 3194 3192 3181
f 3195 3196 3206 3205
f 3196 3197 3207 3206
f 3197 3198 3208 3207
f 3198 3199 3209 3208
f 3199 3200 3210 3209
f 3200 3201 3211 3210
f 3201 3202 3212 3211
f 3202 3203 3213 3212
f 3203 3204 3214 3213
f 3204 3195 3205 3214
f 3205 3206 3216 3215
f 3206 3207 3217 3216
f 3207 3208 3218 3217
f 3208 3209 3219 3218
f 3209 3210 3220 3219
f 3210 3211 3221 3220
f 3211 3212 3222 3221
f 3212 3213 3223 3222
f 3213 3214 3224 3223
f 3214 3205 3215 3224
f 3215 3216 3226 3225
f 3216 3217 3227 3226
f 3217 3218 3228 3227
f 3218 3219 3229 3228
f 3219 3220 3230 3229
f 3220 3221 3231 3230
f 3221 3222 3232 3231
f 3222 3223 3233 3232
f 3223 3224 3234 3233
f 3224 3215 3225 3234
f 3225 3226 3236 3235
f 3226 3227 3237 3236
f 3227 3228 3238 3237
f 3228 3229 3239 3238
f 3229 3230 3240 3239
f 3230 3231 3241 3240
f 3231 3232 3242 3241
f 3232 3233 3243 3242
f 3233 3234 3244 3243
f 3234 3225 3235 3244
f 3235 3236 3246 3245
f 3236 3237 3247 3246
f 3237 3238 3248 3247
f 3238 3239 3249 3248
f 3239 3240 3250 3249
f 3240 3241 3251 3250
f 3241 3242 3252 3251
f 3242 3243 3253 3252
f 3243 3244 3254 3253
f 3244 3235 3245 3254
f 3255 3196 3195
f 3256 3245 3246
f 3255 3197 3196
f 3256 3246 3247
f 3255 3198 3197
f 3256 3247 3248
f 3255 3199 3198
f 3256 3248 3249
f 3255 3200 3199
f 3256 3249 3250
f 3255 3201 3200
f 3256 3250 3251
f 3255 3202 3201
f 3256 3251 3252
f 3255 3203 3202
f 3256 3252 3253
f 3255 3204 3203
f 3256 3253 3254
f 3255 3195 3204
f 3256 3254 3245
f 3257 3258 3266 3265
f 3258 3259 3267 3266
f 3259 3260 3268 3267
f 3260 3261 3269 3268
f 3261 3262 3270 3269
f 3262 3263 3271 3270
f 3263 3264 3272 3271
f 3264 3257 3265 3272
f 3265 3266 3274 3273
f 3266 3267 3275 3274
f 3267 3268 3276 3275
f 3268 3269 3277 3276
f 3269 3270 3278 3277
f 3270 3271 3279 3278
f 3271 3272 3280 3279
f 3272 3265 3273 3280
f 3273 3274 3282 3281
f 3274 3275 3283 3282
f 3275 3276 3284 3283
f 3276 3277 3285 3284
f 3277 3278 3286 3285
f 3278 3279 3287 3286
f 3279 3280 3288 3287
f 3280 3273 3281 3288
f 3281 3282 3290 3289
f 3282 3283 3291 3290
f 3283 3284 3292 3291
f 3284 3285 3293 3292
f 3285 3286 3294 3293
f 3286 3287 3295 3294
f 3287 3288 3296 3295
f 3288 3281 3289 3296
f 3297 3258 3257
f 3298 3289 3290
f 3297 3259 3258
f 3298 3290 3291
f 3297 3260 3259
f 3298 3291 3292
f 3297 3261 3260
f 3298 3292 3293
f 3297 3262 3261
f 3298 3293 3294
f 3297 3263 3262
f 3298 3294 3295
f 3297 3264 3263
f 3298 3295 3296
f 3297 3257 3264
f 3298 3296 3289
f 3299 3300 3308 3307
f 3300 3301 3309 3308
f 3301 3302 3310 3309
f 3302 3303 3311 3310
f 3303 3304 3312 3311
f 3304 3305 3313 3312
f 3305 3306 3314 3313
f 3306 3299 3307 3314
f 3307 3308 3316 3315
f 3308 3309 3317 3316
f 3309 3310 3318 3317
f 3310 3311 3319 3318
f 3311 3312 3320 3319
f 3312 3313 3321 3320
f 3313 3314 3322 3321
f 3314 3307 3315 3322
f 3315 3316 3324 3323
f 3316 3317 3325 3324
f 3317 3318 3326 3325
f 3318 3319 3327 3326
f 3319 3320 3328 3327
f 3320 3321 3329 3328
f 3321 3322 3330 3329
f 3322 3315 3323 3330
f 3331 3300 3299
f 3332 3323 3324
f 3331 3301 3300
f 3332 3324 3325
f 3331 3302 3301
f 3332 3325 3326
f 3331 3303 3302
f 3332 3326 3327
f 3331 3304 3303
f 3332 3327 3328
f 3331 3305 3304
f 3332 3328 3329
f 3331 3306 3305
f 3332 3329 3330
f 3331 3299 3306
f 3332 3330 3323
